#pragma once
#include "epd_driver.h"
const uint8_t OpenSansB24Bitmaps[40055] = {
    0xF6, 0xFF, 0xFF, 0xFF, 0x0F, 0xF5, 0xFF, 0xFF, 0xFF, 0x0F, 0xF4, 0xFF, 0xFF, 0xFF, 0x0E, 0xF3,
    0xFF, 0xFF, 0xFF, 0x0D, 0xF2, 0xFF, 0xFF, 0xFF, 0x0D, 0xF1, 0xFF, 0xFF, 0xFF, 0x0C, 0xF1, 0xFF,
    0xFF, 0xFF, 0x0B, 0xF0, 0xFF, 0xFF, 0xFF, 0x0A, 0xF0, 0xFF, 0xFF, 0xFF, 0x09, 0xE0, 0xFF, 0xFF,
    0xFF, 0x08, 0xD0, 0xFF, 0xFF, 0xFF, 0x08, 0xC0, 0xFF, 0xFF, 0xFF, 0x07, 0xC0, 0xFF, 0xFF, 0xFF,
    0x06, 0xB0, 0xFF, 0xFF, 0xFF, 0x05, 0xA0, 0xFF, 0xFF, 0xFF, 0x04, 0x90, 0xFF, 0xFF, 0xFF, 0x03,
    0x80, 0xFF, 0xFF, 0xFF, 0x03, 0x70, 0xFF, 0xFF, 0xFF, 0x02, 0x70, 0xFF, 0xFF, 0xFF, 0x01, 0x60,
    0xFF, 0xFF, 0xFF, 0x00, 0x50, 0xFF, 0xFF, 0xFF, 0x00, 0x40, 0xFF, 0xFF, 0xEF, 0x00, 0x30, 0xFF,
    0xFF, 0xEF, 0x00, 0x20, 0xFF, 0xFF, 0xDF, 0x00, 0x00, 0x00, 0x00, 0x00, 0x00, 0x00, 0x00, 0x00,
    0x00, 0x00, 0x00, 0x00, 0x00, 0x00, 0x00, 0x00, 0x00, 0x00, 0x00, 0x00, 0x00, 0x93, 0xCC, 0x28,
    0x00, 0x80, 0xFF, 0xFF, 0xFF, 0x04, 0xF1, 0xFF, 0xFF, 0xFF, 0x0D, 0xF5, 0xFF, 0xFF, 0xFF, 0x1F,
    0xF6, 0xFF, 0xFF, 0xFF, 0x2F, 0xF4, 0xFF, 0xFF, 0xFF, 0x0F, 0xE0, 0xFF, 0xFF, 0xFF, 0x0A, 0x30,
    0xFE, 0xFF, 0xCF, 0x01, 0x00, 0x50, 0x77, 0x03, 0x00, 0xF5, 0xFF, 0xFF, 0x6F, 0x00, 0xF0, 0xFF,
    0xFF, 0xBF, 0xF3, 0xFF, 0xFF, 0x5F, 0x00, 0xF0, 0xFF, 0xFF, 0xAF, 0xF2, 0xFF, 0xFF, 0x4F, 0x00,
    0xD0, 0xFF, 0xFF, 0x8F, 0xF1, 0xFF, 0xFF, 0x2F, 0x00, 0xC0, 0xFF, 0xFF, 0x7F, 0xF0, 0xFF, 0xFF,
    0x1F, 0x00, 0xB0, 0xFF, 0xFF, 0x6F, 0xF0, 0xFF, 0xFF, 0x0F, 0x00, 0xA0, 0xFF, 0xFF, 0x5F, 0xD0,
    0xFF, 0xFF, 0x0F, 0x00, 0x90, 0xFF, 0xFF, 0x4F, 0xC0, 0xFF, 0xFF, 0x0E, 0x00, 0x70, 0xFF, 0xFF,
    0x2F, 0xB0, 0xFF, 0xFF, 0x0C, 0x00, 0x60, 0xFF, 0xFF, 0x1F, 0xA0, 0xFF, 0xFF, 0x0B, 0x00, 0x50,
    0xFF, 0xFF, 0x0F, 0x80, 0xFF, 0xFF, 0x0A, 0x00, 0x40, 0xFF, 0xFF, 0x0F, 0x70, 0xFF, 0xFF, 0x09,
    0x00, 0x20, 0xFF, 0xFF, 0x0D, 0x60, 0xFF, 0xFF, 0x07, 0x00, 0x10, 0xFF, 0xFF, 0x0C, 0x00, 0x00,
    0xF2, 0xFF, 0xFF, 0x01, 0x00, 0xF0, 0xFF, 0xFF, 0x04, 0x00, 0x00, 0x00, 0x00, 0x00, 0x00, 0x00,
    0xF0, 0xFF, 0xFF, 0x04, 0x00, 0xD0, 0xFF, 0xFF, 0x07, 0x00, 0x00, 0x00, 0x00, 0x00, 0x00, 0x00,
    0xC0, 0xFF, 0xFF, 0x07, 0x00, 0xA0, 0xFF, 0xFF, 0x0A, 0x00, 0x00, 0x00, 0x00, 0x00, 0x00, 0x00,
    0x90, 0xFF, 0xFF, 0x0A, 0x00, 0x70, 0xFF, 0xFF, 0x0D, 0x00, 0x00, 0x00, 0x00, 0x00, 0x00, 0x00,
    0x60, 0xFF, 0xFF, 0x0D, 0x00, 0x40, 0xFF, 0xFF, 0x1F, 0x00, 0x00, 0x00, 0x00, 0x00, 0x00, 0x00,
    0x30, 0xFF, 0xFF, 0x0F, 0x00, 0x10, 0xFF, 0xFF, 0x4F, 0x00, 0x00, 0x00, 0x00, 0x00, 0x00, 0x00,
    0x00, 0xFF, 0xFF, 0x4F, 0x00, 0x00, 0xFE, 0xFF, 0x7F, 0x00, 0x00, 0x00, 0x00, 0x00, 0x00, 0x00,
    0x00, 0xFC, 0xFF, 0x7F, 0x00, 0x00, 0xFB, 0xFF, 0xAF, 0x00, 0x00, 0x00, 0x00, 0x00, 0x00, 0x00,
    0x00, 0xF9, 0xFF, 0xAF, 0x00, 0x00, 0xF8, 0xFF, 0xDF, 0x00, 0x00, 0x00, 0x00, 0x00, 0x10, 0x11,
    0x11, 0xF7, 0xFF, 0xDF, 0x11, 0x11, 0xF6, 0xFF, 0xFF, 0x11, 0x11, 0x11, 0x01, 0x00, 0xF3, 0xFF,
    0xFF, 0xFF, 0xFF, 0xFF, 0xFF, 0xFF, 0xFF, 0xFF, 0xFF, 0xFF, 0xFF, 0xFF, 0x2F, 0x00, 0xF3, 0xFF,
    0xFF, 0xFF, 0xFF, 0xFF, 0xFF, 0xFF, 0xFF, 0xFF, 0xFF, 0xFF, 0xFF, 0xFF, 0x2F, 0x00, 0xF3, 0xFF,
    0xFF, 0xFF, 0xFF, 0xFF, 0xFF, 0xFF, 0xFF, 0xFF, 0xFF, 0xFF, 0xFF, 0xFF, 0x2F, 0x00, 0xF3, 0xFF,
    0xFF, 0xFF, 0xFF, 0xFF, 0xFF, 0xFF, 0xFF, 0xFF, 0xFF, 0xFF, 0xFF, 0xFF, 0x2F, 0x00, 0xF3, 0xFF,
    0xFF, 0xFF, 0xFF, 0xFF, 0xFF, 0xFF, 0xFF, 0xFF, 0xFF, 0xFF, 0xFF, 0xFF, 0x2F, 0x00, 0x00, 0x00,
    0x00, 0x40, 0xFF, 0xFF, 0x0F, 0x00, 0x30, 0xFF, 0xFF, 0x1F, 0x00, 0x00, 0x00, 0x00, 0x00, 0x00,
    0x00, 0x10, 0xFF, 0xFF, 0x3F, 0x00, 0x00, 0xFF, 0xFF, 0x4F, 0x00, 0x00, 0x00, 0x00, 0x00, 0x00,
    0x00, 0x00, 0xFE, 0xFF, 0x6F, 0x00, 0x00, 0xFD, 0xFF, 0x7F, 0x00, 0x00, 0x00, 0x00, 0x00, 0x00,
    0x00, 0x00, 0xFB, 0xFF, 0x9F, 0x00, 0x00, 0xFA, 0xFF, 0xAF, 0x00, 0x00, 0x00, 0x00, 0x00, 0x00,
    0x00, 0x00, 0xF8, 0xFF, 0xCF, 0x00, 0x00, 0xF7, 0xFF, 0xDF, 0x00, 0x00, 0x00, 0x00, 0x00, 0x00,
    0x00, 0x00, 0xF5, 0xFF, 0xFF, 0x00, 0x00, 0xF4, 0xFF, 0xFF, 0x00, 0x00, 0x00, 0x00, 0x00, 0xF8,
    0xFF, 0xFF, 0xFF, 0xFF, 0xFF, 0xFF, 0xFF, 0xFF, 0xFF, 0xFF, 0xFF, 0xFF, 0xFF, 0x0E, 0x00, 0xF8,
    0xFF, 0xFF, 0xFF, 0xFF, 0xFF, 0xFF, 0xFF, 0xFF, 0xFF, 0xFF, 0xFF, 0xFF, 0xFF, 0x0E, 0x00, 0xF8,
    0xFF, 0xFF, 0xFF, 0xFF, 0xFF, 0xFF, 0xFF, 0xFF, 0xFF, 0xFF, 0xFF, 0xFF, 0xFF, 0x0E, 0x00, 0xF8,
    0xFF, 0xFF, 0xFF, 0xFF, 0xFF, 0xFF, 0xFF, 0xFF, 0xFF, 0xFF, 0xFF, 0xFF, 0xFF, 0x0E, 0x00, 0xF8,
    0xFF, 0xFF, 0xFF, 0xFF, 0xFF, 0xFF, 0xFF, 0xFF, 0xFF, 0xFF, 0xFF, 0xFF, 0xFF, 0x0E, 0x00, 0x00,
    0x00, 0x00, 0x30, 0xFF, 0xFF, 0x2F, 0x00, 0x20, 0xFF, 0xFF, 0x3F, 0x00, 0x00, 0x00, 0x00, 0x00,
    0x00, 0x00, 0x00, 0xFF, 0xFF, 0x5F, 0x00, 0x00, 0xFE, 0xFF, 0x5F, 0x00, 0x00, 0x00, 0x00, 0x00,
    0x00, 0x00, 0x00, 0xFD, 0xFF, 0x8F, 0x00, 0x00, 0xFB, 0xFF, 0x8F, 0x00, 0x00, 0x00, 0x00, 0x00,
    0x00, 0x00, 0x00, 0xFA, 0xFF, 0xBF, 0x00, 0x00, 0xF8, 0xFF, 0xBF, 0x00, 0x00, 0x00, 0x00, 0x00,
    0x00, 0x00, 0x00, 0xF7, 0xFF, 0xEF, 0x00, 0x00, 0xF6, 0xFF, 0xEF, 0x00, 0x00, 0x00, 0x00, 0x00,
    0x00, 0x00, 0x00, 0xF4, 0xFF, 0xFF, 0x01, 0x00, 0xF3, 0xFF, 0xFF, 0x01, 0x00, 0x00, 0x00, 0x00,
    0x00, 0x00, 0x00, 0xF1, 0xFF, 0xFF, 0x04, 0x00, 0xF0, 0xFF, 0xFF, 0x04, 0x00, 0x00, 0x00, 0x00,
    0x00, 0x00, 0x00, 0xE0, 0xFF, 0xFF, 0x07, 0x00, 0xD0, 0xFF, 0xFF, 0x07, 0x00, 0x00, 0x00, 0x00,
    0x00, 0x00, 0x00, 0xB0, 0xFF, 0xFF, 0x0A, 0x00, 0xA0, 0xFF, 0xFF, 0x09, 0x00, 0x00, 0x00, 0x00,
    0x00, 0x00, 0x00, 0x80, 0xFF, 0xFF, 0x0D, 0x00, 0x70, 0xFF, 0xFF, 0x0C, 0x00, 0x00, 0x00, 0x00,
    0x00, 0x00, 0x00, 0xF0, 0xFF, 0x05, 0x00, 0x00, 0x00, 0x00, 0x00, 0x00, 0x00, 0x00, 0x00, 0x00,
    0xF0, 0xFF, 0x05, 0x00, 0x00, 0x00, 0x00, 0x00, 0x00, 0x00, 0x00, 0x00, 0x00, 0xF0, 0xFF, 0x05,
    0x00, 0x00, 0x00, 0x00, 0x00, 0x00, 0x00, 0x00, 0x00, 0x00, 0xF1, 0xFF, 0x05, 0x00, 0x00, 0x00,
    0x00, 0x00, 0x00, 0x00, 0x62, 0xC9, 0xFE, 0xFF, 0xFF, 0xDF, 0x7A, 0x02, 0x00, 0x00, 0x00, 0x10,
    0xD7, 0xFF, 0xFF, 0xFF, 0xFF, 0xFF, 0xFF, 0xFF, 0xCF, 0x04, 0x00, 0x00, 0xE0, 0xFF, 0xFF, 0xFF,
    0xFF, 0xFF, 0xFF, 0xFF, 0xFF, 0xFF, 0xAF, 0x01, 0x00, 0x80, 0xFF, 0xFF, 0xFF, 0xFF, 0xFF, 0xFF,
    0xFF, 0xFF, 0xFF, 0xFF, 0x1C, 0x00, 0x20, 0xFF, 0xFF, 0xFF, 0xFF, 0xFF, 0xFF, 0xFF, 0xFF, 0xFF,
    0xFF, 0xAF, 0x00, 0x00, 0xFB, 0xFF, 0xFF, 0xFF, 0xFF, 0xFF, 0xFF, 0xFF, 0xFF, 0xFF, 0xFF, 0x03,
    0x00, 0xF5, 0xFF, 0x8C, 0x24, 0xF0, 0xFF, 0x56, 0xFC, 0xFF, 0xFF, 0xFF, 0x09, 0x00, 0xB0, 0x15,
    0x00, 0x00, 0xF0, 0xFF, 0x05, 0xC0, 0xFF, 0xFF, 0xFF, 0x0C, 0x00, 0x00, 0x00, 0x00, 0x00, 0xF0,
    0xFF, 0x05, 0x80, 0xFF, 0xFF, 0xFF, 0x0D, 0x00, 0x00, 0x00, 0x00, 0x00, 0xF0, 0xFF, 0x05, 0xB0,
    0xFF, 0xFF, 0xFF, 0x0C, 0x00, 0x00, 0x00, 0x00, 0x00, 0xF0, 0xFF, 0x05, 0xF8, 0xFF, 0xFF, 0xFF,
    0x0A, 0x00, 0x00, 0x00, 0x00, 0x00, 0xF0, 0xFF, 0xDA, 0xFF, 0xFF, 0xFF, 0xFF, 0x05, 0x00, 0x00,
    0x00, 0x00, 0x00, 0xF0, 0xFF, 0xFF, 0xFF, 0xFF, 0xFF, 0xEF, 0x00, 0x00, 0x00, 0x00, 0x00, 0x50,
    0xFB, 0xFF, 0xFF, 0xFF, 0xFF, 0xFF, 0x4F, 0x00, 0x00, 0x00, 0x00, 0x81, 0xFE, 0xFF, 0xFF, 0xFF,
    0xFF, 0xFF, 0xFF, 0x05, 0x00, 0x00, 0x00, 0x81, 0xFF, 0xFF, 0xFF, 0xFF, 0xFF, 0xFF, 0xFF, 0x3D,
    0x00, 0x00, 0x00, 0x50, 0xFE, 0xFF, 0xFF, 0xFF, 0xFF, 0xFF, 0xFF, 0x7E, 0x00, 0x00, 0x00, 0x00,
    0xF6, 0xFF, 0xFF, 0xFF, 0xFF, 0xFF, 0xFF, 0x7E, 0x00, 0x00, 0x00, 0x00, 0x50, 0xFF, 0xFF, 0xFF,
    0xFF, 0xFF, 0xFF, 0x5C, 0x00, 0x00, 0x00, 0x00, 0x00, 0xE0, 0xFF, 0xFF, 0xFF, 0xFF, 0xFF, 0xFF,
    0x05, 0x00, 0x00, 0x00, 0x00, 0x00, 0xF5, 0xFF, 0xFF, 0xFF, 0xDF, 0xF5, 0xFF, 0x05, 0x00, 0x00,
    0x00, 0x00, 0x00, 0xF8, 0xFF, 0xFF, 0xFF, 0x09, 0xF0, 0xFF, 0x05, 0x00, 0x00, 0x00, 0x00, 0x00,
    0xFA, 0xFF, 0xFF, 0xDF, 0x00, 0xF0, 0xFF, 0x05, 0x00, 0x00, 0x00, 0x00, 0x00, 0xFA, 0xFF, 0xFF,
    0xBF, 0x00, 0xF0, 0xFF, 0x05, 0x00, 0x00, 0x00, 0x00, 0x04, 0xF8, 0xFF, 0xFF, 0xFF, 0x01, 0xF0,
    0xFF, 0x05, 0x00, 0x00, 0x30, 0xF9, 0x0C, 0xF4, 0xFF, 0xFF, 0xFF, 0x5D, 0xF0, 0xFF, 0x05, 0x20,
    0xA6, 0xFE, 0xFF, 0x0C, 0xD0, 0xFF, 0xFF, 0xFF, 0xFF, 0xFF, 0xFF, 0xDD, 0xFF, 0xFF, 0xFF, 0xFF,
    0x0C, 0x40, 0xFF, 0xFF, 0xFF, 0xFF, 0xFF, 0xFF, 0xFF, 0xFF, 0xFF, 0xFF, 0xFF, 0x0C, 0x00, 0xF7,
    0xFF, 0xFF, 0xFF, 0xFF, 0xFF, 0xFF, 0xFF, 0xFF, 0xFF, 0xFF, 0x0C, 0x00, 0x60, 0xFF, 0xFF, 0xFF,
    0xFF, 0xFF, 0xFF, 0xFF, 0xFF, 0xFF, 0xFF, 0x0C, 0x00, 0x00, 0x91, 0xFF, 0xFF, 0xFF, 0xFF, 0xFF,
    0xFF, 0xFF, 0xFF, 0x6C, 0x01, 0x00, 0x00, 0x00, 0x40, 0xB8, 0xFD, 0xFF, 0xFF, 0xCE, 0x7A, 0x04,
    0x00, 0x00, 0x00, 0x00, 0x00, 0x00, 0x00, 0xF0, 0xFF, 0x05, 0x00, 0x00, 0x00, 0x00, 0x00, 0x00,
    0x00, 0x00, 0x00, 0x00, 0xF0, 0xFF, 0x05, 0x00, 0x00, 0x00, 0x00, 0x00, 0x00, 0x00, 0x00, 0x00,
    0x00, 0xF0, 0xFF, 0x05, 0x00, 0x00, 0x00, 0x00, 0x00, 0x00, 0x00, 0x00, 0x00, 0x00, 0xF0, 0xFF,
    0x05, 0x00, 0x00, 0x00, 0x00, 0x00, 0x00, 0x00, 0x00, 0x00, 0x00, 0xF0, 0xFF, 0x05, 0x00, 0x00,
    0x00, 0x00, 0x00, 0x00, 0x00, 0x00, 0x00, 0x00, 0x00, 0x00, 0x00, 0x00, 0x00, 0x00, 0x00, 0x00,
    0x00, 0x00, 0x20, 0x76, 0x67, 0x03, 0x00, 0x00, 0x00, 0x00, 0x00, 0x00, 0x00, 0xF1, 0xFF, 0xFF,
    0x0D, 0x00, 0x00, 0x00, 0x00, 0x00, 0x00, 0x40, 0xFD, 0xFF, 0xFF, 0xEF, 0x06, 0x00, 0x00, 0x00,
    0x00, 0x00, 0x00, 0x70, 0xFF, 0xFF, 0x6F, 0x00, 0x00, 0x00, 0x00, 0x00, 0x00, 0xF8, 0xFF, 0xFF,
    0xFF, 0xFF, 0xAF, 0x00, 0x00, 0x00, 0x00, 0x00, 0x00, 0x00, 0xFE, 0xFF, 0xEF, 0x00, 0x00, 0x00,
    0x00, 0x00, 0x60, 0xFF, 0xFF, 0xFF, 0xFF, 0xFF, 0xFF, 0x08, 0x00, 0x00, 0x00, 0x00, 0x00, 0x00,
    0xF5, 0xFF, 0xFF, 0x07, 0x00, 0x00, 0x00, 0x00, 0xF1, 0xFF, 0xFF, 0xFF, 0xFF, 0xFF, 0xFF, 0x2F,
    0x00, 0x00, 0x00, 0x00, 0x00, 0x00, 0xD0, 0xFF, 0xFF, 0x1F, 0x00, 0x00, 0x00, 0x00, 0xF8, 0xFF,
    0xFF, 0xBF, 0xFB, 0xFF, 0xFF, 0x8F, 0x00, 0x00, 0x00, 0x00, 0x00, 0x00, 0x40, 0xFF, 0xFF, 0x9F,
    0x00, 0x00, 0x00, 0x00, 0xFD, 0xFF, 0xFF, 0x08, 0x80, 0xFF, 0xFF, 0xDF, 0x00, 0x00, 0x00, 0x00,
    0x00, 0x00, 0x00, 0xFB, 0xFF, 0xFF, 0x02, 0x00, 0x00, 0x10, 0xFF, 0xFF, 0xFF, 0x01, 0x10, 0xFF,
    0xFF, 0xFF, 0x01, 0x00, 0x00, 0x00, 0x00, 0x00, 0x00, 0xF2, 0xFF, 0xFF, 0x0B, 0x00, 0x00, 0x40,
    0xFF, 0xFF, 0xDF, 0x00, 0x00, 0xFE, 0xFF, 0xFF, 0x04, 0x00, 0x00, 0x00, 0x00, 0x00, 0x00, 0x90,
    0xFF, 0xFF, 0x3F, 0x00, 0x00, 0x60, 0xFF, 0xFF, 0xBF, 0x00, 0x00, 0xFC, 0xFF, 0xFF, 0x06, 0x00,
    0x00, 0x00, 0x00, 0x00, 0x00, 0x10, 0xFF, 0xFF, 0xCF, 0x00, 0x00, 0x70, 0xFF, 0xFF, 0xAF, 0x00,
    0x00, 0xFB, 0xFF, 0xFF, 0x07, 0x00, 0x00, 0x00, 0x00, 0x00, 0x00, 0x00, 0xF8, 0xFF, 0xFF, 0x05,
    0x00, 0x70, 0xFF, 0xFF, 0xAF, 0x00, 0x00, 0xFB, 0xFF, 0xFF, 0x07, 0x00, 0x00, 0x00, 0x00, 0x00,
    0x00, 0x00, 0xE0, 0xFF, 0xFF, 0x0D, 0x00, 0x70, 0xFF, 0xFF, 0xAF, 0x00, 0x00, 0xFB, 0xFF, 0xFF,
    0x07, 0x00, 0x00, 0x00, 0x00, 0x00, 0x00, 0x00, 0x60, 0xFF, 0xFF, 0x7F, 0x00, 0x60, 0xFF, 0xFF,
    0xBF, 0x00, 0x00, 0xFC, 0xFF, 0xFF, 0x05, 0x00, 0x00, 0x00, 0x00, 0x00, 0x00, 0x00, 0x00, 0xFD,
    0xFF, 0xEF, 0x01, 0x40, 0xFF, 0xFF, 0xDF, 0x00, 0x00, 0xFE, 0xFF, 0xFF, 0x03, 0x00, 0x00, 0x00,
    0x62, 0x77, 0x36, 0x00, 0x00, 0xF5, 0xFF, 0xFF, 0x08, 0x10, 0xFF, 0xFF, 0xFF, 0x01, 0x10, 0xFF,
    0xFF, 0xFF, 0x01, 0x00, 0x00, 0xD4, 0xFF, 0xFF, 0xFF, 0x6E, 0x00, 0xC0, 0xFF, 0xFF, 0x1F, 0x00,
    0xFD, 0xFF, 0xFF, 0x08, 0x80, 0xFF, 0xFF, 0xCF, 0x00, 0x00, 0x80, 0xFF, 0xFF, 0xFF, 0xFF, 0xFF,
    0x0A, 0x30, 0xFF, 0xFF, 0xAF, 0x00, 0xF8, 0xFF, 0xFF, 0xAF, 0xFA, 0xFF, 0xFF, 0x7F, 0x00, 0x00,
    0xF6, 0xFF, 0xFF, 0xFF, 0xFF, 0xFF, 0x8F, 0x00, 0xFA, 0xFF, 0xFF, 0x03, 0xF1, 0xFF, 0xFF, 0xFF,
    0xFF, 0xFF, 0xFF, 0x0E, 0x00, 0x10, 0xFF, 0xFF, 0xFF, 0xFF, 0xFF, 0xFF, 0xFF, 0x02, 0xF2, 0xFF,
    0xFF, 0x0B, 0x70, 0xFF, 0xFF, 0xFF, 0xFF, 0xFF, 0xFF, 0x05, 0x00, 0x80, 0xFF, 0xFF, 0xFF, 0xBB,
    0xFF, 0xFF, 0xFF, 0x08, 0x90, 0xFF, 0xFF, 0x4F, 0x00, 0xFA, 0xFF, 0xFF, 0xFF, 0xFF, 0x7F, 0x00,
    0x00, 0xD0, 0xFF, 0xFF, 0x8F, 0x00, 0xF8, 0xFF, 0xFF, 0x0D, 0x10, 0xFF, 0xFF, 0xDF, 0x00, 0x60,
    0xFE, 0xFF, 0xFF, 0xDF, 0x04, 0x00, 0x00, 0xF1, 0xFF, 0xFF, 0x1F, 0x00, 0xF1, 0xFF, 0xFF, 0x1F,
    0x00, 0xF7, 0xFF, 0xFF, 0x06, 0x00, 0x30, 0x76, 0x67, 0x02, 0x00, 0x00, 0x00, 0xF4, 0xFF, 0xFF,
    0x0D, 0x00, 0xE0, 0xFF, 0xFF, 0x4F, 0x00, 0xE0, 0xFF, 0xFF, 0x0E, 0x00, 0x00, 0x00, 0x00, 0x00,
    0x00, 0x00, 0x00, 0xF6, 0xFF, 0xFF, 0x0B, 0x00, 0xC0, 0xFF, 0xFF, 0x6F, 0x00, 0x60, 0xFF, 0xFF,
    0x7F, 0x00, 0x00, 0x00, 0x00, 0x00, 0x00, 0x00, 0x00, 0xF7, 0xFF, 0xFF, 0x0A, 0x00, 0xB0, 0xFF,
    0xFF, 0x7F, 0x00, 0x00, 0xFD, 0xFF, 0xFF, 0x01, 0x00, 0x00, 0x00, 0x00, 0x00, 0x00, 0x00, 0xF7,
    0xFF, 0xFF, 0x0A, 0x00, 0xB0, 0xFF, 0xFF, 0x7F, 0x00, 0x00, 0xF4, 0xFF, 0xFF, 0x09, 0x00, 0x00,
    0x00, 0x00, 0x00, 0x00, 0x00, 0xF7, 0xFF, 0xFF, 0x0A, 0x00, 0xB0, 0xFF, 0xFF, 0x7F, 0x00, 0x00,
    0xB0, 0xFF, 0xFF, 0x2F, 0x00, 0x00, 0x00, 0x00, 0x00, 0x00, 0x00, 0xF6, 0xFF, 0xFF, 0x0B, 0x00,
    0xC0, 0xFF, 0xFF, 0x5F, 0x00, 0x00, 0x20, 0xFF, 0xFF, 0xAF, 0x00, 0x00, 0x00, 0x00, 0x00, 0x00,
    0x00, 0xF4, 0xFF, 0xFF, 0x0D, 0x00, 0xE0, 0xFF, 0xFF, 0x3F, 0x00, 0x00, 0x00, 0xFA, 0xFF, 0xFF,
    0x03, 0x00, 0x00, 0x00, 0x00, 0x00, 0x00, 0xF1, 0xFF, 0xFF, 0x1F, 0x00, 0xF1, 0xFF, 0xFF, 0x1F,
    0x00, 0x00, 0x00, 0xF1, 0xFF, 0xFF, 0x0C, 0x00, 0x00, 0x00, 0x00, 0x00, 0x00, 0xD0, 0xFF, 0xFF,
    0x7F, 0x00, 0xF8, 0xFF, 0xFF, 0x0C, 0x00, 0x00, 0x00, 0x80, 0xFF, 0xFF, 0x5F, 0x00, 0x00, 0x00,
    0x00, 0x00, 0x00, 0x80, 0xFF, 0xFF, 0xFF, 0xAA, 0xFF, 0xFF, 0xFF, 0x07, 0x00, 0x00, 0x00, 0x00,
    0xFE, 0xFF, 0xDF, 0x00, 0x00, 0x00, 0x00, 0x00, 0x00, 0x10, 0xFF, 0xFF, 0xFF, 0xFF, 0xFF, 0xFF,
    0xEF, 0x00, 0x00, 0x00, 0x00, 0x00, 0xF6, 0xFF, 0xFF, 0x06, 0x00, 0x00, 0x00, 0x00, 0x00, 0x00,
    0xF7, 0xFF, 0xFF, 0xFF, 0xFF, 0xFF, 0x5F, 0x00, 0x00, 0x00, 0x00, 0x00, 0xD0, 0xFF, 0xFF, 0x0E,
    0x00, 0x00, 0x00, 0x00, 0x00, 0x00, 0xA0, 0xFF, 0xFF, 0xFF, 0xFF, 0xFF, 0x07, 0x00, 0x00, 0x00,
    0x00, 0x00, 0x50, 0xFF, 0xFF, 0x8F, 0x00, 0x00, 0x00, 0x00, 0x00, 0x00, 0x00, 0xE6, 0xFF, 0xFF,
    0xFF, 0x4D, 0x00, 0x00, 0x00, 0x00, 0x00, 0x00, 0x00, 0xFC, 0xFF, 0xFF, 0x01, 0x00, 0x00, 0x00,
    0x00, 0x00, 0x00, 0x00, 0x63, 0x77, 0x26, 0x00, 0x00, 0x00, 0x00, 0x00, 0x00, 0x00, 0x00, 0x00,
    0x00, 0x00, 0x00, 0x00, 0x00, 0x00, 0x00, 0x00, 0x00, 0x00, 0x00, 0x00, 0x00, 0x00, 0x00, 0x00,
    0x30, 0x75, 0x77, 0x36, 0x00, 0x00, 0x00, 0x00, 0x00, 0x00, 0x00, 0x00, 0x00, 0x00, 0x00, 0x00,
    0x00, 0x92, 0xFE, 0xFF, 0xFF, 0xFF, 0xAF, 0x03, 0x00, 0x00, 0x00, 0x00, 0x00, 0x00, 0x00, 0x00,
    0x00, 0x00, 0x80, 0xFF, 0xFF, 0xFF, 0xFF, 0xFF, 0xFF, 0x9F, 0x00, 0x00, 0x00, 0x00, 0x00, 0x00,
    0x00, 0x00, 0x00, 0x00, 0xFA, 0xFF, 0xFF, 0xFF, 0xFF, 0xFF, 0xFF, 0xFF, 0x0C, 0x00, 0x00, 0x00,
    0x00, 0x00, 0x00, 0x00, 0x00, 0x60, 0xFF, 0xFF, 0xFF, 0xFF, 0xFF, 0xFF, 0xFF, 0xFF, 0x9F, 0x00,
    0x00, 0x00, 0x00, 0x00, 0x00, 0x00, 0x00, 0xE0, 0xFF, 0xFF, 0xFF, 0xFF, 0xFF, 0xFF, 0xFF, 0xFF,
    0xFF, 0x03, 0x00, 0x00, 0x00, 0x00, 0x00, 0x00, 0x00, 0xF4, 0xFF, 0xFF, 0xFF, 0x7D, 0x64, 0xFB,
    0xFF, 0xFF, 0xFF, 0x09, 0x00, 0x00, 0x00, 0x00, 0x00, 0x00, 0x00, 0xF6, 0xFF, 0xFF, 0xDF, 0x00,
    0x00, 0x70, 0xFF, 0xFF, 0xFF, 0x0D, 0x00, 0x00, 0x00, 0x00, 0x00, 0x00, 0x00, 0xF7, 0xFF, 0xFF,
    0x7F, 0x00, 0x00, 0x00, 0xFF, 0xFF, 0xFF, 0x0E, 0x00, 0x00, 0x00, 0x00, 0x00, 0x00, 0x00, 0xF6,
    0xFF, 0xFF, 0x6F, 0x00, 0x00, 0x00, 0xFF, 0xFF, 0xFF, 0x0F, 0x00, 0x00, 0x00, 0x00, 0x00, 0x00,
    0x00, 0xF4, 0xFF, 0xFF, 0xAF, 0x00, 0x00, 0x10, 0xFF, 0xFF, 0xFF, 0x0D, 0x00, 0x00, 0x00, 0x00,
    0x00, 0x00, 0x00, 0xF0, 0xFF, 0xFF, 0xFF, 0x03, 0x00, 0x60, 0xFF, 0xFF, 0xFF, 0x0A, 0x00, 0x00,
    0x00, 0x00, 0x00, 0x00, 0x00, 0xA0, 0xFF, 0xFF, 0xFF, 0x3E, 0x00, 0xE0, 0xFF, 0xFF, 0xFF, 0x06,
    0x00, 0x00, 0x00, 0x00, 0x00, 0x00, 0x00, 0x20, 0xFF, 0xFF, 0xFF, 0xFF, 0x06, 0xF9, 0xFF, 0xFF,
    0xFF, 0x00, 0x00, 0x00, 0x00, 0x00, 0x00, 0x00, 0x00, 0x00, 0xF5, 0xFF, 0xFF, 0xFF, 0xDF, 0xFF,
    0xFF, 0xFF, 0x7F, 0x00, 0x00, 0x00, 0x00, 0x00, 0x00, 0x00, 0x00, 0x00, 0x60, 0xFF, 0xFF, 0xFF,
    0xFF, 0xFF, 0xFF, 0xFF, 0x0D, 0x00, 0x00, 0x00, 0x00, 0x00, 0x00, 0x00, 0x00, 0x00, 0x00, 0xF5,
    0xFF, 0xFF, 0xFF, 0xFF, 0xFF, 0xFF, 0x02, 0x00, 0x00, 0x00, 0x00, 0x00, 0x00, 0x00, 0x00, 0x00,
    0x00, 0x20, 0xFD, 0xFF, 0xFF, 0xFF, 0xFF, 0xCF, 0x01, 0x00, 0x00, 0x00, 0xFE, 0xFF, 0xFF, 0xDF,
    0x00, 0x00, 0x00, 0x00, 0xB0, 0xFF, 0xFF, 0xFF, 0xFF, 0xFF, 0x4E, 0x00, 0x00, 0x00, 0xF9, 0xFF,
    0xFF, 0xFF, 0x02, 0x00, 0x00, 0x00, 0xF5, 0xFF, 0xFF, 0xFF, 0xFF, 0xFF, 0xFF, 0x07, 0x00, 0x00,
    0xF4, 0xFF, 0xFF, 0xFF, 0x08, 0x00, 0x00, 0x50, 0xFF, 0xFF, 0xFF, 0xFF, 0xFF, 0xFF, 0xFF, 0x8F,
    0x00, 0x00, 0xD0, 0xFF, 0xFF, 0xFF, 0x0D, 0x00, 0x00, 0xF6, 0xFF, 0xFF, 0xFF, 0xFF, 0xFF, 0xFF,
    0xFF, 0xFF, 0x05, 0x00, 0x70, 0xFF, 0xFF, 0xFF, 0x4F, 0x00, 0x60, 0xFF, 0xFF, 0xFF, 0xFF, 0x26,
    0xFE, 0xFF, 0xFF, 0xFF, 0x0E, 0x00, 0x10, 0xFF, 0xFF, 0xFF, 0xBF, 0x00, 0xF7, 0xFF, 0xFF, 0xFF,
    0x6F, 0x00, 0xE2, 0xFF, 0xFF, 0xFF, 0x5F, 0x00, 0x00, 0xF9, 0xFF, 0xFF, 0xFF, 0x73, 0xFF, 0xFF,
    0xFF, 0xFF, 0x06, 0x00, 0x60, 0xFF, 0xFF, 0xFF, 0xAF, 0x00, 0x00, 0xF1, 0xFF, 0xFF, 0xFF, 0xFE,
    0xFF, 0xFF, 0xFF, 0x6F, 0x00, 0x00, 0x00, 0xFF, 0xFF, 0xFF, 0xDF, 0x00, 0x00, 0x70, 0xFF, 0xFF,
    0xFF, 0xFF, 0xFF, 0xFF, 0xFF, 0x05, 0x00, 0x00, 0x00, 0xFD, 0xFF, 0xFF, 0xFF, 0x00, 0x00, 0x00,
    0xFD, 0xFF, 0xFF, 0xFF, 0xFF, 0xFF, 0x5F, 0x00, 0x00, 0x00, 0x00, 0xFE, 0xFF, 0xFF, 0xFF, 0x00,
    0x00, 0x00, 0xF3, 0xFF, 0xFF, 0xFF, 0xFF, 0xFF, 0x05, 0x00, 0x00, 0x00, 0x30, 0xFF, 0xFF, 0xFF,
    0xFF, 0x00, 0x00, 0x00, 0x70, 0xFF, 0xFF, 0xFF, 0xFF, 0x6F, 0x00, 0x00, 0x00, 0x00, 0xD1, 0xFF,
    0xFF, 0xFF, 0xCF, 0x00, 0x00, 0x00, 0xB0, 0xFF, 0xFF, 0xFF, 0xFF, 0xEF, 0x27, 0x00, 0x00, 0x50,
    0xFD, 0xFF, 0xFF, 0xFF, 0x8F, 0x00, 0x00, 0x00, 0xFC, 0xFF, 0xFF, 0xFF, 0xFF, 0xFF, 0xFF, 0xCE,
    0xCC, 0xFF, 0xFF, 0xFF, 0xFF, 0xFF, 0x2F, 0x00, 0x00, 0xC0, 0xFF, 0xFF, 0xFF, 0xFF, 0xFF, 0xFF,
    0xFF, 0xFF, 0xFF, 0xFF, 0xFF, 0xFF, 0xFF, 0xFF, 0x09, 0x00, 0x10, 0xFC, 0xFF, 0xFF, 0xFF, 0xFF,
    0xFF, 0xFF, 0xFF, 0xFF, 0xFF, 0xFF, 0xFF, 0xFF, 0xFF, 0xCF, 0x00, 0x00, 0xD1, 0xFF, 0xFF, 0xFF,
    0xFF, 0xE7, 0xFF, 0xFF, 0xFF, 0xFF, 0xFF, 0xFF, 0xFF, 0xFF, 0xFF, 0x1C, 0x00, 0x10, 0xFD, 0xFF,
    0xFF, 0xFF, 0x4F, 0x00, 0xE7, 0xFF, 0xFF, 0xFF, 0xFF, 0xFF, 0xFF, 0xFF, 0x7F, 0x00, 0x00, 0xD1,
    0xFF, 0xFF, 0xFF, 0xFF, 0x04, 0x00, 0x00, 0xB5, 0xFF, 0xFF, 0xFF, 0xFF, 0xFF, 0x7C, 0x01, 0x00,
    0x00, 0x00, 0x00, 0x00, 0x00, 0x00, 0x00, 0x00, 0x00, 0x00, 0x20, 0x75, 0x77, 0x57, 0x03, 0x00,
    0x00, 0x00, 0x00, 0xF0, 0xFF, 0xFF, 0xBF, 0xF0, 0xFF, 0xFF, 0xAF, 0xD0, 0xFF, 0xFF, 0x8F, 0xC0,
    0xFF, 0xFF, 0x7F, 0xB0, 0xFF, 0xFF, 0x6F, 0xA0, 0xFF, 0xFF, 0x5F, 0x90, 0xFF, 0xFF, 0x4F, 0x70,
    0xFF, 0xFF, 0x2F, 0x60, 0xFF, 0xFF, 0x1F, 0x50, 0xFF, 0xFF, 0x0F, 0x40, 0xFF, 0xFF, 0x0F, 0x20,
    0xFF, 0xFF, 0x0D, 0x10, 0xFF, 0xFF, 0x0C, 0xF2, 0xFF, 0xFF, 0x1E, 0x00, 0x00, 0x00, 0x60, 0xFF,
    0xFF, 0xCF, 0x00, 0x00, 0x00, 0x00, 0xFC, 0xFF, 0xFF, 0x07, 0x00, 0x00, 0x00, 0xF3, 0xFF, 0xFF,
    0x2F, 0x00, 0x00, 0x00, 0xB0, 0xFF, 0xFF, 0xBF, 0x00, 0x00, 0x00, 0x30, 0xFF, 0xFF, 0xFF, 0x03,
    0x00, 0x00, 0x00, 0xFB, 0xFF, 0xFF, 0x0B, 0x00, 0x00, 0x00, 0xF5, 0xFF, 0xFF, 0x2F, 0x00, 0x00,
    0x00, 0xE0, 0xFF, 0xFF, 0x9F, 0x00, 0x00, 0x00, 0x90, 0xFF, 0xFF, 0xEF, 0x00, 0x00, 0x00, 0x40,
    0xFF, 0xFF, 0xFF, 0x04, 0x00, 0x00, 0x00, 0xFF, 0xFF, 0xFF, 0x09, 0x00, 0x00, 0x00, 0xFB, 0xFF,
    0xFF, 0x0D, 0x00, 0x00, 0x00, 0xF7, 0xFF, 0xFF, 0x1F, 0x00, 0x00, 0x00, 0xF3, 0xFF, 0xFF, 0x4F,
    0x00, 0x00, 0x00, 0xF1, 0xFF, 0xFF, 0x7F, 0x00, 0x00, 0x00, 0xE0, 0xFF, 0xFF, 0x9F, 0x00, 0x00,
    0x00, 0xC0, 0xFF, 0xFF, 0xBF, 0x00, 0x00, 0x00, 0xA0, 0xFF, 0xFF, 0xDF, 0x00, 0x00, 0x00, 0x90,
    0xFF, 0xFF, 0xEF, 0x00, 0x00, 0x00, 0x80, 0xFF, 0xFF, 0xFF, 0x00, 0x00, 0x00, 0x80, 0xFF, 0xFF,
    0xFF, 0x00, 0x00, 0x00, 0x80, 0xFF, 0xFF, 0xFF, 0x00, 0x00, 0x00, 0x80, 0xFF, 0xFF, 0xFF, 0x00,
    0x00, 0x00, 0x90, 0xFF, 0xFF, 0xEF, 0x00, 0x00, 0x00, 0xA0, 0xFF, 0xFF, 0xDF, 0x00, 0x00, 0x00,
    0xC0, 0xFF, 0xFF, 0xCF, 0x00, 0x00, 0x00, 0xE0, 0xFF, 0xFF, 0xAF, 0x00, 0x00, 0x00, 0xF0, 0xFF,
    0xFF, 0x8F, 0x00, 0x00, 0x00, 0xF3, 0xFF, 0xFF, 0x5F, 0x00, 0x00, 0x00, 0xF6, 0xFF, 0xFF, 0x2F,
    0x00, 0x00, 0x00, 0xFA, 0xFF, 0xFF, 0x0E, 0x00, 0x00, 0x00, 0xFE, 0xFF, 0xFF, 0x0A, 0x00, 0x00,
    0x30, 0xFF, 0xFF, 0xFF, 0x05, 0x00, 0x00, 0x80, 0xFF, 0xFF, 0xFF, 0x00, 0x00, 0x00, 0xE0, 0xFF,
    0xFF, 0xAF, 0x00, 0x00, 0x00, 0xF4, 0xFF, 0xFF, 0x3F, 0x00, 0x00, 0x00, 0xFB, 0xFF, 0xFF, 0x0C,
    0x00, 0x00, 0x20, 0xFF, 0xFF, 0xFF, 0x04, 0x00, 0x00, 0xA0, 0xFF, 0xFF, 0xCF, 0x00, 0x00, 0x00,
    0xF3, 0xFF, 0xFF, 0x3F, 0x00, 0x00, 0x00, 0xFC, 0xFF, 0xFF, 0x08, 0x00, 0x00, 0x60, 0xFF, 0xFF,
    0xCF, 0x00, 0x00, 0x00, 0xF2, 0xFF, 0xFF, 0x2E, 0x00, 0x00, 0x00, 0x00, 0x00, 0x00, 0xE1, 0xFF,
    0xFF, 0x3F, 0x00, 0x00, 0x00, 0xFB, 0xFF, 0xFF, 0x07, 0x00, 0x00, 0x60, 0xFF, 0xFF, 0xDF, 0x00,
    0x00, 0x00, 0xF1, 0xFF, 0xFF, 0x4F, 0x00, 0x00, 0x00, 0xFA, 0xFF, 0xFF, 0x0C, 0x00, 0x00, 0x30,
    0xFF, 0xFF, 0xFF, 0x04, 0x00, 0x00, 0xA0, 0xFF, 0xFF, 0xCF, 0x00, 0x00, 0x00, 0xF1, 0xFF, 0xFF,
    0x6F, 0x00, 0x00, 0x00, 0xF8, 0xFF, 0xFF, 0x0F, 0x00, 0x00, 0x00, 0xFE, 0xFF, 0xFF, 0x0A, 0x00,
    0x00, 0x30, 0xFF, 0xFF, 0xFF, 0x05, 0x00, 0x00, 0x80, 0xFF, 0xFF, 0xFF, 0x00, 0x00, 0x00, 0xC0,
    0xFF, 0xFF, 0xCF, 0x00, 0x00, 0x00, 0xF0, 0xFF, 0xFF, 0x8F, 0x00, 0x00, 0x00, 0xF3, 0xFF, 0xFF,
    0x4F, 0x00, 0x00, 0x00, 0xF6, 0xFF, 0xFF, 0x2F, 0x00, 0x00, 0x00, 0xF8, 0xFF, 0xFF, 0x0F, 0x00,
    0x00, 0x00, 0xFA, 0xFF, 0xFF, 0x0D, 0x00, 0x00, 0x00, 0xFC, 0xFF, 0xFF, 0x0B, 0x00, 0x00, 0x00,
    0xFD, 0xFF, 0xFF, 0x0A, 0x00, 0x00, 0x00, 0xFE, 0xFF, 0xFF, 0x09, 0x00, 0x00, 0x00, 0xFE, 0xFF,
    0xFF, 0x09, 0x00, 0x00, 0x00, 0xFE, 0xFF, 0xFF, 0x08, 0x00, 0x00, 0x00, 0xFE, 0xFF, 0xFF, 0x09,
    0x00, 0x00, 0x00, 0xFD, 0xFF, 0xFF, 0x0A, 0x00, 0x00, 0x00, 0xFC, 0xFF, 0xFF, 0x0B, 0x00, 0x00,
    0x00, 0xFB, 0xFF, 0xFF, 0x0C, 0x00, 0x00, 0x00, 0xF9, 0xFF, 0xFF, 0x0E, 0x00, 0x00, 0x00, 0xF7,
    0xFF, 0xFF, 0x1F, 0x00, 0x00, 0x00, 0xF4, 0xFF, 0xFF, 0x4F, 0x00, 0x00, 0x00, 0xF1, 0xFF, 0xFF,
    0x7F, 0x00, 0x00, 0x00, 0xD0, 0xFF, 0xFF, 0xBF, 0x00, 0x00, 0x00, 0x90, 0xFF, 0xFF, 0xFF, 0x00,
    0x00, 0x00, 0x40, 0xFF, 0xFF, 0xFF, 0x04, 0x00, 0x00, 0x00, 0xFE, 0xFF, 0xFF, 0x09, 0x00, 0x00,
    0x00, 0xF9, 0xFF, 0xFF, 0x0E, 0x00, 0x00, 0x00, 0xF3, 0xFF, 0xFF, 0x5F, 0x00, 0x00, 0x00, 0xC0,
    0xFF, 0xFF, 0xBF, 0x00, 0x00, 0x00, 0x40, 0xFF, 0xFF, 0xFF, 0x03, 0x00, 0x00, 0x00, 0xFB, 0xFF,
    0xFF, 0x0B, 0x00, 0x00, 0x00, 0xF2, 0xFF, 0xFF, 0x3F, 0x00, 0x00, 0x00, 0x70, 0xFF, 0xFF, 0xCF,
    0x00, 0x00, 0x00, 0x00, 0xFC, 0xFF, 0xFF, 0x06, 0x00, 0x00, 0x00, 0xE1, 0xFF, 0xFF, 0x2F, 0x00,
    0x00, 0x00, 0x00, 0xB0, 0xFF, 0xFF, 0x8F, 0x00, 0x00, 0x00, 0x00, 0x00, 0x00, 0x00, 0x00, 0x00,
    0xA0, 0xFF, 0xFF, 0x6F, 0x00, 0x00, 0x00, 0x00, 0x00, 0x00, 0x00, 0x00, 0x00, 0x80, 0xFF, 0xFF,
    0x5F, 0x00, 0x00, 0x00, 0x00, 0x00, 0x00, 0x00, 0x00, 0x00, 0x60, 0xFF, 0xFF, 0x3F, 0x00, 0x00,
    0x00, 0x00, 0x00, 0x00, 0x00, 0x00, 0x00, 0x40, 0xFF, 0xFF, 0x1F, 0x00, 0x00, 0x00, 0x00, 0x00,
    0x00, 0x00, 0x00, 0x00, 0x20, 0xFF, 0xFF, 0x0F, 0x00, 0x00, 0x00, 0x00, 0x00, 0x80, 0x04, 0x00,
    0x00, 0x10, 0xFF, 0xFF, 0x0D, 0x00, 0x00, 0x10, 0x55, 0x00, 0xF1, 0xFF, 0x7B, 0x02, 0x00, 0xFF,
    0xFF, 0x0C, 0x00, 0x83, 0xFC, 0xBF, 0x00, 0xF3, 0xFF, 0xFF, 0xEF, 0x59, 0xFD, 0xFF, 0x6B, 0xFA,
    0xFF, 0xFF, 0xDF, 0x00, 0xF5, 0xFF, 0xFF, 0xFF, 0xFF, 0xFF, 0xFF, 0xFF, 0xFF, 0xFF, 0xFF, 0xFF,
    0x00, 0xF7, 0xFF, 0xFF, 0xFF, 0xFF, 0xFF, 0xFF, 0xFF, 0xFF, 0xFF, 0xFF, 0xFF, 0x02, 0xF9, 0xFF,
    0xFF, 0xFF, 0xFF, 0xFF, 0xFF, 0xFF, 0xFF, 0xFF, 0xFF, 0xFF, 0x05, 0x84, 0xA9, 0xCB, 0xED, 0xFF,
    0xFF, 0xFF, 0xFF, 0xEF, 0xBD, 0x9A, 0x68, 0x02, 0x00, 0x00, 0x00, 0x00, 0xFC, 0xFF, 0xFF, 0xFF,
    0x09, 0x00, 0x00, 0x00, 0x00, 0x00, 0x00, 0x00, 0x80, 0xFF, 0xFF, 0xFF, 0xFF, 0x5F, 0x00, 0x00,
    0x00, 0x00, 0x00, 0x00, 0x00, 0xF5, 0xFF, 0xFF, 0xFE, 0xFF, 0xFF, 0x02, 0x00, 0x00, 0x00, 0x00,
    0x00, 0x20, 0xFF, 0xFF, 0xFF, 0xF2, 0xFF, 0xFF, 0x0D, 0x00, 0x00, 0x00, 0x00, 0x00, 0xD0, 0xFF,
    0xFF, 0x8F, 0x90, 0xFF, 0xFF, 0x9F, 0x00, 0x00, 0x00, 0x00, 0x00, 0xF9, 0xFF, 0xFF, 0x1E, 0x20,
    0xFF, 0xFF, 0xFF, 0x05, 0x00, 0x00, 0x00, 0x50, 0xFF, 0xFF, 0xFF, 0x07, 0x00, 0xFB, 0xFF, 0xFF,
    0x2F, 0x00, 0x00, 0x00, 0x40, 0xFD, 0xFF, 0xEF, 0x00, 0x00, 0xF4, 0xFF, 0xFF, 0x2B, 0x00, 0x00,
    0x00, 0x00, 0x60, 0xFE, 0x7F, 0x00, 0x00, 0xD0, 0xFF, 0x3B, 0x00, 0x00, 0x00, 0x00, 0x00, 0x00,
    0x70, 0x0D, 0x00, 0x00, 0x60, 0x2A, 0x00, 0x00, 0x00, 0x00, 0x00, 0x00, 0x00, 0x00, 0x00, 0x00,
    0x00, 0x00, 0x00, 0x00, 0x00, 0x00, 0x00, 0x00, 0x00, 0x00, 0x00, 0x00, 0xED, 0xEE, 0x5E, 0x00,
    0x00, 0x00, 0x00, 0x00, 0x00, 0x00, 0x00, 0x00, 0x00, 0xFF, 0xFF, 0x6F, 0x00, 0x00, 0x00, 0x00,
    0x00, 0x00, 0x00, 0x00, 0x00, 0x00, 0xFF, 0xFF, 0x6F, 0x00, 0x00, 0x00, 0x00, 0x00, 0x00, 0x00,
    0x00, 0x00, 0x00, 0xFF, 0xFF, 0x6F, 0x00, 0x00, 0x00, 0x00, 0x00, 0x00, 0x00, 0x00, 0x00, 0x00,
    0xFF, 0xFF, 0x6F, 0x00, 0x00, 0x00, 0x00, 0x00, 0x00, 0x00, 0x00, 0x00, 0x00, 0xFF, 0xFF, 0x6F,
    0x00, 0x00, 0x00, 0x00, 0x00, 0x00, 0x00, 0x00, 0x00, 0x00, 0xFF, 0xFF, 0x6F, 0x00, 0x00, 0x00,
    0x00, 0x00, 0x00, 0x00, 0x00, 0x00, 0x00, 0xFF, 0xFF, 0x6F, 0x00, 0x00, 0x00, 0x00, 0x00, 0x00,
    0x00, 0x00, 0x00, 0x00, 0xFF, 0xFF, 0x6F, 0x00, 0x00, 0x00, 0x00, 0x00, 0x52, 0x55, 0x55, 0x55,
    0x55, 0xFF, 0xFF, 0x9F, 0x55, 0x55, 0x55, 0x55, 0x04, 0xF6, 0xFF, 0xFF, 0xFF, 0xFF, 0xFF, 0xFF,
    0xFF, 0xFF, 0xFF, 0xFF, 0xFF, 0x0D, 0xF6, 0xFF, 0xFF, 0xFF, 0xFF, 0xFF, 0xFF, 0xFF, 0xFF, 0xFF,
    0xFF, 0xFF, 0x0D, 0xF6, 0xFF, 0xFF, 0xFF, 0xFF, 0xFF, 0xFF, 0xFF, 0xFF, 0xFF, 0xFF, 0xFF, 0x0D,
    0xF6, 0xFF, 0xFF, 0xFF, 0xFF, 0xFF, 0xFF, 0xFF, 0xFF, 0xFF, 0xFF, 0xFF, 0x0D, 0xF6, 0xFF, 0xFF,
    0xFF, 0xFF, 0xFF, 0xFF, 0xFF, 0xFF, 0xFF, 0xFF, 0xFF, 0x0D, 0x00, 0x00, 0x00, 0x00, 0x00, 0xFF,
    0xFF, 0x6F, 0x00, 0x00, 0x00, 0x00, 0x00, 0x00, 0x00, 0x00, 0x00, 0x00, 0xFF, 0xFF, 0x6F, 0x00,
    0x00, 0x00, 0x00, 0x00, 0x00, 0x00, 0x00, 0x00, 0x00, 0xFF, 0xFF, 0x6F, 0x00, 0x00, 0x00, 0x00,
    0x00, 0x00, 0x00, 0x00, 0x00, 0x00, 0xFF, 0xFF, 0x6F, 0x00, 0x00, 0x00, 0x00, 0x00, 0x00, 0x00,
    0x00, 0x00, 0x00, 0xFF, 0xFF, 0x6F, 0x00, 0x00, 0x00, 0x00, 0x00, 0x00, 0x00, 0x00, 0x00, 0x00,
    0xFF, 0xFF, 0x6F, 0x00, 0x00, 0x00, 0x00, 0x00, 0x00, 0x00, 0x00, 0x00, 0x00, 0xFF, 0xFF, 0x6F,
    0x00, 0x00, 0x00, 0x00, 0x00, 0x00, 0x00, 0x00, 0x00, 0x00, 0xFF, 0xFF, 0x6F, 0x00, 0x00, 0x00,
    0x00, 0x00, 0x00, 0x00, 0x00, 0x00, 0x00, 0xFF, 0xFF, 0x6F, 0x00, 0x00, 0x00, 0x00, 0x00, 0x00,
    0x00, 0x00, 0x00, 0x00, 0x65, 0x66, 0x26, 0x00, 0x00, 0x00, 0x00, 0x00, 0xF1, 0xFF, 0xFF, 0xFF,
    0x01, 0x00, 0xE0, 0xFF, 0xFF, 0xFF, 0x03, 0x00, 0xA0, 0xFF, 0xFF, 0xFF, 0x06, 0x00, 0x50, 0xFF,
    0xFF, 0xFF, 0x09, 0x00, 0x00, 0xFF, 0xFF, 0xFF, 0x0C, 0x00, 0x00, 0xF9, 0xFF, 0xFF, 0x0F, 0x00,
    0x00, 0xF3, 0xFF, 0xFF, 0x3F, 0x00, 0x00, 0xD0, 0xFF, 0xFF, 0x6F, 0x00, 0x00, 0x70, 0xFF, 0xFF,
    0xAF, 0x00, 0x00, 0x00, 0xFF, 0xFF, 0xDF, 0x00, 0x00, 0x00, 0xF9, 0xFF, 0xFF, 0x01, 0x00, 0x00,
    0xF2, 0xFF, 0xFF, 0x05, 0x10, 0x11, 0x11, 0x11, 0x11, 0x11, 0x01, 0xF9, 0xFF, 0xFF, 0xFF, 0xFF,
    0xFF, 0x8F, 0xF9, 0xFF, 0xFF, 0xFF, 0xFF, 0xFF, 0x8F, 0xF9, 0xFF, 0xFF, 0xFF, 0xFF, 0xFF, 0x8F,
    0xF9, 0xFF, 0xFF, 0xFF, 0xFF, 0xFF, 0x8F, 0xF9, 0xFF, 0xFF, 0xFF, 0xFF, 0xFF, 0x8F, 0xF9, 0xFF,
    0xFF, 0xFF, 0xFF, 0xFF, 0x8F, 0x00, 0x93, 0xCC, 0x28, 0x00, 0x80, 0xFF, 0xFF, 0xFF, 0x04, 0xF1,
    0xFF, 0xFF, 0xFF, 0x0D, 0xF5, 0xFF, 0xFF, 0xFF, 0x1F, 0xF6, 0xFF, 0xFF, 0xFF, 0x2F, 0xF4, 0xFF,
    0xFF, 0xFF, 0x0F, 0xE0, 0xFF, 0xFF, 0xFF, 0x0A, 0x30, 0xFE, 0xFF, 0xCF, 0x01, 0x00, 0x50, 0x77,
    0x03, 0x00, 0xF3, 0xFF, 0xFF, 0x8F, 0x00, 0x00, 0x00, 0x00, 0x00, 0x00, 0x00, 0xD0, 0xFF, 0xFF,
    0xEF, 0x00, 0x00, 0x00, 0x00, 0x00, 0x00, 0x00, 0x70, 0xFF, 0xFF, 0xFF, 0x04, 0x00, 0x00, 0x00,
    0x00, 0x00, 0x00, 0x10, 0xFF, 0xFF, 0xFF, 0x0A, 0x00, 0x00, 0x00, 0x00, 0x00, 0x00, 0x00, 0xFB,
    0xFF, 0xFF, 0x0F, 0x00, 0x00, 0x00, 0x00, 0x00, 0x00, 0x00, 0xF6, 0xFF, 0xFF, 0x6F, 0x00, 0x00,
    0x00, 0x00, 0x00, 0x00, 0x00, 0xF0, 0xFF, 0xFF, 0xCF, 0x00, 0x00, 0x00, 0x00, 0x00, 0x00, 0x00,
    0xA0, 0xFF, 0xFF, 0xFF, 0x02, 0x00, 0x00, 0x00, 0x00, 0x00, 0x00, 0x40, 0xFF, 0xFF, 0xFF, 0x08,
    0x00, 0x00, 0x00, 0x00, 0x00, 0x00, 0x00, 0xFE, 0xFF, 0xFF, 0x0D, 0x00, 0x00, 0x00, 0x00, 0x00,
    0x00, 0x00, 0xF8, 0xFF, 0xFF, 0x3F, 0x00, 0x00, 0x00, 0x00, 0x00, 0x00, 0x00, 0xF2, 0xFF, 0xFF,
    0x9F, 0x00, 0x00, 0x00, 0x00, 0x00, 0x00, 0x00, 0xC0, 0xFF, 0xFF, 0xFF, 0x00, 0x00, 0x00, 0x00,
    0x00, 0x00, 0x00, 0x60, 0xFF, 0xFF, 0xFF, 0x05, 0x00, 0x00, 0x00, 0x00, 0x00, 0x00, 0x10, 0xFF,
    0xFF, 0xFF, 0x0B, 0x00, 0x00, 0x00, 0x00, 0x00, 0x00, 0x00, 0xFA, 0xFF, 0xFF, 0x1F, 0x00, 0x00,
    0x00, 0x00, 0x00, 0x00, 0x00, 0xF5, 0xFF, 0xFF, 0x7F, 0x00, 0x00, 0x00, 0x00, 0x00, 0x00, 0x00,
    0xE0, 0xFF, 0xFF, 0xDF, 0x00, 0x00, 0x00, 0x00, 0x00, 0x00, 0x00, 0x90, 0xFF, 0xFF, 0xFF, 0x03,
    0x00, 0x00, 0x00, 0x00, 0x00, 0x00, 0x30, 0xFF, 0xFF, 0xFF, 0x09, 0x00, 0x00, 0x00, 0x00, 0x00,
    0x00, 0x00, 0xFD, 0xFF, 0xFF, 0x0E, 0x00, 0x00, 0x00, 0x00, 0x00, 0x00, 0x00, 0xF7, 0xFF, 0xFF,
    0x4F, 0x00, 0x00, 0x00, 0x00, 0x00, 0x00, 0x00, 0xF1, 0xFF, 0xFF, 0xAF, 0x00, 0x00, 0x00, 0x00,
    0x00, 0x00, 0x00, 0xB0, 0xFF, 0xFF, 0xFF, 0x01, 0x00, 0x00, 0x00, 0x00, 0x00, 0x00, 0x50, 0xFF,
    0xFF, 0xFF, 0x06, 0x00, 0x00, 0x00, 0x00, 0x00, 0x00, 0x00, 0xFF, 0xFF, 0xFF, 0x0C, 0x00, 0x00,
    0x00, 0x00, 0x00, 0x00, 0x00, 0xF9, 0xFF, 0xFF, 0x2F, 0x00, 0x00, 0x00, 0x00, 0x00, 0x00, 0x00,
    0xF4, 0xFF, 0xFF, 0x8F, 0x00, 0x00, 0x00, 0x00, 0x00, 0x00, 0x00, 0xD0, 0xFF, 0xFF, 0xEF, 0x00,
    0x00, 0x00, 0x00, 0x00, 0x00, 0x00, 0x80, 0xFF, 0xFF, 0xFF, 0x04, 0x00, 0x00, 0x00, 0x00, 0x00,
    0x00, 0x20, 0xFF, 0xFF, 0xFF, 0x0A, 0x00, 0x00, 0x00, 0x00, 0x00, 0x00, 0x00, 0xFC, 0xFF, 0xFF,
    0x0F, 0x00, 0x00, 0x00, 0x00, 0x00, 0x00, 0x00, 0xF6, 0xFF, 0xFF, 0x5F, 0x00, 0x00, 0x00, 0x00,
    0x00, 0x00, 0x00, 0xF1, 0xFF, 0xFF, 0xBF, 0x00, 0x00, 0x00, 0x00, 0x00, 0x00, 0x00, 0xA0, 0xFF,
    0xFF, 0xFF, 0x01, 0x00, 0x00, 0x00, 0x00, 0x00, 0x00, 0x40, 0xFF, 0xFF, 0xFF, 0x07, 0x00, 0x00,
    0x00, 0x00, 0x20, 0x75, 0x77, 0x46, 0x00, 0x00, 0x00, 0x00, 0x00, 0x00, 0x00, 0x00, 0x60, 0xFD,
    0xFF, 0xFF, 0xFF, 0xBF, 0x04, 0x00, 0x00, 0x00, 0x00, 0x00, 0x20, 0xFD, 0xFF, 0xFF, 0xFF, 0xFF,
    0xFF, 0xAF, 0x01, 0x00, 0x00, 0x00, 0x00, 0xF3, 0xFF, 0xFF, 0xFF, 0xFF, 0xFF, 0xFF, 0xFF, 0x1D,
    0x00, 0x00, 0x00, 0x20, 0xFE, 0xFF, 0xFF, 0xFF, 0xFF, 0xFF, 0xFF, 0xFF, 0xCF, 0x00, 0x00, 0x00,
    0xC0, 0xFF, 0xFF, 0xFF, 0xFF, 0xFF, 0xFF, 0xFF, 0xFF, 0xFF, 0x07, 0x00, 0x00, 0xF5, 0xFF, 0xFF,
    0xFF, 0xCF, 0xA9, 0xFF, 0xFF, 0xFF, 0xFF, 0x0F, 0x00, 0x00, 0xFD, 0xFF, 0xFF, 0xFF, 0x04, 0x00,
    0xB0, 0xFF, 0xFF, 0xFF, 0x7F, 0x00, 0x30, 0xFF, 0xFF, 0xFF, 0x7F, 0x00, 0x00, 0x00, 0xFE, 0xFF,
    0xFF, 0xCF, 0x00, 0x80, 0xFF, 0xFF, 0xFF, 0x0E, 0x00, 0x00, 0x00, 0xF7, 0xFF, 0xFF, 0xFF, 0x01,
    0xD0, 0xFF, 0xFF, 0xFF, 0x09, 0x00, 0x00, 0x00, 0xF1, 0xFF, 0xFF, 0xFF, 0x05, 0xF1, 0xFF, 0xFF,
    0xFF, 0x05, 0x00, 0x00, 0x00, 0xD0, 0xFF, 0xFF, 0xFF, 0x08, 0xF4, 0xFF, 0xFF, 0xFF, 0x02, 0x00,
    0x00, 0x00, 0xB0, 0xFF, 0xFF, 0xFF, 0x0B, 0xF6, 0xFF, 0xFF, 0xFF, 0x00, 0x00, 0x00, 0x00, 0x90,
    0xFF, 0xFF, 0xFF, 0x0D, 0xF8, 0xFF, 0xFF, 0xFF, 0x00, 0x00, 0x00, 0x00, 0x70, 0xFF, 0xFF, 0xFF,
    0x0F, 0xFA, 0xFF, 0xFF, 0xDF, 0x00, 0x00, 0x00, 0x00, 0x60, 0xFF, 0xFF, 0xFF, 0x1F, 0xFB, 0xFF,
    0xFF, 0xDF, 0x00, 0x00, 0x00, 0x00, 0x50, 0xFF, 0xFF, 0xFF, 0x2F, 0xFB, 0xFF, 0xFF, 0xCF, 0x00,
    0x00, 0x00, 0x00, 0x50, 0xFF, 0xFF, 0xFF, 0x2F, 0xFC, 0xFF, 0xFF, 0xCF, 0x00, 0x00, 0x00, 0x00,
    0x40, 0xFF, 0xFF, 0xFF, 0x2F, 0xFC, 0xFF, 0xFF, 0xCF, 0x00, 0x00, 0x00, 0x00, 0x40, 0xFF, 0xFF,
    0xFF, 0x2F, 0xFB, 0xFF, 0xFF, 0xCF, 0x00, 0x00, 0x00, 0x00, 0x50, 0xFF, 0xFF, 0xFF, 0x2F, 0xFB,
    0xFF, 0xFF, 0xDF, 0x00, 0x00, 0x00, 0x00, 0x50, 0xFF, 0xFF, 0xFF, 0x1F, 0xFA, 0xFF, 0xFF, 0xDF,
    0x00, 0x00, 0x00, 0x00, 0x60, 0xFF, 0xFF, 0xFF, 0x0F, 0xF8, 0xFF, 0xFF, 0xEF, 0x00, 0x00, 0x00,
    0x00, 0x70, 0xFF, 0xFF, 0xFF, 0x0F, 0xF7, 0xFF, 0xFF, 0xFF, 0x00, 0x00, 0x00, 0x00, 0x90, 0xFF,
    0xFF, 0xFF, 0x0D, 0xF5, 0xFF, 0xFF, 0xFF, 0x02, 0x00, 0x00, 0x00, 0xB0, 0xFF, 0xFF, 0xFF, 0x0B,
    0xF2, 0xFF, 0xFF, 0xFF, 0x05, 0x00, 0x00, 0x00, 0xD0, 0xFF, 0xFF, 0xFF, 0x08, 0xF0, 0xFF, 0xFF,
    0xFF, 0x09, 0x00, 0x00, 0x00, 0xF1, 0xFF, 0xFF, 0xFF, 0x04, 0xB0, 0xFF, 0xFF, 0xFF, 0x0E, 0x00,
    0x00, 0x00, 0xF7, 0xFF, 0xFF, 0xFF, 0x00, 0x60, 0xFF, 0xFF, 0xFF, 0x6F, 0x00, 0x00, 0x00, 0xFE,
    0xFF, 0xFF, 0xAF, 0x00, 0x00, 0xFF, 0xFF, 0xFF, 0xFF, 0x04, 0x00, 0xB0, 0xFF, 0xFF, 0xFF, 0x4F,
    0x00, 0x00, 0xF8, 0xFF, 0xFF, 0xFF, 0xCF, 0xA9, 0xFE, 0xFF, 0xFF, 0xFF, 0x0D, 0x00, 0x00, 0xE1,
    0xFF, 0xFF, 0xFF, 0xFF, 0xFF, 0xFF, 0xFF, 0xFF, 0xFF, 0x04, 0x00, 0x00, 0x50, 0xFF, 0xFF, 0xFF,
    0xFF, 0xFF, 0xFF, 0xFF, 0xFF, 0x8F, 0x00, 0x00, 0x00, 0x00, 0xF7, 0xFF, 0xFF, 0xFF, 0xFF, 0xFF,
    0xFF, 0xFF, 0x0A, 0x00, 0x00, 0x00, 0x00, 0x50, 0xFE, 0xFF, 0xFF, 0xFF, 0xFF, 0xFF, 0x8F, 0x00,
    0x00, 0x00, 0x00, 0x00, 0x00, 0x81, 0xFE, 0xFF, 0xFF, 0xFF, 0xAF, 0x02, 0x00, 0x00, 0x00, 0x00,
    0x00, 0x00, 0x00, 0x20, 0x75, 0x77, 0x36, 0x00, 0x00, 0x00, 0x00, 0x00, 0xFA, 0xFF, 0xFF, 0x3E,
    0x00, 0x00, 0x00, 0x00, 0x00, 0x00, 0xFA, 0xFF, 0xFF, 0xFF, 0x06, 0x00, 0x00, 0x00, 0x00, 0x00,
    0xFA, 0xFF, 0xFF, 0xFF, 0x9F, 0x00, 0x00, 0x00, 0x00, 0x00, 0xFA, 0xFF, 0xFF, 0xFF, 0xFF, 0x1B,
    0x00, 0x00, 0x00, 0x00, 0xFA, 0xFF, 0xFF, 0xFF, 0xFF, 0xDF, 0x02, 0x00, 0x00, 0x00, 0xFA, 0xFF,
    0xFF, 0xFF, 0xFF, 0xFF, 0x4F, 0x00, 0x00, 0x00, 0xFA, 0xFF, 0xFF, 0xFF, 0xFF, 0xFF, 0xFF, 0x07,
    0x00, 0x00, 0xFA, 0xFF, 0xFF, 0xFF, 0xFF, 0xFF, 0xFF, 0xAF, 0x00, 0x00, 0xFA, 0xFF, 0xFF, 0xCF,
    0xFB, 0xFF, 0xFF, 0xFF, 0x1C, 0x00, 0xFA, 0xFF, 0xFF, 0xCF, 0xB0, 0xFF, 0xFF, 0xFF, 0xCF, 0x00,
    0xFA, 0xFF, 0xFF, 0xCF, 0x00, 0xFA, 0xFF, 0xFF, 0x3F, 0x00, 0xFA, 0xFF, 0xFF, 0xDF, 0x00, 0x80,
    0xFF, 0xFF, 0x06, 0x00, 0xFA, 0xFF, 0xFF, 0xDF, 0x00, 0x00, 0xF6, 0x9F, 0x00, 0x00, 0xFA, 0xFF,
    0xFF, 0xEF, 0x00, 0x00, 0x40, 0x0B, 0x00, 0x00, 0xFA, 0xFF, 0xFF, 0xEF, 0x00, 0x00, 0x00, 0x00,
    0x00, 0x00, 0xFA, 0xFF, 0xFF, 0xEF, 0x00, 0x00, 0x00, 0x00, 0x00, 0x00, 0xFA, 0xFF, 0xFF, 0xEF,
    0x00, 0x00, 0x00, 0x00, 0x00, 0x00, 0xFA, 0xFF, 0xFF, 0xEF, 0x00, 0x00, 0x00, 0x00, 0x00, 0x00,
    0xFA, 0xFF, 0xFF, 0xEF, 0x00, 0x00, 0x00, 0x00, 0x00, 0x00, 0xFA, 0xFF, 0xFF, 0xEF, 0x00, 0x00,
    0x00, 0x00, 0x00, 0x00, 0xFA, 0xFF, 0xFF, 0xEF, 0x00, 0x00, 0x00, 0x00, 0x00, 0x00, 0xFA, 0xFF,
    0xFF, 0xEF, 0x00, 0x00, 0x00, 0x00, 0x00, 0x00, 0xFA, 0xFF, 0xFF, 0xEF, 0x00, 0x00, 0x00, 0x00,
    0x00, 0x00, 0xFA, 0xFF, 0xFF, 0xEF, 0x00, 0x00, 0x00, 0x00, 0x00, 0x00, 0xFA, 0xFF, 0xFF, 0xEF,
    0x00, 0x00, 0x00, 0x00, 0x00, 0x00, 0xFA, 0xFF, 0xFF, 0xEF, 0x00, 0x00, 0x00, 0x00, 0x00, 0x00,
    0xFA, 0xFF, 0xFF, 0xEF, 0x00, 0x00, 0x00, 0x00, 0x00, 0x00, 0xFA, 0xFF, 0xFF, 0xEF, 0x00, 0x00,
    0x00, 0x00, 0x00, 0x00, 0xFA, 0xFF, 0xFF, 0xEF, 0x00, 0x00, 0x00, 0x00, 0x00, 0x00, 0xFA, 0xFF,
    0xFF, 0xEF, 0x00, 0x00, 0x00, 0x00, 0x00, 0x00, 0xFA, 0xFF, 0xFF, 0xEF, 0x00, 0x00, 0x00, 0x00,
    0x00, 0x00, 0xFA, 0xFF, 0xFF, 0xEF, 0x00, 0x00, 0x00, 0x00, 0x00, 0x00, 0xFA, 0xFF, 0xFF, 0xEF,
    0x00, 0x00, 0x00, 0x00, 0x00, 0x00, 0xFA, 0xFF, 0xFF, 0xEF, 0x00, 0x00, 0x00, 0x00, 0x00, 0x00,
    0xFA, 0xFF, 0xFF, 0xEF, 0x00, 0x00, 0x00, 0x00, 0x00, 0x00, 0xFA, 0xFF, 0xFF, 0xEF, 0x00, 0x00,
    0x00, 0x00, 0x00, 0x00, 0x00, 0x00, 0x00, 0x00, 0x40, 0x76, 0x77, 0x46, 0x01, 0x00, 0x00, 0x00,
    0x00, 0x00, 0x00, 0x00, 0xB4, 0xFF, 0xFF, 0xFF, 0xFF, 0xDF, 0x28, 0x00, 0x00, 0x00, 0x00, 0x00,
    0xC2, 0xFF, 0xFF, 0xFF, 0xFF, 0xFF, 0xFF, 0xFF, 0x2A, 0x00, 0x00, 0x00, 0x30, 0xFE, 0xFF, 0xFF,
    0xFF, 0xFF, 0xFF, 0xFF, 0xFF, 0xFF, 0x06, 0x00, 0x00, 0xE1, 0xFF, 0xFF, 0xFF, 0xFF, 0xFF, 0xFF,
    0xFF, 0xFF, 0xFF, 0xAF, 0x00, 0x00, 0xFB, 0xFF, 0xFF, 0xFF, 0xFF, 0xFF, 0xFF, 0xFF, 0xFF, 0xFF,
    0xFF, 0x0C, 0x30, 0xFF, 0xFF, 0xFF, 0xFF, 0xFF, 0xDD, 0xFF, 0xFF, 0xFF, 0xFF, 0xFF, 0x05, 0x90,
    0xFF, 0xFF, 0xFF, 0xEF, 0x05, 0x00, 0x30, 0xF9, 0xFF, 0xFF, 0x7F, 0x00, 0xC0, 0xFF, 0xFF, 0xFF,
    0x3F, 0x00, 0x00, 0x00, 0x10, 0xFA, 0xFF, 0x0A, 0x00, 0xE0, 0xFF, 0xFF, 0xFF, 0x0C, 0x00, 0x00,
    0x00, 0x00, 0x50, 0xCE, 0x00, 0x00, 0xF0, 0xFF, 0xFF, 0xFF, 0x09, 0x00, 0x00, 0x00, 0x00, 0x00,
    0x12, 0x00, 0x00, 0xE0, 0xFF, 0xFF, 0xFF, 0x09, 0x00, 0x00, 0x00, 0x00, 0x00, 0x00, 0x00, 0x00,
    0xC0, 0xFF, 0xFF, 0xFF, 0x0A, 0x00, 0x00, 0x00, 0x00, 0x00, 0x00, 0x00, 0x00, 0x90, 0xFF, 0xFF,
    0xFF, 0x0E, 0x00, 0x00, 0x00, 0x00, 0x00, 0x00, 0x00, 0x00, 0x40, 0xFF, 0xFF, 0xFF, 0x5F, 0x00,
    0x00, 0x00, 0x00, 0x00, 0x00, 0x00, 0x00, 0x00, 0xFD, 0xFF, 0xFF, 0xDF, 0x00, 0x00, 0x00, 0x00,
    0x00, 0x00, 0x00, 0x00, 0x00, 0xF6, 0xFF, 0xFF, 0xFF, 0x09, 0x00, 0x00, 0x00, 0x00, 0x00, 0x00,
    0x00, 0x00, 0xC0, 0xFF, 0xFF, 0xFF, 0x5F, 0x00, 0x00, 0x00, 0x00, 0x00, 0x00, 0x00, 0x00, 0x20,
    0xFF, 0xFF, 0xFF, 0xFF, 0x04, 0x00, 0x00, 0x00, 0x00, 0x00, 0x00, 0x00, 0x00, 0xF5, 0xFF, 0xFF,
    0xFF, 0x3F, 0x00, 0x00, 0x00, 0x00, 0x00, 0x00, 0x00, 0x00, 0x70, 0xFF, 0xFF, 0xFF, 0xEF, 0x02,
    0x00, 0x00, 0x00, 0x00, 0x00, 0x00, 0x00, 0x00, 0xF8, 0xFF, 0xFF, 0xFF, 0x1E, 0x00, 0x00, 0x00,
    0x00, 0x00, 0x00, 0x00, 0x00, 0x80, 0xFF, 0xFF, 0xFF, 0xDF, 0x01, 0x00, 0x00, 0x00, 0x00, 0x00,
    0x00, 0x00, 0x00, 0xF8, 0xFF, 0xFF, 0xFF, 0x1D, 0x00, 0x00, 0x00, 0x00, 0x00, 0x00, 0x00, 0x00,
    0x80, 0xFF, 0xFF, 0xFF, 0xDF, 0x01, 0x00, 0x00, 0x00, 0x00, 0x00, 0x00, 0x00, 0x00, 0xF7, 0xFF,
    0xFF, 0xFF, 0x1D, 0x00, 0x00, 0x00, 0x00, 0x00, 0x00, 0x00, 0x00, 0x60, 0xFF, 0xFF, 0xFF, 0xCF,
    0x01, 0x00, 0x00, 0x00, 0x00, 0x00, 0x00, 0x00, 0x00, 0xF5, 0xFF, 0xFF, 0xFF, 0x0C, 0x00, 0x00,
    0x00, 0x00, 0x00, 0x00, 0x00, 0x00, 0x50, 0xFF, 0xFF, 0xFF, 0xCF, 0x00, 0x00, 0x00, 0x00, 0x00,
    0x00, 0x00, 0x00, 0x00, 0xF4, 0xFF, 0xFF, 0xFF, 0x0C, 0x00, 0x55, 0x55, 0x55, 0x55, 0x55, 0x55,
    0x55, 0xA5, 0xFF, 0xFF, 0xFF, 0xBF, 0x00, 0xFF, 0xFF, 0xFF, 0xFF, 0xFF, 0xFF, 0xFF, 0xFF, 0xFF,
    0xFF, 0xFF, 0xFF, 0x0B, 0xFF, 0xFF, 0xFF, 0xFF, 0xFF, 0xFF, 0xFF, 0xFF, 0xFF, 0xFF, 0xFF, 0xFF,
    0x0F, 0xFF, 0xFF, 0xFF, 0xFF, 0xFF, 0xFF, 0xFF, 0xFF, 0xFF, 0xFF, 0xFF, 0xFF, 0x0F, 0xFF, 0xFF,
    0xFF, 0xFF, 0xFF, 0xFF, 0xFF, 0xFF, 0xFF, 0xFF, 0xFF, 0xFF, 0x0F, 0xFF, 0xFF, 0xFF, 0xFF, 0xFF,
    0xFF, 0xFF, 0xFF, 0xFF, 0xFF, 0xFF, 0xFF, 0x0F, 0xFF, 0xFF, 0xFF, 0xFF, 0xFF, 0xFF, 0xFF, 0xFF,
    0xFF, 0xFF, 0xFF, 0xFF, 0x0F, 0x00, 0x00, 0x00, 0x00, 0x20, 0x65, 0x87, 0x67, 0x25, 0x00, 0x00,
    0x00, 0x00, 0x00, 0x00, 0x00, 0xA4, 0xFF, 0xFF, 0xFF, 0xFF, 0xFF, 0xBF, 0x05, 0x00, 0x00, 0x00,
    0x00, 0xC3, 0xFF, 0xFF, 0xFF, 0xFF, 0xFF, 0xFF, 0xFF, 0xEF, 0x07, 0x00, 0x00, 0x50, 0xFF, 0xFF,
    0xFF, 0xFF, 0xFF, 0xFF, 0xFF, 0xFF, 0xFF, 0xEF, 0x05, 0x00, 0xF3, 0xFF, 0xFF, 0xFF, 0xFF, 0xFF,
    0xFF, 0xFF, 0xFF, 0xFF, 0xFF, 0x0B, 0x00, 0xFD, 0xFF, 0xFF, 0xFF, 0xFF, 0xFF, 0xFF, 0xFF, 0xFF,
    0xFF, 0xFF, 0x01, 0x30, 0xFF, 0xFF, 0xFF, 0xFF, 0xEF, 0x9B, 0xB9, 0xFE, 0xFF, 0xFF, 0x6F, 0x00,
    0x70, 0xFF, 0xFF, 0xFF, 0xFF, 0x05, 0x00, 0x00, 0x20, 0xF8, 0xFF, 0x0B, 0x00, 0x80, 0xFF, 0xFF,
    0xFF, 0x5F, 0x00, 0x00, 0x00, 0x00, 0x10, 0xE9, 0x01, 0x00, 0x80, 0xFF, 0xFF, 0xFF, 0x0F, 0x00,
    0x00, 0x00, 0x00, 0x00, 0x00, 0x00, 0x00, 0x60, 0xFF, 0xFF, 0xFF, 0x0D, 0x00, 0x00, 0x00, 0x00,
    0x00, 0x00, 0x00, 0x00, 0x30, 0xFF, 0xFF, 0xFF, 0x0F, 0x00, 0x00, 0x00, 0x00, 0x00, 0x00, 0x00,
    0x00, 0x00, 0xFD, 0xFF, 0xFF, 0x4F, 0x00, 0x00, 0x00, 0x00, 0x00, 0x00, 0x00, 0x00, 0x00, 0xF4,
    0xFF, 0xFF, 0xDF, 0x01, 0x00, 0x00, 0x00, 0x00, 0x00, 0x00, 0x00, 0x00, 0x70, 0xFF, 0xFF, 0xFF,
    0x8F, 0x03, 0x00, 0x00, 0x00, 0x00, 0x00, 0x00, 0x00, 0x00, 0xF7, 0xFF, 0xFF, 0xFF, 0xFF, 0xDE,
    0xCC, 0x7C, 0x00, 0x00, 0x00, 0x00, 0x00, 0x20, 0xFB, 0xFF, 0xFF, 0xFF, 0xFF, 0xFF, 0x9F, 0x00,
    0x00, 0x00, 0x00, 0x00, 0x00, 0x20, 0xF9, 0xFF, 0xFF, 0xFF, 0xFF, 0x9F, 0x00, 0x00, 0x00, 0x00,
    0x00, 0x40, 0xEA, 0xFF, 0xFF, 0xFF, 0xFF, 0xFF, 0x9F, 0x00, 0x00, 0x00, 0x00, 0x30, 0xFD, 0xFF,
    0xFF, 0xFF, 0xFF, 0xFF, 0xFF, 0x9F, 0x00, 0x00, 0x00, 0x00, 0xF5, 0xFF, 0xFF, 0xFF, 0xFF, 0xFF,
    0xFF, 0xFF, 0x9F, 0x00, 0x00, 0x00, 0x30, 0xFF, 0xFF, 0xFF, 0xFF, 0xAF, 0x35, 0x01, 0x00, 0x00,
    0x00, 0x00, 0x00, 0xC0, 0xFF, 0xFF, 0xFF, 0xBF, 0x01, 0x00, 0x00, 0x00, 0x00, 0x00, 0x00, 0x00,
    0xF3, 0xFF, 0xFF, 0xFF, 0x0D, 0x00, 0x00, 0x00, 0x00, 0x00, 0x00, 0x00, 0x00, 0xF7, 0xFF, 0xFF,
    0xFF, 0x07, 0x00, 0x00, 0x00, 0x00, 0x00, 0x00, 0x00, 0x00, 0xF9, 0xFF, 0xFF, 0xFF, 0x05, 0x00,
    0x00, 0x00, 0x00, 0x00, 0x00, 0x00, 0x00, 0xF9, 0xFF, 0xFF, 0xFF, 0x05, 0x00, 0x00, 0x00, 0x00,
    0x00, 0x00, 0x00, 0x00, 0xF8, 0xFF, 0xFF, 0xFF, 0x07, 0x00, 0x00, 0x00, 0x00, 0x00, 0x00, 0x00,
    0x00, 0xF6, 0xFF, 0xFF, 0xFF, 0x0D, 0x00, 0x00, 0x00, 0x00, 0x00, 0x00, 0x00, 0x00, 0xF2, 0xFF,
    0xFF, 0xFF, 0x7F, 0x00, 0x00, 0x00, 0x00, 0x00, 0x00, 0x20, 0x19, 0xD0, 0xFF, 0xFF, 0xFF, 0xFF,
    0x18, 0x00, 0x00, 0x00, 0x00, 0x62, 0xFB, 0x1F, 0x60, 0xFF, 0xFF, 0xFF, 0xFF, 0xFF, 0x9C, 0x78,
    0x98, 0xEB, 0xFF, 0xFF, 0x1F, 0x00, 0xFC, 0xFF, 0xFF, 0xFF, 0xFF, 0xFF, 0xFF, 0xFF, 0xFF, 0xFF,
    0xFF, 0x1F, 0x00, 0xE1, 0xFF, 0xFF, 0xFF, 0xFF, 0xFF, 0xFF, 0xFF, 0xFF, 0xFF, 0xFF, 0x1F, 0x00,
    0x10, 0xFC, 0xFF, 0xFF, 0xFF, 0xFF, 0xFF, 0xFF, 0xFF, 0xFF, 0xFF, 0x1F, 0x00, 0x00, 0x70, 0xFE,
    0xFF, 0xFF, 0xFF, 0xFF, 0xFF, 0xFF, 0xFF, 0xFF, 0x0D, 0x00, 0x00, 0x00, 0x60, 0xFB, 0xFF, 0xFF,
    0xFF, 0xFF, 0xFF, 0xCF, 0x27, 0x00, 0x00, 0x00, 0x00, 0x00, 0x00, 0x52, 0x76, 0x77, 0x67, 0x24,
    0x00, 0x00, 0x00, 0x00, 0x00, 0xF7, 0xFF, 0xFF, 0xCF, 0x00, 0x00, 0x00, 0x00, 0x00, 0x00, 0x00,
    0x00, 0x00, 0x00, 0xF7, 0xFF, 0xFF, 0xFF, 0x07, 0x00, 0x00, 0x00, 0x00, 0x00, 0x00, 0x00, 0x00,
    0x00, 0xF7, 0xFF, 0xFF, 0xFF, 0x2F, 0x00, 0x00, 0x00, 0x00, 0x00, 0x00, 0x00, 0x00, 0x00, 0xF7,
    0xFF, 0xFF, 0xFF, 0xCF, 0x00, 0x00, 0x00, 0x00, 0x00, 0x00, 0x00, 0x00, 0x00, 0xF7, 0xFF, 0xFF,
    0xFF, 0xFF, 0x07, 0x00, 0x00, 0x00, 0x00, 0x00, 0x00, 0x00, 0x00, 0xF7, 0xFF, 0xFF, 0xFF, 0xFF,
    0x2F, 0x00, 0x00, 0x00, 0x00, 0x00, 0x00, 0x00, 0x00, 0xF7, 0xFF, 0xFF, 0xFF, 0xFF, 0xCF, 0x00,
    0x00, 0x00, 0x00, 0x00, 0x00, 0x00, 0x00, 0xF7, 0xFF, 0xFF, 0xFF, 0xFF, 0xFF, 0x07, 0x00, 0x00,
    0x00, 0x00, 0x00, 0x00, 0x00, 0xF7, 0xFF, 0xFF, 0xEF, 0xFF, 0xFF, 0x2F, 0x00, 0x00, 0x00, 0x00,
    0x00, 0x00, 0x00, 0xF7, 0xFF, 0xFF, 0xAF, 0xFC, 0xFF, 0xCF, 0x00, 0x00, 0x00, 0x00, 0x00, 0x00,
    0x00, 0xF7, 0xFF, 0xFF, 0xBF, 0xF5, 0xFF, 0xFF, 0x06, 0x00, 0x00, 0x00, 0x00, 0x00, 0x00, 0xF7,
    0xFF, 0xFF, 0xCF, 0xC0, 0xFF, 0xFF, 0x2F, 0x00, 0x00, 0x00, 0x00, 0x00, 0x00, 0xF7, 0xFF, 0xFF,
    0xCF, 0x30, 0xFF, 0xFF, 0xBF, 0x00, 0x00, 0x00, 0x00, 0x00, 0x00, 0xF7, 0xFF, 0xFF, 0xDF, 0x00,
    0xF9, 0xFF, 0xFF, 0x06, 0x00, 0x00, 0x00, 0x00, 0x00, 0xF7, 0xFF, 0xFF, 0xDF, 0x00, 0xE0, 0xFF,
    0xFF, 0x1F, 0x00, 0x00, 0x00, 0x00, 0x00, 0xF7, 0xFF, 0xFF, 0xEF, 0x00, 0x40, 0xFF, 0xFF, 0xBF,
    0x00, 0x00, 0x00, 0x00, 0x00, 0xF7, 0xFF, 0xFF, 0xEF, 0x00, 0x00, 0xFA, 0xFF, 0xFF, 0x05, 0x00,
    0x00, 0x00, 0x00, 0xF7, 0xFF, 0xFF, 0xEF, 0x00, 0x00, 0xF1, 0xFF, 0xFF, 0x1E, 0x00, 0x00, 0x00,
    0x00, 0xF7, 0xFF, 0xFF, 0xEF, 0x00, 0x00, 0x60, 0xFF, 0xFF, 0xBF, 0x00, 0x00, 0x00, 0x00, 0xF7,
    0xFF, 0xFF, 0xEF, 0x00, 0x00, 0x00, 0xFC, 0xFF, 0xFF, 0x05, 0x00, 0x00, 0x00, 0xF7, 0xFF, 0xFF,
    0xEF, 0x00, 0x00, 0x00, 0xF2, 0xFF, 0xFF, 0x1E, 0x00, 0x00, 0x00, 0xF7, 0xFF, 0xFF, 0xEF, 0x00,
    0x00, 0x00, 0x80, 0xFF, 0xFF, 0xAF, 0x00, 0x00, 0x00, 0xF7, 0xFF, 0xFF, 0xEF, 0x00, 0x00, 0x00,
    0x00, 0xFD, 0xFF, 0xFF, 0x05, 0xDA, 0xDD, 0xFE, 0xFF, 0xFF, 0xFF, 0xDD, 0xDD, 0xDD, 0xDD, 0xFF,
    0xFF, 0xFF, 0x0E, 0xFC, 0xFF, 0xFF, 0xFF, 0xFF, 0xFF, 0xFF, 0xFF, 0xFF, 0xFF, 0xFF, 0xFF, 0xFF,
    0x2F, 0xFC, 0xFF, 0xFF, 0xFF, 0xFF, 0xFF, 0xFF, 0xFF, 0xFF, 0xFF, 0xFF, 0xFF, 0xFF, 0x2F, 0xFC,
    0xFF, 0xFF, 0xFF, 0xFF, 0xFF, 0xFF, 0xFF, 0xFF, 0xFF, 0xFF, 0xFF, 0xFF, 0x2F, 0xFC, 0xFF, 0xFF,
    0xFF, 0xFF, 0xFF, 0xFF, 0xFF, 0xFF, 0xFF, 0xFF, 0xFF, 0xFF, 0x2F, 0xFC, 0xFF, 0xFF, 0xFF, 0xFF,
    0xFF, 0xFF, 0xFF, 0xFF, 0xFF, 0xFF, 0xFF, 0xFF, 0x2F, 0x00, 0x00, 0xF7, 0xFF, 0xFF, 0xEF, 0x00,
    0x00, 0x00, 0x00, 0x00, 0x00, 0x00, 0x00, 0x00, 0x00, 0xF7, 0xFF, 0xFF, 0xEF, 0x00, 0x00, 0x00,
    0x00, 0x00, 0x00, 0x00, 0x00, 0x00, 0x00, 0xF7, 0xFF, 0xFF, 0xEF, 0x00, 0x00, 0x00, 0x00, 0x00,
    0x00, 0x00, 0x00, 0x00, 0x00, 0xF7, 0xFF, 0xFF, 0xEF, 0x00, 0x00, 0x00, 0x00, 0x00, 0x00, 0x00,
    0x00, 0x00, 0x00, 0xF7, 0xFF, 0xFF, 0xEF, 0x00, 0x00, 0x00, 0x00, 0x00, 0x00, 0x00, 0x00, 0x00,
    0x00, 0xF7, 0xFF, 0xFF, 0xEF, 0x00, 0x00, 0x00, 0x00, 0x00, 0x00, 0x00, 0x00, 0x00, 0x00, 0xF7,
    0xFF, 0xFF, 0xEF, 0x00, 0x00, 0x00, 0x00, 0x00, 0x00, 0x00, 0x00, 0x00, 0xD0, 0xFF, 0xFF, 0xFF,
    0xFF, 0xFF, 0xFF, 0xFF, 0xFF, 0xFF, 0x08, 0x00, 0x00, 0xD0, 0xFF, 0xFF, 0xFF, 0xFF, 0xFF, 0xFF,
    0xFF, 0xFF, 0xFF, 0x09, 0x00, 0x00, 0xD0, 0xFF, 0xFF, 0xFF, 0xFF, 0xFF, 0xFF, 0xFF, 0xFF, 0xFF,
    0x0A, 0x00, 0x00, 0xD0, 0xFF, 0xFF, 0xFF, 0xFF, 0xFF, 0xFF, 0xFF, 0xFF, 0xFF, 0x0C, 0x00, 0x00,
    0xD0, 0xFF, 0xFF, 0xFF, 0xFF, 0xFF, 0xFF, 0xFF, 0xFF, 0xFF, 0x0D, 0x00, 0x00, 0xD0, 0xFF, 0xFF,
    0xFF, 0xFF, 0xFF, 0xFF, 0xFF, 0xFF, 0xFF, 0x0E, 0x00, 0x00, 0x50, 0x66, 0x66, 0x66, 0x66, 0x66,
    0x76, 0xFF, 0xFF, 0xFF, 0x0F, 0x00, 0x00, 0x00, 0x00, 0x00, 0x00, 0x00, 0x00, 0x00, 0xFF, 0xFF,
    0xFF, 0x0F, 0x00, 0x00, 0x00, 0x00, 0x00, 0x00, 0x00, 0x00, 0x00, 0xFE, 0xFF, 0xFF, 0x2F, 0x00,
    0x00, 0x00, 0x00, 0x00, 0x00, 0x00, 0x00, 0x00, 0xFD, 0xFF, 0xFF, 0x3F, 0x00, 0x00, 0x00, 0x00,
    0x00, 0x00, 0x00, 0x00, 0x00, 0xFB, 0xFF, 0xFF, 0x4F, 0x00, 0x00, 0x00, 0x00, 0x00, 0x00, 0x00,
    0x00, 0x00, 0xFA, 0xFF, 0xFF, 0x5F, 0x00, 0x00, 0x00, 0x00, 0x00, 0x00, 0x00, 0x00, 0x00, 0xF8,
    0xFF, 0xFF, 0x6F, 0x00, 0x00, 0x00, 0x00, 0x40, 0xC9, 0xFE, 0xFF, 0xBD, 0xFC, 0xFF, 0xFF, 0x7F,
    0x00, 0x00, 0x00, 0x50, 0xFD, 0xFF, 0xFF, 0xFF, 0xFF, 0xFF, 0xFF, 0xFF, 0x9F, 0x00, 0x00, 0x00,
    0xFA, 0xFF, 0xFF, 0xFF, 0xFF, 0xFF, 0xFF, 0xFF, 0xFF, 0xAF, 0x00, 0x00, 0xB0, 0xFF, 0xFF, 0xFF,
    0xFF, 0xFF, 0xFF, 0xFF, 0xFF, 0xFF, 0xBF, 0x00, 0x00, 0xF8, 0xFF, 0xFF, 0xFF, 0xFF, 0xFF, 0xFF,
    0xFF, 0xFF, 0xFF, 0xCF, 0x00, 0x20, 0xFF, 0xFF, 0xFF, 0xFF, 0xFF, 0xFF, 0xFF, 0xFF, 0xFF, 0xFF,
    0x7F, 0x00, 0x90, 0xFF, 0xFF, 0xFF, 0xFF, 0xBF, 0x36, 0x12, 0x32, 0x96, 0x8D, 0x01, 0x00, 0xE0,
    0xFF, 0xFF, 0xFF, 0xEF, 0x03, 0x00, 0x00, 0x00, 0x00, 0x00, 0x00, 0x00, 0xF1, 0xFF, 0xFF, 0xFF,
    0x3F, 0x00, 0x00, 0x00, 0x00, 0x00, 0x00, 0x00, 0x00, 0xF3, 0xFF, 0xFF, 0xFF, 0x0A, 0x00, 0x00,
    0x00, 0x00, 0x00, 0x00, 0x00, 0x00, 0xF4, 0xFF, 0xFF, 0xFF, 0x06, 0x00, 0x00, 0x00, 0x00, 0x00,
    0x00, 0x00, 0x00, 0xF4, 0xFF, 0xFF, 0xFF, 0x04, 0x00, 0x00, 0x00, 0x00, 0x00, 0x00, 0x00, 0x00,
    0xF3, 0xFF, 0xFF, 0xFF, 0x05, 0x00, 0x00, 0x00, 0x00, 0x00, 0x00, 0x00, 0x00, 0xF1, 0xFF, 0xFF,
    0xFF, 0x08, 0x00, 0x00, 0x00, 0x00, 0x00, 0x00, 0x00, 0x00, 0xE0, 0xFF, 0xFF, 0xFF, 0x0E, 0x00,
    0x00, 0x00, 0x00, 0x00, 0x00, 0x00, 0x00, 0xA0, 0xFF, 0xFF, 0xFF, 0x9F, 0x00, 0x00, 0x00, 0x00,
    0x00, 0x00, 0x71, 0x07, 0x40, 0xFF, 0xFF, 0xFF, 0xFF, 0x3B, 0x00, 0x00, 0x00, 0x20, 0xB6, 0xFF,
    0x09, 0x00, 0xFC, 0xFF, 0xFF, 0xFF, 0xFF, 0xBE, 0xAA, 0xCA, 0xFF, 0xFF, 0xFF, 0x09, 0x00, 0xF3,
    0xFF, 0xFF, 0xFF, 0xFF, 0xFF, 0xFF, 0xFF, 0xFF, 0xFF, 0xFF, 0x09, 0x00, 0x50, 0xFF, 0xFF, 0xFF,
    0xFF, 0xFF, 0xFF, 0xFF, 0xFF, 0xFF, 0xFF, 0x09, 0x00, 0x00, 0xF5, 0xFF, 0xFF, 0xFF, 0xFF, 0xFF,
    0xFF, 0xFF, 0xFF, 0xFF, 0x09, 0x00, 0x00, 0x20, 0xFB, 0xFF, 0xFF, 0xFF, 0xFF, 0xFF, 0xFF, 0xFF,
    0xFF, 0x06, 0x00, 0x00, 0x00, 0x30, 0xD9, 0xFF, 0xFF, 0xFF, 0xFF, 0xFF, 0xBF, 0x16, 0x00, 0x00,
    0x00, 0x00, 0x00, 0x00, 0x41, 0x76, 0x77, 0x67, 0x24, 0x00, 0x00, 0x00, 0x00, 0x41, 0x76, 0x77,
    0x67, 0x35, 0x00, 0x00, 0x00, 0x00, 0x00, 0x00, 0x00, 0x00, 0xF7, 0xFF, 0xFF, 0xFF, 0xFF, 0xCF,
    0x17, 0x00, 0x00, 0x00, 0x00, 0x00, 0x00, 0xF7, 0xFF, 0xFF, 0xFF, 0xFF, 0xFF, 0xFF, 0x19, 0x00,
    0x00, 0x00, 0x00, 0x00, 0xF7, 0xFF, 0xFF, 0xFF, 0xFF, 0xFF, 0xFF, 0xFF, 0x06, 0x00, 0x00, 0x00,
    0x00, 0xF7, 0xFF, 0xFF, 0xFF, 0xFF, 0xFF, 0xFF, 0xFF, 0x8F, 0x00, 0x00, 0x00, 0x00, 0xF7, 0xFF,
    0xFF, 0xFF, 0xFF, 0xFF, 0xFF, 0xFF, 0xFF, 0x08, 0x00, 0x00, 0x00, 0xB5, 0x79, 0x66, 0x97, 0xFB,
    0xFF, 0xFF, 0xFF, 0xFF, 0x5F, 0x00, 0x00, 0x00, 0x00, 0x00, 0x00, 0x00, 0x00, 0xC4, 0xFF, 0xFF,
    0xFF, 0xFF, 0x01, 0x00, 0x00, 0x00, 0x00, 0x00, 0x00, 0x00, 0x00, 0xF7, 0xFF, 0xFF, 0xFF, 0x09,
    0x00, 0x00, 0x00, 0x00, 0x00, 0x00, 0x00, 0x00, 0x60, 0xFF, 0xFF, 0xFF, 0x1F, 0x00, 0x00, 0x00,
    0x00, 0x00, 0x00, 0x00, 0x00, 0x00, 0xF9, 0xFF, 0xFF, 0x8F, 0x00, 0x00, 0x00, 0x00, 0x00, 0x00,
    0x00, 0x00, 0x00, 0xF1, 0xFF, 0xFF, 0xDF, 0x00, 0x00, 0x00, 0x00, 0x00, 0x00, 0x00, 0x00, 0x00,
    0xB0, 0xFF, 0xFF, 0xFF, 0x02, 0x00, 0x00, 0x00, 0x00, 0x00, 0x00, 0x00, 0x00, 0x60, 0xFF, 0xFF,
    0xFF, 0x06, 0x00, 0x00, 0x10, 0xB6, 0xFE, 0xEF, 0x8C, 0x02, 0x20, 0xFF, 0xFF, 0xFF, 0x09, 0x00,
    0x00, 0xF7, 0xFF, 0xFF, 0xFF, 0xFF, 0x8F, 0x00, 0xFF, 0xFF, 0xFF, 0x0C, 0x00, 0xB0, 0xFF, 0xFF,
    0xFF, 0xFF, 0xFF, 0xFF, 0x0B, 0xFD, 0xFF, 0xFF, 0x0E, 0x00, 0xFA, 0xFF, 0xFF, 0xFF, 0xFF, 0xFF,
    0xFF, 0x9F, 0xFB, 0xFF, 0xFF, 0x0F, 0x50, 0xFF, 0xFF, 0xFF, 0xFF, 0xFF, 0xFF, 0xFF, 0xFF, 0xFF,
    0xFF, 0xFF, 0x1F, 0xD0, 0xFF, 0xFF, 0xFF, 0xFF, 0xDF, 0xEC, 0xFF, 0xFF, 0xFF, 0xFF, 0xFF, 0x2F,
    0xF4, 0xFF, 0xFF, 0xFF, 0x7F, 0x00, 0x00, 0xC3, 0xFF, 0xFF, 0xFF, 0xFF, 0x3F, 0xF8, 0xFF, 0xFF,
    0xFF, 0x06, 0x00, 0x00, 0x00, 0xFA, 0xFF, 0xFF, 0xFF, 0x3F, 0xFB, 0xFF, 0xFF, 0xDF, 0x00, 0x00,
    0x00, 0x00, 0xD0, 0xFF, 0xFF, 0xFF, 0x3F, 0xFD, 0xFF, 0xFF, 0x8F, 0x00, 0x00, 0x00, 0x00, 0x70,
    0xFF, 0xFF, 0xFF, 0x2F, 0xFF, 0xFF, 0xFF, 0x6F, 0x00, 0x00, 0x00, 0x00, 0x40, 0xFF, 0xFF, 0xFF,
    0x1F, 0xFF, 0xFF, 0xFF, 0x5F, 0x00, 0x00, 0x00, 0x00, 0x40, 0xFF, 0xFF, 0xFF, 0x0F, 0xFE, 0xFF,
    0xFF, 0x6F, 0x00, 0x00, 0x00, 0x00, 0x70, 0xFF, 0xFF, 0xFF, 0x0C, 0xFC, 0xFF, 0xFF, 0x8F, 0x00,
    0x00, 0x00, 0x00, 0xB0, 0xFF, 0xFF, 0xFF, 0x09, 0xFA, 0xFF, 0xFF, 0xDF, 0x00, 0x00, 0x00, 0x00,
    0xF2, 0xFF, 0xFF, 0xFF, 0x04, 0xF6, 0xFF, 0xFF, 0xFF, 0x06, 0x00, 0x00, 0x00, 0xFC, 0xFF, 0xFF,
    0xEF, 0x00, 0xF1, 0xFF, 0xFF, 0xFF, 0x6F, 0x00, 0x00, 0xB1, 0xFF, 0xFF, 0xFF, 0x8F, 0x00, 0x90,
    0xFF, 0xFF, 0xFF, 0xFF, 0x9D, 0xA8, 0xFF, 0xFF, 0xFF, 0xFF, 0x1E, 0x00, 0x10, 0xFF, 0xFF, 0xFF,
    0xFF, 0xFF, 0xFF, 0xFF, 0xFF, 0xFF, 0xFF, 0x05, 0x00, 0x00, 0xF5, 0xFF, 0xFF, 0xFF, 0xFF, 0xFF,
    0xFF, 0xFF, 0xFF, 0x9F, 0x00, 0x00, 0x00, 0x60, 0xFF, 0xFF, 0xFF, 0xFF, 0xFF, 0xFF, 0xFF, 0xFF,
    0x08, 0x00, 0x00, 0x00, 0x00, 0xD3, 0xFF, 0xFF, 0xFF, 0xFF, 0xFF, 0xFF, 0x5E, 0x00, 0x00, 0x00,
    0x00, 0x00, 0x00, 0xC6, 0xFF, 0xFF, 0xFF, 0xFF, 0x7D, 0x00, 0x00, 0x00, 0x00, 0x00, 0x00, 0x00,
    0x00, 0x41, 0x76, 0x67, 0x15, 0x00, 0x00, 0x00, 0x00, 0x00, 0xFF, 0xFF, 0xFF, 0xFF, 0xFF, 0xFF,
    0xFF, 0xFF, 0xFF, 0xFF, 0xFF, 0xFF, 0xAF, 0xFF, 0xFF, 0xFF, 0xFF, 0xFF, 0xFF, 0xFF, 0xFF, 0xFF,
    0xFF, 0xFF, 0xFF, 0xAF, 0xFF, 0xFF, 0xFF, 0xFF, 0xFF, 0xFF, 0xFF, 0xFF, 0xFF, 0xFF, 0xFF, 0xFF,
    0xAF, 0xFF, 0xFF, 0xFF, 0xFF, 0xFF, 0xFF, 0xFF, 0xFF, 0xFF, 0xFF, 0xFF, 0xFF, 0xAF, 0xFF, 0xFF,
    0xFF, 0xFF, 0xFF, 0xFF, 0xFF, 0xFF, 0xFF, 0xFF, 0xFF, 0xFF, 0xAF, 0xF9, 0xFF, 0xFF, 0xFF, 0xFF,
    0xFF, 0xFF, 0xFF, 0xFF, 0xFF, 0xFF, 0xFF, 0xAF, 0xF3, 0xFF, 0xFF, 0xFF, 0x57, 0x55, 0x55, 0x55,
    0x55, 0x55, 0x55, 0x55, 0x35, 0xC0, 0xFF, 0xFF, 0xFF, 0x09, 0x00, 0x00, 0x00, 0x00, 0x00, 0x00,
    0x00, 0x00, 0x50, 0xFF, 0xFF, 0xFF, 0x1F, 0x00, 0x00, 0x00, 0x00, 0x00, 0x00, 0x00, 0x00, 0x00,
    0xFE, 0xFF, 0xFF, 0x7F, 0x00, 0x00, 0x00, 0x00, 0x00, 0x00, 0x00, 0x00, 0x00, 0xF7, 0xFF, 0xFF,
    0xEF, 0x00, 0x00, 0x00, 0x00, 0x00, 0x00, 0x00, 0x00, 0x00, 0xF1, 0xFF, 0xFF, 0xFF, 0x06, 0x00,
    0x00, 0x00, 0x00, 0x00, 0x00, 0x00, 0x00, 0x90, 0xFF, 0xFF, 0xFF, 0x0D, 0x00, 0x00, 0x00, 0x00,
    0x00, 0x00, 0x00, 0x00, 0x20, 0xFF, 0xFF, 0xFF, 0x4F, 0x00, 0x00, 0x00, 0x00, 0x00, 0x00, 0x00,
    0x00, 0x00, 0xFB, 0xFF, 0xFF, 0xBF, 0x00, 0x00, 0x00, 0x00, 0x00, 0x00, 0x00, 0x00, 0x00, 0xF4,
    0xFF, 0xFF, 0xFF, 0x03, 0x00, 0x00, 0x00, 0x00, 0x00, 0x00, 0x00, 0x00, 0xD0, 0xFF, 0xFF, 0xFF,
    0x0A, 0x00, 0x00, 0x00, 0x00, 0x00, 0x00, 0x00, 0x00, 0x70, 0xFF, 0xFF, 0xFF, 0x1F, 0x00, 0x00,
    0x00, 0x00, 0x00, 0x00, 0x00, 0x00, 0x00, 0xFF, 0xFF, 0xFF, 0x8F, 0x00, 0x00, 0x00, 0x00, 0x00,
    0x00, 0x00, 0x00, 0x00, 0xF9, 0xFF, 0xFF, 0xFF, 0x00, 0x00, 0x00, 0x00, 0x00, 0x00, 0x00, 0x00,
    0x00, 0xF2, 0xFF, 0xFF, 0xFF, 0x07, 0x00, 0x00, 0x00, 0x00, 0x00, 0x00, 0x00, 0x00, 0xB0, 0xFF,
    0xFF, 0xFF, 0x0E, 0x00, 0x00, 0x00, 0x00, 0x00, 0x00, 0x00, 0x00, 0x40, 0xFF, 0xFF, 0xFF, 0x5F,
    0x00, 0x00, 0x00, 0x00, 0x00, 0x00, 0x00, 0x00, 0x00, 0xFD, 0xFF, 0xFF, 0xCF, 0x00, 0x00, 0x00,
    0x00, 0x00, 0x00, 0x00, 0x00, 0x00, 0xF6, 0xFF, 0xFF, 0xFF, 0x04, 0x00, 0x00, 0x00, 0x00, 0x00,
    0x00, 0x00, 0x00, 0xF0, 0xFF, 0xFF, 0xFF, 0x0B, 0x00, 0x00, 0x00, 0x00, 0x00, 0x00, 0x00, 0x00,
    0x80, 0xFF, 0xFF, 0xFF, 0x2F, 0x00, 0x00, 0x00, 0x00, 0x00, 0x00, 0x00, 0x00, 0x20, 0xFF, 0xFF,
    0xFF, 0x9F, 0x00, 0x00, 0x00, 0x00, 0x00, 0x00, 0x00, 0x00, 0x00, 0xFB, 0xFF, 0xFF, 0xFF, 0x01,
    0x00, 0x00, 0x00, 0x00, 0x00, 0x00, 0x00, 0x00, 0xF4, 0xFF, 0xFF, 0xFF, 0x08, 0x00, 0x00, 0x00,
    0x00, 0x00, 0x00, 0x00, 0x00, 0xD0, 0xFF, 0xFF, 0xFF, 0x0E, 0x00, 0x00, 0x00, 0x00, 0x00, 0x00,
    0x00, 0x00, 0x60, 0xFF, 0xFF, 0xFF, 0x6F, 0x00, 0x00, 0x00, 0x00, 0x00, 0x00, 0x00, 0x00, 0x00,
    0xFE, 0xFF, 0xFF, 0xDF, 0x00, 0x00, 0x00, 0x00, 0x00, 0x00, 0x00, 0x00, 0x00, 0xF8, 0xFF, 0xFF,
    0xFF, 0x05, 0x00, 0x00, 0x00, 0x00, 0x00, 0x00, 0x00, 0x00, 0xF1, 0xFF, 0xFF, 0xFF, 0x0C, 0x00,
    0x00, 0x00, 0x00, 0x00, 0x00, 0x00, 0x00, 0xA0, 0xFF, 0xFF, 0xFF, 0x3F, 0x00, 0x00, 0x00, 0x00,
    0x00, 0x00, 0x30, 0x75, 0x77, 0x46, 0x01, 0x00, 0x00, 0x00, 0x00, 0x00, 0x00, 0x00, 0xB5, 0xFF,
    0xFF, 0xFF, 0xFF, 0xCF, 0x07, 0x00, 0x00, 0x00, 0x00, 0x00, 0xD3, 0xFF, 0xFF, 0xFF, 0xFF, 0xFF,
    0xFF, 0xEF, 0x06, 0x00, 0x00, 0x00, 0x50, 0xFF, 0xFF, 0xFF, 0xFF, 0xFF, 0xFF, 0xFF, 0xFF, 0xAF,
    0x00, 0x00, 0x00, 0xF4, 0xFF, 0xFF, 0xFF, 0xFF, 0xFF, 0xFF, 0xFF, 0xFF, 0xFF, 0x09, 0x00, 0x00,
    0xFD, 0xFF, 0xFF, 0xFF, 0xFF, 0xFF, 0xFF, 0xFF, 0xFF, 0xFF, 0x4F, 0x00, 0x40, 0xFF, 0xFF, 0xFF,
    0xFF, 0x27, 0x10, 0xC4, 0xFF, 0xFF, 0xFF, 0xBF, 0x00, 0x80, 0xFF, 0xFF, 0xFF, 0x2F, 0x00, 0x00,
    0x00, 0xFB, 0xFF, 0xFF, 0xFF, 0x00, 0xA0, 0xFF, 0xFF, 0xFF, 0x09, 0x00, 0x00, 0x00, 0xF2, 0xFF,
    0xFF, 0xFF, 0x01, 0xB0, 0xFF, 0xFF, 0xFF, 0x06, 0x00, 0x00, 0x00, 0xF0, 0xFF, 0xFF, 0xFF, 0x02,
    0x90, 0xFF, 0xFF, 0xFF, 0x07, 0x00, 0x00, 0x00, 0xF0, 0xFF, 0xFF, 0xFF, 0x00, 0x60, 0xFF, 0xFF,
    0xFF, 0x0C, 0x00, 0x00, 0x00, 0xF5, 0xFF, 0xFF, 0xDF, 0x00, 0x10, 0xFF, 0xFF, 0xFF, 0x6F, 0x00,
    0x00, 0x20, 0xFE, 0xFF, 0xFF, 0x8F, 0x00, 0x00, 0xF9, 0xFF, 0xFF, 0xFF, 0x08, 0x00, 0xE4, 0xFF,
    0xFF, 0xFF, 0x1F, 0x00, 0x00, 0xD0, 0xFF, 0xFF, 0xFF, 0xDF, 0xA5, 0xFF, 0xFF, 0xFF, 0xFF, 0x07,
    0x00, 0x00, 0x10, 0xFD, 0xFF, 0xFF, 0xFF, 0xFF, 0xFF, 0xFF, 0xFF, 0xAF, 0x00, 0x00, 0x00, 0x00,
    0xA1, 0xFF, 0xFF, 0xFF, 0xFF, 0xFF, 0xFF, 0xFF, 0x09, 0x00, 0x00, 0x00, 0x00, 0x00, 0xD5, 0xFF,
    0xFF, 0xFF, 0xFF, 0xFF, 0x6F, 0x00, 0x00, 0x00, 0x00, 0x00, 0x00, 0xE5, 0xFF, 0xFF, 0xFF, 0xFF,
    0xFF, 0x3D, 0x00, 0x00, 0x00, 0x00, 0x00, 0xB1, 0xFF, 0xFF, 0xFF, 0xFF, 0xFF, 0xFF, 0xFF, 0x09,
    0x00, 0x00, 0x00, 0x30, 0xFE, 0xFF, 0xFF, 0xFF, 0xFF, 0xFF, 0xFF, 0xFF, 0xCF, 0x01, 0x00, 0x00,
    0xF3, 0xFF, 0xFF, 0xFF, 0xFF, 0x89, 0xFF, 0xFF, 0xFF, 0xFF, 0x1D, 0x00, 0x10, 0xFE, 0xFF, 0xFF,
    0xFF, 0x3D, 0x00, 0xB1, 0xFF, 0xFF, 0xFF, 0xAF, 0x00, 0xB0, 0xFF, 0xFF, 0xFF, 0x9F, 0x00, 0x00,
    0x00, 0xF8, 0xFF, 0xFF, 0xFF, 0x04, 0xF3, 0xFF, 0xFF, 0xFF, 0x07, 0x00, 0x00, 0x00, 0xB0, 0xFF,
    0xFF, 0xFF, 0x0B, 0xF8, 0xFF, 0xFF, 0xBF, 0x00, 0x00, 0x00, 0x00, 0x20, 0xFF, 0xFF, 0xFF, 0x0F,
    0xFB, 0xFF, 0xFF, 0x5F, 0x00, 0x00, 0x00, 0x00, 0x00, 0xFD, 0xFF, 0xFF, 0x2F, 0xFC, 0xFF, 0xFF,
    0x3F, 0x00, 0x00, 0x00, 0x00, 0x00, 0xFB, 0xFF, 0xFF, 0x3F, 0xFC, 0xFF, 0xFF, 0x4F, 0x00, 0x00,
    0x00, 0x00, 0x00, 0xFD, 0xFF, 0xFF, 0x3F, 0xFA, 0xFF, 0xFF, 0xAF, 0x00, 0x00, 0x00, 0x00, 0x30,
    0xFF, 0xFF, 0xFF, 0x1F, 0xF6, 0xFF, 0xFF, 0xFF, 0x06, 0x00, 0x00, 0x00, 0xD1, 0xFF, 0xFF, 0xFF,
    0x0E, 0xF1, 0xFF, 0xFF, 0xFF, 0xAF, 0x14, 0x10, 0x73, 0xFE, 0xFF, 0xFF, 0xFF, 0x09, 0x70, 0xFF,
    0xFF, 0xFF, 0xFF, 0xFF, 0xFF, 0xFF, 0xFF, 0xFF, 0xFF, 0xFF, 0x02, 0x00, 0xFB, 0xFF, 0xFF, 0xFF,
    0xFF, 0xFF, 0xFF, 0xFF, 0xFF, 0xFF, 0x6F, 0x00, 0x00, 0xA0, 0xFF, 0xFF, 0xFF, 0xFF, 0xFF, 0xFF,
    0xFF, 0xFF, 0xFF, 0x07, 0x00, 0x00, 0x00, 0xE6, 0xFF, 0xFF, 0xFF, 0xFF, 0xFF, 0xFF, 0xFF, 0x4D,
    0x00, 0x00, 0x00, 0x00, 0x00, 0xC6, 0xFF, 0xFF, 0xFF, 0xFF, 0xFF, 0x5B, 0x00, 0x00, 0x00, 0x00,
    0x00, 0x00, 0x00, 0x30, 0x76, 0x77, 0x56, 0x03, 0x00, 0x00, 0x00, 0x00, 0x00, 0x00, 0x00, 0x00,
    0x00, 0x63, 0x77, 0x57, 0x02, 0x00, 0x00, 0x00, 0x00, 0x00, 0x00, 0x00, 0x30, 0xFA, 0xFF, 0xFF,
    0xFF, 0xEF, 0x29, 0x00, 0x00, 0x00, 0x00, 0x00, 0x10, 0xFB, 0xFF, 0xFF, 0xFF, 0xFF, 0xFF, 0xFF,
    0x08, 0x00, 0x00, 0x00, 0x00, 0xE3, 0xFF, 0xFF, 0xFF, 0xFF, 0xFF, 0xFF, 0xFF, 0xCF, 0x00, 0x00,
    0x00, 0x30, 0xFF, 0xFF, 0xFF, 0xFF, 0xFF, 0xFF, 0xFF, 0xFF, 0xFF, 0x0C, 0x00, 0x00, 0xD0, 0xFF,
    0xFF, 0xFF, 0xFF, 0xFF, 0xFF, 0xFF, 0xFF, 0xFF, 0x7F, 0x00, 0x00, 0xF9, 0xFF, 0xFF, 0xFF, 0xDF,
    0x99, 0xFB, 0xFF, 0xFF, 0xFF, 0xFF, 0x01, 0x10, 0xFF, 0xFF, 0xFF, 0xFF, 0x05, 0x00, 0x20, 0xFC,
    0xFF, 0xFF, 0xFF, 0x07, 0x80, 0xFF, 0xFF, 0xFF, 0x4F, 0x00, 0x00, 0x00, 0xE1, 0xFF, 0xFF, 0xFF,
    0x0D, 0xE0, 0xFF, 0xFF, 0xFF, 0x09, 0x00, 0x00, 0x00, 0x60, 0xFF, 0xFF, 0xFF, 0x1F, 0xF2, 0xFF,
    0xFF, 0xFF, 0x02, 0x00, 0x00, 0x00, 0x10, 0xFF, 0xFF, 0xFF, 0x3F, 0xF6, 0xFF, 0xFF, 0xEF, 0x00,
    0x00, 0x00, 0x00, 0x00, 0xFF, 0xFF, 0xFF, 0x5F, 0xF8, 0xFF, 0xFF, 0xBF, 0x00, 0x00, 0x00, 0x00,
    0x00, 0xFE, 0xFF, 0xFF, 0x6F, 0xFA, 0xFF, 0xFF, 0xBF, 0x00, 0x00, 0x00, 0x00, 0x00, 0xFF, 0xFF,
    0xFF, 0x6F, 0xFC, 0xFF, 0xFF, 0xEF, 0x00, 0x00, 0x00, 0x00, 0x10, 0xFF, 0xFF, 0xFF, 0x4F, 0xFC,
    0xFF, 0xFF, 0xFF, 0x05, 0x00, 0x00, 0x00, 0x60, 0xFF, 0xFF, 0xFF, 0x2F, 0xFC, 0xFF, 0xFF, 0xFF,
    0x2E, 0x00, 0x00, 0x00, 0xE1, 0xFF, 0xFF, 0xFF, 0x0F, 0xFC, 0xFF, 0xFF, 0xFF, 0xFF, 0x07, 0x00,
    0x30, 0xFD, 0xFF, 0xFF, 0xFF, 0x0B, 0xFC, 0xFF, 0xFF, 0xFF, 0xFF, 0xFF, 0xCD, 0xFE, 0xFF, 0xFF,
    0xFF, 0xFF, 0x05, 0xFB, 0xFF, 0xFF, 0xFF, 0xFF, 0xFF, 0xFF, 0xFF, 0xFF, 0xFF, 0xFF, 0xCF, 0x00,
    0xF9, 0xFF, 0xFF, 0x5F, 0xFF, 0xFF, 0xFF, 0xFF, 0xFF, 0xFF, 0xFF, 0x2F, 0x00, 0xF7, 0xFF, 0xFF,
    0x4F, 0xF5, 0xFF, 0xFF, 0xFF, 0xFF, 0xFF, 0xFF, 0x04, 0x00, 0xF5, 0xFF, 0xFF, 0x6F, 0x40, 0xFE,
    0xFF, 0xFF, 0xFF, 0xFF, 0x2C, 0x00, 0x00, 0xF2, 0xFF, 0xFF, 0x9F, 0x00, 0x60, 0xEB, 0xFF, 0xDF,
    0x39, 0x00, 0x00, 0x00, 0xF0, 0xFF, 0xFF, 0xDF, 0x00, 0x00, 0x00, 0x00, 0x00, 0x00, 0x00, 0x00,
    0x00, 0xB0, 0xFF, 0xFF, 0xFF, 0x02, 0x00, 0x00, 0x00, 0x00, 0x00, 0x00, 0x00, 0x00, 0x60, 0xFF,
    0xFF, 0xFF, 0x08, 0x00, 0x00, 0x00, 0x00, 0x00, 0x00, 0x00, 0x00, 0x10, 0xFF, 0xFF, 0xFF, 0x1F,
    0x00, 0x00, 0x00, 0x00, 0x00, 0x00, 0x00, 0x00, 0x00, 0xFA, 0xFF, 0xFF, 0xCF, 0x00, 0x00, 0x00,
    0x00, 0x00, 0x00, 0x00, 0x00, 0x00, 0xF3, 0xFF, 0xFF, 0xFF, 0x1C, 0x00, 0x00, 0x00, 0x00, 0x00,
    0x00, 0x00, 0x00, 0x90, 0xFF, 0xFF, 0xFF, 0xEF, 0x17, 0x00, 0x00, 0x00, 0x00, 0x00, 0x00, 0x00,
    0x00, 0xFD, 0xFF, 0xFF, 0xFF, 0xFF, 0x9C, 0x67, 0x66, 0x97, 0x0B, 0x00, 0x00, 0x00, 0xF2, 0xFF,
    0xFF, 0xFF, 0xFF, 0xFF, 0xFF, 0xFF, 0xFF, 0x0E, 0x00, 0x00, 0x00, 0x30, 0xFE, 0xFF, 0xFF, 0xFF,
    0xFF, 0xFF, 0xFF, 0xFF, 0x0E, 0x00, 0x00, 0x00, 0x00, 0xC2, 0xFF, 0xFF, 0xFF, 0xFF, 0xFF, 0xFF,
    0xFF, 0x0E, 0x00, 0x00, 0x00, 0x00, 0x00, 0xD6, 0xFF, 0xFF, 0xFF, 0xFF, 0xFF, 0xFF, 0x0E, 0x00,
    0x00, 0x00, 0x00, 0x00, 0x00, 0xA4, 0xFE, 0xFF, 0xFF, 0xFF, 0xFF, 0x0E, 0x00, 0x00, 0x00, 0x00,
    0x00, 0x00, 0x00, 0x10, 0x64, 0x77, 0x77, 0x56, 0x03, 0x00, 0x00, 0x50, 0x77, 0x03, 0x00, 0x40,
    0xFE, 0xFF, 0xCF, 0x01, 0xE0, 0xFF, 0xFF, 0xFF, 0x0B, 0xF4, 0xFF, 0xFF, 0xFF, 0x0F, 0xF6, 0xFF,
    0xFF, 0xFF, 0x2F, 0xF5, 0xFF, 0xFF, 0xFF, 0x1F, 0xF1, 0xFF, 0xFF, 0xFF, 0x0D, 0x70, 0xFF, 0xFF,
    0xFF, 0x04, 0x00, 0xA3, 0xCC, 0x28, 0x00, 0x00, 0x00, 0x00, 0x00, 0x00, 0x00, 0x00, 0x00, 0x00,
    0x00, 0x00, 0x00, 0x00, 0x00, 0x00, 0x00, 0x00, 0x00, 0x00, 0x00, 0x00, 0x00, 0x00, 0x00, 0x00,
    0x00, 0x00, 0x00, 0x00, 0x00, 0x00, 0x00, 0x00, 0x00, 0x00, 0x00, 0x00, 0x00, 0x00, 0x00, 0x00,
    0x00, 0x00, 0x00, 0x00, 0x00, 0x00, 0x00, 0x00, 0x00, 0x00, 0x00, 0x00, 0x00, 0x00, 0x00, 0x93,
    0xCC, 0x28, 0x00, 0x80, 0xFF, 0xFF, 0xFF, 0x04, 0xF1, 0xFF, 0xFF, 0xFF, 0x0D, 0xF5, 0xFF, 0xFF,
    0xFF, 0x1F, 0xF6, 0xFF, 0xFF, 0xFF, 0x2F, 0xF4, 0xFF, 0xFF, 0xFF, 0x0F, 0xE0, 0xFF, 0xFF, 0xFF,
    0x0A, 0x30, 0xFE, 0xFF, 0xCF, 0x01, 0x00, 0x50, 0x77, 0x03, 0x00, 0x00, 0x50, 0x77, 0x03, 0x00,
    0x00, 0x40, 0xFE, 0xFF, 0xCF, 0x01, 0x00, 0xE0, 0xFF, 0xFF, 0xFF, 0x0B, 0x00, 0xF4, 0xFF, 0xFF,
    0xFF, 0x0F, 0x00, 0xF6, 0xFF, 0xFF, 0xFF, 0x2F, 0x00, 0xF5, 0xFF, 0xFF, 0xFF, 0x1F, 0x00, 0xF1,
    0xFF, 0xFF, 0xFF, 0x0D, 0x00, 0x70, 0xFF, 0xFF, 0xFF, 0x04, 0x00, 0x00, 0xA3, 0xCC, 0x28, 0x00,
    0x00, 0x00, 0x00, 0x00, 0x00, 0x00, 0x00, 0x00, 0x00, 0x00, 0x00, 0x00, 0x00, 0x00, 0x00, 0x00,
    0x00, 0x00, 0x00, 0x00, 0x00, 0x00, 0x00, 0x00, 0x00, 0x00, 0x00, 0x00, 0x00, 0x00, 0x00, 0x00,
    0x00, 0x00, 0x00, 0x00, 0x00, 0x00, 0x00, 0x00, 0x00, 0x00, 0x00, 0x00, 0x00, 0x00, 0x00, 0x00,
    0x00, 0x00, 0x00, 0x00, 0x00, 0x00, 0x00, 0x00, 0x00, 0x00, 0x00, 0x00, 0x00, 0x00, 0x00, 0x00,
    0x00, 0x00, 0x00, 0x00, 0x00, 0x00, 0x00, 0x00, 0x00, 0x00, 0x00, 0x00, 0x00, 0x00, 0x00, 0xF1,
    0xFF, 0xFF, 0xFF, 0x01, 0x00, 0xE0, 0xFF, 0xFF, 0xFF, 0x03, 0x00, 0xA0, 0xFF, 0xFF, 0xFF, 0x06,
    0x00, 0x50, 0xFF, 0xFF, 0xFF, 0x09, 0x00, 0x00, 0xFF, 0xFF, 0xFF, 0x0C, 0x00, 0x00, 0xF9, 0xFF,
    0xFF, 0x0F, 0x00, 0x00, 0xF3, 0xFF, 0xFF, 0x3F, 0x00, 0x00, 0xD0, 0xFF, 0xFF, 0x6F, 0x00, 0x00,
    0x70, 0xFF, 0xFF, 0xAF, 0x00, 0x00, 0x00, 0xFF, 0xFF, 0xDF, 0x00, 0x00, 0x00, 0xF9, 0xFF, 0xFF,
    0x01, 0x00, 0x00, 0xF2, 0xFF, 0xFF, 0x05, 0x95, 0x01, 0x00, 0x00, 0x00, 0x00, 0x00, 0x00, 0x00,
    0x00, 0x00, 0x00, 0x00, 0xF6, 0x9F, 0x01, 0x00, 0x00, 0x00, 0x00, 0x00, 0x00, 0x00, 0x00, 0x00,
    0x00, 0xF6, 0xFF, 0x9F, 0x01, 0x00, 0x00, 0x00, 0x00, 0x00, 0x00, 0x00, 0x00, 0x00, 0xF6, 0xFF,
    0xFF, 0x9F, 0x02, 0x00, 0x00, 0x00, 0x00, 0x00, 0x00, 0x00, 0x00, 0xF6, 0xFF, 0xFF, 0xFF, 0x9F,
    0x02, 0x00, 0x00, 0x00, 0x00, 0x00, 0x00, 0x00, 0xF5, 0xFF, 0xFF, 0xFF, 0xFF, 0xAF, 0x02, 0x00,
    0x00, 0x00, 0x00, 0x00, 0x00, 0x40, 0xFB, 0xFF, 0xFF, 0xFF, 0xFF, 0xAF, 0x02, 0x00, 0x00, 0x00,
    0x00, 0x00, 0x00, 0x20, 0xFA, 0xFF, 0xFF, 0xFF, 0xFF, 0xAF, 0x02, 0x00, 0x00, 0x00, 0x00, 0x00,
    0x00, 0x10, 0xF8, 0xFF, 0xFF, 0xFF, 0xFF, 0xAF, 0x02, 0x00, 0x00, 0x00, 0x00, 0x00, 0x00, 0x00,
    0xE7, 0xFF, 0xFF, 0xFF, 0xFF, 0xAF, 0x02, 0x00, 0x00, 0x00, 0x00, 0x00, 0x00, 0x00, 0xC5, 0xFF,
    0xFF, 0xFF, 0xFF, 0xBF, 0x03, 0x00, 0x00, 0x00, 0x00, 0x00, 0x00, 0x00, 0xB4, 0xFF, 0xFF, 0xFF,
    0xFF, 0xBF, 0x03, 0x00, 0x00, 0x00, 0x00, 0x00, 0x00, 0x00, 0xA2, 0xFF, 0xFF, 0xFF, 0xFF, 0x0D,
    0x00, 0x00, 0x00, 0x00, 0x00, 0x00, 0x00, 0x00, 0xF5, 0xFF, 0xFF, 0xFF, 0x0D, 0x00, 0x00, 0x00,
    0x00, 0x00, 0x00, 0x00, 0xD6, 0xFF, 0xFF, 0xFF, 0xFF, 0x0D, 0x00, 0x00, 0x00, 0x00, 0x00, 0x30,
    0xF9, 0xFF, 0xFF, 0xFF, 0xFF, 0xFF, 0x08, 0x00, 0x00, 0x00, 0x00, 0x60, 0xFD, 0xFF, 0xFF, 0xFF,
    0xFF, 0xDF, 0x07, 0x00, 0x00, 0x00, 0x00, 0x93, 0xFF, 0xFF, 0xFF, 0xFF, 0xFF, 0xCF, 0x05, 0x00,
    0x00, 0x00, 0x00, 0xC6, 0xFF, 0xFF, 0xFF, 0xFF, 0xFF, 0xAF, 0x03, 0x00, 0x00, 0x00, 0x30, 0xF9,
    0xFF, 0xFF, 0xFF, 0xFF, 0xFF, 0x8E, 0x01, 0x00, 0x00, 0x00, 0x00, 0xF5, 0xFF, 0xFF, 0xFF, 0xFF,
    0xFF, 0x5C, 0x00, 0x00, 0x00, 0x00, 0x00, 0x00, 0xF6, 0xFF, 0xFF, 0xFF, 0xFF, 0x3B, 0x00, 0x00,
    0x00, 0x00, 0x00, 0x00, 0x00, 0xF6, 0xFF, 0xFF, 0xFF, 0x28, 0x00, 0x00, 0x00, 0x00, 0x00, 0x00,
    0x00, 0x00, 0xF6, 0xFF, 0xDF, 0x06, 0x00, 0x00, 0x00, 0x00, 0x00, 0x00, 0x00, 0x00, 0x00, 0xF6,
    0xBF, 0x04, 0x00, 0x00, 0x00, 0x00, 0x00, 0x00, 0x00, 0x00, 0x00, 0x00, 0x95, 0x02, 0x00, 0x00,
    0x00, 0x00, 0x00, 0x00, 0x00, 0x00, 0x00, 0x00, 0x00, 0x41, 0x44, 0x44, 0x44, 0x44, 0x44, 0x44,
    0x44, 0x44, 0x44, 0x44, 0x44, 0x04, 0xF6, 0xFF, 0xFF, 0xFF, 0xFF, 0xFF, 0xFF, 0xFF, 0xFF, 0xFF,
    0xFF, 0xFF, 0x0D, 0xF6, 0xFF, 0xFF, 0xFF, 0xFF, 0xFF, 0xFF, 0xFF, 0xFF, 0xFF, 0xFF, 0xFF, 0x0D,
    0xF6, 0xFF, 0xFF, 0xFF, 0xFF, 0xFF, 0xFF, 0xFF, 0xFF, 0xFF, 0xFF, 0xFF, 0x0D, 0xF6, 0xFF, 0xFF,
    0xFF, 0xFF, 0xFF, 0xFF, 0xFF, 0xFF, 0xFF, 0xFF, 0xFF, 0x0D, 0xF6, 0xFF, 0xFF, 0xFF, 0xFF, 0xFF,
    0xFF, 0xFF, 0xFF, 0xFF, 0xFF, 0xFF, 0x0D, 0x00, 0x00, 0x00, 0x00, 0x00, 0x00, 0x00, 0x00, 0x00,
    0x00, 0x00, 0x00, 0x00, 0x00, 0x00, 0x00, 0x00, 0x00, 0x00, 0x00, 0x00, 0x00, 0x00, 0x00, 0x00,
    0x00, 0x00, 0x00, 0x00, 0x00, 0x00, 0x00, 0x00, 0x00, 0x00, 0x00, 0x00, 0x00, 0x00, 0x00, 0x00,
    0x00, 0x00, 0x00, 0x00, 0x00, 0x00, 0x00, 0x00, 0x00, 0x00, 0x00, 0xF6, 0xFF, 0xFF, 0xFF, 0xFF,
    0xFF, 0xFF, 0xFF, 0xFF, 0xFF, 0xFF, 0xFF, 0x0D, 0xF6, 0xFF, 0xFF, 0xFF, 0xFF, 0xFF, 0xFF, 0xFF,
    0xFF, 0xFF, 0xFF, 0xFF, 0x0D, 0xF6, 0xFF, 0xFF, 0xFF, 0xFF, 0xFF, 0xFF, 0xFF, 0xFF, 0xFF, 0xFF,
    0xFF, 0x0D, 0xF6, 0xFF, 0xFF, 0xFF, 0xFF, 0xFF, 0xFF, 0xFF, 0xFF, 0xFF, 0xFF, 0xFF, 0x0D, 0xF6,
    0xFF, 0xFF, 0xFF, 0xFF, 0xFF, 0xFF, 0xFF, 0xFF, 0xFF, 0xFF, 0xFF, 0x0D, 0x52, 0x55, 0x55, 0x55,
    0x55, 0x55, 0x55, 0x55, 0x55, 0x55, 0x55, 0x55, 0x04, 0x00, 0x00, 0x00, 0x00, 0x00, 0x00, 0x00,
    0x00, 0x00, 0x00, 0x00, 0x50, 0x0A, 0x00, 0x00, 0x00, 0x00, 0x00, 0x00, 0x00, 0x00, 0x00, 0x00,
    0x50, 0xFD, 0x0D, 0x00, 0x00, 0x00, 0x00, 0x00, 0x00, 0x00, 0x00, 0x00, 0x50, 0xFD, 0xFF, 0x0D,
    0x00, 0x00, 0x00, 0x00, 0x00, 0x00, 0x00, 0x00, 0x60, 0xFD, 0xFF, 0xFF, 0x0D, 0x00, 0x00, 0x00,
    0x00, 0x00, 0x00, 0x00, 0x60, 0xFD, 0xFF, 0xFF, 0xFF, 0x0D, 0x00, 0x00, 0x00, 0x00, 0x00, 0x00,
    0x60, 0xFD, 0xFF, 0xFF, 0xFF, 0xFF, 0x0D, 0x00, 0x00, 0x00, 0x00, 0x00, 0x60, 0xFE, 0xFF, 0xFF,
    0xFF, 0xFF, 0x7E, 0x01, 0x00, 0x00, 0x00, 0x00, 0x60, 0xFE, 0xFF, 0xFF, 0xFF, 0xFF, 0x6D, 0x00,
    0x00, 0x00, 0x00, 0x00, 0x70, 0xFE, 0xFF, 0xFF, 0xFF, 0xFF, 0x4B, 0x00, 0x00, 0x00, 0x00, 0x00,
    0x70, 0xFE, 0xFF, 0xFF, 0xFF, 0xFF, 0x3A, 0x00, 0x00, 0x00, 0x00, 0x00, 0x70, 0xFE, 0xFF, 0xFF,
    0xFF, 0xFF, 0x29, 0x00, 0x00, 0x00, 0x00, 0x00, 0x70, 0xFE, 0xFF, 0xFF, 0xFF, 0xEF, 0x17, 0x00,
    0x00, 0x00, 0x00, 0x00, 0x00, 0xF6, 0xFF, 0xFF, 0xFF, 0xDF, 0x06, 0x00, 0x00, 0x00, 0x00, 0x00,
    0x00, 0x00, 0xF6, 0xFF, 0xFF, 0xFF, 0x0B, 0x00, 0x00, 0x00, 0x00, 0x00, 0x00, 0x00, 0x00, 0xF6,
    0xFF, 0xFF, 0xFF, 0xFF, 0x39, 0x00, 0x00, 0x00, 0x00, 0x00, 0x00, 0x00, 0xC3, 0xFF, 0xFF, 0xFF,
    0xFF, 0xFF, 0x6C, 0x00, 0x00, 0x00, 0x00, 0x00, 0x00, 0x00, 0xB3, 0xFF, 0xFF, 0xFF, 0xFF, 0xFF,
    0x9F, 0x03, 0x00, 0x00, 0x00, 0x00, 0x00, 0x00, 0x82, 0xFF, 0xFF, 0xFF, 0xFF, 0xFF, 0xCF, 0x06,
    0x00, 0x00, 0x00, 0x00, 0x00, 0x00, 0x60, 0xFD, 0xFF, 0xFF, 0xFF, 0xFF, 0xFF, 0x39, 0x00, 0x00,
    0x00, 0x00, 0x00, 0x00, 0x40, 0xFB, 0xFF, 0xFF, 0xFF, 0xFF, 0xFF, 0x6C, 0x00, 0x00, 0x00, 0x00,
    0x00, 0x00, 0x20, 0xF9, 0xFF, 0xFF, 0xFF, 0xFF, 0xFF, 0x0D, 0x00, 0x00, 0x00, 0x00, 0x00, 0x00,
    0x10, 0xE7, 0xFF, 0xFF, 0xFF, 0xFF, 0x0D, 0x00, 0x00, 0x00, 0x00, 0x00, 0x00, 0x00, 0x00, 0xC5,
    0xFF, 0xFF, 0xFF, 0x0D, 0x00, 0x00, 0x00, 0x00, 0x00, 0x00, 0x00, 0x00, 0x00, 0xA3, 0xFF, 0xFF,
    0x0D, 0x00, 0x00, 0x00, 0x00, 0x00, 0x00, 0x00, 0x00, 0x00, 0x00, 0x81, 0xFE, 0x0D, 0x00, 0x00,
    0x00, 0x00, 0x00, 0x00, 0x00, 0x00, 0x00, 0x00, 0x00, 0x60, 0x0B, 0x00, 0x00, 0x00, 0x10, 0x64,
    0x77, 0x67, 0x24, 0x00, 0x00, 0x00, 0x00, 0x00, 0x00, 0x60, 0xFC, 0xFF, 0xFF, 0xFF, 0xFF, 0xAE,
    0x05, 0x00, 0x00, 0x00, 0x30, 0xFD, 0xFF, 0xFF, 0xFF, 0xFF, 0xFF, 0xFF, 0xFF, 0x29, 0x00, 0x00,
    0xF4, 0xFF, 0xFF, 0xFF, 0xFF, 0xFF, 0xFF, 0xFF, 0xFF, 0xFF, 0x08, 0x20, 0xFF, 0xFF, 0xFF, 0xFF,
    0xFF, 0xFF, 0xFF, 0xFF, 0xFF, 0xFF, 0x06, 0xB0, 0xFF, 0xFF, 0xFF, 0xFF, 0xFF, 0xFF, 0xFF, 0xFF,
    0xFF, 0xDF, 0x00, 0xF2, 0xFF, 0xFF, 0xFF, 0xEF, 0x89, 0x98, 0xFC, 0xFF, 0xFF, 0x6F, 0x00, 0xF7,
    0xFF, 0xFF, 0xFF, 0x06, 0x00, 0x00, 0x00, 0xB5, 0xFF, 0x0D, 0x00, 0xF9, 0xFF, 0xFF, 0xAF, 0x00,
    0x00, 0x00, 0x00, 0x00, 0x92, 0x05, 0x00, 0xFA, 0xFF, 0xFF, 0x6F, 0x00, 0x00, 0x00, 0x00, 0x00,
    0x00, 0x00, 0x00, 0xF9, 0xFF, 0xFF, 0x7F, 0x00, 0x00, 0x00, 0x00, 0x00, 0x00, 0x00, 0x00, 0xF7,
    0xFF, 0xFF, 0xCF, 0x00, 0x00, 0x00, 0x00, 0x00, 0x00, 0x00, 0x00, 0xF2, 0xFF, 0xFF, 0xFF, 0x05,
    0x00, 0x00, 0x00, 0x00, 0x00, 0x00, 0x00, 0xB0, 0xFF, 0xFF, 0xFF, 0x4F, 0x00, 0x00, 0x00, 0x00,
    0x00, 0x00, 0x00, 0x20, 0xFF, 0xFF, 0xFF, 0xFF, 0x07, 0x00, 0x00, 0x00, 0x00, 0x00, 0x00, 0x00,
    0xF5, 0xFF, 0xFF, 0xFF, 0xBF, 0x01, 0x00, 0x00, 0x00, 0x00, 0x00, 0x00, 0x50, 0xFF, 0xFF, 0xFF,
    0xFF, 0x2D, 0x00, 0x00, 0x00, 0x00, 0x00, 0x00, 0x00, 0xE3, 0xFF, 0xFF, 0xFF, 0xEF, 0x02, 0x00,
    0x00, 0x00, 0x00, 0x00, 0x00, 0x10, 0xFB, 0xFF, 0xFF, 0xFF, 0x0D, 0x00, 0x00, 0x00, 0x00, 0x00,
    0x00, 0x00, 0x70, 0xFF, 0xFF, 0xFF, 0x7F, 0x00, 0x00, 0x00, 0x00, 0x00, 0x00, 0x00, 0x00, 0xF6,
    0xFF, 0xFF, 0xEF, 0x00, 0x00, 0x00, 0x00, 0x00, 0x00, 0x00, 0x00, 0xA0, 0xFF, 0xFF, 0xFF, 0x02,
    0x00, 0x00, 0x00, 0x00, 0x00, 0x00, 0x00, 0x40, 0xFF, 0xFF, 0xFF, 0x03, 0x00, 0x00, 0x00, 0x00,
    0x00, 0x00, 0x00, 0x30, 0xFF, 0xFF, 0xFF, 0x04, 0x00, 0x00, 0x00, 0x00, 0x00, 0x00, 0x00, 0x30,
    0xFF, 0xFF, 0xFF, 0x04, 0x00, 0x00, 0x00, 0x00, 0x00, 0x00, 0x00, 0x00, 0x00, 0x00, 0x00, 0x00,
    0x00, 0x00, 0x00, 0x00, 0x00, 0x00, 0x00, 0x00, 0x00, 0x00, 0x00, 0x00, 0x00, 0x00, 0x00, 0x00,
    0x00, 0x00, 0x00, 0x00, 0x00, 0x00, 0x00, 0x00, 0x00, 0x00, 0x00, 0x00, 0x00, 0x00, 0x00, 0x00,
    0x00, 0x00, 0x00, 0x00, 0x00, 0x00, 0x00, 0x00, 0x00, 0x00, 0x00, 0x00, 0xA4, 0xBC, 0x18, 0x00,
    0x00, 0x00, 0x00, 0x00, 0x00, 0x00, 0x00, 0x90, 0xFF, 0xFF, 0xFF, 0x03, 0x00, 0x00, 0x00, 0x00,
    0x00, 0x00, 0x00, 0xF3, 0xFF, 0xFF, 0xFF, 0x0C, 0x00, 0x00, 0x00, 0x00, 0x00, 0x00, 0x00, 0xF7,
    0xFF, 0xFF, 0xFF, 0x0F, 0x00, 0x00, 0x00, 0x00, 0x00, 0x00, 0x00, 0xF7, 0xFF, 0xFF, 0xFF, 0x0F,
    0x00, 0x00, 0x00, 0x00, 0x00, 0x00, 0x00, 0xF6, 0xFF, 0xFF, 0xFF, 0x0E, 0x00, 0x00, 0x00, 0x00,
    0x00, 0x00, 0x00, 0xF1, 0xFF, 0xFF, 0xFF, 0x09, 0x00, 0x00, 0x00, 0x00, 0x00, 0x00, 0x00, 0x40,
    0xFE, 0xFF, 0xBF, 0x00, 0x00, 0x00, 0x00, 0x00, 0x00, 0x00, 0x00, 0x00, 0x50, 0x67, 0x03, 0x00,
    0x00, 0x00, 0x00, 0x00, 0x00, 0x00, 0x00, 0x00, 0x00, 0x00, 0x30, 0x75, 0x77, 0x67, 0x14, 0x00,
    0x00, 0x00, 0x00, 0x00, 0x00, 0x00, 0x00, 0x00, 0x00, 0x00, 0x00, 0x00, 0x00, 0x20, 0xC8, 0xFF,
    0xFF, 0xFF, 0xFF, 0xFF, 0xAE, 0x05, 0x00, 0x00, 0x00, 0x00, 0x00, 0x00, 0x00, 0x00, 0x00, 0x00,
    0x00, 0x30, 0xFB, 0xFF, 0xFF, 0xFF, 0xFF, 0xFF, 0xFF, 0xFF, 0xFF, 0x19, 0x00, 0x00, 0x00, 0x00,
    0x00, 0x00, 0x00, 0x00, 0x00, 0x10, 0xFA, 0xFF, 0xFF, 0xFF, 0xFF, 0xFF, 0xFF, 0xFF, 0xFF, 0xFF,
    0xFF, 0x08, 0x00, 0x00, 0x00, 0x00, 0x00, 0x00, 0x00, 0x00, 0xE3, 0xFF, 0xFF, 0xFF, 0xFF, 0xFF,
    0xFF, 0xFF, 0xFF, 0xFF, 0xFF, 0xFF, 0xDF, 0x03, 0x00, 0x00, 0x00, 0x00, 0x00, 0x00, 0x40, 0xFF,
    0xFF, 0xFF, 0xFF, 0x7C, 0x24, 0x11, 0x32, 0x95, 0xFD, 0xFF, 0xFF, 0xFF, 0x5F, 0x00, 0x00, 0x00,
    0x00, 0x00, 0x00, 0xF3, 0xFF, 0xFF, 0xFF, 0x29, 0x00, 0x00, 0x00, 0x00, 0x00, 0x20, 0xF9, 0xFF,
    0xFF, 0xFF, 0x06, 0x00, 0x00, 0x00, 0x00, 0x10, 0xFE, 0xFF, 0xFF, 0x3E, 0x00, 0x00, 0x00, 0x00,
    0x00, 0x00, 0x00, 0x20, 0xFB, 0xFF, 0xFF, 0x5F, 0x00, 0x00, 0x00, 0x00, 0xA0, 0xFF, 0xFF, 0xDF,
    0x01, 0x00, 0x00, 0x00, 0x00, 0x00, 0x00, 0x00, 0x00, 0x80, 0xFF, 0xFF, 0xFF, 0x02, 0x00, 0x00,
    0x00, 0xF3, 0xFF, 0xFF, 0x1E, 0x00, 0x00, 0x30, 0x65, 0x77, 0x57, 0x03, 0x00, 0x00, 0x00, 0xF6,
    0xFF, 0xFF, 0x0D, 0x00, 0x00, 0x00, 0xFB, 0xFF, 0xFF, 0x04, 0x61, 0xDA, 0xFF, 0xFF, 0xFF, 0xFF,
    0xEF, 0x18, 0x00, 0x00, 0x80, 0xFF, 0xFF, 0x7F, 0x00, 0x00, 0x10, 0xFF, 0xFF, 0xAF, 0x00, 0xF4,
    0xFF, 0xFF, 0xFF, 0xFF, 0xFF, 0xFF, 0xFF, 0x07, 0x00, 0x00, 0xFC, 0xFF, 0xFF, 0x01, 0x00, 0x70,
    0xFF, 0xFF, 0x2F, 0x00, 0xF3, 0xFF, 0xFF, 0xFF, 0xFF, 0xFF, 0xFF, 0xFF, 0xAF, 0x00, 0x00, 0xF3,
    0xFF, 0xFF, 0x08, 0x00, 0xB0, 0xFF, 0xFF, 0x0C, 0x00, 0xF2, 0xFF, 0xFF, 0xFF, 0xFF, 0xFF, 0xFF,
    0xFF, 0xFF, 0x0A, 0x00, 0xB0, 0xFF, 0xFF, 0x0E, 0x00, 0xF0, 0xFF, 0xFF, 0x08, 0x00, 0xF2, 0xFF,
    0xFF, 0x07, 0x00, 0x40, 0xFC, 0xFF, 0xFF, 0x5F, 0x00, 0x40, 0xFF, 0xFF, 0x4F, 0x00, 0xF1, 0xFF,
    0xFF, 0x04, 0x00, 0xF1, 0xFF, 0xFF, 0x07, 0x00, 0x00, 0x90, 0xFF, 0xFF, 0xEF, 0x00, 0x00, 0xFE,
    0xFF, 0x9F, 0x00, 0xF3, 0xFF, 0xFF, 0x02, 0x00, 0xF0, 0xFF, 0xFF, 0x08, 0x00, 0x00, 0x00, 0xFC,
    0xFF, 0xFF, 0x06, 0x00, 0xF9, 0xFF, 0xDF, 0x00, 0xF5, 0xFF, 0xFF, 0x00, 0x00, 0xF0, 0xFF, 0xFF,
    0x09, 0x00, 0x00, 0x00, 0xF3, 0xFF, 0xFF, 0x0B, 0x00, 0xF5, 0xFF, 0xFF, 0x01, 0xF5, 0xFF, 0xFF,
    0x00, 0x00, 0xF0, 0xFF, 0xFF, 0x09, 0x00, 0x00, 0x00, 0xD0, 0xFF, 0xFF, 0x0F, 0x00, 0xF2, 0xFF,
    0xFF, 0x03, 0xF5, 0xFF, 0xFF, 0x00, 0x00, 0xE0, 0xFF, 0xFF, 0x0A, 0x00, 0x00, 0x00, 0x90, 0xFF,
    0xFF, 0x2F, 0x00, 0xF0, 0xFF, 0xFF, 0x05, 0xF4, 0xFF, 0xFF, 0x00, 0x00, 0xE0, 0xFF, 0xFF, 0x0B,
    0x00, 0x00, 0x00, 0x70, 0xFF, 0xFF, 0x4F, 0x00, 0xF0, 0xFF, 0xFF, 0x07, 0xF3, 0xFF, 0xFF, 0x02,
    0x00, 0xD0, 0xFF, 0xFF, 0x0D, 0x00, 0x00, 0x00, 0x60, 0xFF, 0xFF, 0x4F, 0x00, 0xE0, 0xFF, 0xFF,
    0x08, 0xF0, 0xFF, 0xFF, 0x04, 0x00, 0xC0, 0xFF, 0xFF, 0x0F, 0x00, 0x00, 0x00, 0x60, 0xFF, 0xFF,
    0x4F, 0x00, 0xE0, 0xFF, 0xFF, 0x08, 0xD0, 0xFF, 0xFF, 0x07, 0x00, 0xB0, 0xFF, 0xFF, 0x2F, 0x00,
    0x00, 0x00, 0x70, 0xFF, 0xFF, 0x3F, 0x00, 0xF0, 0xFF, 0xFF, 0x07, 0x90, 0xFF, 0xFF, 0x0B, 0x00,
    0xC0, 0xFF, 0xFF, 0x7F, 0x00, 0x00, 0x00, 0xA0, 0xFF, 0xFF, 0x0F, 0x00, 0xF0, 0xFF, 0xFF, 0x06,
    0x40, 0xFF, 0xFF, 0x1F, 0x00, 0xD0, 0xFF, 0xFF, 0xEF, 0x00, 0x00, 0x00, 0xF1, 0xFF, 0xFF, 0x0C,
    0x00, 0xF2, 0xFF, 0xFF, 0x05, 0x00, 0xFD, 0xFF, 0x9F, 0x00, 0xF2, 0xFF, 0xFF, 0xFF, 0x09, 0x00,
    0x00, 0xFB, 0xFF, 0xFF, 0x07, 0x00, 0xF5, 0xFF, 0xFF, 0x02, 0x00, 0xF5, 0xFF, 0xFF, 0x7B, 0xFE,
    0xFF, 0xFF, 0xFF, 0xDF, 0x78, 0xE9, 0xFF, 0xFF, 0xEF, 0x01, 0x00, 0xF9, 0xFF, 0xFF, 0x00, 0x00,
    0xB0, 0xFF, 0xFF, 0xFF, 0xFF, 0xFF, 0xFF, 0xFF, 0xFF, 0xFF, 0xFF, 0xFF, 0xFF, 0x6F, 0x00, 0x00,
    0xFE, 0xFF, 0xBF, 0x00, 0x00, 0x10, 0xFD, 0xFF, 0xFF, 0xFF, 0xFF, 0x28, 0xFE, 0xFF, 0xFF, 0xFF,
    0xFF, 0xFF, 0x08, 0x00, 0x50, 0xFF, 0xFF, 0x6F, 0x00, 0x00, 0x00, 0xB1, 0xFF, 0xFF, 0xFF, 0xAF,
    0x00, 0xB1, 0xFF, 0xFF, 0xFF, 0xFF, 0x6F, 0x00, 0x00, 0xD0, 0xFF, 0xFF, 0x1F, 0x00, 0x00, 0x00,
    0x00, 0xB5, 0xFE, 0xBF, 0x05, 0x00, 0x00, 0xA4, 0xFE, 0xEF, 0x7B, 0x01, 0x00, 0x00, 0xF8, 0xFF,
    0xFF, 0x09, 0x00, 0x00, 0x00, 0x00, 0x00, 0x00, 0x00, 0x00, 0x00, 0x00, 0x00, 0x00, 0x00, 0x00,
    0x00, 0x00, 0x50, 0xFF, 0xFF, 0xFF, 0x01, 0x00, 0x00, 0x00, 0x00, 0x00, 0x00, 0x00, 0x00, 0x00,
    0x00, 0x00, 0x00, 0x00, 0x00, 0x00, 0x00, 0xF7, 0xFF, 0xFF, 0x7F, 0x00, 0x00, 0x00, 0x00, 0x00,
    0x00, 0x90, 0x27, 0x00, 0x00, 0x00, 0x00, 0x00, 0x00, 0x00, 0x00, 0xB2, 0xFF, 0xFF, 0xFF, 0x0B,
    0x00, 0x00, 0x00, 0x00, 0x00, 0x00, 0xB0, 0xFF, 0xAE, 0x36, 0x00, 0x00, 0x00, 0x00, 0x10, 0xB6,
    0xFF, 0xFF, 0xFF, 0xCF, 0x00, 0x00, 0x00, 0x00, 0x00, 0x00, 0x00, 0xB0, 0xFF, 0xFF, 0xFF, 0xEF,
    0xBC, 0xAA, 0xCB, 0xFE, 0xFF, 0xFF, 0xFF, 0xFF, 0x1B, 0x00, 0x00, 0x00, 0x00, 0x00, 0x00, 0x00,
    0xB0, 0xFF, 0xFF, 0xFF, 0xFF, 0xFF, 0xFF, 0xFF, 0xFF, 0xFF, 0xFF, 0xFF, 0x8F, 0x00, 0x00, 0x00,
    0x00, 0x00, 0x00, 0x00, 0x00, 0xA0, 0xFF, 0xFF, 0xFF, 0xFF, 0xFF, 0xFF, 0xFF, 0xFF, 0xFF, 0xFF,
    0xBF, 0x03, 0x00, 0x00, 0x00, 0x00, 0x00, 0x00, 0x00, 0x00, 0x00, 0x94, 0xFE, 0xFF, 0xFF, 0xFF,
    0xFF, 0xFF, 0xFF, 0xFF, 0x9E, 0x03, 0x00, 0x00, 0x00, 0x00, 0x00, 0x00, 0x00, 0x00, 0x00, 0x00,
    0x00, 0x20, 0x86, 0xDB, 0xFE, 0xFF, 0xEF, 0xAC, 0x37, 0x00, 0x00, 0x00, 0x00, 0x00, 0x00, 0x00,
    0x00, 0x00, 0x00, 0x00, 0x00, 0x00, 0xF0, 0xFF, 0xFF, 0xFF, 0xFF, 0x09, 0x00, 0x00, 0x00, 0x00,
    0x00, 0x00, 0x00, 0x00, 0x00, 0x00, 0x00, 0x00, 0xF5, 0xFF, 0xFF, 0xFF, 0xFF, 0x0E, 0x00, 0x00,
    0x00, 0x00, 0x00, 0x00, 0x00, 0x00, 0x00, 0x00, 0x00, 0x00, 0xFB, 0xFF, 0xFF, 0xFF, 0xFF, 0x4F,
    0x00, 0x00, 0x00, 0x00, 0x00, 0x00, 0x00, 0x00, 0x00, 0x00, 0x00, 0x10, 0xFF, 0xFF, 0xFF, 0xFF,
    0xFF, 0xAF, 0x00, 0x00, 0x00, 0x00, 0x00, 0x00, 0x00, 0x00, 0x00, 0x00, 0x00, 0x60, 0xFF, 0xFF,
    0xFF, 0xFF, 0xFF, 0xFF, 0x00, 0x00, 0x00, 0x00, 0x00, 0x00, 0x00, 0x00, 0x00, 0x00, 0x00, 0xC0,
    0xFF, 0xFF, 0xFF, 0xFF, 0xFF, 0xFF, 0x05, 0x00, 0x00, 0x00, 0x00, 0x00, 0x00, 0x00, 0x00, 0x00,
    0x00, 0xF2, 0xFF, 0xFF, 0x8F, 0xFF, 0xFF, 0xFF, 0x0A, 0x00, 0x00, 0x00, 0x00, 0x00, 0x00, 0x00,
    0x00, 0x00, 0x00, 0xF7, 0xFF, 0xFF, 0x3F, 0xFB, 0xFF, 0xFF, 0x0F, 0x00, 0x00, 0x00, 0x00, 0x00,
    0x00, 0x00, 0x00, 0x00, 0x00, 0xFD, 0xFF, 0xFF, 0x0E, 0xF6, 0xFF, 0xFF, 0x6F, 0x00, 0x00, 0x00,
    0x00, 0x00, 0x00, 0x00, 0x00, 0x00, 0x20, 0xFF, 0xFF, 0xFF, 0x09, 0xF2, 0xFF, 0xFF, 0xBF, 0x00,
    0x00, 0x00, 0x00, 0x00, 0x00, 0x00, 0x00, 0x00, 0x80, 0xFF, 0xFF, 0xFF, 0x04, 0xD0, 0xFF, 0xFF,
    0xFF, 0x01, 0x00, 0x00, 0x00, 0x00, 0x00, 0x00, 0x00, 0x00, 0xE0, 0xFF, 0xFF, 0xFF, 0x00, 0x80,
    0xFF, 0xFF, 0xFF, 0x06, 0x00, 0x00, 0x00, 0x00, 0x00, 0x00, 0x00, 0x00, 0xF3, 0xFF, 0xFF, 0xAF,
    0x00, 0x30, 0xFF, 0xFF, 0xFF, 0x0C, 0x00, 0x00, 0x00, 0x00, 0x00, 0x00, 0x00, 0x00, 0xF9, 0xFF,
    0xFF, 0x5F, 0x00, 0x00, 0xFE, 0xFF, 0xFF, 0x2F, 0x00, 0x00, 0x00, 0x00, 0x00, 0x00, 0x00, 0x00,
    0xFE, 0xFF, 0xFF, 0x0F, 0x00, 0x00, 0xF9, 0xFF, 0xFF, 0x7F, 0x00, 0x00, 0x00, 0x00, 0x00, 0x00,
    0x00, 0x40, 0xFF, 0xFF, 0xFF, 0x0B, 0x00, 0x00, 0xF4, 0xFF, 0xFF, 0xDF, 0x00, 0x00, 0x00, 0x00,
    0x00, 0x00, 0x00, 0xA0, 0xFF, 0xFF, 0xFF, 0x06, 0x00, 0x00, 0xE0, 0xFF, 0xFF, 0xFF, 0x02, 0x00,
    0x00, 0x00, 0x00, 0x00, 0x00, 0xF0, 0xFF, 0xFF, 0xFF, 0x01, 0x00, 0x00, 0xA0, 0xFF, 0xFF, 0xFF,
    0x08, 0x00, 0x00, 0x00, 0x00, 0x00, 0x00, 0xF5, 0xFF, 0xFF, 0xBF, 0x00, 0x00, 0x00, 0x50, 0xFF,
    0xFF, 0xFF, 0x0E, 0x00, 0x00, 0x00, 0x00, 0x00, 0x00, 0xFB, 0xFF, 0xFF, 0x6F, 0x00, 0x00, 0x00,
    0x00, 0xFF, 0xFF, 0xFF, 0x3F, 0x00, 0x00, 0x00, 0x00, 0x00, 0x10, 0xFF, 0xFF, 0xFF, 0x7F, 0x55,
    0x55, 0x55, 0x55, 0xFD, 0xFF, 0xFF, 0x9F, 0x00, 0x00, 0x00, 0x00, 0x00, 0x60, 0xFF, 0xFF, 0xFF,
    0xFF, 0xFF, 0xFF, 0xFF, 0xFF, 0xFF, 0xFF, 0xFF, 0xEF, 0x00, 0x00, 0x00, 0x00, 0x00, 0xC0, 0xFF,
    0xFF, 0xFF, 0xFF, 0xFF, 0xFF, 0xFF, 0xFF, 0xFF, 0xFF, 0xFF, 0xFF, 0x04, 0x00, 0x00, 0x00, 0x00,
    0xF1, 0xFF, 0xFF, 0xFF, 0xFF, 0xFF, 0xFF, 0xFF, 0xFF, 0xFF, 0xFF, 0xFF, 0xFF, 0x0A, 0x00, 0x00,
    0x00, 0x00, 0xF7, 0xFF, 0xFF, 0xFF, 0xFF, 0xFF, 0xFF, 0xFF, 0xFF, 0xFF, 0xFF, 0xFF, 0xFF, 0x0F,
    0x00, 0x00, 0x00, 0x00, 0xFC, 0xFF, 0xFF, 0xFF, 0xFF, 0xFF, 0xFF, 0xFF, 0xFF, 0xFF, 0xFF, 0xFF,
    0xFF, 0x5F, 0x00, 0x00, 0x00, 0x20, 0xFF, 0xFF, 0xFF, 0xFF, 0xFF, 0xFF, 0xFF, 0xFF, 0xFF, 0xFF,
    0xFF, 0xFF, 0xFF, 0xAF, 0x00, 0x00, 0x00, 0x80, 0xFF, 0xFF, 0xFF, 0x1F, 0x00, 0x00, 0x00, 0x00,
    0x00, 0x00, 0xF9, 0xFF, 0xFF, 0xFF, 0x00, 0x00, 0x00, 0xD0, 0xFF, 0xFF, 0xFF, 0x0D, 0x00, 0x00,
    0x00, 0x00, 0x00, 0x00, 0xF5, 0xFF, 0xFF, 0xFF, 0x06, 0x00, 0x00, 0xF3, 0xFF, 0xFF, 0xFF, 0x08,
    0x00, 0x00, 0x00, 0x00, 0x00, 0x00, 0xF0, 0xFF, 0xFF, 0xFF, 0x0B, 0x00, 0x00, 0xF9, 0xFF, 0xFF,
    0xFF, 0x03, 0x00, 0x00, 0x00, 0x00, 0x00, 0x00, 0xB0, 0xFF, 0xFF, 0xFF, 0x1F, 0x00, 0x00, 0xFE,
    0xFF, 0xFF, 0xFF, 0x00, 0x00, 0x00, 0x00, 0x00, 0x00, 0x00, 0x70, 0xFF, 0xFF, 0xFF, 0x6F, 0x00,
    0x40, 0xFF, 0xFF, 0xFF, 0xAF, 0x00, 0x00, 0x00, 0x00, 0x00, 0x00, 0x00, 0x20, 0xFF, 0xFF, 0xFF,
    0xCF, 0x00, 0x90, 0xFF, 0xFF, 0xFF, 0x6F, 0x00, 0x00, 0x00, 0x00, 0x00, 0x00, 0x00, 0x00, 0xFE,
    0xFF, 0xFF, 0xFF, 0x02, 0xF0, 0xFF, 0xFF, 0xFF, 0x1F, 0x00, 0x00, 0x00, 0x00, 0x00, 0x00, 0x00,
    0x00, 0xF9, 0xFF, 0xFF, 0xFF, 0x07, 0xF5, 0xFF, 0xFF, 0xFF, 0x0C, 0x00, 0x00, 0x00, 0x00, 0x00,
    0x00, 0x00, 0x00, 0xF4, 0xFF, 0xFF, 0xFF, 0x0D, 0x00, 0x00, 0x00, 0x20, 0x95, 0xDB, 0xFE, 0xFF,
    0xFF, 0xFF, 0xFF, 0xFF, 0xFF, 0x08, 0x00, 0x00, 0x60, 0xFD, 0xFF, 0xFF, 0xFF, 0xFF, 0xFF, 0xFF,
    0xFF, 0xFF, 0xFF, 0x08, 0x00, 0x40, 0xFE, 0xFF, 0xFF, 0xFF, 0xFF, 0xFF, 0xFF, 0xFF, 0xFF, 0xFF,
    0xFF, 0x08, 0x00, 0xF4, 0xFF, 0xFF, 0xFF, 0xFF, 0xFF, 0xFF, 0xFF, 0xFF, 0xFF, 0xFF, 0xFF, 0x08,
    0x10, 0xFE, 0xFF, 0xFF, 0xFF, 0xFF, 0xFF, 0xFF, 0xFF, 0xFF, 0xFF, 0xFF, 0xFF, 0x08, 0x70, 0xFF,
    0xFF, 0xFF, 0xFF, 0xFF, 0xFF, 0xFF, 0xFF, 0xFF, 0xFF, 0xFF, 0xFF, 0x08, 0xC0, 0xFF, 0xFF, 0xFF,
    0xFF, 0x9E, 0x35, 0x33, 0x33, 0xF3, 0xFF, 0xFF, 0xFF, 0x08, 0xF0, 0xFF, 0xFF, 0xFF, 0xAF, 0x00,
    0x00, 0x00, 0x00, 0xF1, 0xFF, 0xFF, 0xFF, 0x08, 0xF0, 0xFF, 0xFF, 0xFF, 0x0F, 0x00, 0x00, 0x00,
    0x00, 0xF1, 0xFF, 0xFF, 0xFF, 0x08, 0xF0, 0xFF, 0xFF, 0xFF, 0x0B, 0x00, 0x00, 0x00, 0x00, 0xF1,
    0xFF, 0xFF, 0xFF, 0x08, 0xE0, 0xFF, 0xFF, 0xFF, 0x0B, 0x00, 0x00, 0x00, 0x00, 0xF1, 0xFF, 0xFF,
    0xFF, 0x08, 0xB0, 0xFF, 0xFF, 0xFF, 0x0E, 0x00, 0x00, 0x00, 0x00, 0xF1, 0xFF, 0xFF, 0xFF, 0x08,
    0x60, 0xFF, 0xFF, 0xFF, 0x8F, 0x00, 0x00, 0x00, 0x00, 0xF1, 0xFF, 0xFF, 0xFF, 0x08, 0x00, 0xFE,
    0xFF, 0xFF, 0xFF, 0x5B, 0x02, 0x00, 0x00, 0xF1, 0xFF, 0xFF, 0xFF, 0x08, 0x00, 0xF4, 0xFF, 0xFF,
    0xFF, 0xFF, 0xFF, 0xFF, 0xFF, 0xFF, 0xFF, 0xFF, 0xFF, 0x08, 0x00, 0x40, 0xFE, 0xFF, 0xFF, 0xFF,
    0xFF, 0xFF, 0xFF, 0xFF, 0xFF, 0xFF, 0xFF, 0x08, 0x00, 0x00, 0x50, 0xFD, 0xFF, 0xFF, 0xFF, 0xFF,
    0xFF, 0xFF, 0xFF, 0xFF, 0xFF, 0x08, 0x00, 0x10, 0xE8, 0xFF, 0xFF, 0xFF, 0xFF, 0xFF, 0xFF, 0xFF,
    0xFF, 0xFF, 0xFF, 0x08, 0x00, 0xF5, 0xFF, 0xFF, 0xFF, 0xFF, 0xFF, 0xFF, 0xFF, 0xFF, 0xFF, 0xFF,
    0xFF, 0x08, 0x40, 0xFF, 0xFF, 0xFF, 0xFF, 0xFF, 0xFF, 0xFF, 0xFF, 0xFF, 0xFF, 0xFF, 0xFF, 0x08,
    0xE0, 0xFF, 0xFF, 0xFF, 0xFF, 0x49, 0x01, 0x00, 0x00, 0xF1, 0xFF, 0xFF, 0xFF, 0x08, 0xF6, 0xFF,
    0xFF, 0xFF, 0x2E, 0x00, 0x00, 0x00, 0x00, 0xF1, 0xFF, 0xFF, 0xFF, 0x08, 0xFA, 0xFF, 0xFF, 0xFF,
    0x06, 0x00, 0x00, 0x00, 0x00, 0xF1, 0xFF, 0xFF, 0xFF, 0x08, 0xFD, 0xFF, 0xFF, 0xFF, 0x00, 0x00,
    0x00, 0x00, 0x00, 0xF1, 0xFF, 0xFF, 0xFF, 0x08, 0xFE, 0xFF, 0xFF, 0xEF, 0x00, 0x00, 0x00, 0x00,
    0x00, 0xF1, 0xFF, 0xFF, 0xFF, 0x08, 0xFF, 0xFF, 0xFF, 0xFF, 0x00, 0x00, 0x00, 0x00, 0x00, 0xF1,
    0xFF, 0xFF, 0xFF, 0x08, 0xFE, 0xFF, 0xFF, 0xFF, 0x02, 0x00, 0x00, 0x00, 0x00, 0xF1, 0xFF, 0xFF,
    0xFF, 0x08, 0xFC, 0xFF, 0xFF, 0xFF, 0x09, 0x00, 0x00, 0x00, 0x00, 0xF1, 0xFF, 0xFF, 0xFF, 0x08,
    0xF8, 0xFF, 0xFF, 0xFF, 0x7F, 0x00, 0x00, 0x00, 0x00, 0xF1, 0xFF, 0xFF, 0xFF, 0x08, 0xF3, 0xFF,
    0xFF, 0xFF, 0xFF, 0x8D, 0x45, 0x44, 0x44, 0xF4, 0xFF, 0xFF, 0xFF, 0x08, 0xB0, 0xFF, 0xFF, 0xFF,
    0xFF, 0xFF, 0xFF, 0xFF, 0xFF, 0xFF, 0xFF, 0xFF, 0xFF, 0x08, 0x20, 0xFF, 0xFF, 0xFF, 0xFF, 0xFF,
    0xFF, 0xFF, 0xFF, 0xFF, 0xFF, 0xFF, 0xFF, 0x08, 0x00, 0xF3, 0xFF, 0xFF, 0xFF, 0xFF, 0xFF, 0xFF,
    0xFF, 0xFF, 0xFF, 0xFF, 0xFF, 0x08, 0x00, 0x20, 0xFD, 0xFF, 0xFF, 0xFF, 0xFF, 0xFF, 0xFF, 0xFF,
    0xFF, 0xFF, 0xFF, 0x08, 0x00, 0x00, 0x60, 0xFD, 0xFF, 0xFF, 0xFF, 0xFF, 0xFF, 0xFF, 0xFF, 0xFF,
    0xFF, 0x08, 0x00, 0x00, 0x00, 0x30, 0xB7, 0xFD, 0xFF, 0xFF, 0xFF, 0xFF, 0xFF, 0xFF, 0xFF, 0x08,
    0x00, 0x00, 0x00, 0x20, 0x64, 0x77, 0x67, 0x14, 0x00, 0x00, 0x00, 0x00, 0x00, 0x00, 0x00, 0x00,
    0x10, 0xA6, 0xFE, 0xFF, 0xFF, 0xFF, 0xFF, 0x8D, 0x02, 0x00, 0x00, 0x00, 0x00, 0x00, 0x40, 0xFA,
    0xFF, 0xFF, 0xFF, 0xFF, 0xFF, 0xFF, 0xFF, 0xAF, 0x02, 0x00, 0x00, 0x00, 0x00, 0xE0, 0xFF, 0xFF,
    0xFF, 0xFF, 0xFF, 0xFF, 0xFF, 0xFF, 0xFF, 0x6F, 0x00, 0x00, 0x00, 0x00, 0x80, 0xFF, 0xFF, 0xFF,
    0xFF, 0xFF, 0xFF, 0xFF, 0xFF, 0xFF, 0xFF, 0x09, 0x00, 0x00, 0x00, 0x20, 0xFF, 0xFF, 0xFF, 0xFF,
    0xFF, 0xFF, 0xFF, 0xFF, 0xFF, 0xFF, 0x9F, 0x00, 0x00, 0x00, 0x00, 0xFB, 0xFF, 0xFF, 0xFF, 0xDD,
    0xFE, 0xFF, 0xFF, 0xFF, 0xFF, 0xFF, 0x06, 0x00, 0x00, 0x00, 0xF5, 0xFF, 0x7D, 0x02, 0x00, 0x10,
    0xD5, 0xFF, 0xFF, 0xFF, 0xFF, 0x2F, 0x00, 0x00, 0x00, 0xE0, 0x3A, 0x00, 0x00, 0x00, 0x00, 0x00,
    0xF8, 0xFF, 0xFF, 0xFF, 0xAF, 0x00, 0x00, 0x00, 0x00, 0x00, 0x00, 0x00, 0x00, 0x00, 0x00, 0x80,
    0xFF, 0xFF, 0xFF, 0xFF, 0x02, 0x00, 0x00, 0x00, 0x00, 0x00, 0x00, 0x00, 0x00, 0x00, 0x00, 0xFB,
    0xFF, 0xFF, 0xFF, 0x09, 0x00, 0x00, 0x00, 0x00, 0x00, 0x00, 0x00, 0x00, 0x00, 0x00, 0xF3, 0xFF,
    0xFF, 0xFF, 0x0F, 0x00, 0x00, 0x00, 0x00, 0x00, 0x00, 0x00, 0x00, 0x00, 0x00, 0xC0, 0xFF, 0xFF,
    0xFF, 0x4F, 0x00, 0x00, 0x00, 0x00, 0x00, 0x00, 0x00, 0x00, 0x00, 0x00, 0x60, 0xFF, 0xFF, 0xFF,
    0x8F, 0x00, 0x00, 0x00, 0x00, 0x00, 0x00, 0x00, 0x00, 0x00, 0x00, 0x20, 0xFF, 0xFF, 0xFF, 0xBF,
    0x00, 0x00, 0x00, 0x00, 0x00, 0x00, 0x00, 0x00, 0x00, 0x00, 0x00, 0xFF, 0xFF, 0xFF, 0xDF, 0x00,
    0x00, 0x00, 0x00, 0x00, 0x00, 0x00, 0x00, 0x00, 0x00, 0x00, 0xFD, 0xFF, 0xFF, 0xFF, 0x00, 0x00,
    0x00, 0x00, 0x00, 0x00, 0x00, 0x00, 0x00, 0x00, 0x00, 0xFB, 0xFF, 0xFF, 0xFF, 0x00, 0x00, 0x00,
    0x00, 0x00, 0x00, 0x00, 0x00, 0x00, 0x00, 0x00, 0xFB, 0xFF, 0xFF, 0xFF, 0x01, 0x00, 0x00, 0x00,
    0x00, 0x00, 0x00, 0x00, 0x00, 0x00, 0x00, 0xFB, 0xFF, 0xFF, 0xFF, 0x01, 0x00, 0x00, 0x00, 0x00,
    0x00, 0x00, 0x00, 0x00, 0x00, 0x00, 0xFB, 0xFF, 0xFF, 0xFF, 0x01, 0x00, 0x00, 0x00, 0x00, 0x00,
    0x00, 0x00, 0x00, 0x00, 0x00, 0xFC, 0xFF, 0xFF, 0xFF, 0x00, 0x00, 0x00, 0x00, 0x00, 0x00, 0x00,
    0x00, 0x00, 0x00, 0x00, 0xFE, 0xFF, 0xFF, 0xEF, 0x00, 0x00, 0x00, 0x00, 0x00, 0x00, 0x00, 0x00,
    0x00, 0x00, 0x10, 0xFF, 0xFF, 0xFF, 0xCF, 0x00, 0x00, 0x00, 0x00, 0x00, 0x00, 0x00, 0x00, 0x00,
    0x00, 0x40, 0xFF, 0xFF, 0xFF, 0x9F, 0x00, 0x00, 0x00, 0x00, 0x00, 0x00, 0x00, 0x00, 0x00, 0x00,
    0x90, 0xFF, 0xFF, 0xFF, 0x6F, 0x00, 0x00, 0x00, 0x00, 0x00, 0x00, 0x00, 0x00, 0x00, 0x00, 0xE0,
    0xFF, 0xFF, 0xFF, 0x2F, 0x00, 0x00, 0x00, 0x00, 0x00, 0x00, 0x00, 0x00, 0x00, 0x00, 0xF8, 0xFF,
    0xFF, 0xFF, 0x0D, 0x00, 0x00, 0x00, 0x00, 0x00, 0x00, 0x00, 0x00, 0x00, 0x30, 0xFF, 0xFF, 0xFF,
    0xFF, 0x07, 0x00, 0x00, 0x36, 0x00, 0x00, 0x00, 0x00, 0x00, 0x00, 0xF4, 0xFF, 0xFF, 0xFF, 0xFF,
    0x01, 0x00, 0x00, 0xFC, 0xAE, 0x26, 0x00, 0x00, 0x00, 0xA4, 0xFF, 0xFF, 0xFF, 0xFF, 0x8F, 0x00,
    0x00, 0x00, 0xFC, 0xFF, 0xFF, 0xEF, 0xCD, 0xFD, 0xFF, 0xFF, 0xFF, 0xFF, 0xFF, 0x0D, 0x00, 0x00,
    0x00, 0xFC, 0xFF, 0xFF, 0xFF, 0xFF, 0xFF, 0xFF, 0xFF, 0xFF, 0xFF, 0xFF, 0x03, 0x00, 0x00, 0x00,
    0xFC, 0xFF, 0xFF, 0xFF, 0xFF, 0xFF, 0xFF, 0xFF, 0xFF, 0xFF, 0x4F, 0x00, 0x00, 0x00, 0x00, 0xFC,
    0xFF, 0xFF, 0xFF, 0xFF, 0xFF, 0xFF, 0xFF, 0xFF, 0xEF, 0x03, 0x00, 0x00, 0x00, 0x00, 0xFA, 0xFF,
    0xFF, 0xFF, 0xFF, 0xFF, 0xFF, 0xFF, 0xFF, 0x09, 0x00, 0x00, 0x00, 0x00, 0x00, 0x20, 0xC7, 0xFF,
    0xFF, 0xFF, 0xFF, 0xFF, 0xCF, 0x17, 0x00, 0x00, 0x00, 0x00, 0x00, 0x00, 0x00, 0x00, 0x20, 0x64,
    0x77, 0x77, 0x35, 0x00, 0x00, 0x00, 0x00, 0x00, 0x00, 0x00, 0x00, 0x00, 0x00, 0x00, 0x00, 0x00,
    0x51, 0xB9, 0xFD, 0xFF, 0xFF, 0xFF, 0xFF, 0xFF, 0xFF, 0x08, 0x00, 0x00, 0x00, 0x00, 0x00, 0xC6,
    0xFF, 0xFF, 0xFF, 0xFF, 0xFF, 0xFF, 0xFF, 0xFF, 0xFF, 0x08, 0x00, 0x00, 0x00, 0x00, 0xE6, 0xFF,
    0xFF, 0xFF, 0xFF, 0xFF, 0xFF, 0xFF, 0xFF, 0xFF, 0xFF, 0x08, 0x00, 0x00, 0x00, 0xC1, 0xFF, 0xFF,
    0xFF, 0xFF, 0xFF, 0xFF, 0xFF, 0xFF, 0xFF, 0xFF, 0xFF, 0x08, 0x00, 0x00, 0x20, 0xFE, 0xFF, 0xFF,
    0xFF, 0xFF, 0xFF, 0xFF, 0xFF, 0xFF, 0xFF, 0xFF, 0xFF, 0x08, 0x00, 0x00, 0xE2, 0xFF, 0xFF, 0xFF,
    0xFF, 0xFF, 0xFF, 0xFF, 0xFF, 0xFF, 0xFF, 0xFF, 0xFF, 0x08, 0x00, 0x00, 0xFD, 0xFF, 0xFF, 0xFF,
    0xFF, 0x9E, 0x46, 0x33, 0x33, 0xF3, 0xFF, 0xFF, 0xFF, 0x08, 0x00, 0x90, 0xFF, 0xFF, 0xFF, 0xFF,
    0x5E, 0x00, 0x00, 0x00, 0x00, 0xF1, 0xFF, 0xFF, 0xFF, 0x08, 0x00, 0xF2, 0xFF, 0xFF, 0xFF, 0xCF,
    0x01, 0x00, 0x00, 0x00, 0x00, 0xF1, 0xFF, 0xFF, 0xFF, 0x08, 0x00, 0xF9, 0xFF, 0xFF, 0xFF, 0x1E,
    0x00, 0x00, 0x00, 0x00, 0x00, 0xF1, 0xFF, 0xFF, 0xFF, 0x08, 0x00, 0xFF, 0xFF, 0xFF, 0xFF, 0x04,
    0x00, 0x00, 0x00, 0x00, 0x00, 0xF1, 0xFF, 0xFF, 0xFF, 0x08, 0x50, 0xFF, 0xFF, 0xFF, 0xCF, 0x00,
    0x00, 0x00, 0x00, 0x00, 0x00, 0xF1, 0xFF, 0xFF, 0xFF, 0x08, 0x90, 0xFF, 0xFF, 0xFF, 0x7F, 0x00,
    0x00, 0x00, 0x00, 0x00, 0x00, 0xF1, 0xFF, 0xFF, 0xFF, 0x08, 0xC0, 0xFF, 0xFF, 0xFF, 0x3F, 0x00,
    0x00, 0x00, 0x00, 0x00, 0x00, 0xF1, 0xFF, 0xFF, 0xFF, 0x08, 0xE0, 0xFF, 0xFF, 0xFF, 0x0F, 0x00,
    0x00, 0x00, 0x00, 0x00, 0x00, 0xF1, 0xFF, 0xFF, 0xFF, 0x08, 0xF0, 0xFF, 0xFF, 0xFF, 0x0D, 0x00,
    0x00, 0x00, 0x00, 0x00, 0x00, 0xF1, 0xFF, 0xFF, 0xFF, 0x08, 0xF1, 0xFF, 0xFF, 0xFF, 0x0C, 0x00,
    0x00, 0x00, 0x00, 0x00, 0x00, 0xF1, 0xFF, 0xFF, 0xFF, 0x08, 0xF1, 0xFF, 0xFF, 0xFF, 0x0C, 0x00,
    0x00, 0x00, 0x00, 0x00, 0x00, 0xF1, 0xFF, 0xFF, 0xFF, 0x08, 0xF1, 0xFF, 0xFF, 0xFF, 0x0C, 0x00,
    0x00, 0x00, 0x00, 0x00, 0x00, 0xF1, 0xFF, 0xFF, 0xFF, 0x08, 0xF0, 0xFF, 0xFF, 0xFF, 0x0D, 0x00,
    0x00, 0x00, 0x00, 0x00, 0x00, 0xF1, 0xFF, 0xFF, 0xFF, 0x08, 0xF0, 0xFF, 0xFF, 0xFF, 0x0E, 0x00,
    0x00, 0x00, 0x00, 0x00, 0x00, 0xF1, 0xFF, 0xFF, 0xFF, 0x08, 0xD0, 0xFF, 0xFF, 0xFF, 0x1F, 0x00,
    0x00, 0x00, 0x00, 0x00, 0x00, 0xF1, 0xFF, 0xFF, 0xFF, 0x08, 0xA0, 0xFF, 0xFF, 0xFF, 0x4F, 0x00,
    0x00, 0x00, 0x00, 0x00, 0x00, 0xF1, 0xFF, 0xFF, 0xFF, 0x08, 0x70, 0xFF, 0xFF, 0xFF, 0x9F, 0x00,
    0x00, 0x00, 0x00, 0x00, 0x00, 0xF1, 0xFF, 0xFF, 0xFF, 0x08, 0x30, 0xFF, 0xFF, 0xFF, 0xFF, 0x00,
    0x00, 0x00, 0x00, 0x00, 0x00, 0xF1, 0xFF, 0xFF, 0xFF, 0x08, 0x00, 0xFD, 0xFF, 0xFF, 0xFF, 0x08,
    0x00, 0x00, 0x00, 0x00, 0x00, 0xF1, 0xFF, 0xFF, 0xFF, 0x08, 0x00, 0xF7, 0xFF, 0xFF, 0xFF, 0x4F,
    0x00, 0x00, 0x00, 0x00, 0x00, 0xF1, 0xFF, 0xFF, 0xFF, 0x08, 0x00, 0xE0, 0xFF, 0xFF, 0xFF, 0xFF,
    0x04, 0x00, 0x00, 0x00, 0x00, 0xF1, 0xFF, 0xFF, 0xFF, 0x08, 0x00, 0x60, 0xFF, 0xFF, 0xFF, 0xFF,
    0xAF, 0x02, 0x00, 0x00, 0x00, 0xF1, 0xFF, 0xFF, 0xFF, 0x08, 0x00, 0x00, 0xFA, 0xFF, 0xFF, 0xFF,
    0xFF, 0xCF, 0x68, 0x44, 0x44, 0xF4, 0xFF, 0xFF, 0xFF, 0x08, 0x00, 0x00, 0xC0, 0xFF, 0xFF, 0xFF,
    0xFF, 0xFF, 0xFF, 0xFF, 0xFF, 0xFF, 0xFF, 0xFF, 0xFF, 0x08, 0x00, 0x00, 0x10, 0xFC, 0xFF, 0xFF,
    0xFF, 0xFF, 0xFF, 0xFF, 0xFF, 0xFF, 0xFF, 0xFF, 0xFF, 0x08, 0x00, 0x00, 0x00, 0x90, 0xFF, 0xFF,
    0xFF, 0xFF, 0xFF, 0xFF, 0xFF, 0xFF, 0xFF, 0xFF, 0xFF, 0x08, 0x00, 0x00, 0x00, 0x00, 0xC3, 0xFF,
    0xFF, 0xFF, 0xFF, 0xFF, 0xFF, 0xFF, 0xFF, 0xFF, 0xFF, 0x08, 0x00, 0x00, 0x00, 0x00, 0x00, 0x93,
    0xFE, 0xFF, 0xFF, 0xFF, 0xFF, 0xFF, 0xFF, 0xFF, 0xFF, 0x08, 0x00, 0x00, 0x00, 0x00, 0x00, 0x00,
    0x30, 0x97, 0xEC, 0xFF, 0xFF, 0xFF, 0xFF, 0xFF, 0xFF, 0x08, 0xF0, 0xFF, 0xFF, 0xFF, 0xFF, 0xFF,
    0xFF, 0xFF, 0xFF, 0xFF, 0x8F, 0xF0, 0xFF, 0xFF, 0xFF, 0xFF, 0xFF, 0xFF, 0xFF, 0xFF, 0xFF, 0x8F,
    0xF0, 0xFF, 0xFF, 0xFF, 0xFF, 0xFF, 0xFF, 0xFF, 0xFF, 0xFF, 0x8F, 0xF0, 0xFF, 0xFF, 0xFF, 0xFF,
    0xFF, 0xFF, 0xFF, 0xFF, 0xFF, 0x8F, 0xF0, 0xFF, 0xFF, 0xFF, 0xFF, 0xFF, 0xFF, 0xFF, 0xFF, 0xFF,
    0x8F, 0xF0, 0xFF, 0xFF, 0xFF, 0xFF, 0xFF, 0xFF, 0xFF, 0xFF, 0xFF, 0x8F, 0x30, 0x33, 0x33, 0x33,
    0x33, 0x33, 0x33, 0xFF, 0xFF, 0xFF, 0x8F, 0x00, 0x00, 0x00, 0x00, 0x00, 0x00, 0x10, 0xFF, 0xFF,
    0xFF, 0x8F, 0x00, 0x00, 0x00, 0x00, 0x00, 0x00, 0x10, 0xFF, 0xFF, 0xFF, 0x8F, 0x00, 0x00, 0x00,
    0x00, 0x00, 0x00, 0x10, 0xFF, 0xFF, 0xFF, 0x8F, 0x00, 0x00, 0x00, 0x00, 0x00, 0x00, 0x10, 0xFF,
    0xFF, 0xFF, 0x8F, 0x00, 0x00, 0x00, 0x00, 0x00, 0x00, 0x10, 0xFF, 0xFF, 0xFF, 0x8F, 0x00, 0x00,
    0x00, 0x00, 0x00, 0x00, 0x10, 0xFF, 0xFF, 0xFF, 0x8F, 0x00, 0x33, 0x33, 0x33, 0x33, 0x33, 0x43,
    0xFF, 0xFF, 0xFF, 0x8F, 0x20, 0xFF, 0xFF, 0xFF, 0xFF, 0xFF, 0xFF, 0xFF, 0xFF, 0xFF, 0x8F, 0x20,
    0xFF, 0xFF, 0xFF, 0xFF, 0xFF, 0xFF, 0xFF, 0xFF, 0xFF, 0x8F, 0x20, 0xFF, 0xFF, 0xFF, 0xFF, 0xFF,
    0xFF, 0xFF, 0xFF, 0xFF, 0x8F, 0x20, 0xFF, 0xFF, 0xFF, 0xFF, 0xFF, 0xFF, 0xFF, 0xFF, 0xFF, 0x8F,
    0x20, 0xFF, 0xFF, 0xFF, 0xFF, 0xFF, 0xFF, 0xFF, 0xFF, 0xFF, 0x8F, 0x20, 0xFF, 0xFF, 0xFF, 0xFF,
    0xFF, 0xFF, 0xFF, 0xFF, 0xFF, 0x8F, 0x00, 0x00, 0x00, 0x00, 0x00, 0x00, 0x10, 0xFF, 0xFF, 0xFF,
    0x8F, 0x00, 0x00, 0x00, 0x00, 0x00, 0x00, 0x10, 0xFF, 0xFF, 0xFF, 0x8F, 0x00, 0x00, 0x00, 0x00,
    0x00, 0x00, 0x10, 0xFF, 0xFF, 0xFF, 0x8F, 0x00, 0x00, 0x00, 0x00, 0x00, 0x00, 0x10, 0xFF, 0xFF,
    0xFF, 0x8F, 0x00, 0x00, 0x00, 0x00, 0x00, 0x00, 0x10, 0xFF, 0xFF, 0xFF, 0x8F, 0x00, 0x00, 0x00,
    0x00, 0x00, 0x00, 0x10, 0xFF, 0xFF, 0xFF, 0x8F, 0x00, 0x00, 0x00, 0x00, 0x00, 0x00, 0x10, 0xFF,
    0xFF, 0xFF, 0x8F, 0x00, 0x00, 0x00, 0x00, 0x00, 0x00, 0x10, 0xFF, 0xFF, 0xFF, 0x8F, 0x00, 0x00,
    0x00, 0x00, 0x00, 0x00, 0x10, 0xFF, 0xFF, 0xFF, 0x8F, 0x40, 0x44, 0x44, 0x44, 0x44, 0x44, 0x44,
    0xFF, 0xFF, 0xFF, 0x8F, 0xF0, 0xFF, 0xFF, 0xFF, 0xFF, 0xFF, 0xFF, 0xFF, 0xFF, 0xFF, 0x8F, 0xF0,
    0xFF, 0xFF, 0xFF, 0xFF, 0xFF, 0xFF, 0xFF, 0xFF, 0xFF, 0x8F, 0xF0, 0xFF, 0xFF, 0xFF, 0xFF, 0xFF,
    0xFF, 0xFF, 0xFF, 0xFF, 0x8F, 0xF0, 0xFF, 0xFF, 0xFF, 0xFF, 0xFF, 0xFF, 0xFF, 0xFF, 0xFF, 0x8F,
    0xF0, 0xFF, 0xFF, 0xFF, 0xFF, 0xFF, 0xFF, 0xFF, 0xFF, 0xFF, 0x8F, 0xF0, 0xFF, 0xFF, 0xFF, 0xFF,
    0xFF, 0xFF, 0xFF, 0xFF, 0xFF, 0x8F, 0xFF, 0xFF, 0xFF, 0xFF, 0xFF, 0xFF, 0xFF, 0xFF, 0xFF, 0xFF,
    0x08, 0xFF, 0xFF, 0xFF, 0xFF, 0xFF, 0xFF, 0xFF, 0xFF, 0xFF, 0xFF, 0x08, 0xFF, 0xFF, 0xFF, 0xFF,
    0xFF, 0xFF, 0xFF, 0xFF, 0xFF, 0xFF, 0x08, 0xFF, 0xFF, 0xFF, 0xFF, 0xFF, 0xFF, 0xFF, 0xFF, 0xFF,
    0xFF, 0x08, 0xFF, 0xFF, 0xFF, 0xFF, 0xFF, 0xFF, 0xFF, 0xFF, 0xFF, 0xFF, 0x08, 0xFF, 0xFF, 0xFF,
    0xFF, 0xFF, 0xFF, 0xFF, 0xFF, 0xFF, 0xFF, 0x08, 0x32, 0x33, 0x33, 0x33, 0x33, 0x33, 0xF3, 0xFF,
    0xFF, 0xFF, 0x08, 0x00, 0x00, 0x00, 0x00, 0x00, 0x00, 0xF0, 0xFF, 0xFF, 0xFF, 0x08, 0x00, 0x00,
    0x00, 0x00, 0x00, 0x00, 0xF0, 0xFF, 0xFF, 0xFF, 0x08, 0x00, 0x00, 0x00, 0x00, 0x00, 0x00, 0xF0,
    0xFF, 0xFF, 0xFF, 0x08, 0x00, 0x00, 0x00, 0x00, 0x00, 0x00, 0xF0, 0xFF, 0xFF, 0xFF, 0x08, 0x00,
    0x00, 0x00, 0x00, 0x00, 0x00, 0xF0, 0xFF, 0xFF, 0xFF, 0x08, 0x00, 0x00, 0x00, 0x00, 0x00, 0x00,
    0xF0, 0xFF, 0xFF, 0xFF, 0x08, 0x00, 0x00, 0x00, 0x00, 0x00, 0x00, 0xF0, 0xFF, 0xFF, 0xFF, 0x08,
    0x00, 0x00, 0x00, 0x00, 0x00, 0x00, 0xF0, 0xFF, 0xFF, 0xFF, 0x08, 0x20, 0x22, 0x22, 0x22, 0x22,
    0x22, 0xF2, 0xFF, 0xFF, 0xFF, 0x08, 0xF0, 0xFF, 0xFF, 0xFF, 0xFF, 0xFF, 0xFF, 0xFF, 0xFF, 0xFF,
    0x08, 0xF0, 0xFF, 0xFF, 0xFF, 0xFF, 0xFF, 0xFF, 0xFF, 0xFF, 0xFF, 0x08, 0xF0, 0xFF, 0xFF, 0xFF,
    0xFF, 0xFF, 0xFF, 0xFF, 0xFF, 0xFF, 0x08, 0xF0, 0xFF, 0xFF, 0xFF, 0xFF, 0xFF, 0xFF, 0xFF, 0xFF,
    0xFF, 0x08, 0xF0, 0xFF, 0xFF, 0xFF, 0xFF, 0xFF, 0xFF, 0xFF, 0xFF, 0xFF, 0x08, 0xF0, 0xFF, 0xFF,
    0xFF, 0xFF, 0xFF, 0xFF, 0xFF, 0xFF, 0xFF, 0x08, 0x00, 0x00, 0x00, 0x00, 0x00, 0x00, 0xF0, 0xFF,
    0xFF, 0xFF, 0x08, 0x00, 0x00, 0x00, 0x00, 0x00, 0x00, 0xF0, 0xFF, 0xFF, 0xFF, 0x08, 0x00, 0x00,
    0x00, 0x00, 0x00, 0x00, 0xF0, 0xFF, 0xFF, 0xFF, 0x08, 0x00, 0x00, 0x00, 0x00, 0x00, 0x00, 0xF0,
    0xFF, 0xFF, 0xFF, 0x08, 0x00, 0x00, 0x00, 0x00, 0x00, 0x00, 0xF0, 0xFF, 0xFF, 0xFF, 0x08, 0x00,
    0x00, 0x00, 0x00, 0x00, 0x00, 0xF0, 0xFF, 0xFF, 0xFF, 0x08, 0x00, 0x00, 0x00, 0x00, 0x00, 0x00,
    0xF0, 0xFF, 0xFF, 0xFF, 0x08, 0x00, 0x00, 0x00, 0x00, 0x00, 0x00, 0xF0, 0xFF, 0xFF, 0xFF, 0x08,
    0x00, 0x00, 0x00, 0x00, 0x00, 0x00, 0xF0, 0xFF, 0xFF, 0xFF, 0x08, 0x00, 0x00, 0x00, 0x00, 0x00,
    0x00, 0xF0, 0xFF, 0xFF, 0xFF, 0x08, 0x00, 0x00, 0x00, 0x00, 0x00, 0x00, 0xF0, 0xFF, 0xFF, 0xFF,
    0x08, 0x00, 0x00, 0x00, 0x00, 0x00, 0x00, 0xF0, 0xFF, 0xFF, 0xFF, 0x08, 0x00, 0x00, 0x00, 0x00,
    0x00, 0x00, 0xF0, 0xFF, 0xFF, 0xFF, 0x08, 0x00, 0x00, 0x00, 0x00, 0x00, 0x00, 0xF0, 0xFF, 0xFF,
    0xFF, 0x08, 0x00, 0x00, 0x00, 0x30, 0x65, 0x77, 0x67, 0x35, 0x00, 0x00, 0x00, 0x00, 0x00, 0x00,
    0x00, 0x00, 0x00, 0x40, 0xC8, 0xFF, 0xFF, 0xFF, 0xFF, 0xFF, 0xCF, 0x28, 0x00, 0x00, 0x00, 0x00,
    0x00, 0x00, 0x90, 0xFE, 0xFF, 0xFF, 0xFF, 0xFF, 0xFF, 0xFF, 0xFF, 0xFF, 0x4C, 0x00, 0x00, 0x00,
    0x00, 0x00, 0xD0, 0xFF, 0xFF, 0xFF, 0xFF, 0xFF, 0xFF, 0xFF, 0xFF, 0xFF, 0xFF, 0x1B, 0x00, 0x00,
    0x00, 0x00, 0x60, 0xFF, 0xFF, 0xFF, 0xFF, 0xFF, 0xFF, 0xFF, 0xFF, 0xFF, 0xFF, 0xEF, 0x03, 0x00,
    0x00, 0x00, 0x00, 0xFF, 0xFF, 0xFF, 0xFF, 0xFF, 0xFF, 0xFF, 0xFF, 0xFF, 0xFF, 0xFF, 0x4F, 0x00,
    0x00, 0x00, 0x00, 0xF9, 0xFF, 0xFF, 0xEF, 0xCD, 0xFD, 0xFF, 0xFF, 0xFF, 0xFF, 0xFF, 0xFF, 0x03,
    0x00, 0x00, 0x00, 0xF2, 0xDF, 0x48, 0x01, 0x00, 0x00, 0x72, 0xFE, 0xFF, 0xFF, 0xFF, 0xFF, 0x0D,
    0x00, 0x00, 0x00, 0x80, 0x03, 0x00, 0x00, 0x00, 0x00, 0x00, 0x80, 0xFF, 0xFF, 0xFF, 0xFF, 0x8F,
    0x00, 0x00, 0x00, 0x00, 0x00, 0x00, 0x00, 0x00, 0x00, 0x00, 0x00, 0xF5, 0xFF, 0xFF, 0xFF, 0xFF,
    0x01, 0x00, 0x00, 0x00, 0x00, 0x00, 0x00, 0x00, 0x00, 0x00, 0x00, 0x50, 0xFF, 0xFF, 0xFF, 0xFF,
    0x08, 0x00, 0x00, 0x00, 0x00, 0x00, 0x00, 0x00, 0x00, 0x00, 0x00, 0x00, 0xFA, 0xFF, 0xFF, 0xFF,
    0x0E, 0x00, 0x00, 0x00, 0x00, 0x00, 0x00, 0x00, 0x00, 0x00, 0x00, 0x00, 0xF1, 0xFF, 0xFF, 0xFF,
    0x3F, 0x00, 0x00, 0x00, 0x00, 0x00, 0x00, 0x00, 0x00, 0x00, 0x00, 0x00, 0xA0, 0xFF, 0xFF, 0xFF,
    0x8F, 0x00, 0x00, 0x00, 0x00, 0x00, 0x00, 0x00, 0x00, 0x00, 0x00, 0x00, 0x40, 0xFF, 0xFF, 0xFF,
    0xBF, 0x00, 0x00, 0x00, 0x00, 0x00, 0x00, 0x00, 0x00, 0x00, 0x00, 0x00, 0x00, 0xFF, 0xFF, 0xFF,
    0xDF, 0x00, 0x00, 0x00, 0x00, 0x00, 0x00, 0x00, 0x00, 0x00, 0x00, 0x00, 0x00, 0xFE, 0xFF, 0xFF,
    0xFF, 0x00, 0xF3, 0xFF, 0xFF, 0xFF, 0xFF, 0xFF, 0xFF, 0x0F, 0x00, 0x00, 0x00, 0xFC, 0xFF, 0xFF,
    0xFF, 0x00, 0xF3, 0xFF, 0xFF, 0xFF, 0xFF, 0xFF, 0xFF, 0x0F, 0x00, 0x00, 0x00, 0xFB, 0xFF, 0xFF,
    0xFF, 0x01, 0xF3, 0xFF, 0xFF, 0xFF, 0xFF, 0xFF, 0xFF, 0x0F, 0x00, 0x00, 0x00, 0xFB, 0xFF, 0xFF,
    0xFF, 0x01, 0xF3, 0xFF, 0xFF, 0xFF, 0xFF, 0xFF, 0xFF, 0x0F, 0x00, 0x00, 0x00, 0xFB, 0xFF, 0xFF,
    0xFF, 0x00, 0xF3, 0xFF, 0xFF, 0xFF, 0xFF, 0xFF, 0xFF, 0x0F, 0x00, 0x00, 0x00, 0xFD, 0xFF, 0xFF,
    0xFF, 0x00, 0xF3, 0xFF, 0xFF, 0xFF, 0xFF, 0xFF, 0xFF, 0x0F, 0x00, 0x00, 0x00, 0xFF, 0xFF, 0xFF,
    0xEF, 0x00, 0xF3, 0xFF, 0xFF, 0xFF, 0x46, 0x44, 0x44, 0x04, 0x00, 0x00, 0x20, 0xFF, 0xFF, 0xFF,
    0xCF, 0x00, 0xF3, 0xFF, 0xFF, 0xFF, 0x03, 0x00, 0x00, 0x00, 0x00, 0x00, 0x60, 0xFF, 0xFF, 0xFF,
    0x9F, 0x00, 0xF3, 0xFF, 0xFF, 0xFF, 0x03, 0x00, 0x00, 0x00, 0x00, 0x00, 0xB0, 0xFF, 0xFF, 0xFF,
    0x6F, 0x00, 0xF3, 0xFF, 0xFF, 0xFF, 0x03, 0x00, 0x00, 0x00, 0x00, 0x00, 0xF2, 0xFF, 0xFF, 0xFF,
    0x2F, 0x00, 0xF3, 0xFF, 0xFF, 0xFF, 0x03, 0x00, 0x00, 0x00, 0x00, 0x00, 0xFA, 0xFF, 0xFF, 0xFF,
    0x0D, 0x00, 0xF3, 0xFF, 0xFF, 0xFF, 0x03, 0x00, 0x00, 0x00, 0x00, 0x60, 0xFF, 0xFF, 0xFF, 0xFF,
    0x07, 0x00, 0xF3, 0xFF, 0xFF, 0xFF, 0x03, 0x00, 0x00, 0x00, 0x00, 0xF7, 0xFF, 0xFF, 0xFF, 0xEF,
    0x00, 0x00, 0xF3, 0xFF, 0xFF, 0xFF, 0x15, 0x00, 0x00, 0x10, 0xC5, 0xFF, 0xFF, 0xFF, 0xFF, 0x6F,
    0x00, 0x00, 0xF3, 0xFF, 0xFF, 0xFF, 0xFF, 0xDE, 0xDC, 0xFE, 0xFF, 0xFF, 0xFF, 0xFF, 0xFF, 0x0C,
    0x00, 0x00, 0xF3, 0xFF, 0xFF, 0xFF, 0xFF, 0xFF, 0xFF, 0xFF, 0xFF, 0xFF, 0xFF, 0xFF, 0xEF, 0x01,
    0x00, 0x00, 0xF3, 0xFF, 0xFF, 0xFF, 0xFF, 0xFF, 0xFF, 0xFF, 0xFF, 0xFF, 0xFF, 0xFF, 0x2E, 0x00,
    0x00, 0x00, 0xF3, 0xFF, 0xFF, 0xFF, 0xFF, 0xFF, 0xFF, 0xFF, 0xFF, 0xFF, 0xFF, 0xBF, 0x01, 0x00,
    0x00, 0x00, 0xB1, 0xFF, 0xFF, 0xFF, 0xFF, 0xFF, 0xFF, 0xFF, 0xFF, 0xFF, 0xEF, 0x06, 0x00, 0x00,
    0x00, 0x00, 0x00, 0x40, 0xB8, 0xFE, 0xFF, 0xFF, 0xFF, 0xFF, 0xFF, 0xAE, 0x05, 0x00, 0x00, 0x00,
    0x00, 0x00, 0x00, 0x00, 0x00, 0x10, 0x53, 0x76, 0x77, 0x67, 0x25, 0x00, 0x00, 0x00, 0x00, 0x00,
    0x00, 0x00, 0xFB, 0xFF, 0xFF, 0xCF, 0x00, 0x00, 0x00, 0x00, 0x00, 0x00, 0x10, 0xFF, 0xFF, 0xFF,
    0x8F, 0xFB, 0xFF, 0xFF, 0xCF, 0x00, 0x00, 0x00, 0x00, 0x00, 0x00, 0x10, 0xFF, 0xFF, 0xFF, 0x8F,
    0xFB, 0xFF, 0xFF, 0xCF, 0x00, 0x00, 0x00, 0x00, 0x00, 0x00, 0x10, 0xFF, 0xFF, 0xFF, 0x8F, 0xFB,
    0xFF, 0xFF, 0xCF, 0x00, 0x00, 0x00, 0x00, 0x00, 0x00, 0x10, 0xFF, 0xFF, 0xFF, 0x8F, 0xFB, 0xFF,
    0xFF, 0xCF, 0x00, 0x00, 0x00, 0x00, 0x00, 0x00, 0x10, 0xFF, 0xFF, 0xFF, 0x8F, 0xFB, 0xFF, 0xFF,
    0xCF, 0x00, 0x00, 0x00, 0x00, 0x00, 0x00, 0x10, 0xFF, 0xFF, 0xFF, 0x8F, 0xFB, 0xFF, 0xFF, 0xCF,
    0x00, 0x00, 0x00, 0x00, 0x00, 0x00, 0x10, 0xFF, 0xFF, 0xFF, 0x8F, 0xFB, 0xFF, 0xFF, 0xCF, 0x00,
    0x00, 0x00, 0x00, 0x00, 0x00, 0x10, 0xFF, 0xFF, 0xFF, 0x8F, 0xFB, 0xFF, 0xFF, 0xCF, 0x00, 0x00,
    0x00, 0x00, 0x00, 0x00, 0x10, 0xFF, 0xFF, 0xFF, 0x8F, 0xFB, 0xFF, 0xFF, 0xCF, 0x00, 0x00, 0x00,
    0x00, 0x00, 0x00, 0x10, 0xFF, 0xFF, 0xFF, 0x8F, 0xFB, 0xFF, 0xFF, 0xCF, 0x00, 0x00, 0x00, 0x00,
    0x00, 0x00, 0x10, 0xFF, 0xFF, 0xFF, 0x8F, 0xFB, 0xFF, 0xFF, 0xCF, 0x00, 0x00, 0x00, 0x00, 0x00,
    0x00, 0x10, 0xFF, 0xFF, 0xFF, 0x8F, 0xFB, 0xFF, 0xFF, 0xCF, 0x00, 0x00, 0x00, 0x00, 0x00, 0x00,
    0x10, 0xFF, 0xFF, 0xFF, 0x8F, 0xFB, 0xFF, 0xFF, 0xDF, 0x44, 0x44, 0x44, 0x44, 0x44, 0x44, 0x54,
    0xFF, 0xFF, 0xFF, 0x8F, 0xFB, 0xFF, 0xFF, 0xFF, 0xFF, 0xFF, 0xFF, 0xFF, 0xFF, 0xFF, 0xFF, 0xFF,
    0xFF, 0xFF, 0x8F, 0xFB, 0xFF, 0xFF, 0xFF, 0xFF, 0xFF, 0xFF, 0xFF, 0xFF, 0xFF, 0xFF, 0xFF, 0xFF,
    0xFF, 0x8F, 0xFB, 0xFF, 0xFF, 0xFF, 0xFF, 0xFF, 0xFF, 0xFF, 0xFF, 0xFF, 0xFF, 0xFF, 0xFF, 0xFF,
    0x8F, 0xFB, 0xFF, 0xFF, 0xFF, 0xFF, 0xFF, 0xFF, 0xFF, 0xFF, 0xFF, 0xFF, 0xFF, 0xFF, 0xFF, 0x8F,
    0xFB, 0xFF, 0xFF, 0xFF, 0xFF, 0xFF, 0xFF, 0xFF, 0xFF, 0xFF, 0xFF, 0xFF, 0xFF, 0xFF, 0x8F, 0xFB,
    0xFF, 0xFF, 0xFF, 0xFF, 0xFF, 0xFF, 0xFF, 0xFF, 0xFF, 0xFF, 0xFF, 0xFF, 0xFF, 0x8F, 0xFB, 0xFF,
    0xFF, 0xCF, 0x00, 0x00, 0x00, 0x00, 0x00, 0x00, 0x10, 0xFF, 0xFF, 0xFF, 0x8F, 0xFB, 0xFF, 0xFF,
    0xCF, 0x00, 0x00, 0x00, 0x00, 0x00, 0x00, 0x10, 0xFF, 0xFF, 0xFF, 0x8F, 0xFB, 0xFF, 0xFF, 0xCF,
    0x00, 0x00, 0x00, 0x00, 0x00, 0x00, 0x10, 0xFF, 0xFF, 0xFF, 0x8F, 0xFB, 0xFF, 0xFF, 0xCF, 0x00,
    0x00, 0x00, 0x00, 0x00, 0x00, 0x10, 0xFF, 0xFF, 0xFF, 0x8F, 0xFB, 0xFF, 0xFF, 0xCF, 0x00, 0x00,
    0x00, 0x00, 0x00, 0x00, 0x10, 0xFF, 0xFF, 0xFF, 0x8F, 0xFB, 0xFF, 0xFF, 0xCF, 0x00, 0x00, 0x00,
    0x00, 0x00, 0x00, 0x10, 0xFF, 0xFF, 0xFF, 0x8F, 0xFB, 0xFF, 0xFF, 0xCF, 0x00, 0x00, 0x00, 0x00,
    0x00, 0x00, 0x10, 0xFF, 0xFF, 0xFF, 0x8F, 0xFB, 0xFF, 0xFF, 0xCF, 0x00, 0x00, 0x00, 0x00, 0x00,
    0x00, 0x10, 0xFF, 0xFF, 0xFF, 0x8F, 0xFB, 0xFF, 0xFF, 0xCF, 0x00, 0x00, 0x00, 0x00, 0x00, 0x00,
    0x10, 0xFF, 0xFF, 0xFF, 0x8F, 0xFB, 0xFF, 0xFF, 0xCF, 0x00, 0x00, 0x00, 0x00, 0x00, 0x00, 0x10,
    0xFF, 0xFF, 0xFF, 0x8F, 0xFB, 0xFF, 0xFF, 0xCF, 0x00, 0x00, 0x00, 0x00, 0x00, 0x00, 0x10, 0xFF,
    0xFF, 0xFF, 0x8F, 0xFB, 0xFF, 0xFF, 0xCF, 0x00, 0x00, 0x00, 0x00, 0x00, 0x00, 0x10, 0xFF, 0xFF,
    0xFF, 0x8F, 0xFB, 0xFF, 0xFF, 0xCF, 0x00, 0x00, 0x00, 0x00, 0x00, 0x00, 0x10, 0xFF, 0xFF, 0xFF,
    0x8F, 0xFB, 0xFF, 0xFF, 0xCF, 0x00, 0x00, 0x00, 0x00, 0x00, 0x00, 0x10, 0xFF, 0xFF, 0xFF, 0x8F,
    0xFB, 0xFF, 0xFF, 0xCF, 0x00, 0x00, 0x00, 0x00, 0x00, 0x00, 0x10, 0xFF, 0xFF, 0xFF, 0x8F, 0xFB,
    0xFF, 0xFF, 0xCF, 0x00, 0x00, 0x00, 0x00, 0x00, 0x00, 0x10, 0xFF, 0xFF, 0xFF, 0x8F, 0xF1, 0xFF,
    0xFF, 0xFF, 0x08, 0xF1, 0xFF, 0xFF, 0xFF, 0x08, 0xF1, 0xFF, 0xFF, 0xFF, 0x08, 0xF1, 0xFF, 0xFF,
    0xFF, 0x08, 0xF1, 0xFF, 0xFF, 0xFF, 0x08, 0xF1, 0xFF, 0xFF, 0xFF, 0x08, 0xF1, 0xFF, 0xFF, 0xFF,
    0x08, 0xF1, 0xFF, 0xFF, 0xFF, 0x08, 0xF1, 0xFF, 0xFF, 0xFF, 0x08, 0xF1, 0xFF, 0xFF, 0xFF, 0x08,
    0xF1, 0xFF, 0xFF, 0xFF, 0x08, 0xF1, 0xFF, 0xFF, 0xFF, 0x08, 0xF1, 0xFF, 0xFF, 0xFF, 0x08, 0xF1,
    0xFF, 0xFF, 0xFF, 0x08, 0xF1, 0xFF, 0xFF, 0xFF, 0x08, 0xF1, 0xFF, 0xFF, 0xFF, 0x08, 0xF1, 0xFF,
    0xFF, 0xFF, 0x08, 0xF1, 0xFF, 0xFF, 0xFF, 0x08, 0xF1, 0xFF, 0xFF, 0xFF, 0x08, 0xF1, 0xFF, 0xFF,
    0xFF, 0x08, 0xF1, 0xFF, 0xFF, 0xFF, 0x08, 0xF1, 0xFF, 0xFF, 0xFF, 0x08, 0xF1, 0xFF, 0xFF, 0xFF,
    0x08, 0xF1, 0xFF, 0xFF, 0xFF, 0x08, 0xF1, 0xFF, 0xFF, 0xFF, 0x08, 0xF1, 0xFF, 0xFF, 0xFF, 0x08,
    0xF1, 0xFF, 0xFF, 0xFF, 0x08, 0xF1, 0xFF, 0xFF, 0xFF, 0x08, 0xF1, 0xFF, 0xFF, 0xFF, 0x08, 0xF1,
    0xFF, 0xFF, 0xFF, 0x08, 0xF1, 0xFF, 0xFF, 0xFF, 0x08, 0xF1, 0xFF, 0xFF, 0xFF, 0x08, 0xF1, 0xFF,
    0xFF, 0xFF, 0x08, 0xF1, 0xFF, 0xFF, 0xFF, 0x08, 0xF1, 0xFF, 0xFF, 0xFF, 0x08, 0xF1, 0xFF, 0xFF,
    0xFF, 0x08, 0xF1, 0xFF, 0xFF, 0xFF, 0x08, 0x00, 0x00, 0x00, 0x00, 0xF1, 0xFF, 0xFF, 0xFF, 0x08,
    0x00, 0x00, 0x00, 0x00, 0xF1, 0xFF, 0xFF, 0xFF, 0x08, 0x00, 0x00, 0x00, 0x00, 0xF1, 0xFF, 0xFF,
    0xFF, 0x08, 0x00, 0x00, 0x00, 0x00, 0xF1, 0xFF, 0xFF, 0xFF, 0x08, 0x00, 0x00, 0x00, 0x00, 0xF1,
    0xFF, 0xFF, 0xFF, 0x08, 0x00, 0x00, 0x00, 0x00, 0xF1, 0xFF, 0xFF, 0xFF, 0x08, 0x00, 0x00, 0x00,
    0x00, 0xF1, 0xFF, 0xFF, 0xFF, 0x08, 0x00, 0x00, 0x00, 0x00, 0xF1, 0xFF, 0xFF, 0xFF, 0x08, 0x00,
    0x00, 0x00, 0x00, 0xF1, 0xFF, 0xFF, 0xFF, 0x08, 0x00, 0x00, 0x00, 0x00, 0xF1, 0xFF, 0xFF, 0xFF,
    0x08, 0x00, 0x00, 0x00, 0x00, 0xF1, 0xFF, 0xFF, 0xFF, 0x08, 0x00, 0x00, 0x00, 0x00, 0xF1, 0xFF,
    0xFF, 0xFF, 0x08, 0x00, 0x00, 0x00, 0x00, 0xF1, 0xFF, 0xFF, 0xFF, 0x08, 0x00, 0x00, 0x00, 0x00,
    0xF1, 0xFF, 0xFF, 0xFF, 0x08, 0x00, 0x00, 0x00, 0x00, 0xF1, 0xFF, 0xFF, 0xFF, 0x08, 0x00, 0x00,
    0x00, 0x00, 0xF1, 0xFF, 0xFF, 0xFF, 0x08, 0x00, 0x00, 0x00, 0x00, 0xF1, 0xFF, 0xFF, 0xFF, 0x08,
    0x00, 0x00, 0x00, 0x00, 0xF1, 0xFF, 0xFF, 0xFF, 0x08, 0x00, 0x00, 0x00, 0x00, 0xF1, 0xFF, 0xFF,
    0xFF, 0x08, 0x00, 0x00, 0x00, 0x00, 0xF1, 0xFF, 0xFF, 0xFF, 0x08, 0x00, 0x00, 0x00, 0x00, 0xF1,
    0xFF, 0xFF, 0xFF, 0x08, 0x00, 0x00, 0x00, 0x00, 0xF1, 0xFF, 0xFF, 0xFF, 0x08, 0x00, 0x00, 0x00,
    0x00, 0xF1, 0xFF, 0xFF, 0xFF, 0x08, 0x00, 0x00, 0x00, 0x00, 0xF1, 0xFF, 0xFF, 0xFF, 0x08, 0x00,
    0x00, 0x00, 0x00, 0xF1, 0xFF, 0xFF, 0xFF, 0x08, 0x00, 0x00, 0x00, 0x00, 0xF1, 0xFF, 0xFF, 0xFF,
    0x08, 0x00, 0x00, 0x00, 0x00, 0xF1, 0xFF, 0xFF, 0xFF, 0x08, 0x00, 0x00, 0x00, 0x00, 0xF1, 0xFF,
    0xFF, 0xFF, 0x08, 0x00, 0x00, 0x00, 0x00, 0xF1, 0xFF, 0xFF, 0xFF, 0x08, 0x00, 0x00, 0x00, 0x00,
    0xF1, 0xFF, 0xFF, 0xFF, 0x08, 0x00, 0x00, 0x00, 0x00, 0xF1, 0xFF, 0xFF, 0xFF, 0x08, 0x00, 0x00,
    0x00, 0x00, 0xF1, 0xFF, 0xFF, 0xFF, 0x08, 0x00, 0x00, 0x00, 0x00, 0xF1, 0xFF, 0xFF, 0xFF, 0x08,
    0x00, 0x00, 0x00, 0x00, 0xF0, 0xFF, 0xFF, 0xFF, 0x08, 0x00, 0x00, 0x00, 0x00, 0xF0, 0xFF, 0xFF,
    0xFF, 0x08, 0x00, 0x00, 0x00, 0x00, 0xF0, 0xFF, 0xFF, 0xFF, 0x0A, 0x00, 0x00, 0x00, 0x00, 0xD0,
    0xFF, 0xFF, 0xFF, 0x0E, 0x00, 0x00, 0x00, 0x00, 0xA0, 0xFF, 0xFF, 0xFF, 0x4F, 0x00, 0x00, 0x00,
    0x00, 0x60, 0xFF, 0xFF, 0xFF, 0xDF, 0x01, 0x00, 0x00, 0x00, 0x10, 0xFF, 0xFF, 0xFF, 0xFF, 0x9F,
    0x56, 0x97, 0x08, 0x00, 0xFA, 0xFF, 0xFF, 0xFF, 0xFF, 0xFF, 0xFF, 0x0B, 0x00, 0xF1, 0xFF, 0xFF,
    0xFF, 0xFF, 0xFF, 0xFF, 0x0B, 0x00, 0x50, 0xFF, 0xFF, 0xFF, 0xFF, 0xFF, 0xFF, 0x0B, 0x00, 0x00,
    0xF6, 0xFF, 0xFF, 0xFF, 0xFF, 0xFF, 0x0B, 0x00, 0x00, 0x30, 0xFC, 0xFF, 0xFF, 0xFF, 0xFF, 0x0B,
    0x00, 0x00, 0x00, 0x30, 0xC8, 0xFE, 0xFF, 0xBE, 0x06, 0xB0, 0xFF, 0xFF, 0xFF, 0xAF, 0x00, 0x00,
    0x00, 0x00, 0x00, 0x10, 0xFF, 0xFF, 0xFF, 0x8F, 0x10, 0xFD, 0xFF, 0xFF, 0xFF, 0x07, 0x00, 0x00,
    0x00, 0x00, 0x10, 0xFF, 0xFF, 0xFF, 0x8F, 0x00, 0xF3, 0xFF, 0xFF, 0xFF, 0x4F, 0x00, 0x00, 0x00,
    0x00, 0x10, 0xFF, 0xFF, 0xFF, 0x8F, 0x00, 0x60, 0xFF, 0xFF, 0xFF, 0xEF, 0x02, 0x00, 0x00, 0x00,
    0x10, 0xFF, 0xFF, 0xFF, 0x8F, 0x00, 0x00, 0xF9, 0xFF, 0xFF, 0xFF, 0x0D, 0x00, 0x00, 0x00, 0x10,
    0xFF, 0xFF, 0xFF, 0x8F, 0x00, 0x00, 0xC0, 0xFF, 0xFF, 0xFF, 0xAF, 0x00, 0x00, 0x00, 0x10, 0xFF,
    0xFF, 0xFF, 0x8F, 0x00, 0x00, 0x10, 0xFE, 0xFF, 0xFF, 0xFF, 0x06, 0x00, 0x00, 0x10, 0xFF, 0xFF,
    0xFF, 0x8F, 0x00, 0x00, 0x00, 0xF4, 0xFF, 0xFF, 0xFF, 0x3F, 0x00, 0x00, 0x10, 0xFF, 0xFF, 0xFF,
    0x8F, 0x00, 0x00, 0x00, 0x70, 0xFF, 0xFF, 0xFF, 0xEF, 0x01, 0x00, 0x10, 0xFF, 0xFF, 0xFF, 0x8F,
    0x00, 0x00, 0x00, 0x00, 0xFA, 0xFF, 0xFF, 0xFF, 0x0C, 0x00, 0x10, 0xFF, 0xFF, 0xFF, 0x8F, 0x00,
    0x00, 0x00, 0x00, 0xD0, 0xFF, 0xFF, 0xFF, 0x9F, 0x00, 0x10, 0xFF, 0xFF, 0xFF, 0x8F, 0x00, 0x00,
    0x00, 0x00, 0x20, 0xFF, 0xFF, 0xFF, 0xFF, 0x05, 0x10, 0xFF, 0xFF, 0xFF, 0x8F, 0x00, 0x00, 0x00,
    0x00, 0x00, 0xF5, 0xFF, 0xFF, 0xFF, 0x2F, 0x10, 0xFF, 0xFF, 0xFF, 0x8F, 0x00, 0x00, 0x00, 0x00,
    0x00, 0x90, 0xFF, 0xFF, 0xFF, 0xDF, 0x10, 0xFF, 0xFF, 0xFF, 0x8F, 0x00, 0x00, 0x00, 0x00, 0x00,
    0x00, 0xFC, 0xFF, 0xFF, 0xFF, 0x18, 0xFF, 0xFF, 0xFF, 0x8F, 0x00, 0x00, 0x00, 0x00, 0x00, 0x00,
    0xE1, 0xFF, 0xFF, 0xFF, 0x5F, 0xFF, 0xFF, 0xFF, 0x8F, 0x00, 0x00, 0x00, 0x00, 0x00, 0x00, 0xE1,
    0xFF, 0xFF, 0xFF, 0xEF, 0xFF, 0xFF, 0xFF, 0x8F, 0x00, 0x00, 0x00, 0x00, 0x00, 0x00, 0xFA, 0xFF,
    0xFF, 0xFF, 0xFF, 0xFF, 0xFF, 0xFF, 0x8F, 0x00, 0x00, 0x00, 0x00, 0x00, 0x40, 0xFF, 0xFF, 0xFF,
    0xFF, 0xFF, 0xFF, 0xFF, 0xFF, 0x8F, 0x00, 0x00, 0x00, 0x00, 0x00, 0xD0, 0xFF, 0xFF, 0xFF, 0xFF,
    0xFF, 0xFF, 0xFF, 0xFF, 0x8F, 0x00, 0x00, 0x00, 0x00, 0x00, 0xF8, 0xFF, 0xFF, 0xFF, 0xFF, 0xFF,
    0xFF, 0xFF, 0xFF, 0x8F, 0x00, 0x00, 0x00, 0x00, 0x20, 0xFF, 0xFF, 0xFF, 0xFF, 0x65, 0xFF, 0xFF,
    0xFF, 0xFF, 0x8F, 0x00, 0x00, 0x00, 0x00, 0xC0, 0xFF, 0xFF, 0xFF, 0xBF, 0x00, 0xC2, 0xFF, 0xFF,
    0xFF, 0x8F, 0x00, 0x00, 0x00, 0x00, 0xF6, 0xFF, 0xFF, 0xFF, 0x2F, 0x00, 0x10, 0xFF, 0xFF, 0xFF,
    0x8F, 0x00, 0x00, 0x00, 0x10, 0xFE, 0xFF, 0xFF, 0xFF, 0x07, 0x00, 0x10, 0xFF, 0xFF, 0xFF, 0x8F,
    0x00, 0x00, 0x00, 0xA0, 0xFF, 0xFF, 0xFF, 0xDF, 0x00, 0x00, 0x10, 0xFF, 0xFF, 0xFF, 0x8F, 0x00,
    0x00, 0x00, 0xF4, 0xFF, 0xFF, 0xFF, 0x4F, 0x00, 0x00, 0x10, 0xFF, 0xFF, 0xFF, 0x8F, 0x00, 0x00,
    0x00, 0xFD, 0xFF, 0xFF, 0xFF, 0x0A, 0x00, 0x00, 0x10, 0xFF, 0xFF, 0xFF, 0x8F, 0x00, 0x00, 0x80,
    0xFF, 0xFF, 0xFF, 0xEF, 0x01, 0x00, 0x00, 0x10, 0xFF, 0xFF, 0xFF, 0x8F, 0x00, 0x00, 0xF2, 0xFF,
    0xFF, 0xFF, 0x6F, 0x00, 0x00, 0x00, 0x10, 0xFF, 0xFF, 0xFF, 0x8F, 0x00, 0x00, 0xFC, 0xFF, 0xFF,
    0xFF, 0x0C, 0x00, 0x00, 0x00, 0x10, 0xFF, 0xFF, 0xFF, 0x8F, 0x00, 0x60, 0xFF, 0xFF, 0xFF, 0xFF,
    0x02, 0x00, 0x00, 0x00, 0x10, 0xFF, 0xFF, 0xFF, 0x8F, 0x00, 0xE1, 0xFF, 0xFF, 0xFF, 0x8F, 0x00,
    0x00, 0x00, 0x00, 0x10, 0xFF, 0xFF, 0xFF, 0x8F, 0x00, 0xFA, 0xFF, 0xFF, 0xFF, 0x0E, 0x00, 0x00,
    0x00, 0x00, 0x10, 0xFF, 0xFF, 0xFF, 0x8F, 0x40, 0xFF, 0xFF, 0xFF, 0xFF, 0x05, 0x00, 0x00, 0x00,
    0x00, 0x10, 0xFF, 0xFF, 0xFF, 0x8F, 0xD0, 0xFF, 0xFF, 0xFF, 0xBF, 0x00, 0x00, 0x00, 0x00, 0x00,
    0x10, 0xFF, 0xFF, 0xFF, 0x8F, 0x00, 0x00, 0x00, 0x00, 0x00, 0x00, 0x00, 0xF1, 0xFF, 0xFF, 0xFF,
    0x08, 0x00, 0x00, 0x00, 0x00, 0x00, 0x00, 0x00, 0xF1, 0xFF, 0xFF, 0xFF, 0x08, 0x00, 0x00, 0x00,
    0x00, 0x00, 0x00, 0x00, 0xF1, 0xFF, 0xFF, 0xFF, 0x08, 0x00, 0x00, 0x00, 0x00, 0x00, 0x00, 0x00,
    0xF1, 0xFF, 0xFF, 0xFF, 0x08, 0x00, 0x00, 0x00, 0x00, 0x00, 0x00, 0x00, 0xF1, 0xFF, 0xFF, 0xFF,
    0x08, 0x00, 0x00, 0x00, 0x00, 0x00, 0x00, 0x00, 0xF1, 0xFF, 0xFF, 0xFF, 0x08, 0x00, 0x00, 0x00,
    0x00, 0x00, 0x00, 0x00, 0xF1, 0xFF, 0xFF, 0xFF, 0x08, 0x00, 0x00, 0x00, 0x00, 0x00, 0x00, 0x00,
    0xF1, 0xFF, 0xFF, 0xFF, 0x08, 0x00, 0x00, 0x00, 0x00, 0x00, 0x00, 0x00, 0xF1, 0xFF, 0xFF, 0xFF,
    0x08, 0x00, 0x00, 0x00, 0x00, 0x00, 0x00, 0x00, 0xF1, 0xFF, 0xFF, 0xFF, 0x08, 0x00, 0x00, 0x00,
    0x00, 0x00, 0x00, 0x00, 0xF1, 0xFF, 0xFF, 0xFF, 0x08, 0x00, 0x00, 0x00, 0x00, 0x00, 0x00, 0x00,
    0xF1, 0xFF, 0xFF, 0xFF, 0x08, 0x00, 0x00, 0x00, 0x00, 0x00, 0x00, 0x00, 0xF1, 0xFF, 0xFF, 0xFF,
    0x08, 0x00, 0x00, 0x00, 0x00, 0x00, 0x00, 0x00, 0xF1, 0xFF, 0xFF, 0xFF, 0x08, 0x00, 0x00, 0x00,
    0x00, 0x00, 0x00, 0x00, 0xF1, 0xFF, 0xFF, 0xFF, 0x08, 0x00, 0x00, 0x00, 0x00, 0x00, 0x00, 0x00,
    0xF1, 0xFF, 0xFF, 0xFF, 0x08, 0x00, 0x00, 0x00, 0x00, 0x00, 0x00, 0x00, 0xF1, 0xFF, 0xFF, 0xFF,
    0x08, 0x00, 0x00, 0x00, 0x00, 0x00, 0x00, 0x00, 0xF1, 0xFF, 0xFF, 0xFF, 0x08, 0x00, 0x00, 0x00,
    0x00, 0x00, 0x00, 0x00, 0xF1, 0xFF, 0xFF, 0xFF, 0x08, 0x00, 0x00, 0x00, 0x00, 0x00, 0x00, 0x00,
    0xF1, 0xFF, 0xFF, 0xFF, 0x08, 0x00, 0x00, 0x00, 0x00, 0x00, 0x00, 0x00, 0xF1, 0xFF, 0xFF, 0xFF,
    0x08, 0x00, 0x00, 0x00, 0x00, 0x00, 0x00, 0x00, 0xF1, 0xFF, 0xFF, 0xFF, 0x08, 0x00, 0x00, 0x00,
    0x00, 0x00, 0x00, 0x00, 0xF1, 0xFF, 0xFF, 0xFF, 0x08, 0x00, 0x00, 0x00, 0x00, 0x00, 0x00, 0x00,
    0xF1, 0xFF, 0xFF, 0xFF, 0x08, 0x00, 0x00, 0x00, 0x00, 0x00, 0x00, 0x00, 0xF1, 0xFF, 0xFF, 0xFF,
    0x08, 0x00, 0x00, 0x00, 0x00, 0x00, 0x00, 0x00, 0xF1, 0xFF, 0xFF, 0xFF, 0x08, 0x00, 0x00, 0x00,
    0x00, 0x00, 0x00, 0x00, 0xF1, 0xFF, 0xFF, 0xFF, 0x08, 0x00, 0x00, 0x00, 0x00, 0x00, 0x00, 0x00,
    0xF1, 0xFF, 0xFF, 0xFF, 0x08, 0x00, 0x00, 0x00, 0x00, 0x00, 0x00, 0x00, 0xF1, 0xFF, 0xFF, 0xFF,
    0x08, 0x42, 0x44, 0x44, 0x44, 0x44, 0x44, 0x44, 0xF4, 0xFF, 0xFF, 0xFF, 0x08, 0xF8, 0xFF, 0xFF,
    0xFF, 0xFF, 0xFF, 0xFF, 0xFF, 0xFF, 0xFF, 0xFF, 0x08, 0xF8, 0xFF, 0xFF, 0xFF, 0xFF, 0xFF, 0xFF,
    0xFF, 0xFF, 0xFF, 0xFF, 0x08, 0xF8, 0xFF, 0xFF, 0xFF, 0xFF, 0xFF, 0xFF, 0xFF, 0xFF, 0xFF, 0xFF,
    0x08, 0xF8, 0xFF, 0xFF, 0xFF, 0xFF, 0xFF, 0xFF, 0xFF, 0xFF, 0xFF, 0xFF, 0x08, 0xF8, 0xFF, 0xFF,
    0xFF, 0xFF, 0xFF, 0xFF, 0xFF, 0xFF, 0xFF, 0xFF, 0x08, 0xF8, 0xFF, 0xFF, 0xFF, 0xFF, 0xFF, 0xFF,
    0xFF, 0xFF, 0xFF, 0xFF, 0x08, 0xFA, 0xFF, 0xFF, 0xFF, 0xFF, 0x0D, 0x00, 0x00, 0x00, 0x00, 0x00,
    0x00, 0x00, 0x00, 0xFE, 0xFF, 0xFF, 0xFF, 0xFF, 0x08, 0xFA, 0xFF, 0xFF, 0xFF, 0xFF, 0x2F, 0x00,
    0x00, 0x00, 0x00, 0x00, 0x00, 0x00, 0x40, 0xFF, 0xFF, 0xFF, 0xFF, 0xFF, 0x08, 0xFA, 0xFF, 0xFF,
    0xFF, 0xFF, 0x7F, 0x00, 0x00, 0x00, 0x00, 0x00, 0x00, 0x00, 0x90, 0xFF, 0xFF, 0xFF, 0xFF, 0xFF,
    0x08, 0xFA, 0xFF, 0xFF, 0xFF, 0xFF, 0xCF, 0x00, 0x00, 0x00, 0x00, 0x00, 0x00, 0x00, 0xD0, 0xFF,
    0xFF, 0xFF, 0xFF, 0xFF, 0x08, 0xFA, 0xFF, 0xFF, 0xFF, 0xFF, 0xFF, 0x01, 0x00, 0x00, 0x00, 0x00,
    0x00, 0x00, 0xF2, 0xFF, 0xFF, 0xFF, 0xFF, 0xFF, 0x08, 0xFA, 0xFF, 0xFF, 0xFF, 0xFF, 0xFF, 0x07,
    0x00, 0x00, 0x00, 0x00, 0x00, 0x00, 0xF7, 0xFF, 0xFF, 0xFF, 0xFF, 0xFF, 0x08, 0xFA, 0xFF, 0xFF,
    0xFF, 0xFF, 0xFF, 0x0C, 0x00, 0x00, 0x00, 0x00, 0x00, 0x00, 0xFC, 0xFF, 0xFF, 0xFF, 0xFF, 0xFF,
    0x08, 0xFA, 0xFF, 0xFF, 0xFF, 0xFF, 0xFF, 0x1F, 0x00, 0x00, 0x00, 0x00, 0x00, 0x10, 0xFF, 0xFF,
    0xFF, 0xFF, 0xFF, 0xFF, 0x08, 0xFA, 0xFF, 0xFF, 0x9F, 0xFF, 0xFF, 0x6F, 0x00, 0x00, 0x00, 0x00,
    0x00, 0x60, 0xFF, 0xFF, 0xCF, 0xFD, 0xFF, 0xFF, 0x08, 0xFA, 0xFF, 0xFF, 0x5F, 0xFF, 0xFF, 0xBF,
    0x00, 0x00, 0x00, 0x00, 0x00, 0xB0, 0xFF, 0xFF, 0x7F, 0xFE, 0xFF, 0xFF, 0x08, 0xFA, 0xFF, 0xFF,
    0x2F, 0xFD, 0xFF, 0xFF, 0x01, 0x00, 0x00, 0x00, 0x00, 0xF0, 0xFF, 0xFF, 0x2F, 0xFF, 0xFF, 0xFF,
    0x08, 0xFA, 0xFF, 0xFF, 0x3F, 0xF8, 0xFF, 0xFF, 0x06, 0x00, 0x00, 0x00, 0x00, 0xF5, 0xFF, 0xFF,
    0x0D, 0xFF, 0xFF, 0xFF, 0x08, 0xFA, 0xFF, 0xFF, 0x4F, 0xF3, 0xFF, 0xFF, 0x0B, 0x00, 0x00, 0x00,
    0x00, 0xFA, 0xFF, 0xFF, 0x08, 0xFF, 0xFF, 0xFF, 0x08, 0xFA, 0xFF, 0xFF, 0x4F, 0xE0, 0xFF, 0xFF,
    0x1F, 0x00, 0x00, 0x00, 0x00, 0xFE, 0xFF, 0xFF, 0x13, 0xFF, 0xFF, 0xFF, 0x08, 0xFA, 0xFF, 0xFF,
    0x5F, 0x90, 0xFF, 0xFF, 0x5F, 0x00, 0x00, 0x00, 0x30, 0xFF, 0xFF, 0xEF, 0x20, 0xFF, 0xFF, 0xFF,
    0x08, 0xFA, 0xFF, 0xFF, 0x5F, 0x30, 0xFF, 0xFF, 0xBF, 0x00, 0x00, 0x00, 0x80, 0xFF, 0xFF, 0xAF,
    0x20, 0xFF, 0xFF, 0xFF, 0x08, 0xFA, 0xFF, 0xFF, 0x6F, 0x00, 0xFE, 0xFF, 0xFF, 0x00, 0x00, 0x00,
    0xD0, 0xFF, 0xFF, 0x5F, 0x30, 0xFF, 0xFF, 0xFF, 0x08, 0xFA, 0xFF, 0xFF, 0x6F, 0x00, 0xF9, 0xFF,
    0xFF, 0x05, 0x00, 0x00, 0xF2, 0xFF, 0xFF, 0x0F, 0x30, 0xFF, 0xFF, 0xFF, 0x08, 0xFA, 0xFF, 0xFF,
    0x6F, 0x00, 0xF4, 0xFF, 0xFF, 0x0A, 0x00, 0x00, 0xF7, 0xFF, 0xFF, 0x0B, 0x30, 0xFF, 0xFF, 0xFF,
    0x08, 0xFA, 0xFF, 0xFF, 0x6F, 0x00, 0xE0, 0xFF, 0xFF, 0x0F, 0x00, 0x00, 0xFC, 0xFF, 0xFF, 0x06,
    0x40, 0xFF, 0xFF, 0xFF, 0x08, 0xFA, 0xFF, 0xFF, 0x6F, 0x00, 0x90, 0xFF, 0xFF, 0x5F, 0x00, 0x10,
    0xFF, 0xFF, 0xFF, 0x01, 0x40, 0xFF, 0xFF, 0xFF, 0x08, 0xFA, 0xFF, 0xFF, 0x6F, 0x00, 0x40, 0xFF,
    0xFF, 0xAF, 0x00, 0x60, 0xFF, 0xFF, 0xCF, 0x00, 0x40, 0xFF, 0xFF, 0xFF, 0x08, 0xFA, 0xFF, 0xFF,
    0x6F, 0x00, 0x00, 0xFE, 0xFF, 0xFF, 0x00, 0xB0, 0xFF, 0xFF, 0x7F, 0x00, 0x40, 0xFF, 0xFF, 0xFF,
    0x08, 0xFA, 0xFF, 0xFF, 0x6F, 0x00, 0x00, 0xF9, 0xFF, 0xFF, 0x04, 0xF0, 0xFF, 0xFF, 0x3F, 0x00,
    0x40, 0xFF, 0xFF, 0xFF, 0x08, 0xFA, 0xFF, 0xFF, 0x6F, 0x00, 0x00, 0xF4, 0xFF, 0xFF, 0x0A, 0xF5,
    0xFF, 0xFF, 0x0E, 0x00, 0x40, 0xFF, 0xFF, 0xFF, 0x08, 0xFA, 0xFF, 0xFF, 0x6F, 0x00, 0x00, 0xF0,
    0xFF, 0xFF, 0x0E, 0xFA, 0xFF, 0xFF, 0x09, 0x00, 0x40, 0xFF, 0xFF, 0xFF, 0x08, 0xFA, 0xFF, 0xFF,
    0x6F, 0x00, 0x00, 0xA0, 0xFF, 0xFF, 0x4F, 0xFE, 0xFF, 0xFF, 0x04, 0x00, 0x40, 0xFF, 0xFF, 0xFF,
    0x08, 0xFA, 0xFF, 0xFF, 0x6F, 0x00, 0x00, 0x50, 0xFF, 0xFF, 0xDF, 0xFF, 0xFF, 0xFF, 0x00, 0x00,
    0x40, 0xFF, 0xFF, 0xFF, 0x08, 0xFA, 0xFF, 0xFF, 0x6F, 0x00, 0x00, 0x00, 0xFF, 0xFF, 0xFF, 0xFF,
    0xFF, 0xAF, 0x00, 0x00, 0x40, 0xFF, 0xFF, 0xFF, 0x08, 0xFA, 0xFF, 0xFF, 0x6F, 0x00, 0x00, 0x00,
    0xFA, 0xFF, 0xFF, 0xFF, 0xFF, 0x5F, 0x00, 0x00, 0x40, 0xFF, 0xFF, 0xFF, 0x08, 0xFA, 0xFF, 0xFF,
    0x6F, 0x00, 0x00, 0x00, 0xF5, 0xFF, 0xFF, 0xFF, 0xFF, 0x1F, 0x00, 0x00, 0x40, 0xFF, 0xFF, 0xFF,
    0x08, 0xFA, 0xFF, 0xFF, 0x6F, 0x00, 0x00, 0x00, 0xF0, 0xFF, 0xFF, 0xFF, 0xFF, 0x0C, 0x00, 0x00,
    0x40, 0xFF, 0xFF, 0xFF, 0x08, 0xFA, 0xFF, 0xFF, 0x6F, 0x00, 0x00, 0x00, 0xA0, 0xFF, 0xFF, 0xFF,
    0xFF, 0x07, 0x00, 0x00, 0x40, 0xFF, 0xFF, 0xFF, 0x08, 0xFA, 0xFF, 0xFF, 0x6F, 0x00, 0x00, 0x00,
    0x50, 0xFF, 0xFF, 0xFF, 0xFF, 0x02, 0x00, 0x00, 0x40, 0xFF, 0xFF, 0xFF, 0x08, 0xFA, 0xFF, 0xFF,
    0x6F, 0x00, 0x00, 0x00, 0x00, 0xFF, 0xFF, 0xFF, 0xDF, 0x00, 0x00, 0x00, 0x40, 0xFF, 0xFF, 0xFF,
    0x08, 0xFA, 0xFF, 0xFF, 0x6F, 0x00, 0x00, 0x00, 0x00, 0xFB, 0xFF, 0xFF, 0x8F, 0x00, 0x00, 0x00,
    0x40, 0xFF, 0xFF, 0xFF, 0x08, 0xF2, 0xFF, 0xFF, 0xAF, 0x00, 0x00, 0x00, 0x00, 0x00, 0x00, 0x00,
    0xF5, 0xFF, 0xFF, 0xFF, 0xFF, 0x08, 0xF2, 0xFF, 0xFF, 0xAF, 0x00, 0x00, 0x00, 0x00, 0x00, 0x00,
    0x00, 0xFD, 0xFF, 0xFF, 0xFF, 0xFF, 0x08, 0xF2, 0xFF, 0xFF, 0xAF, 0x00, 0x00, 0x00, 0x00, 0x00,
    0x00, 0x70, 0xFF, 0xFF, 0xFF, 0xFF, 0xFF, 0x08, 0xF2, 0xFF, 0xFF, 0xAF, 0x00, 0x00, 0x00, 0x00,
    0x00, 0x00, 0xF1, 0xFF, 0xFF, 0xFF, 0xFF, 0xFF, 0x08, 0xF2, 0xFF, 0xFF, 0xAF, 0x00, 0x00, 0x00,
    0x00, 0x00, 0x00, 0xF9, 0xFF, 0xFF, 0xFF, 0xFF, 0xFF, 0x08, 0xF2, 0xFF, 0xFF, 0xAF, 0x00, 0x00,
    0x00, 0x00, 0x00, 0x30, 0xFF, 0xFF, 0xFF, 0xFF, 0xFF, 0xFF, 0x08, 0xF2, 0xFF, 0xFF, 0xAF, 0x00,
    0x00, 0x00, 0x00, 0x00, 0xC0, 0xFF, 0xFF, 0xFF, 0xFF, 0xFF, 0xFF, 0x08, 0xF2, 0xFF, 0xFF, 0xAF,
    0x00, 0x00, 0x00, 0x00, 0x00, 0xF5, 0xFF, 0xFF, 0xFF, 0xFF, 0xFF, 0xFF, 0x08, 0xF2, 0xFF, 0xFF,
    0xAF, 0x00, 0x00, 0x00, 0x00, 0x00, 0xFE, 0xFF, 0xFF, 0xFF, 0xFF, 0xFF, 0xFF, 0x08, 0xF2, 0xFF,
    0xFF, 0xAF, 0x00, 0x00, 0x00, 0x00, 0x70, 0xFF, 0xFF, 0xFF, 0x9F, 0xFD, 0xFF, 0xFF, 0x08, 0xF2,
    0xFF, 0xFF, 0xAF, 0x00, 0x00, 0x00, 0x00, 0xF1, 0xFF, 0xFF, 0xFF, 0x1E, 0xFE, 0xFF, 0xFF, 0x08,
    0xF2, 0xFF, 0xFF, 0xAF, 0x00, 0x00, 0x00, 0x00, 0xFA, 0xFF, 0xFF, 0xFF, 0x06, 0xFE, 0xFF, 0xFF,
    0x08, 0xF2, 0xFF, 0xFF, 0xAF, 0x00, 0x00, 0x00, 0x30, 0xFF, 0xFF, 0xFF, 0xDF, 0x00, 0xFF, 0xFF,
    0xFF, 0x08, 0xF2, 0xFF, 0xFF, 0xAF, 0x00, 0x00, 0x00, 0xC0, 0xFF, 0xFF, 0xFF, 0x4F, 0x00, 0xFF,
    0xFF, 0xFF, 0x08, 0xF2, 0xFF, 0xFF, 0xAF, 0x00, 0x00, 0x00, 0xF5, 0xFF, 0xFF, 0xFF, 0x0B, 0x10,
    0xFF, 0xFF, 0xFF, 0x08, 0xF2, 0xFF, 0xFF, 0xAF, 0x00, 0x00, 0x00, 0xFE, 0xFF, 0xFF, 0xFF, 0x02,
    0x10, 0xFF, 0xFF, 0xFF, 0x08, 0xF2, 0xFF, 0xFF, 0xAF, 0x00, 0x00, 0x80, 0xFF, 0xFF, 0xFF, 0x9F,
    0x00, 0x20, 0xFF, 0xFF, 0xFF, 0x08, 0xF2, 0xFF, 0xFF, 0xAF, 0x00, 0x00, 0xF2, 0xFF, 0xFF, 0xFF,
    0x1E, 0x00, 0x30, 0xFF, 0xFF, 0xFF, 0x08, 0xF2, 0xFF, 0xFF, 0x9F, 0x00, 0x00, 0xFA, 0xFF, 0xFF,
    0xFF, 0x07, 0x00, 0x30, 0xFF, 0xFF, 0xFF, 0x08, 0xF2, 0xFF, 0xFF, 0x9F, 0x00, 0x30, 0xFF, 0xFF,
    0xFF, 0xDF, 0x00, 0x00, 0x40, 0xFF, 0xFF, 0xFF, 0x08, 0xF2, 0xFF, 0xFF, 0x8F, 0x00, 0xD0, 0xFF,
    0xFF, 0xFF, 0x4F, 0x00, 0x00, 0x40, 0xFF, 0xFF, 0xFF, 0x08, 0xF2, 0xFF, 0xFF, 0x8F, 0x00, 0xF6,
    0xFF, 0xFF, 0xFF, 0x0B, 0x00, 0x00, 0x40, 0xFF, 0xFF, 0xFF, 0x08, 0xF2, 0xFF, 0xFF, 0x7F, 0x00,
    0xFE, 0xFF, 0xFF, 0xFF, 0x02, 0x00, 0x00, 0x40, 0xFF, 0xFF, 0xFF, 0x08, 0xF2, 0xFF, 0xFF, 0x6F,
    0x80, 0xFF, 0xFF, 0xFF, 0x9F, 0x00, 0x00, 0x00, 0x40, 0xFF, 0xFF, 0xFF, 0x08, 0xF2, 0xFF, 0xFF,
    0x6F, 0xF2, 0xFF, 0xFF, 0xFF, 0x1F, 0x00, 0x00, 0x00, 0x40, 0xFF, 0xFF, 0xFF, 0x08, 0xF2, 0xFF,
    0xFF, 0x5F, 0xFB, 0xFF, 0xFF, 0xFF, 0x07, 0x00, 0x00, 0x00, 0x40, 0xFF, 0xFF, 0xFF, 0x08, 0xF2,
    0xFF, 0xFF, 0x9F, 0xFF, 0xFF, 0xFF, 0xDF, 0x00, 0x00, 0x00, 0x00, 0x40, 0xFF, 0xFF, 0xFF, 0x08,
    0xF2, 0xFF, 0xFF, 0xFF, 0xFF, 0xFF, 0xFF, 0x5F, 0x00, 0x00, 0x00, 0x00, 0x40, 0xFF, 0xFF, 0xFF,
    0x08, 0xF2, 0xFF, 0xFF, 0xFF, 0xFF, 0xFF, 0xFF, 0x0B, 0x00, 0x00, 0x00, 0x00, 0x40, 0xFF, 0xFF,
    0xFF, 0x08, 0xF2, 0xFF, 0xFF, 0xFF, 0xFF, 0xFF, 0xFF, 0x02, 0x00, 0x00, 0x00, 0x00, 0x40, 0xFF,
    0xFF, 0xFF, 0x08, 0xF2, 0xFF, 0xFF, 0xFF, 0xFF, 0xFF, 0x9F, 0x00, 0x00, 0x00, 0x00, 0x00, 0x40,
    0xFF, 0xFF, 0xFF, 0x08, 0xF2, 0xFF, 0xFF, 0xFF, 0xFF, 0xFF, 0x1F, 0x00, 0x00, 0x00, 0x00, 0x00,
    0x40, 0xFF, 0xFF, 0xFF, 0x08, 0xF2, 0xFF, 0xFF, 0xFF, 0xFF, 0xFF, 0x07, 0x00, 0x00, 0x00, 0x00,
    0x00, 0x40, 0xFF, 0xFF, 0xFF, 0x08, 0xF2, 0xFF, 0xFF, 0xFF, 0xFF, 0xDF, 0x00, 0x00, 0x00, 0x00,
    0x00, 0x00, 0x40, 0xFF, 0xFF, 0xFF, 0x08, 0xF2, 0xFF, 0xFF, 0xFF, 0xFF, 0x5F, 0x00, 0x00, 0x00,
    0x00, 0x00, 0x00, 0x40, 0xFF, 0xFF, 0xFF, 0x08, 0xF2, 0xFF, 0xFF, 0xFF, 0xFF, 0x0C, 0x00, 0x00,
    0x00, 0x00, 0x00, 0x00, 0x40, 0xFF, 0xFF, 0xFF, 0x08, 0x00, 0x00, 0x00, 0x00, 0x00, 0x00, 0x41,
    0x75, 0x77, 0x67, 0x14, 0x00, 0x00, 0x00, 0x00, 0x00, 0x00, 0x00, 0x00, 0x00, 0x00, 0x00, 0x30,
    0xD9, 0xFF, 0xFF, 0xFF, 0xFF, 0xFF, 0x9E, 0x04, 0x00, 0x00, 0x00, 0x00, 0x00, 0x00, 0x00, 0x00,
    0x30, 0xFB, 0xFF, 0xFF, 0xFF, 0xFF, 0xFF, 0xFF, 0xFF, 0xDF, 0x04, 0x00, 0x00, 0x00, 0x00, 0x00,
    0x00, 0x00, 0xF8, 0xFF, 0xFF, 0xFF, 0xFF, 0xFF, 0xFF, 0xFF, 0xFF, 0xFF, 0xAF, 0x00, 0x00, 0x00,
    0x00, 0x00, 0x00, 0xB0, 0xFF, 0xFF, 0xFF, 0xFF, 0xFF, 0xFF, 0xFF, 0xFF, 0xFF, 0xFF, 0xFF, 0x1D,
    0x00, 0x00, 0x00, 0x00, 0x00, 0xFB, 0xFF, 0xFF, 0xFF, 0xFF, 0xFF, 0xFF, 0xFF, 0xFF, 0xFF, 0xFF,
    0xFF, 0xDF, 0x01, 0x00, 0x00, 0x00, 0x80, 0xFF, 0xFF, 0xFF, 0xFF, 0xFF, 0xEF, 0xDD, 0xFE, 0xFF,
    0xFF, 0xFF, 0xFF, 0xFF, 0x0B, 0x00, 0x00, 0x00, 0xF2, 0xFF, 0xFF, 0xFF, 0xFF, 0x6D, 0x01, 0x00,
    0x10, 0xC5, 0xFF, 0xFF, 0xFF, 0xFF, 0x6F, 0x00, 0x00, 0x00, 0xFB, 0xFF, 0xFF, 0xFF, 0x8F, 0x00,
    0x00, 0x00, 0x00, 0x00, 0xF7, 0xFF, 0xFF, 0xFF, 0xEF, 0x00, 0x00, 0x20, 0xFF, 0xFF, 0xFF, 0xFF,
    0x09, 0x00, 0x00, 0x00, 0x00, 0x00, 0x60, 0xFF, 0xFF, 0xFF, 0xFF, 0x06, 0x00, 0x90, 0xFF, 0xFF,
    0xFF, 0xDF, 0x00, 0x00, 0x00, 0x00, 0x00, 0x00, 0x00, 0xFB, 0xFF, 0xFF, 0xFF, 0x0C, 0x00, 0xE0,
    0xFF, 0xFF, 0xFF, 0x6F, 0x00, 0x00, 0x00, 0x00, 0x00, 0x00, 0x00, 0xF2, 0xFF, 0xFF, 0xFF, 0x1F,
    0x00, 0xF2, 0xFF, 0xFF, 0xFF, 0x0F, 0x00, 0x00, 0x00, 0x00, 0x00, 0x00, 0x00, 0xC0, 0xFF, 0xFF,
    0xFF, 0x5F, 0x00, 0xF6, 0xFF, 0xFF, 0xFF, 0x0B, 0x00, 0x00, 0x00, 0x00, 0x00, 0x00, 0x00, 0x70,
    0xFF, 0xFF, 0xFF, 0x9F, 0x00, 0xF8, 0xFF, 0xFF, 0xFF, 0x07, 0x00, 0x00, 0x00, 0x00, 0x00, 0x00,
    0x00, 0x30, 0xFF, 0xFF, 0xFF, 0xCF, 0x00, 0xFB, 0xFF, 0xFF, 0xFF, 0x04, 0x00, 0x00, 0x00, 0x00,
    0x00, 0x00, 0x00, 0x10, 0xFF, 0xFF, 0xFF, 0xEF, 0x00, 0xFC, 0xFF, 0xFF, 0xFF, 0x02, 0x00, 0x00,
    0x00, 0x00, 0x00, 0x00, 0x00, 0x00, 0xFF, 0xFF, 0xFF, 0xFF, 0x00, 0xFD, 0xFF, 0xFF, 0xFF, 0x01,
    0x00, 0x00, 0x00, 0x00, 0x00, 0x00, 0x00, 0x00, 0xFE, 0xFF, 0xFF, 0xFF, 0x00, 0xFE, 0xFF, 0xFF,
    0xFF, 0x00, 0x00, 0x00, 0x00, 0x00, 0x00, 0x00, 0x00, 0x00, 0xFD, 0xFF, 0xFF, 0xFF, 0x01, 0xFE,
    0xFF, 0xFF, 0xFF, 0x00, 0x00, 0x00, 0x00, 0x00, 0x00, 0x00, 0x00, 0x00, 0xFD, 0xFF, 0xFF, 0xFF,
    0x01, 0xFD, 0xFF, 0xFF, 0xFF, 0x01, 0x00, 0x00, 0x00, 0x00, 0x00, 0x00, 0x00, 0x00, 0xFE, 0xFF,
    0xFF, 0xFF, 0x00, 0xFC, 0xFF, 0xFF, 0xFF, 0x02, 0x00, 0x00, 0x00, 0x00, 0x00, 0x00, 0x00, 0x00,
    0xFF, 0xFF, 0xFF, 0xFF, 0x00, 0xFB, 0xFF, 0xFF, 0xFF, 0x04, 0x00, 0x00, 0x00, 0x00, 0x00, 0x00,
    0x00, 0x10, 0xFF, 0xFF, 0xFF, 0xEF, 0x00, 0xF8, 0xFF, 0xFF, 0xFF, 0x07, 0x00, 0x00, 0x00, 0x00,
    0x00, 0x00, 0x00, 0x40, 0xFF, 0xFF, 0xFF, 0xCF, 0x00, 0xF5, 0xFF, 0xFF, 0xFF, 0x0A, 0x00, 0x00,
    0x00, 0x00, 0x00, 0x00, 0x00, 0x70, 0xFF, 0xFF, 0xFF, 0x9F, 0x00, 0xF2, 0xFF, 0xFF, 0xFF, 0x0F,
    0x00, 0x00, 0x00, 0x00, 0x00, 0x00, 0x00, 0xC0, 0xFF, 0xFF, 0xFF, 0x5F, 0x00, 0xE0, 0xFF, 0xFF,
    0xFF, 0x5F, 0x00, 0x00, 0x00, 0x00, 0x00, 0x00, 0x00, 0xF3, 0xFF, 0xFF, 0xFF, 0x1F, 0x00, 0x80,
    0xFF, 0xFF, 0xFF, 0xDF, 0x00, 0x00, 0x00, 0x00, 0x00, 0x00, 0x00, 0xFB, 0xFF, 0xFF, 0xFF, 0x0B,
    0x00, 0x20, 0xFF, 0xFF, 0xFF, 0xFF, 0x09, 0x00, 0x00, 0x00, 0x00, 0x00, 0x70, 0xFF, 0xFF, 0xFF,
    0xFF, 0x05, 0x00, 0x00, 0xFA, 0xFF, 0xFF, 0xFF, 0x9F, 0x00, 0x00, 0x00, 0x00, 0x00, 0xF7, 0xFF,
    0xFF, 0xFF, 0xDF, 0x00, 0x00, 0x00, 0xF2, 0xFF, 0xFF, 0xFF, 0xFF, 0x7E, 0x02, 0x00, 0x10, 0xD6,
    0xFF, 0xFF, 0xFF, 0xFF, 0x5F, 0x00, 0x00, 0x00, 0x70, 0xFF, 0xFF, 0xFF, 0xFF, 0xFF, 0xFF, 0xDD,
    0xFE, 0xFF, 0xFF, 0xFF, 0xFF, 0xFF, 0x0A, 0x00, 0x00, 0x00, 0x00, 0xFA, 0xFF, 0xFF, 0xFF, 0xFF,
    0xFF, 0xFF, 0xFF, 0xFF, 0xFF, 0xFF, 0xFF, 0xDF, 0x00, 0x00, 0x00, 0x00, 0x00, 0xA0, 0xFF, 0xFF,
    0xFF, 0xFF, 0xFF, 0xFF, 0xFF, 0xFF, 0xFF, 0xFF, 0xFF, 0x1D, 0x00, 0x00, 0x00, 0x00, 0x00, 0x00,
    0xF7, 0xFF, 0xFF, 0xFF, 0xFF, 0xFF, 0xFF, 0xFF, 0xFF, 0xFF, 0xAF, 0x00, 0x00, 0x00, 0x00, 0x00,
    0x00, 0x00, 0x20, 0xFB, 0xFF, 0xFF, 0xFF, 0xFF, 0xFF, 0xFF, 0xFF, 0xCF, 0x04, 0x00, 0x00, 0x00,
    0x00, 0x00, 0x00, 0x00, 0x00, 0x20, 0xD8, 0xFF, 0xFF, 0xFF, 0xFF, 0xFF, 0x9E, 0x03, 0x00, 0x00,
    0x00, 0x00, 0x00, 0x00, 0x00, 0x00, 0x00, 0x00, 0x00, 0x31, 0x75, 0x77, 0x67, 0x14, 0x00, 0x00,
    0x00, 0x00, 0x00, 0x00, 0x00, 0x00, 0x00, 0x00, 0x10, 0x95, 0xDC, 0xFF, 0xFF, 0xFF, 0xFF, 0xFF,
    0xFF, 0x8F, 0x00, 0x00, 0x20, 0xFA, 0xFF, 0xFF, 0xFF, 0xFF, 0xFF, 0xFF, 0xFF, 0xFF, 0x8F, 0x00,
    0x00, 0xF6, 0xFF, 0xFF, 0xFF, 0xFF, 0xFF, 0xFF, 0xFF, 0xFF, 0xFF, 0x8F, 0x00, 0x70, 0xFF, 0xFF,
    0xFF, 0xFF, 0xFF, 0xFF, 0xFF, 0xFF, 0xFF, 0xFF, 0x8F, 0x00, 0xF4, 0xFF, 0xFF, 0xFF, 0xFF, 0xFF,
    0xFF, 0xFF, 0xFF, 0xFF, 0xFF, 0x8F, 0x00, 0xFD, 0xFF, 0xFF, 0xFF, 0xFF, 0xFF, 0xFF, 0xFF, 0xFF,
    0xFF, 0xFF, 0x8F, 0x50, 0xFF, 0xFF, 0xFF, 0xFF, 0x9F, 0x35, 0x33, 0x33, 0xFF, 0xFF, 0xFF, 0x8F,
    0xA0, 0xFF, 0xFF, 0xFF, 0xDF, 0x02, 0x00, 0x00, 0x10, 0xFF, 0xFF, 0xFF, 0x8F, 0xE0, 0xFF, 0xFF,
    0xFF, 0x2F, 0x00, 0x00, 0x00, 0x10, 0xFF, 0xFF, 0xFF, 0x8F, 0xF1, 0xFF, 0xFF, 0xFF, 0x0B, 0x00,
    0x00, 0x00, 0x10, 0xFF, 0xFF, 0xFF, 0x8F, 0xF2, 0xFF, 0xFF, 0xFF, 0x08, 0x00, 0x00, 0x00, 0x10,
    0xFF, 0xFF, 0xFF, 0x8F, 0xF2, 0xFF, 0xFF, 0xFF, 0x08, 0x00, 0x00, 0x00, 0x10, 0xFF, 0xFF, 0xFF,
    0x8F, 0xF1, 0xFF, 0xFF, 0xFF, 0x09, 0x00, 0x00, 0x00, 0x10, 0xFF, 0xFF, 0xFF, 0x8F, 0xF0, 0xFF,
    0xFF, 0xFF, 0x0D, 0x00, 0x00, 0x00, 0x10, 0xFF, 0xFF, 0xFF, 0x8F, 0xC0, 0xFF, 0xFF, 0xFF, 0x6F,
    0x00, 0x00, 0x00, 0x10, 0xFF, 0xFF, 0xFF, 0x8F, 0x70, 0xFF, 0xFF, 0xFF, 0xFF, 0x06, 0x00, 0x00,
    0x10, 0xFF, 0xFF, 0xFF, 0x8F, 0x10, 0xFF, 0xFF, 0xFF, 0xFF, 0xDF, 0x58, 0x33, 0x33, 0xFF, 0xFF,
    0xFF, 0x8F, 0x00, 0xF9, 0xFF, 0xFF, 0xFF, 0xFF, 0xFF, 0xFF, 0xFF, 0xFF, 0xFF, 0xFF, 0x8F, 0x00,
    0xD0, 0xFF, 0xFF, 0xFF, 0xFF, 0xFF, 0xFF, 0xFF, 0xFF, 0xFF, 0xFF, 0x8F, 0x00, 0x20, 0xFE, 0xFF,
    0xFF, 0xFF, 0xFF, 0xFF, 0xFF, 0xFF, 0xFF, 0xFF, 0x8F, 0x00, 0x00, 0xB1, 0xFF, 0xFF, 0xFF, 0xFF,
    0xFF, 0xFF, 0xFF, 0xFF, 0xFF, 0x8F, 0x00, 0x00, 0x00, 0xC5, 0xFF, 0xFF, 0xFF, 0xFF, 0xFF, 0xFF,
    0xFF, 0xFF, 0x8F, 0x00, 0x00, 0x00, 0x00, 0x72, 0xDA, 0xFE, 0xFF, 0xFF, 0xFF, 0xFF, 0xFF, 0x8F,
    0x00, 0x00, 0x00, 0x00, 0x00, 0x00, 0x00, 0x00, 0x10, 0xFF, 0xFF, 0xFF, 0x8F, 0x00, 0x00, 0x00,
    0x00, 0x00, 0x00, 0x00, 0x00, 0x10, 0xFF, 0xFF, 0xFF, 0x8F, 0x00, 0x00, 0x00, 0x00, 0x00, 0x00,
    0x00, 0x00, 0x10, 0xFF, 0xFF, 0xFF, 0x8F, 0x00, 0x00, 0x00, 0x00, 0x00, 0x00, 0x00, 0x00, 0x10,
    0xFF, 0xFF, 0xFF, 0x8F, 0x00, 0x00, 0x00, 0x00, 0x00, 0x00, 0x00, 0x00, 0x10, 0xFF, 0xFF, 0xFF,
    0x8F, 0x00, 0x00, 0x00, 0x00, 0x00, 0x00, 0x00, 0x00, 0x10, 0xFF, 0xFF, 0xFF, 0x8F, 0x00, 0x00,
    0x00, 0x00, 0x00, 0x00, 0x00, 0x00, 0x10, 0xFF, 0xFF, 0xFF, 0x8F, 0x00, 0x00, 0x00, 0x00, 0x00,
    0x00, 0x00, 0x00, 0x10, 0xFF, 0xFF, 0xFF, 0x8F, 0x00, 0x00, 0x00, 0x00, 0x00, 0x00, 0x00, 0x00,
    0x10, 0xFF, 0xFF, 0xFF, 0x8F, 0x00, 0x00, 0x00, 0x00, 0x00, 0x00, 0x00, 0x00, 0x10, 0xFF, 0xFF,
    0xFF, 0x8F, 0x00, 0x00, 0x00, 0x00, 0x00, 0x00, 0x00, 0x00, 0x10, 0xFF, 0xFF, 0xFF, 0x8F, 0x00,
    0x00, 0x00, 0x00, 0x00, 0x00, 0x00, 0x00, 0x10, 0xFF, 0xFF, 0xFF, 0x8F, 0x00, 0x00, 0x00, 0x00,
    0x00, 0x00, 0x00, 0x00, 0x10, 0xFF, 0xFF, 0xFF, 0x8F, 0x00, 0x00, 0x00, 0x00, 0x00, 0x00, 0x41,
    0x75, 0x77, 0x67, 0x14, 0x00, 0x00, 0x00, 0x00, 0x00, 0x00, 0x00, 0x00, 0x00, 0x00, 0x00, 0x30,
    0xD9, 0xFF, 0xFF, 0xFF, 0xFF, 0xFF, 0x9E, 0x04, 0x00, 0x00, 0x00, 0x00, 0x00, 0x00, 0x00, 0x00,
    0x30, 0xFB, 0xFF, 0xFF, 0xFF, 0xFF, 0xFF, 0xFF, 0xFF, 0xDF, 0x04, 0x00, 0x00, 0x00, 0x00, 0x00,
    0x00, 0x00, 0xF8, 0xFF, 0xFF, 0xFF, 0xFF, 0xFF, 0xFF, 0xFF, 0xFF, 0xFF, 0xAF, 0x00, 0x00, 0x00,
    0x00, 0x00, 0x00, 0xB0, 0xFF, 0xFF, 0xFF, 0xFF, 0xFF, 0xFF, 0xFF, 0xFF, 0xFF, 0xFF, 0xFF, 0x1D,
    0x00, 0x00, 0x00, 0x00, 0x00, 0xFB, 0xFF, 0xFF, 0xFF, 0xFF, 0xFF, 0xFF, 0xFF, 0xFF, 0xFF, 0xFF,
    0xFF, 0xDF, 0x01, 0x00, 0x00, 0x00, 0x80, 0xFF, 0xFF, 0xFF, 0xFF, 0xFF, 0xEF, 0xDD, 0xFE, 0xFF,
    0xFF, 0xFF, 0xFF, 0xFF, 0x0B, 0x00, 0x00, 0x00, 0xF2, 0xFF, 0xFF, 0xFF, 0xFF, 0x6D, 0x01, 0x00,
    0x10, 0xC5, 0xFF, 0xFF, 0xFF, 0xFF, 0x6F, 0x00, 0x00, 0x00, 0xFB, 0xFF, 0xFF, 0xFF, 0x8F, 0x00,
    0x00, 0x00, 0x00, 0x00, 0xF7, 0xFF, 0xFF, 0xFF, 0xEF, 0x00, 0x00, 0x20, 0xFF, 0xFF, 0xFF, 0xFF,
    0x09, 0x00, 0x00, 0x00, 0x00, 0x00, 0x60, 0xFF, 0xFF, 0xFF, 0xFF, 0x06, 0x00, 0x90, 0xFF, 0xFF,
    0xFF, 0xDF, 0x00, 0x00, 0x00, 0x00, 0x00, 0x00, 0x00, 0xFB, 0xFF, 0xFF, 0xFF, 0x0C, 0x00, 0xE0,
    0xFF, 0xFF, 0xFF, 0x6F, 0x00, 0x00, 0x00, 0x00, 0x00, 0x00, 0x00, 0xF2, 0xFF, 0xFF, 0xFF, 0x1F,
    0x00, 0xF2, 0xFF, 0xFF, 0xFF, 0x0F, 0x00, 0x00, 0x00, 0x00, 0x00, 0x00, 0x00, 0xC0, 0xFF, 0xFF,
    0xFF, 0x5F, 0x00, 0xF6, 0xFF, 0xFF, 0xFF, 0x0B, 0x00, 0x00, 0x00, 0x00, 0x00, 0x00, 0x00, 0x70,
    0xFF, 0xFF, 0xFF, 0x9F, 0x00, 0xF8, 0xFF, 0xFF, 0xFF, 0x07, 0x00, 0x00, 0x00, 0x00, 0x00, 0x00,
    0x00, 0x30, 0xFF, 0xFF, 0xFF, 0xCF, 0x00, 0xFB, 0xFF, 0xFF, 0xFF, 0x04, 0x00, 0x00, 0x00, 0x00,
    0x00, 0x00, 0x00, 0x10, 0xFF, 0xFF, 0xFF, 0xEF, 0x00, 0xFC, 0xFF, 0xFF, 0xFF, 0x02, 0x00, 0x00,
    0x00, 0x00, 0x00, 0x00, 0x00, 0x00, 0xFF, 0xFF, 0xFF, 0xFF, 0x00, 0xFD, 0xFF, 0xFF, 0xFF, 0x01,
    0x00, 0x00, 0x00, 0x00, 0x00, 0x00, 0x00, 0x00, 0xFE, 0xFF, 0xFF, 0xFF, 0x00, 0xFE, 0xFF, 0xFF,
    0xFF, 0x00, 0x00, 0x00, 0x00, 0x00, 0x00, 0x00, 0x00, 0x00, 0xFD, 0xFF, 0xFF, 0xFF, 0x01, 0xFE,
    0xFF, 0xFF, 0xFF, 0x00, 0x00, 0x00, 0x00, 0x00, 0x00, 0x00, 0x00, 0x00, 0xFD, 0xFF, 0xFF, 0xFF,
    0x01, 0xFD, 0xFF, 0xFF, 0xFF, 0x01, 0x00, 0x00, 0x00, 0x00, 0x00, 0x00, 0x00, 0x00, 0xFE, 0xFF,
    0xFF, 0xFF, 0x00, 0xFC, 0xFF, 0xFF, 0xFF, 0x02, 0x00, 0x00, 0x00, 0x00, 0x00, 0x00, 0x00, 0x00,
    0xFF, 0xFF, 0xFF, 0xFF, 0x00, 0xFA, 0xFF, 0xFF, 0xFF, 0x04, 0x00, 0x00, 0x00, 0x00, 0x00, 0x00,
    0x00, 0x10, 0xFF, 0xFF, 0xFF, 0xEF, 0x00, 0xF8, 0xFF, 0xFF, 0xFF, 0x07, 0x00, 0x00, 0x00, 0x00,
    0x00, 0x00, 0x00, 0x40, 0xFF, 0xFF, 0xFF, 0xCF, 0x00, 0xF6, 0xFF, 0xFF, 0xFF, 0x0A, 0x00, 0x00,
    0x00, 0x00, 0x00, 0x00, 0x00, 0x70, 0xFF, 0xFF, 0xFF, 0x9F, 0x00, 0xF2, 0xFF, 0xFF, 0xFF, 0x0F,
    0x00, 0x00, 0x00, 0x00, 0x00, 0x00, 0x00, 0xC0, 0xFF, 0xFF, 0xFF, 0x5F, 0x00, 0xE0, 0xFF, 0xFF,
    0xFF, 0x5F, 0x00, 0x00, 0x00, 0x00, 0x00, 0x00, 0x00, 0xF3, 0xFF, 0xFF, 0xFF, 0x1F, 0x00, 0x90,
    0xFF, 0xFF, 0xFF, 0xDF, 0x00, 0x00, 0x00, 0x00, 0x00, 0x00, 0x00, 0xFB, 0xFF, 0xFF, 0xFF, 0x0B,
    0x00, 0x30, 0xFF, 0xFF, 0xFF, 0xFF, 0x09, 0x00, 0x00, 0x00, 0x00, 0x00, 0x70, 0xFF, 0xFF, 0xFF,
    0xFF, 0x05, 0x00, 0x00, 0xFB, 0xFF, 0xFF, 0xFF, 0x9F, 0x00, 0x00, 0x00, 0x00, 0x00, 0xF7, 0xFF,
    0xFF, 0xFF, 0xDF, 0x00, 0x00, 0x00, 0xF2, 0xFF, 0xFF, 0xFF, 0xFF, 0x7E, 0x02, 0x00, 0x10, 0xD6,
    0xFF, 0xFF, 0xFF, 0xFF, 0x5F, 0x00, 0x00, 0x00, 0x80, 0xFF, 0xFF, 0xFF, 0xFF, 0xFF, 0xFF, 0xDD,
    0xFE, 0xFF, 0xFF, 0xFF, 0xFF, 0xFF, 0x0A, 0x00, 0x00, 0x00, 0x00, 0xFB, 0xFF, 0xFF, 0xFF, 0xFF,
    0xFF, 0xFF, 0xFF, 0xFF, 0xFF, 0xFF, 0xFF, 0xDF, 0x00, 0x00, 0x00, 0x00, 0x00, 0xB0, 0xFF, 0xFF,
    0xFF, 0xFF, 0xFF, 0xFF, 0xFF, 0xFF, 0xFF, 0xFF, 0xFF, 0x1D, 0x00, 0x00, 0x00, 0x00, 0x00, 0x00,
    0xF8, 0xFF, 0xFF, 0xFF, 0xFF, 0xFF, 0xFF, 0xFF, 0xFF, 0xFF, 0xAF, 0x00, 0x00, 0x00, 0x00, 0x00,
    0x00, 0x00, 0x20, 0xFB, 0xFF, 0xFF, 0xFF, 0xFF, 0xFF, 0xFF, 0xFF, 0xCF, 0x04, 0x00, 0x00, 0x00,
    0x00, 0x00, 0x00, 0x00, 0x00, 0xF9, 0xFF, 0xFF, 0xFF, 0xFF, 0xFF, 0xFF, 0x9E, 0x03, 0x00, 0x00,
    0x00, 0x00, 0x00, 0x00, 0x00, 0x00, 0x80, 0xFF, 0xFF, 0xFF, 0xFF, 0x7A, 0x67, 0x14, 0x00, 0x00,
    0x00, 0x00, 0x00, 0x00, 0x00, 0x00, 0x00, 0x00, 0xF6, 0xFF, 0xFF, 0xFF, 0xBF, 0x00, 0x00, 0x00,
    0x00, 0x00, 0x00, 0x00, 0x00, 0x00, 0x00, 0x00, 0x00, 0x50, 0xFF, 0xFF, 0xFF, 0xFF, 0x1D, 0x00,
    0x00, 0x00, 0x00, 0x00, 0x00, 0x00, 0x00, 0x00, 0x00, 0x00, 0x00, 0xF3, 0xFF, 0xFF, 0xFF, 0xFF,
    0x02, 0x00, 0x00, 0x00, 0x00, 0x00, 0x00, 0x00, 0x00, 0x00, 0x00, 0x00, 0x20, 0xFE, 0xFF, 0xFF,
    0xFF, 0x4F, 0x00, 0x00, 0x00, 0x00, 0x00, 0x00, 0x00, 0x00, 0x00, 0x00, 0x00, 0x00, 0xE1, 0xFF,
    0xFF, 0xFF, 0xFF, 0x07, 0x00, 0x00, 0x00, 0x00, 0x00, 0x00, 0x00, 0x00, 0x00, 0x00, 0x00, 0x10,
    0xFD, 0xFF, 0xFF, 0xFF, 0xAF, 0x00, 0x00, 0x00, 0x00, 0x00, 0x00, 0x00, 0x00, 0x00, 0x00, 0x00,
    0x00, 0xC0, 0xFF, 0xFF, 0xFF, 0xFF, 0x0C, 0x00, 0x00, 0x00, 0x00, 0x00, 0x00, 0x00, 0x00, 0x00,
    0x00, 0x00, 0x00, 0x83, 0x88, 0x88, 0x88, 0x88, 0x01, 0x00, 0x00, 0x00, 0x00, 0x00, 0x00, 0x00,
    0x00, 0x00, 0x00, 0x00, 0x00, 0x00, 0x00, 0x00, 0x00, 0x00, 0x00, 0x84, 0xCA, 0xFE, 0xFF, 0xFF,
    0xFF, 0xFF, 0xFF, 0x8F, 0x00, 0x00, 0x00, 0x00, 0x20, 0xF9, 0xFF, 0xFF, 0xFF, 0xFF, 0xFF, 0xFF,
    0xFF, 0xFF, 0x8F, 0x00, 0x00, 0x00, 0x00, 0xF7, 0xFF, 0xFF, 0xFF, 0xFF, 0xFF, 0xFF, 0xFF, 0xFF,
    0xFF, 0x8F, 0x00, 0x00, 0x00, 0x90, 0xFF, 0xFF, 0xFF, 0xFF, 0xFF, 0xFF, 0xFF, 0xFF, 0xFF, 0xFF,
    0x8F, 0x00, 0x00, 0x00, 0xF7, 0xFF, 0xFF, 0xFF, 0xFF, 0xFF, 0xFF, 0xFF, 0xFF, 0xFF, 0xFF, 0x8F,
    0x00, 0x00, 0x10, 0xFF, 0xFF, 0xFF, 0xFF, 0xFF, 0xFF, 0xFF, 0xFF, 0xFF, 0xFF, 0xFF, 0x8F, 0x00,
    0x00, 0x70, 0xFF, 0xFF, 0xFF, 0xFF, 0xBF, 0x47, 0x33, 0x33, 0xFF, 0xFF, 0xFF, 0x8F, 0x00, 0x00,
    0xC0, 0xFF, 0xFF, 0xFF, 0xCF, 0x02, 0x00, 0x00, 0x10, 0xFF, 0xFF, 0xFF, 0x8F, 0x00, 0x00, 0xF0,
    0xFF, 0xFF, 0xFF, 0x1F, 0x00, 0x00, 0x00, 0x10, 0xFF, 0xFF, 0xFF, 0x8F, 0x00, 0x00, 0xF1, 0xFF,
    0xFF, 0xFF, 0x0A, 0x00, 0x00, 0x00, 0x10, 0xFF, 0xFF, 0xFF, 0x8F, 0x00, 0x00, 0xF2, 0xFF, 0xFF,
    0xFF, 0x08, 0x00, 0x00, 0x00, 0x10, 0xFF, 0xFF, 0xFF, 0x8F, 0x00, 0x00, 0xF1, 0xFF, 0xFF, 0xFF,
    0x08, 0x00, 0x00, 0x00, 0x10, 0xFF, 0xFF, 0xFF, 0x8F, 0x00, 0x00, 0xF0, 0xFF, 0xFF, 0xFF, 0x0B,
    0x00, 0x00, 0x00, 0x10, 0xFF, 0xFF, 0xFF, 0x8F, 0x00, 0x00, 0xC0, 0xFF, 0xFF, 0xFF, 0x2F, 0x00,
    0x00, 0x00, 0x10, 0xFF, 0xFF, 0xFF, 0x8F, 0x00, 0x00, 0x60, 0xFF, 0xFF, 0xFF, 0xDF, 0x02, 0x00,
    0x00, 0x10, 0xFF, 0xFF, 0xFF, 0x8F, 0x00, 0x00, 0x00, 0xFE, 0xFF, 0xFF, 0xFF, 0xBF, 0x46, 0x22,
    0x32, 0xFF, 0xFF, 0xFF, 0x8F, 0x00, 0x00, 0x00, 0xF4, 0xFF, 0xFF, 0xFF, 0xFF, 0xFF, 0xFF, 0xFF,
    0xFF, 0xFF, 0xFF, 0x8F, 0x00, 0x00, 0x00, 0x60, 0xFF, 0xFF, 0xFF, 0xFF, 0xFF, 0xFF, 0xFF, 0xFF,
    0xFF, 0xFF, 0x8F, 0x00, 0x00, 0x00, 0x00, 0xE4, 0xFF, 0xFF, 0xFF, 0xFF, 0xFF, 0xFF, 0xFF, 0xFF,
    0xFF, 0x8F, 0x00, 0x00, 0x00, 0x00, 0x10, 0xFA, 0xFF, 0xFF, 0xFF, 0xFF, 0xFF, 0xFF, 0xFF, 0xFF,
    0x8F, 0x00, 0x00, 0x00, 0x00, 0x00, 0xC0, 0xFF, 0xFF, 0xFF, 0xFF, 0xFF, 0xFF, 0xFF, 0xFF, 0x8F,
    0x00, 0x00, 0x00, 0x00, 0x00, 0xF6, 0xFF, 0xFF, 0xFF, 0xFF, 0xFF, 0xFF, 0xFF, 0xFF, 0x8F, 0x00,
    0x00, 0x00, 0x00, 0x20, 0xFF, 0xFF, 0xFF, 0x9F, 0x00, 0x10, 0xFF, 0xFF, 0xFF, 0x8F, 0x00, 0x00,
    0x00, 0x00, 0xB0, 0xFF, 0xFF, 0xFF, 0x1E, 0x00, 0x10, 0xFF, 0xFF, 0xFF, 0x8F, 0x00, 0x00, 0x00,
    0x00, 0xF6, 0xFF, 0xFF, 0xFF, 0x06, 0x00, 0x10, 0xFF, 0xFF, 0xFF, 0x8F, 0x00, 0x00, 0x00, 0x10,
    0xFF, 0xFF, 0xFF, 0xCF, 0x00, 0x00, 0x10, 0xFF, 0xFF, 0xFF, 0x8F, 0x00, 0x00, 0x00, 0xB0, 0xFF,
    0xFF, 0xFF, 0x2F, 0x00, 0x00, 0x10, 0xFF, 0xFF, 0xFF, 0x8F, 0x00, 0x00, 0x00, 0xF6, 0xFF, 0xFF,
    0xFF, 0x09, 0x00, 0x00, 0x10, 0xFF, 0xFF, 0xFF, 0x8F, 0x00, 0x00, 0x10, 0xFF, 0xFF, 0xFF, 0xEF,
    0x00, 0x00, 0x00, 0x10, 0xFF, 0xFF, 0xFF, 0x8F, 0x00, 0x00, 0xB0, 0xFF, 0xFF, 0xFF, 0x5F, 0x00,
    0x00, 0x00, 0x10, 0xFF, 0xFF, 0xFF, 0x8F, 0x00, 0x00, 0xF6, 0xFF, 0xFF, 0xFF, 0x0B, 0x00, 0x00,
    0x00, 0x10, 0xFF, 0xFF, 0xFF, 0x8F, 0x00, 0x10, 0xFF, 0xFF, 0xFF, 0xFF, 0x02, 0x00, 0x00, 0x00,
    0x10, 0xFF, 0xFF, 0xFF, 0x8F, 0x00, 0xB0, 0xFF, 0xFF, 0xFF, 0x8F, 0x00, 0x00, 0x00, 0x00, 0x10,
    0xFF, 0xFF, 0xFF, 0x8F, 0x00, 0xF5, 0xFF, 0xFF, 0xFF, 0x0E, 0x00, 0x00, 0x00, 0x00, 0x10, 0xFF,
    0xFF, 0xFF, 0x8F, 0x10, 0xFE, 0xFF, 0xFF, 0xFF, 0x04, 0x00, 0x00, 0x00, 0x00, 0x10, 0xFF, 0xFF,
    0xFF, 0x8F, 0xB0, 0xFF, 0xFF, 0xFF, 0xBF, 0x00, 0x00, 0x00, 0x00, 0x00, 0x10, 0xFF, 0xFF, 0xFF,
    0x8F, 0x00, 0x00, 0x00, 0x20, 0x65, 0x77, 0x57, 0x03, 0x00, 0x00, 0x00, 0x00, 0x00, 0x10, 0xB7,
    0xFF, 0xFF, 0xFF, 0xFF, 0xFF, 0x5B, 0x00, 0x00, 0x00, 0x50, 0xFC, 0xFF, 0xFF, 0xFF, 0xFF, 0xFF,
    0xFF, 0xFF, 0x3D, 0x00, 0x00, 0xF3, 0xFF, 0xFF, 0xFF, 0xFF, 0xFF, 0xFF, 0xFF, 0xFF, 0xFF, 0x06,
    0x00, 0xC0, 0xFF, 0xFF, 0xFF, 0xFF, 0xFF, 0xFF, 0xFF, 0xFF, 0xFF, 0x4F, 0x00, 0x50, 0xFF, 0xFF,
    0xFF, 0xFF, 0xFF, 0xFF, 0xFF, 0xFF, 0xFF, 0xEF, 0x01, 0x00, 0xFE, 0xFF, 0xFF, 0xFF, 0xCD, 0xFE,
    0xFF, 0xFF, 0xFF, 0xFF, 0x07, 0x00, 0xF8, 0xFF, 0x5A, 0x01, 0x00, 0x20, 0xFA, 0xFF, 0xFF, 0xFF,
    0x0D, 0x00, 0xB2, 0x05, 0x00, 0x00, 0x00, 0x00, 0xB0, 0xFF, 0xFF, 0xFF, 0x1F, 0x00, 0x00, 0x00,
    0x00, 0x00, 0x00, 0x00, 0x30, 0xFF, 0xFF, 0xFF, 0x3F, 0x00, 0x00, 0x00, 0x00, 0x00, 0x00, 0x00,
    0x20, 0xFF, 0xFF, 0xFF, 0x4F, 0x00, 0x00, 0x00, 0x00, 0x00, 0x00, 0x00, 0x40, 0xFF, 0xFF, 0xFF,
    0x4F, 0x00, 0x00, 0x00, 0x00, 0x00, 0x00, 0x00, 0xB0, 0xFF, 0xFF, 0xFF, 0x2F, 0x00, 0x00, 0x00,
    0x00, 0x00, 0x00, 0x10, 0xFB, 0xFF, 0xFF, 0xFF, 0x0F, 0x00, 0x00, 0x00, 0x00, 0x00, 0x00, 0xE7,
    0xFF, 0xFF, 0xFF, 0xFF, 0x0A, 0x00, 0x00, 0x00, 0x00, 0x00, 0xE6, 0xFF, 0xFF, 0xFF, 0xFF, 0xFF,
    0x02, 0x00, 0x00, 0x00, 0x00, 0xE7, 0xFF, 0xFF, 0xFF, 0xFF, 0xFF, 0x8F, 0x00, 0x00, 0x00, 0x00,
    0xE5, 0xFF, 0xFF, 0xFF, 0xFF, 0xFF, 0xFF, 0x0B, 0x00, 0x00, 0x00, 0xB2, 0xFF, 0xFF, 0xFF, 0xFF,
    0xFF, 0xFF, 0xAF, 0x00, 0x00, 0x00, 0x40, 0xFE, 0xFF, 0xFF, 0xFF, 0xFF, 0xFF, 0xEF, 0x06, 0x00,
    0x00, 0x00, 0xF4, 0xFF, 0xFF, 0xFF, 0xFF, 0xFF, 0xFF, 0x19, 0x00, 0x00, 0x00, 0x10, 0xFE, 0xFF,
    0xFF, 0xFF, 0xFF, 0xFF, 0x29, 0x00, 0x00, 0x00, 0x00, 0x90, 0xFF, 0xFF, 0xFF, 0xFF, 0xFF, 0x29,
    0x00, 0x00, 0x00, 0x00, 0x00, 0xF1, 0xFF, 0xFF, 0xFF, 0xFF, 0x2B, 0x00, 0x00, 0x00, 0x00, 0x00,
    0x00, 0xF4, 0xFF, 0xFF, 0xFF, 0x6F, 0x00, 0x00, 0x00, 0x00, 0x00, 0x00, 0x00, 0xF7, 0xFF, 0xFF,
    0xFF, 0x07, 0x00, 0x00, 0x00, 0x00, 0x00, 0x00, 0x00, 0xF8, 0xFF, 0xFF, 0xFF, 0x00, 0x00, 0x00,
    0x00, 0x00, 0x00, 0x00, 0x00, 0xF8, 0xFF, 0xFF, 0xEF, 0x00, 0x00, 0x00, 0x00, 0x00, 0x00, 0x00,
    0x00, 0xF7, 0xFF, 0xFF, 0xFF, 0x00, 0x00, 0x00, 0x00, 0x00, 0x00, 0x00, 0x52, 0xF4, 0xFF, 0xFF,
    0xFF, 0x07, 0x00, 0x00, 0x00, 0x00, 0x00, 0xC6, 0xBF, 0xF0, 0xFF, 0xFF, 0xFF, 0x8F, 0x01, 0x00,
    0x00, 0x62, 0xFA, 0xFF, 0xBF, 0x90, 0xFF, 0xFF, 0xFF, 0xFF, 0xDF, 0xCC, 0xFD, 0xFF, 0xFF, 0xFF,
    0xBF, 0x10, 0xFF, 0xFF, 0xFF, 0xFF, 0xFF, 0xFF, 0xFF, 0xFF, 0xFF, 0xFF, 0xBF, 0x00, 0xF5, 0xFF,
    0xFF, 0xFF, 0xFF, 0xFF, 0xFF, 0xFF, 0xFF, 0xFF, 0xBF, 0x00, 0x50, 0xFF, 0xFF, 0xFF, 0xFF, 0xFF,
    0xFF, 0xFF, 0xFF, 0xFF, 0xBF, 0x00, 0x00, 0xB2, 0xFF, 0xFF, 0xFF, 0xFF, 0xFF, 0xFF, 0xFF, 0xFF,
    0x5D, 0x00, 0x00, 0x00, 0x93, 0xFE, 0xFF, 0xFF, 0xFF, 0xFF, 0xDF, 0x38, 0x00, 0x00, 0x00, 0x00,
    0x00, 0x20, 0x64, 0x77, 0x67, 0x35, 0x00, 0x00, 0x00, 0xFF, 0xFF, 0xFF, 0xFF, 0xFF, 0xFF, 0xFF,
    0xFF, 0xFF, 0xFF, 0xFF, 0xFF, 0xFF, 0x0F, 0xFF, 0xFF, 0xFF, 0xFF, 0xFF, 0xFF, 0xFF, 0xFF, 0xFF,
    0xFF, 0xFF, 0xFF, 0xFF, 0x0F, 0xFF, 0xFF, 0xFF, 0xFF, 0xFF, 0xFF, 0xFF, 0xFF, 0xFF, 0xFF, 0xFF,
    0xFF, 0xFF, 0x0F, 0xFF, 0xFF, 0xFF, 0xFF, 0xFF, 0xFF, 0xFF, 0xFF, 0xFF, 0xFF, 0xFF, 0xFF, 0xFF,
    0x0F, 0xFF, 0xFF, 0xFF, 0xFF, 0xFF, 0xFF, 0xFF, 0xFF, 0xFF, 0xFF, 0xFF, 0xFF, 0xFF, 0x0F, 0xFF,
    0xFF, 0xFF, 0xFF, 0xFF, 0xFF, 0xFF, 0xFF, 0xFF, 0xFF, 0xFF, 0xFF, 0xFF, 0x0F, 0x44, 0x44, 0x44,
    0x44, 0x74, 0xFF, 0xFF, 0xFF, 0x8F, 0x44, 0x44, 0x44, 0x44, 0x04, 0x00, 0x00, 0x00, 0x00, 0x40,
    0xFF, 0xFF, 0xFF, 0x5F, 0x00, 0x00, 0x00, 0x00, 0x00, 0x00, 0x00, 0x00, 0x00, 0x40, 0xFF, 0xFF,
    0xFF, 0x5F, 0x00, 0x00, 0x00, 0x00, 0x00, 0x00, 0x00, 0x00, 0x00, 0x40, 0xFF, 0xFF, 0xFF, 0x5F,
    0x00, 0x00, 0x00, 0x00, 0x00, 0x00, 0x00, 0x00, 0x00, 0x40, 0xFF, 0xFF, 0xFF, 0x5F, 0x00, 0x00,
    0x00, 0x00, 0x00, 0x00, 0x00, 0x00, 0x00, 0x40, 0xFF, 0xFF, 0xFF, 0x5F, 0x00, 0x00, 0x00, 0x00,
    0x00, 0x00, 0x00, 0x00, 0x00, 0x40, 0xFF, 0xFF, 0xFF, 0x5F, 0x00, 0x00, 0x00, 0x00, 0x00, 0x00,
    0x00, 0x00, 0x00, 0x40, 0xFF, 0xFF, 0xFF, 0x5F, 0x00, 0x00, 0x00, 0x00, 0x00, 0x00, 0x00, 0x00,
    0x00, 0x40, 0xFF, 0xFF, 0xFF, 0x5F, 0x00, 0x00, 0x00, 0x00, 0x00, 0x00, 0x00, 0x00, 0x00, 0x40,
    0xFF, 0xFF, 0xFF, 0x5F, 0x00, 0x00, 0x00, 0x00, 0x00, 0x00, 0x00, 0x00, 0x00, 0x40, 0xFF, 0xFF,
    0xFF, 0x5F, 0x00, 0x00, 0x00, 0x00, 0x00, 0x00, 0x00, 0x00, 0x00, 0x40, 0xFF, 0xFF, 0xFF, 0x5F,
    0x00, 0x00, 0x00, 0x00, 0x00, 0x00, 0x00, 0x00, 0x00, 0x40, 0xFF, 0xFF, 0xFF, 0x5F, 0x00, 0x00,
    0x00, 0x00, 0x00, 0x00, 0x00, 0x00, 0x00, 0x40, 0xFF, 0xFF, 0xFF, 0x5F, 0x00, 0x00, 0x00, 0x00,
    0x00, 0x00, 0x00, 0x00, 0x00, 0x40, 0xFF, 0xFF, 0xFF, 0x5F, 0x00, 0x00, 0x00, 0x00, 0x00, 0x00,
    0x00, 0x00, 0x00, 0x40, 0xFF, 0xFF, 0xFF, 0x5F, 0x00, 0x00, 0x00, 0x00, 0x00, 0x00, 0x00, 0x00,
    0x00, 0x40, 0xFF, 0xFF, 0xFF, 0x5F, 0x00, 0x00, 0x00, 0x00, 0x00, 0x00, 0x00, 0x00, 0x00, 0x40,
    0xFF, 0xFF, 0xFF, 0x5F, 0x00, 0x00, 0x00, 0x00, 0x00, 0x00, 0x00, 0x00, 0x00, 0x40, 0xFF, 0xFF,
    0xFF, 0x5F, 0x00, 0x00, 0x00, 0x00, 0x00, 0x00, 0x00, 0x00, 0x00, 0x40, 0xFF, 0xFF, 0xFF, 0x5F,
    0x00, 0x00, 0x00, 0x00, 0x00, 0x00, 0x00, 0x00, 0x00, 0x40, 0xFF, 0xFF, 0xFF, 0x5F, 0x00, 0x00,
    0x00, 0x00, 0x00, 0x00, 0x00, 0x00, 0x00, 0x40, 0xFF, 0xFF, 0xFF, 0x5F, 0x00, 0x00, 0x00, 0x00,
    0x00, 0x00, 0x00, 0x00, 0x00, 0x40, 0xFF, 0xFF, 0xFF, 0x5F, 0x00, 0x00, 0x00, 0x00, 0x00, 0x00,
    0x00, 0x00, 0x00, 0x40, 0xFF, 0xFF, 0xFF, 0x5F, 0x00, 0x00, 0x00, 0x00, 0x00, 0x00, 0x00, 0x00,
    0x00, 0x40, 0xFF, 0xFF, 0xFF, 0x5F, 0x00, 0x00, 0x00, 0x00, 0x00, 0x00, 0x00, 0x00, 0x00, 0x40,
    0xFF, 0xFF, 0xFF, 0x5F, 0x00, 0x00, 0x00, 0x00, 0x00, 0x00, 0x00, 0x00, 0x00, 0x40, 0xFF, 0xFF,
    0xFF, 0x5F, 0x00, 0x00, 0x00, 0x00, 0x00, 0x00, 0x00, 0x00, 0x00, 0x40, 0xFF, 0xFF, 0xFF, 0x5F,
    0x00, 0x00, 0x00, 0x00, 0x00, 0x00, 0x00, 0x00, 0x00, 0x40, 0xFF, 0xFF, 0xFF, 0x5F, 0x00, 0x00,
    0x00, 0x00, 0x00, 0x00, 0x00, 0x00, 0x00, 0x40, 0xFF, 0xFF, 0xFF, 0x5F, 0x00, 0x00, 0x00, 0x00,
    0x00, 0xF8, 0xFF, 0xFF, 0xFF, 0x00, 0x00, 0x00, 0x00, 0x00, 0x00, 0x00, 0xFC, 0xFF, 0xFF, 0xCF,
    0xF8, 0xFF, 0xFF, 0xFF, 0x00, 0x00, 0x00, 0x00, 0x00, 0x00, 0x00, 0xFC, 0xFF, 0xFF, 0xCF, 0xF8,
    0xFF, 0xFF, 0xFF, 0x00, 0x00, 0x00, 0x00, 0x00, 0x00, 0x00, 0xFC, 0xFF, 0xFF, 0xCF, 0xF8, 0xFF,
    0xFF, 0xFF, 0x00, 0x00, 0x00, 0x00, 0x00, 0x00, 0x00, 0xFC, 0xFF, 0xFF, 0xCF, 0xF8, 0xFF, 0xFF,
    0xFF, 0x00, 0x00, 0x00, 0x00, 0x00, 0x00, 0x00, 0xFC, 0xFF, 0xFF, 0xCF, 0xF8, 0xFF, 0xFF, 0xFF,
    0x00, 0x00, 0x00, 0x00, 0x00, 0x00, 0x00, 0xFC, 0xFF, 0xFF, 0xCF, 0xF8, 0xFF, 0xFF, 0xFF, 0x00,
    0x00, 0x00, 0x00, 0x00, 0x00, 0x00, 0xFC, 0xFF, 0xFF, 0xCF, 0xF8, 0xFF, 0xFF, 0xFF, 0x00, 0x00,
    0x00, 0x00, 0x00, 0x00, 0x00, 0xFC, 0xFF, 0xFF, 0xCF, 0xF8, 0xFF, 0xFF, 0xFF, 0x00, 0x00, 0x00,
    0x00, 0x00, 0x00, 0x00, 0xFC, 0xFF, 0xFF, 0xCF, 0xF8, 0xFF, 0xFF, 0xFF, 0x00, 0x00, 0x00, 0x00,
    0x00, 0x00, 0x00, 0xFC, 0xFF, 0xFF, 0xCF, 0xF8, 0xFF, 0xFF, 0xFF, 0x00, 0x00, 0x00, 0x00, 0x00,
    0x00, 0x00, 0xFC, 0xFF, 0xFF, 0xCF, 0xF8, 0xFF, 0xFF, 0xFF, 0x00, 0x00, 0x00, 0x00, 0x00, 0x00,
    0x00, 0xFC, 0xFF, 0xFF, 0xCF, 0xF8, 0xFF, 0xFF, 0xFF, 0x00, 0x00, 0x00, 0x00, 0x00, 0x00, 0x00,
    0xFC, 0xFF, 0xFF, 0xCF, 0xF8, 0xFF, 0xFF, 0xFF, 0x00, 0x00, 0x00, 0x00, 0x00, 0x00, 0x00, 0xFC,
    0xFF, 0xFF, 0xCF, 0xF8, 0xFF, 0xFF, 0xFF, 0x00, 0x00, 0x00, 0x00, 0x00, 0x00, 0x00, 0xFC, 0xFF,
    0xFF, 0xCF, 0xF8, 0xFF, 0xFF, 0xFF, 0x00, 0x00, 0x00, 0x00, 0x00, 0x00, 0x00, 0xFC, 0xFF, 0xFF,
    0xCF, 0xF8, 0xFF, 0xFF, 0xFF, 0x00, 0x00, 0x00, 0x00, 0x00, 0x00, 0x00, 0xFC, 0xFF, 0xFF, 0xCF,
    0xF8, 0xFF, 0xFF, 0xFF, 0x00, 0x00, 0x00, 0x00, 0x00, 0x00, 0x00, 0xFC, 0xFF, 0xFF, 0xCF, 0xF8,
    0xFF, 0xFF, 0xFF, 0x00, 0x00, 0x00, 0x00, 0x00, 0x00, 0x00, 0xFC, 0xFF, 0xFF, 0xCF, 0xF8, 0xFF,
    0xFF, 0xFF, 0x00, 0x00, 0x00, 0x00, 0x00, 0x00, 0x00, 0xFC, 0xFF, 0xFF, 0xCF, 0xF8, 0xFF, 0xFF,
    0xFF, 0x00, 0x00, 0x00, 0x00, 0x00, 0x00, 0x00, 0xFC, 0xFF, 0xFF, 0xCF, 0xF8, 0xFF, 0xFF, 0xFF,
    0x00, 0x00, 0x00, 0x00, 0x00, 0x00, 0x00, 0xFC, 0xFF, 0xFF, 0xCF, 0xF8, 0xFF, 0xFF, 0xFF, 0x00,
    0x00, 0x00, 0x00, 0x00, 0x00, 0x00, 0xFC, 0xFF, 0xFF, 0xCF, 0xF8, 0xFF, 0xFF, 0xFF, 0x01, 0x00,
    0x00, 0x00, 0x00, 0x00, 0x00, 0xFD, 0xFF, 0xFF, 0xBF, 0xF8, 0xFF, 0xFF, 0xFF, 0x02, 0x00, 0x00,
    0x00, 0x00, 0x00, 0x00, 0xFF, 0xFF, 0xFF, 0xBF, 0xF6, 0xFF, 0xFF, 0xFF, 0x06, 0x00, 0x00, 0x00,
    0x00, 0x00, 0x20, 0xFF, 0xFF, 0xFF, 0x9F, 0xF3, 0xFF, 0xFF, 0xFF, 0x0B, 0x00, 0x00, 0x00, 0x00,
    0x00, 0x70, 0xFF, 0xFF, 0xFF, 0x6F, 0xF0, 0xFF, 0xFF, 0xFF, 0x3F, 0x00, 0x00, 0x00, 0x00, 0x00,
    0xE0, 0xFF, 0xFF, 0xFF, 0x2F, 0x90, 0xFF, 0xFF, 0xFF, 0xDF, 0x02, 0x00, 0x00, 0x00, 0x00, 0xFB,
    0xFF, 0xFF, 0xFF, 0x0D, 0x20, 0xFF, 0xFF, 0xFF, 0xFF, 0x7F, 0x02, 0x00, 0x10, 0xE6, 0xFF, 0xFF,
    0xFF, 0xFF, 0x06, 0x00, 0xFA, 0xFF, 0xFF, 0xFF, 0xFF, 0xFF, 0xDD, 0xFF, 0xFF, 0xFF, 0xFF, 0xFF,
    0xDF, 0x00, 0x00, 0xD1, 0xFF, 0xFF, 0xFF, 0xFF, 0xFF, 0xFF, 0xFF, 0xFF, 0xFF, 0xFF, 0xFF, 0x3F,
    0x00, 0x00, 0x20, 0xFE, 0xFF, 0xFF, 0xFF, 0xFF, 0xFF, 0xFF, 0xFF, 0xFF, 0xFF, 0xFF, 0x05, 0x00,
    0x00, 0x00, 0xC2, 0xFF, 0xFF, 0xFF, 0xFF, 0xFF, 0xFF, 0xFF, 0xFF, 0xFF, 0x5F, 0x00, 0x00, 0x00,
    0x00, 0x00, 0xF7, 0xFF, 0xFF, 0xFF, 0xFF, 0xFF, 0xFF, 0xFF, 0xBF, 0x02, 0x00, 0x00, 0x00, 0x00,
    0x00, 0x00, 0xC6, 0xFF, 0xFF, 0xFF, 0xFF, 0xFF, 0x9D, 0x03, 0x00, 0x00, 0x00, 0x00, 0x00, 0x00,
    0x00, 0x00, 0x30, 0x65, 0x77, 0x67, 0x14, 0x00, 0x00, 0x00, 0x00, 0x00, 0xF5, 0xFF, 0xFF, 0xFF,
    0x04, 0x00, 0x00, 0x00, 0x00, 0x00, 0x00, 0x00, 0xC0, 0xFF, 0xFF, 0xFF, 0x0D, 0xF0, 0xFF, 0xFF,
    0xFF, 0x09, 0x00, 0x00, 0x00, 0x00, 0x00, 0x00, 0x00, 0xF1, 0xFF, 0xFF, 0xFF, 0x07, 0xA0, 0xFF,
    0xFF, 0xFF, 0x0E, 0x00, 0x00, 0x00, 0x00, 0x00, 0x00, 0x00, 0xF6, 0xFF, 0xFF, 0xFF, 0x02, 0x50,
    0xFF, 0xFF, 0xFF, 0x3F, 0x00, 0x00, 0x00, 0x00, 0x00, 0x00, 0x00, 0xFB, 0xFF, 0xFF, 0xDF, 0x00,
    0x00, 0xFF, 0xFF, 0xFF, 0x9F, 0x00, 0x00, 0x00, 0x00, 0x00, 0x00, 0x10, 0xFF, 0xFF, 0xFF, 0x7F,
    0x00, 0x00, 0xFA, 0xFF, 0xFF, 0xEF, 0x00, 0x00, 0x00, 0x00, 0x00, 0x00, 0x50, 0xFF, 0xFF, 0xFF,
    0x2F, 0x00, 0x00, 0xF4, 0xFF, 0xFF, 0xFF, 0x03, 0x00, 0x00, 0x00, 0x00, 0x00, 0xA0, 0xFF, 0xFF,
    0xFF, 0x0D, 0x00, 0x00, 0xF0, 0xFF, 0xFF, 0xFF, 0x08, 0x00, 0x00, 0x00, 0x00, 0x00, 0xF0, 0xFF,
    0xFF, 0xFF, 0x07, 0x00, 0x00, 0xA0, 0xFF, 0xFF, 0xFF, 0x0D, 0x00, 0x00, 0x00, 0x00, 0x00, 0xF4,
    0xFF, 0xFF, 0xFF, 0x02, 0x00, 0x00, 0x40, 0xFF, 0xFF, 0xFF, 0x2F, 0x00, 0x00, 0x00, 0x00, 0x00,
    0xF9, 0xFF, 0xFF, 0xCF, 0x00, 0x00, 0x00, 0x00, 0xFE, 0xFF, 0xFF, 0x7F, 0x00, 0x00, 0x00, 0x00,
    0x00, 0xFE, 0xFF, 0xFF, 0x7F, 0x00, 0x00, 0x00, 0x00, 0xF9, 0xFF, 0xFF, 0xCF, 0x00, 0x00, 0x00,
    0x00, 0x30, 0xFF, 0xFF, 0xFF, 0x2F, 0x00, 0x00, 0x00, 0x00, 0xF4, 0xFF, 0xFF, 0xFF, 0x01, 0x00,
    0x00, 0x00, 0x80, 0xFF, 0xFF, 0xFF, 0x0C, 0x00, 0x00, 0x00, 0x00, 0xE0, 0xFF, 0xFF, 0xFF, 0x06,
    0x00, 0x00, 0x00, 0xD0, 0xFF, 0xFF, 0xFF, 0x07, 0x00, 0x00, 0x00, 0x00, 0x90, 0xFF, 0xFF, 0xFF,
    0x0B, 0x00, 0x00, 0x00, 0xF3, 0xFF, 0xFF, 0xFF, 0x02, 0x00, 0x00, 0x00, 0x00, 0x40, 0xFF, 0xFF,
    0xFF, 0x1F, 0x00, 0x00, 0x00, 0xF8, 0xFF, 0xFF, 0xCF, 0x00, 0x00, 0x00, 0x00, 0x00, 0x00, 0xFE,
    0xFF, 0xFF, 0x5F, 0x00, 0x00, 0x00, 0xFD, 0xFF, 0xFF, 0x7F, 0x00, 0x00, 0x00, 0x00, 0x00, 0x00,
    0xF9, 0xFF, 0xFF, 0xAF, 0x00, 0x00, 0x20, 0xFF, 0xFF, 0xFF, 0x1F, 0x00, 0x00, 0x00, 0x00, 0x00,
    0x00, 0xF4, 0xFF, 0xFF, 0xFF, 0x00, 0x00, 0x70, 0xFF, 0xFF, 0xFF, 0x0C, 0x00, 0x00, 0x00, 0x00,
    0x00, 0x00, 0xE0, 0xFF, 0xFF, 0xFF, 0x04, 0x00, 0xC0, 0xFF, 0xFF, 0xFF, 0x07, 0x00, 0x00, 0x00,
    0x00, 0x00, 0x00, 0x90, 0xFF, 0xFF, 0xFF, 0x09, 0x00, 0xF1, 0xFF, 0xFF, 0xFF, 0x01, 0x00, 0x00,
    0x00, 0x00, 0x00, 0x00, 0x40, 0xFF, 0xFF, 0xFF, 0x0E, 0x00, 0xF6, 0xFF, 0xFF, 0xCF, 0x00, 0x00,
    0x00, 0x00, 0x00, 0x00, 0x00, 0x00, 0xFE, 0xFF, 0xFF, 0x3F, 0x00, 0xFA, 0xFF, 0xFF, 0x6F, 0x00,
    0x00, 0x00, 0x00, 0x00, 0x00, 0x00, 0x00, 0xF9, 0xFF, 0xFF, 0x7F, 0x00, 0xFE, 0xFF, 0xFF, 0x1F,
    0x00, 0x00, 0x00, 0x00, 0x00, 0x00, 0x00, 0x00, 0xF3, 0xFF, 0xFF, 0xBF, 0x30, 0xFF, 0xFF, 0xFF,
    0x0C, 0x00, 0x00, 0x00, 0x00, 0x00, 0x00, 0x00, 0x00, 0xE0, 0xFF, 0xFF, 0xFF, 0x70, 0xFF, 0xFF,
    0xFF, 0x06, 0x00, 0x00, 0x00, 0x00, 0x00, 0x00, 0x00, 0x00, 0x90, 0xFF, 0xFF, 0xFF, 0xA3, 0xFF,
    0xFF, 0xFF, 0x01, 0x00, 0x00, 0x00, 0x00, 0x00, 0x00, 0x00, 0x00, 0x30, 0xFF, 0xFF, 0xFF, 0xE6,
    0xFF, 0xFF, 0xCF, 0x00, 0x00, 0x00, 0x00, 0x00, 0x00, 0x00, 0x00, 0x00, 0x00, 0xFE, 0xFF, 0xFF,
    0xFB, 0xFF, 0xFF, 0x6F, 0x00, 0x00, 0x00, 0x00, 0x00, 0x00, 0x00, 0x00, 0x00, 0x00, 0xF8, 0xFF,
    0xFF, 0xFF, 0xFF, 0xFF, 0x1F, 0x00, 0x00, 0x00, 0x00, 0x00, 0x00, 0x00, 0x00, 0x00, 0x00, 0xF3,
    0xFF, 0xFF, 0xFF, 0xFF, 0xFF, 0x0B, 0x00, 0x00, 0x00, 0x00, 0x00, 0x00, 0x00, 0x00, 0x00, 0x00,
    0xD0, 0xFF, 0xFF, 0xFF, 0xFF, 0xFF, 0x06, 0x00, 0x00, 0x00, 0x00, 0x00, 0x00, 0x00, 0x00, 0x00,
    0x00, 0x80, 0xFF, 0xFF, 0xFF, 0xFF, 0xFF, 0x01, 0x00, 0x00, 0x00, 0x00, 0x00, 0x00, 0x00, 0x00,
    0x00, 0x00, 0x30, 0xFF, 0xFF, 0xFF, 0xFF, 0xBF, 0x00, 0x00, 0x00, 0x00, 0x00, 0x00, 0x00, 0x00,
    0x00, 0x00, 0x00, 0x00, 0xFD, 0xFF, 0xFF, 0xFF, 0x6F, 0x00, 0x00, 0x00, 0x00, 0x00, 0x00, 0x00,
    0x00, 0x00, 0x00, 0x00, 0x00, 0xF8, 0xFF, 0xFF, 0xFF, 0x1F, 0x00, 0x00, 0x00, 0x00, 0x00, 0x00,
    0xF3, 0xFF, 0xFF, 0xFF, 0x03, 0x00, 0x00, 0x00, 0x00, 0x00, 0xE0, 0xFF, 0xFF, 0xFF, 0x08, 0x00,
    0x00, 0x00, 0x00, 0x00, 0x90, 0xFF, 0xFF, 0xFF, 0x0E, 0xF0, 0xFF, 0xFF, 0xFF, 0x07, 0x00, 0x00,
    0x00, 0x00, 0x00, 0xF2, 0xFF, 0xFF, 0xFF, 0x0C, 0x00, 0x00, 0x00, 0x00, 0x00, 0xC0, 0xFF, 0xFF,
    0xFF, 0x0A, 0xB0, 0xFF, 0xFF, 0xFF, 0x0A, 0x00, 0x00, 0x00, 0x00, 0x00, 0xF6, 0xFF, 0xFF, 0xFF,
    0x0F, 0x00, 0x00, 0x00, 0x00, 0x00, 0xF0, 0xFF, 0xFF, 0xFF, 0x06, 0x70, 0xFF, 0xFF, 0xFF, 0x0E,
    0x00, 0x00, 0x00, 0x00, 0x00, 0xFA, 0xFF, 0xFF, 0xFF, 0x4F, 0x00, 0x00, 0x00, 0x00, 0x00, 0xF4,
    0xFF, 0xFF, 0xFF, 0x01, 0x30, 0xFF, 0xFF, 0xFF, 0x2F, 0x00, 0x00, 0x00, 0x00, 0x00, 0xFE, 0xFF,
    0xFF, 0xFF, 0x8F, 0x00, 0x00, 0x00, 0x00, 0x00, 0xF7, 0xFF, 0xFF, 0xDF, 0x00, 0x00, 0xFF, 0xFF,
    0xFF, 0x6F, 0x00, 0x00, 0x00, 0x00, 0x20, 0xFF, 0xFF, 0xFF, 0xFF, 0xDF, 0x00, 0x00, 0x00, 0x00,
    0x00, 0xFB, 0xFF, 0xFF, 0x9F, 0x00, 0x00, 0xFB, 0xFF, 0xFF, 0x9F, 0x00, 0x00, 0x00, 0x00, 0x70,
    0xFF, 0xFF, 0xFF, 0xFF, 0xFF, 0x01, 0x00, 0x00, 0x00, 0x00, 0xFF, 0xFF, 0xFF, 0x5F, 0x00, 0x00,
    0xF7, 0xFF, 0xFF, 0xDF, 0x00, 0x00, 0x00, 0x00, 0xB0, 0xFF, 0xFF, 0xFF, 0xFF, 0xFF, 0x05, 0x00,
    0x00, 0x00, 0x30, 0xFF, 0xFF, 0xFF, 0x1F, 0x00, 0x00, 0xF3, 0xFF, 0xFF, 0xFF, 0x01, 0x00, 0x00,
    0x00, 0xF0, 0xFF, 0xFF, 0xFF, 0xFF, 0xFF, 0x09, 0x00, 0x00, 0x00, 0x60, 0xFF, 0xFF, 0xFF, 0x0D,
    0x00, 0x00, 0xF0, 0xFF, 0xFF, 0xFF, 0x04, 0x00, 0x00, 0x00, 0xF3, 0xFF, 0xFF, 0xFC, 0xFF, 0xFF,
    0x0D, 0x00, 0x00, 0x00, 0xA0, 0xFF, 0xFF, 0xFF, 0x09, 0x00, 0x00, 0xB0, 0xFF, 0xFF, 0xFF, 0x08,
    0x00, 0x00, 0x00, 0xF7, 0xFF, 0xFF, 0xD9, 0xFF, 0xFF, 0x1F, 0x00, 0x00, 0x00, 0xE0, 0xFF, 0xFF,
    0xFF, 0x05, 0x00, 0x00, 0x70, 0xFF, 0xFF, 0xFF, 0x0C, 0x00, 0x00, 0x00, 0xFB, 0xFF, 0xFF, 0xA6,
    0xFF, 0xFF, 0x5F, 0x00, 0x00, 0x00, 0xF2, 0xFF, 0xFF, 0xFF, 0x01, 0x00, 0x00, 0x30, 0xFF, 0xFF,
    0xFF, 0x0F, 0x00, 0x00, 0x00, 0xFF, 0xFF, 0xFF, 0x73, 0xFF, 0xFF, 0x9F, 0x00, 0x00, 0x00, 0xF5,
    0xFF, 0xFF, 0xDF, 0x00, 0x00, 0x00, 0x00, 0xFE, 0xFF, 0xFF, 0x3F, 0x00, 0x00, 0x30, 0xFF, 0xFF,
    0xFF, 0x40, 0xFF, 0xFF, 0xEF, 0x00, 0x00, 0x00, 0xF9, 0xFF, 0xFF, 0x9F, 0x00, 0x00, 0x00, 0x00,
    0xFB, 0xFF, 0xFF, 0x7F, 0x00, 0x00, 0x70, 0xFF, 0xFF, 0xCF, 0x10, 0xFF, 0xFF, 0xFF, 0x02, 0x00,
    0x00, 0xFD, 0xFF, 0xFF, 0x5F, 0x00, 0x00, 0x00, 0x00, 0xF7, 0xFF, 0xFF, 0xAF, 0x00, 0x00, 0xC0,
    0xFF, 0xFF, 0x9F, 0x00, 0xFE, 0xFF, 0xFF, 0x06, 0x00, 0x10, 0xFF, 0xFF, 0xFF, 0x1F, 0x00, 0x00,
    0x00, 0x00, 0xF3, 0xFF, 0xFF, 0xEF, 0x00, 0x00, 0xF0, 0xFF, 0xFF, 0x5F, 0x00, 0xFA, 0xFF, 0xFF,
    0x0A, 0x00, 0x40, 0xFF, 0xFF, 0xFF, 0x0D, 0x00, 0x00, 0x00, 0x00, 0xE0, 0xFF, 0xFF, 0xFF, 0x02,
    0x00, 0xF4, 0xFF, 0xFF, 0x1F, 0x00, 0xF6, 0xFF, 0xFF, 0x0E, 0x00, 0x80, 0xFF, 0xFF, 0xFF, 0x09,
    0x00, 0x00, 0x00, 0x00, 0xA0, 0xFF, 0xFF, 0xFF, 0x06, 0x00, 0xF8, 0xFF, 0xFF, 0x0D, 0x00, 0xF2,
    0xFF, 0xFF, 0x2F, 0x00, 0xC0, 0xFF, 0xFF, 0xFF, 0x05, 0x00, 0x00, 0x00, 0x00, 0x60, 0xFF, 0xFF,
    0xFF, 0x09, 0x00, 0xFC, 0xFF, 0xFF, 0x09, 0x00, 0xE0, 0xFF, 0xFF, 0x6F, 0x00, 0xF0, 0xFF, 0xFF,
    0xFF, 0x01, 0x00, 0x00, 0x00, 0x00, 0x20, 0xFF, 0xFF, 0xFF, 0x0D, 0x00, 0xFF, 0xFF, 0xFF, 0x05,
    0x00, 0xA0, 0xFF, 0xFF, 0xAF, 0x00, 0xF3, 0xFF, 0xFF, 0xDF, 0x00, 0x00, 0x00, 0x00, 0x00, 0x00,
    0xFE, 0xFF, 0xFF, 0x0F, 0x40, 0xFF, 0xFF, 0xFF, 0x01, 0x00, 0x60, 0xFF, 0xFF, 0xEF, 0x00, 0xF6,
    0xFF, 0xFF, 0x9F, 0x00, 0x00, 0x00, 0x00, 0x00, 0x00, 0xFA, 0xFF, 0xFF, 0x4F, 0x70, 0xFF, 0xFF,
    0xDF, 0x00, 0x00, 0x20, 0xFF, 0xFF, 0xFF, 0x02, 0xF9, 0xFF, 0xFF, 0x5F, 0x00, 0x00, 0x00, 0x00,
    0x00, 0x00, 0xF6, 0xFF, 0xFF, 0x7F, 0xA0, 0xFF, 0xFF, 0x8F, 0x00, 0x00, 0x00, 0xFE, 0xFF, 0xFF,
    0x05, 0xFC, 0xFF, 0xFF, 0x1F, 0x00, 0x00, 0x00, 0x00, 0x00, 0x00, 0xF2, 0xFF, 0xFF, 0xAF, 0xD0,
    0xFF, 0xFF, 0x4F, 0x00, 0x00, 0x00, 0xFA, 0xFF, 0xFF, 0x08, 0xFF, 0xFF, 0xFF, 0x0C, 0x00, 0x00,
    0x00, 0x00, 0x00, 0x00, 0xE0, 0xFF, 0xFF, 0xDF, 0xF0, 0xFF, 0xFF, 0x0F, 0x00, 0x00, 0x00, 0xF6,
    0xFF, 0xFF, 0x3B, 0xFF, 0xFF, 0xFF, 0x08, 0x00, 0x00, 0x00, 0x00, 0x00, 0x00, 0xA0, 0xFF, 0xFF,
    0xFF, 0xF3, 0xFF, 0xFF, 0x0C, 0x00, 0x00, 0x00, 0xF2, 0xFF, 0xFF, 0x5D, 0xFF, 0xFF, 0xFF, 0x04,
    0x00, 0x00, 0x00, 0x00, 0x00, 0x00, 0x60, 0xFF, 0xFF, 0xFF, 0xF8, 0xFF, 0xFF, 0x08, 0x00, 0x00,
    0x00, 0xE0, 0xFF, 0xFF, 0x8F, 0xFF, 0xFF, 0xFF, 0x00, 0x00, 0x00, 0x00, 0x00, 0x00, 0x00, 0x20,
    0xFF, 0xFF, 0xFF, 0xFD, 0xFF, 0xFF, 0x04, 0x00, 0x00, 0x00, 0x90, 0xFF, 0xFF, 0xDF, 0xFF, 0xFF,
    0xCF, 0x00, 0x00, 0x00, 0x00, 0x00, 0x00, 0x00, 0x00, 0xFE, 0xFF, 0xFF, 0xFF, 0xFF, 0xFF, 0x00,
    0x00, 0x00, 0x00, 0x50, 0xFF, 0xFF, 0xFF, 0xFF, 0xFF, 0x8F, 0x00, 0x00, 0x00, 0x00, 0x00, 0x00,
    0x00, 0x00, 0xFA, 0xFF, 0xFF, 0xFF, 0xFF, 0xCF, 0x00, 0x00, 0x00, 0x00, 0x10, 0xFF, 0xFF, 0xFF,
    0xFF, 0xFF, 0x4F, 0x00, 0x00, 0x00, 0x00, 0x00, 0x00, 0x00, 0x00, 0xF6, 0xFF, 0xFF, 0xFF, 0xFF,
    0x8F, 0x00, 0x00, 0x00, 0x00, 0x00, 0xFD, 0xFF, 0xFF, 0xFF, 0xFF, 0x0F, 0x00, 0x00, 0x00, 0x00,
    0x00, 0x00, 0x00, 0x00, 0xF2, 0xFF, 0xFF, 0xFF, 0xFF, 0x4F, 0x00, 0x00, 0x00, 0x00, 0x00, 0xF9,
    0xFF, 0xFF, 0xFF, 0xFF, 0x0C, 0x00, 0x00, 0x00, 0x00, 0x00, 0x00, 0x00, 0x00, 0xE0, 0xFF, 0xFF,
    0xFF, 0xFF, 0x0F, 0x00, 0x00, 0x00, 0x00, 0x00, 0xF5, 0xFF, 0xFF, 0xFF, 0xFF, 0x08, 0x00, 0x00,
    0x00, 0x00, 0x00, 0x00, 0x00, 0x00, 0xA0, 0xFF, 0xFF, 0xFF, 0xFF, 0x0B, 0x00, 0x00, 0x00, 0x00,
    0x00, 0xF1, 0xFF, 0xFF, 0xFF, 0xFF, 0x04, 0x00, 0x00, 0x00, 0x00, 0x00, 0x00, 0x00, 0x00, 0x60,
    0xFF, 0xFF, 0xFF, 0xFF, 0x07, 0x00, 0x00, 0x00, 0x00, 0x00, 0xD0, 0xFF, 0xFF, 0xFF, 0xFF, 0x00,
    0x00, 0x00, 0x00, 0x00, 0x30, 0xFF, 0xFF, 0xFF, 0xEF, 0x00, 0x00, 0x00, 0x00, 0x00, 0x00, 0x00,
    0xF6, 0xFF, 0xFF, 0xFF, 0x0E, 0x00, 0xF9, 0xFF, 0xFF, 0xFF, 0x08, 0x00, 0x00, 0x00, 0x00, 0x00,
    0x10, 0xFE, 0xFF, 0xFF, 0xFF, 0x04, 0x00, 0xE0, 0xFF, 0xFF, 0xFF, 0x2F, 0x00, 0x00, 0x00, 0x00,
    0x00, 0x90, 0xFF, 0xFF, 0xFF, 0xAF, 0x00, 0x00, 0x40, 0xFF, 0xFF, 0xFF, 0xBF, 0x00, 0x00, 0x00,
    0x00, 0x00, 0xF3, 0xFF, 0xFF, 0xFF, 0x1E, 0x00, 0x00, 0x00, 0xFA, 0xFF, 0xFF, 0xFF, 0x04, 0x00,
    0x00, 0x00, 0x00, 0xFC, 0xFF, 0xFF, 0xFF, 0x06, 0x00, 0x00, 0x00, 0xF1, 0xFF, 0xFF, 0xFF, 0x0D,
    0x00, 0x00, 0x00, 0x60, 0xFF, 0xFF, 0xFF, 0xBF, 0x00, 0x00, 0x00, 0x00, 0x60, 0xFF, 0xFF, 0xFF,
    0x7F, 0x00, 0x00, 0x00, 0xE0, 0xFF, 0xFF, 0xFF, 0x2F, 0x00, 0x00, 0x00, 0x00, 0x00, 0xFC, 0xFF,
    0xFF, 0xFF, 0x01, 0x00, 0x00, 0xF9, 0xFF, 0xFF, 0xFF, 0x07, 0x00, 0x00, 0x00, 0x00, 0x00, 0xF3,
    0xFF, 0xFF, 0xFF, 0x09, 0x00, 0x20, 0xFF, 0xFF, 0xFF, 0xDF, 0x00, 0x00, 0x00, 0x00, 0x00, 0x00,
    0x80, 0xFF, 0xFF, 0xFF, 0x3F, 0x00, 0xB0, 0xFF, 0xFF, 0xFF, 0x3F, 0x00, 0x00, 0x00, 0x00, 0x00,
    0x00, 0x00, 0xFD, 0xFF, 0xFF, 0xCF, 0x00, 0xF5, 0xFF, 0xFF, 0xFF, 0x09, 0x00, 0x00, 0x00, 0x00,
    0x00, 0x00, 0x00, 0xF4, 0xFF, 0xFF, 0xFF, 0x05, 0xFE, 0xFF, 0xFF, 0xEF, 0x00, 0x00, 0x00, 0x00,
    0x00, 0x00, 0x00, 0x00, 0xA0, 0xFF, 0xFF, 0xFF, 0x9E, 0xFF, 0xFF, 0xFF, 0x4F, 0x00, 0x00, 0x00,
    0x00, 0x00, 0x00, 0x00, 0x00, 0x10, 0xFF, 0xFF, 0xFF, 0xFF, 0xFF, 0xFF, 0xFF, 0x0A, 0x00, 0x00,
    0x00, 0x00, 0x00, 0x00, 0x00, 0x00, 0x00, 0xF6, 0xFF, 0xFF, 0xFF, 0xFF, 0xFF, 0xEF, 0x01, 0x00,
    0x00, 0x00, 0x00, 0x00, 0x00, 0x00, 0x00, 0x00, 0xC0, 0xFF, 0xFF, 0xFF, 0xFF, 0xFF, 0x6F, 0x00,
    0x00, 0x00, 0x00, 0x00, 0x00, 0x00, 0x00, 0x00, 0x00, 0x20, 0xFF, 0xFF, 0xFF, 0xFF, 0xFF, 0x0B,
    0x00, 0x00, 0x00, 0x00, 0x00, 0x00, 0x00, 0x00, 0x00, 0x00, 0x00, 0xF8, 0xFF, 0xFF, 0xFF, 0xFF,
    0x05, 0x00, 0x00, 0x00, 0x00, 0x00, 0x00, 0x00, 0x00, 0x00, 0x00, 0x00, 0xFB, 0xFF, 0xFF, 0xFF,
    0xFF, 0x0D, 0x00, 0x00, 0x00, 0x00, 0x00, 0x00, 0x00, 0x00, 0x00, 0x00, 0x60, 0xFF, 0xFF, 0xFF,
    0xFF, 0xFF, 0x7F, 0x00, 0x00, 0x00, 0x00, 0x00, 0x00, 0x00, 0x00, 0x00, 0x00, 0xF1, 0xFF, 0xFF,
    0xFF, 0xFF, 0xFF, 0xFF, 0x02, 0x00, 0x00, 0x00, 0x00, 0x00, 0x00, 0x00, 0x00, 0x00, 0xFB, 0xFF,
    0xFF, 0xFF, 0xFF, 0xFF, 0xFF, 0x0B, 0x00, 0x00, 0x00, 0x00, 0x00, 0x00, 0x00, 0x00, 0x60, 0xFF,
    0xFF, 0xFF, 0xCF, 0xFF, 0xFF, 0xFF, 0x6F, 0x00, 0x00, 0x00, 0x00, 0x00, 0x00, 0x00, 0x00, 0xF1,
    0xFF, 0xFF, 0xFF, 0x0E, 0xFB, 0xFF, 0xFF, 0xEF, 0x01, 0x00, 0x00, 0x00, 0x00, 0x00, 0x00, 0x00,
    0xFB, 0xFF, 0xFF, 0xFF, 0x05, 0xF2, 0xFF, 0xFF, 0xFF, 0x0A, 0x00, 0x00, 0x00, 0x00, 0x00, 0x00,
    0x60, 0xFF, 0xFF, 0xFF, 0xBF, 0x00, 0x80, 0xFF, 0xFF, 0xFF, 0x4F, 0x00, 0x00, 0x00, 0x00, 0x00,
    0x00, 0xF1, 0xFF, 0xFF, 0xFF, 0x2F, 0x00, 0x00, 0xFD, 0xFF, 0xFF, 0xEF, 0x00, 0x00, 0x00, 0x00,
    0x00, 0x00, 0xFB, 0xFF, 0xFF, 0xFF, 0x07, 0x00, 0x00, 0xF4, 0xFF, 0xFF, 0xFF, 0x09, 0x00, 0x00,
    0x00, 0x00, 0x50, 0xFF, 0xFF, 0xFF, 0xDF, 0x00, 0x00, 0x00, 0xA0, 0xFF, 0xFF, 0xFF, 0x3F, 0x00,
    0x00, 0x00, 0x00, 0xE1, 0xFF, 0xFF, 0xFF, 0x4F, 0x00, 0x00, 0x00, 0x10, 0xFF, 0xFF, 0xFF, 0xDF,
    0x00, 0x00, 0x00, 0x00, 0xFB, 0xFF, 0xFF, 0xFF, 0x0A, 0x00, 0x00, 0x00, 0x00, 0xF7, 0xFF, 0xFF,
    0xFF, 0x07, 0x00, 0x00, 0x50, 0xFF, 0xFF, 0xFF, 0xFF, 0x01, 0x00, 0x00, 0x00, 0x00, 0xD0, 0xFF,
    0xFF, 0xFF, 0x2F, 0x00, 0x00, 0xE1, 0xFF, 0xFF, 0xFF, 0x6F, 0x00, 0x00, 0x00, 0x00, 0x00, 0x30,
    0xFF, 0xFF, 0xFF, 0xCF, 0x00, 0x00, 0xFA, 0xFF, 0xFF, 0xFF, 0x0C, 0x00, 0x00, 0x00, 0x00, 0x00,
    0x00, 0xFA, 0xFF, 0xFF, 0xFF, 0x06, 0x50, 0xFF, 0xFF, 0xFF, 0xFF, 0x03, 0x00, 0x00, 0x00, 0x00,
    0x00, 0x00, 0xF1, 0xFF, 0xFF, 0xFF, 0x1F, 0xE1, 0xFF, 0xFF, 0xFF, 0x9F, 0x00, 0x00, 0x00, 0x00,
    0x00, 0x00, 0x00, 0x60, 0xFF, 0xFF, 0xFF, 0xAF, 0xE0, 0xFF, 0xFF, 0xFF, 0x3F, 0x00, 0x00, 0x00,
    0x00, 0x00, 0x00, 0x70, 0xFF, 0xFF, 0xFF, 0xBF, 0x60, 0xFF, 0xFF, 0xFF, 0xBF, 0x00, 0x00, 0x00,
    0x00, 0x00, 0x00, 0xE0, 0xFF, 0xFF, 0xFF, 0x3F, 0x00, 0xFD, 0xFF, 0xFF, 0xFF, 0x03, 0x00, 0x00,
    0x00, 0x00, 0x00, 0xF7, 0xFF, 0xFF, 0xFF, 0x0A, 0x00, 0xF5, 0xFF, 0xFF, 0xFF, 0x0B, 0x00, 0x00,
    0x00, 0x00, 0x00, 0xFE, 0xFF, 0xFF, 0xFF, 0x02, 0x00, 0xC0, 0xFF, 0xFF, 0xFF, 0x3F, 0x00, 0x00,
    0x00, 0x00, 0x70, 0xFF, 0xFF, 0xFF, 0x9F, 0x00, 0x00, 0x30, 0xFF, 0xFF, 0xFF, 0xBF, 0x00, 0x00,
    0x00, 0x00, 0xE0, 0xFF, 0xFF, 0xFF, 0x1F, 0x00, 0x00, 0x00, 0xFB, 0xFF, 0xFF, 0xFF, 0x03, 0x00,
    0x00, 0x00, 0xF7, 0xFF, 0xFF, 0xFF, 0x08, 0x00, 0x00, 0x00, 0xF2, 0xFF, 0xFF, 0xFF, 0x0B, 0x00,
    0x00, 0x00, 0xFE, 0xFF, 0xFF, 0xFF, 0x01, 0x00, 0x00, 0x00, 0xA0, 0xFF, 0xFF, 0xFF, 0x3F, 0x00,
    0x00, 0x70, 0xFF, 0xFF, 0xFF, 0x7F, 0x00, 0x00, 0x00, 0x00, 0x10, 0xFF, 0xFF, 0xFF, 0xBF, 0x00,
    0x00, 0xE0, 0xFF, 0xFF, 0xFF, 0x0E, 0x00, 0x00, 0x00, 0x00, 0x00, 0xF8, 0xFF, 0xFF, 0xFF, 0x03,
    0x00, 0xF7, 0xFF, 0xFF, 0xFF, 0x06, 0x00, 0x00, 0x00, 0x00, 0x00, 0xF1, 0xFF, 0xFF, 0xFF, 0x0B,
    0x00, 0xFE, 0xFF, 0xFF, 0xDF, 0x00, 0x00, 0x00, 0x00, 0x00, 0x00, 0x70, 0xFF, 0xFF, 0xFF, 0x3F,
    0x70, 0xFF, 0xFF, 0xFF, 0x5F, 0x00, 0x00, 0x00, 0x00, 0x00, 0x00, 0x00, 0xFE, 0xFF, 0xFF, 0xBF,
    0xE0, 0xFF, 0xFF, 0xFF, 0x0C, 0x00, 0x00, 0x00, 0x00, 0x00, 0x00, 0x00, 0xF6, 0xFF, 0xFF, 0xFF,
    0xFA, 0xFF, 0xFF, 0xFF, 0x04, 0x00, 0x00, 0x00, 0x00, 0x00, 0x00, 0x00, 0xD0, 0xFF, 0xFF, 0xFF,
    0xFF, 0xFF, 0xFF, 0xBF, 0x00, 0x00, 0x00, 0x00, 0x00, 0x00, 0x00, 0x00, 0x50, 0xFF, 0xFF, 0xFF,
    0xFF, 0xFF, 0xFF, 0x3F, 0x00, 0x00, 0x00, 0x00, 0x00, 0x00, 0x00, 0x00, 0x00, 0xFC, 0xFF, 0xFF,
    0xFF, 0xFF, 0xFF, 0x0A, 0x00, 0x00, 0x00, 0x00, 0x00, 0x00, 0x00, 0x00, 0x00, 0xF3, 0xFF, 0xFF,
    0xFF, 0xFF, 0xFF, 0x02, 0x00, 0x00, 0x00, 0x00, 0x00, 0x00, 0x00, 0x00, 0x00, 0xB0, 0xFF, 0xFF,
    0xFF, 0xFF, 0x9F, 0x00, 0x00, 0x00, 0x00, 0x00, 0x00, 0x00, 0x00, 0x00, 0x00, 0x20, 0xFF, 0xFF,
    0xFF, 0xFF, 0x1F, 0x00, 0x00, 0x00, 0x00, 0x00, 0x00, 0x00, 0x00, 0x00, 0x00, 0x00, 0xF9, 0xFF,
    0xFF, 0xFF, 0x08, 0x00, 0x00, 0x00, 0x00, 0x00, 0x00, 0x00, 0x00, 0x00, 0x00, 0x00, 0xF5, 0xFF,
    0xFF, 0xFF, 0x02, 0x00, 0x00, 0x00, 0x00, 0x00, 0x00, 0x00, 0x00, 0x00, 0x00, 0x00, 0xF5, 0xFF,
    0xFF, 0xFF, 0x02, 0x00, 0x00, 0x00, 0x00, 0x00, 0x00, 0x00, 0x00, 0x00, 0x00, 0x00, 0xF5, 0xFF,
    0xFF, 0xFF, 0x02, 0x00, 0x00, 0x00, 0x00, 0x00, 0x00, 0x00, 0x00, 0x00, 0x00, 0x00, 0xF5, 0xFF,
    0xFF, 0xFF, 0x02, 0x00, 0x00, 0x00, 0x00, 0x00, 0x00, 0x00, 0x00, 0x00, 0x00, 0x00, 0xF5, 0xFF,
    0xFF, 0xFF, 0x02, 0x00, 0x00, 0x00, 0x00, 0x00, 0x00, 0x00, 0x00, 0x00, 0x00, 0x00, 0xF5, 0xFF,
    0xFF, 0xFF, 0x02, 0x00, 0x00, 0x00, 0x00, 0x00, 0x00, 0x00, 0x00, 0x00, 0x00, 0x00, 0xF5, 0xFF,
    0xFF, 0xFF, 0x02, 0x00, 0x00, 0x00, 0x00, 0x00, 0x00, 0x00, 0x00, 0x00, 0x00, 0x00, 0xF5, 0xFF,
    0xFF, 0xFF, 0x02, 0x00, 0x00, 0x00, 0x00, 0x00, 0x00, 0x00, 0x00, 0x00, 0x00, 0x00, 0xF5, 0xFF,
    0xFF, 0xFF, 0x02, 0x00, 0x00, 0x00, 0x00, 0x00, 0x00, 0x00, 0x00, 0x00, 0x00, 0x00, 0xF5, 0xFF,
    0xFF, 0xFF, 0x02, 0x00, 0x00, 0x00, 0x00, 0x00, 0x00, 0x00, 0x00, 0x00, 0x00, 0x00, 0xF5, 0xFF,
    0xFF, 0xFF, 0x02, 0x00, 0x00, 0x00, 0x00, 0x00, 0x00, 0x00, 0x00, 0x00, 0x00, 0x00, 0xF5, 0xFF,
    0xFF, 0xFF, 0x02, 0x00, 0x00, 0x00, 0x00, 0x00, 0x00, 0x00, 0x00, 0x00, 0x00, 0x00, 0xF5, 0xFF,
    0xFF, 0xFF, 0x02, 0x00, 0x00, 0x00, 0x00, 0x00, 0x00, 0x00, 0x00, 0x00, 0x00, 0x00, 0xF5, 0xFF,
    0xFF, 0xFF, 0x02, 0x00, 0x00, 0x00, 0x00, 0x00, 0xF4, 0xFF, 0xFF, 0xFF, 0xFF, 0xFF, 0xFF, 0xFF,
    0xFF, 0xFF, 0xFF, 0xFF, 0xFF, 0x05, 0xF4, 0xFF, 0xFF, 0xFF, 0xFF, 0xFF, 0xFF, 0xFF, 0xFF, 0xFF,
    0xFF, 0xFF, 0xFF, 0x05, 0xF4, 0xFF, 0xFF, 0xFF, 0xFF, 0xFF, 0xFF, 0xFF, 0xFF, 0xFF, 0xFF, 0xFF,
    0xFF, 0x05, 0xF4, 0xFF, 0xFF, 0xFF, 0xFF, 0xFF, 0xFF, 0xFF, 0xFF, 0xFF, 0xFF, 0xFF, 0xFF, 0x05,
    0xF4, 0xFF, 0xFF, 0xFF, 0xFF, 0xFF, 0xFF, 0xFF, 0xFF, 0xFF, 0xFF, 0xFF, 0xFF, 0x05, 0xD0, 0xFF,
    0xFF, 0xFF, 0xFF, 0xFF, 0xFF, 0xFF, 0xFF, 0xFF, 0xFF, 0xFF, 0xFF, 0x05, 0x30, 0xFF, 0xFF, 0xFF,
    0xEF, 0x44, 0x44, 0x44, 0x44, 0x44, 0x44, 0x44, 0x44, 0x01, 0x00, 0xF7, 0xFF, 0xFF, 0xFF, 0x08,
    0x00, 0x00, 0x00, 0x00, 0x00, 0x00, 0x00, 0x00, 0x00, 0xC0, 0xFF, 0xFF, 0xFF, 0x3F, 0x00, 0x00,
    0x00, 0x00, 0x00, 0x00, 0x00, 0x00, 0x00, 0x20, 0xFF, 0xFF, 0xFF, 0xEF, 0x00, 0x00, 0x00, 0x00,
    0x00, 0x00, 0x00, 0x00, 0x00, 0x00, 0xF6, 0xFF, 0xFF, 0xFF, 0x09, 0x00, 0x00, 0x00, 0x00, 0x00,
    0x00, 0x00, 0x00, 0x00, 0xB0, 0xFF, 0xFF, 0xFF, 0x4F, 0x00, 0x00, 0x00, 0x00, 0x00, 0x00, 0x00,
    0x00, 0x00, 0x10, 0xFF, 0xFF, 0xFF, 0xEF, 0x01, 0x00, 0x00, 0x00, 0x00, 0x00, 0x00, 0x00, 0x00,
    0x00, 0xF5, 0xFF, 0xFF, 0xFF, 0x0A, 0x00, 0x00, 0x00, 0x00, 0x00, 0x00, 0x00, 0x00, 0x00, 0xA0,
    0xFF, 0xFF, 0xFF, 0x5F, 0x00, 0x00, 0x00, 0x00, 0x00, 0x00, 0x00, 0x00, 0x00, 0x10, 0xFE, 0xFF,
    0xFF, 0xFF, 0x01, 0x00, 0x00, 0x00, 0x00, 0x00, 0x00, 0x00, 0x00, 0x00, 0xF4, 0xFF, 0xFF, 0xFF,
    0x0B, 0x00, 0x00, 0x00, 0x00, 0x00, 0x00, 0x00, 0x00, 0x00, 0x90, 0xFF, 0xFF, 0xFF, 0x6F, 0x00,
    0x00, 0x00, 0x00, 0x00, 0x00, 0x00, 0x00, 0x00, 0x00, 0xFE, 0xFF, 0xFF, 0xFF, 0x02, 0x00, 0x00,
    0x00, 0x00, 0x00, 0x00, 0x00, 0x00, 0x00, 0xF4, 0xFF, 0xFF, 0xFF, 0x0C, 0x00, 0x00, 0x00, 0x00,
    0x00, 0x00, 0x00, 0x00, 0x00, 0x90, 0xFF, 0xFF, 0xFF, 0x8F, 0x00, 0x00, 0x00, 0x00, 0x00, 0x00,
    0x00, 0x00, 0x00, 0x00, 0xFD, 0xFF, 0xFF, 0xFF, 0x03, 0x00, 0x00, 0x00, 0x00, 0x00, 0x00, 0x00,
    0x00, 0x00, 0xF3, 0xFF, 0xFF, 0xFF, 0x0D, 0x00, 0x00, 0x00, 0x00, 0x00, 0x00, 0x00, 0x00, 0x00,
    0x70, 0xFF, 0xFF, 0xFF, 0x9F, 0x00, 0x00, 0x00, 0x00, 0x00, 0x00, 0x00, 0x00, 0x00, 0x00, 0xFC,
    0xFF, 0xFF, 0xFF, 0x04, 0x00, 0x00, 0x00, 0x00, 0x00, 0x00, 0x00, 0x00, 0x00, 0xF2, 0xFF, 0xFF,
    0xFF, 0x1E, 0x00, 0x00, 0x00, 0x00, 0x00, 0x00, 0x00, 0x00, 0x00, 0x60, 0xFF, 0xFF, 0xFF, 0xAF,
    0x00, 0x00, 0x00, 0x00, 0x00, 0x00, 0x00, 0x00, 0x00, 0x00, 0xFB, 0xFF, 0xFF, 0xFF, 0x05, 0x00,
    0x00, 0x00, 0x00, 0x00, 0x00, 0x00, 0x00, 0x00, 0xF1, 0xFF, 0xFF, 0xFF, 0x1E, 0x00, 0x43, 0x44,
    0x44, 0x44, 0x44, 0x44, 0x44, 0x44, 0x94, 0xFF, 0xFF, 0xFF, 0xBF, 0x00, 0xFC, 0xFF, 0xFF, 0xFF,
    0xFF, 0xFF, 0xFF, 0xFF, 0xFF, 0xFF, 0xFF, 0xFF, 0xFF, 0x06, 0xFC, 0xFF, 0xFF, 0xFF, 0xFF, 0xFF,
    0xFF, 0xFF, 0xFF, 0xFF, 0xFF, 0xFF, 0xFF, 0x0C, 0xFC, 0xFF, 0xFF, 0xFF, 0xFF, 0xFF, 0xFF, 0xFF,
    0xFF, 0xFF, 0xFF, 0xFF, 0xFF, 0x0C, 0xFC, 0xFF, 0xFF, 0xFF, 0xFF, 0xFF, 0xFF, 0xFF, 0xFF, 0xFF,
    0xFF, 0xFF, 0xFF, 0x0C, 0xFC, 0xFF, 0xFF, 0xFF, 0xFF, 0xFF, 0xFF, 0xFF, 0xFF, 0xFF, 0xFF, 0xFF,
    0xFF, 0x0C, 0xFC, 0xFF, 0xFF, 0xFF, 0xFF, 0xFF, 0xFF, 0xFF, 0xFF, 0xFF, 0xFF, 0xFF, 0xFF, 0x0C,
    0xF5, 0xFF, 0xFF, 0xFF, 0xFF, 0xFF, 0x08, 0xF5, 0xFF, 0xFF, 0xFF, 0xFF, 0xFF, 0x08, 0xF5, 0xFF,
    0xFF, 0xFF, 0xFF, 0xFF, 0x08, 0xF5, 0xFF, 0xFF, 0xFF, 0xFF, 0xFF, 0x08, 0xF5, 0xFF, 0xFF, 0xFF,
    0xFF, 0xFF, 0x08, 0x20, 0x22, 0x22, 0xFD, 0xFF, 0xFF, 0x08, 0x00, 0x00, 0x00, 0xFD, 0xFF, 0xFF,
    0x08, 0x00, 0x00, 0x00, 0xFD, 0xFF, 0xFF, 0x08, 0x00, 0x00, 0x00, 0xFD, 0xFF, 0xFF, 0x08, 0x00,
    0x00, 0x00, 0xFD, 0xFF, 0xFF, 0x08, 0x00, 0x00, 0x00, 0xFD, 0xFF, 0xFF, 0x08, 0x00, 0x00, 0x00,
    0xFD, 0xFF, 0xFF, 0x08, 0x00, 0x00, 0x00, 0xFD, 0xFF, 0xFF, 0x08, 0x00, 0x00, 0x00, 0xFD, 0xFF,
    0xFF, 0x08, 0x00, 0x00, 0x00, 0xFD, 0xFF, 0xFF, 0x08, 0x00, 0x00, 0x00, 0xFD, 0xFF, 0xFF, 0x08,
    0x00, 0x00, 0x00, 0xFD, 0xFF, 0xFF, 0x08, 0x00, 0x00, 0x00, 0xFD, 0xFF, 0xFF, 0x08, 0x00, 0x00,
    0x00, 0xFD, 0xFF, 0xFF, 0x08, 0x00, 0x00, 0x00, 0xFD, 0xFF, 0xFF, 0x08, 0x00, 0x00, 0x00, 0xFD,
    0xFF, 0xFF, 0x08, 0x00, 0x00, 0x00, 0xFD, 0xFF, 0xFF, 0x08, 0x00, 0x00, 0x00, 0xFD, 0xFF, 0xFF,
    0x08, 0x00, 0x00, 0x00, 0xFD, 0xFF, 0xFF, 0x08, 0x00, 0x00, 0x00, 0xFD, 0xFF, 0xFF, 0x08, 0x00,
    0x00, 0x00, 0xFD, 0xFF, 0xFF, 0x08, 0x00, 0x00, 0x00, 0xFD, 0xFF, 0xFF, 0x08, 0x00, 0x00, 0x00,
    0xFD, 0xFF, 0xFF, 0x08, 0x00, 0x00, 0x00, 0xFD, 0xFF, 0xFF, 0x08, 0x00, 0x00, 0x00, 0xFD, 0xFF,
    0xFF, 0x08, 0x00, 0x00, 0x00, 0xFD, 0xFF, 0xFF, 0x08, 0x00, 0x00, 0x00, 0xFD, 0xFF, 0xFF, 0x08,
    0x00, 0x00, 0x00, 0xFD, 0xFF, 0xFF, 0x08, 0x00, 0x00, 0x00, 0xFD, 0xFF, 0xFF, 0x08, 0x00, 0x00,
    0x00, 0xFD, 0xFF, 0xFF, 0x08, 0x00, 0x00, 0x00, 0xFD, 0xFF, 0xFF, 0x08, 0x00, 0x00, 0x00, 0xFD,
    0xFF, 0xFF, 0x08, 0x00, 0x00, 0x00, 0xFD, 0xFF, 0xFF, 0x08, 0x20, 0x22, 0x22, 0xFD, 0xFF, 0xFF,
    0x08, 0xF5, 0xFF, 0xFF, 0xFF, 0xFF, 0xFF, 0x08, 0xF5, 0xFF, 0xFF, 0xFF, 0xFF, 0xFF, 0x08, 0xF5,
    0xFF, 0xFF, 0xFF, 0xFF, 0xFF, 0x08, 0xF5, 0xFF, 0xFF, 0xFF, 0xFF, 0xFF, 0x08, 0xF5, 0xFF, 0xFF,
    0xFF, 0xFF, 0xFF, 0x08, 0x00, 0x00, 0x00, 0x00, 0x00, 0x00, 0x40, 0xFF, 0xFF, 0xFF, 0x08, 0x00,
    0x00, 0x00, 0x00, 0x00, 0x00, 0x90, 0xFF, 0xFF, 0xFF, 0x02, 0x00, 0x00, 0x00, 0x00, 0x00, 0x00,
    0xF0, 0xFF, 0xFF, 0xCF, 0x00, 0x00, 0x00, 0x00, 0x00, 0x00, 0x00, 0xF5, 0xFF, 0xFF, 0x6F, 0x00,
    0x00, 0x00, 0x00, 0x00, 0x00, 0x00, 0xFB, 0xFF, 0xFF, 0x1F, 0x00, 0x00, 0x00, 0x00, 0x00, 0x00,
    0x10, 0xFF, 0xFF, 0xFF, 0x0A, 0x00, 0x00, 0x00, 0x00, 0x00, 0x00, 0x70, 0xFF, 0xFF, 0xFF, 0x04,
    0x00, 0x00, 0x00, 0x00, 0x00, 0x00, 0xD0, 0xFF, 0xFF, 0xEF, 0x00, 0x00, 0x00, 0x00, 0x00, 0x00,
    0x00, 0xF3, 0xFF, 0xFF, 0x9F, 0x00, 0x00, 0x00, 0x00, 0x00, 0x00, 0x00, 0xF9, 0xFF, 0xFF, 0x3F,
    0x00, 0x00, 0x00, 0x00, 0x00, 0x00, 0x00, 0xFE, 0xFF, 0xFF, 0x0D, 0x00, 0x00, 0x00, 0x00, 0x00,
    0x00, 0x50, 0xFF, 0xFF, 0xFF, 0x07, 0x00, 0x00, 0x00, 0x00, 0x00, 0x00, 0xA0, 0xFF, 0xFF, 0xFF,
    0x01, 0x00, 0x00, 0x00, 0x00, 0x00, 0x00, 0xF1, 0xFF, 0xFF, 0xBF, 0x00, 0x00, 0x00, 0x00, 0x00,
    0x00, 0x00, 0xF6, 0xFF, 0xFF, 0x5F, 0x00, 0x00, 0x00, 0x00, 0x00, 0x00, 0x00, 0xFC, 0xFF, 0xFF,
    0x0F, 0x00, 0x00, 0x00, 0x00, 0x00, 0x00, 0x20, 0xFF, 0xFF, 0xFF, 0x09, 0x00, 0x00, 0x00, 0x00,
    0x00, 0x00, 0x80, 0xFF, 0xFF, 0xFF, 0x03, 0x00, 0x00, 0x00, 0x00, 0x00, 0x00, 0xE0, 0xFF, 0xFF,
    0xDF, 0x00, 0x00, 0x00, 0x00, 0x00, 0x00, 0x00, 0xF4, 0xFF, 0xFF, 0x8F, 0x00, 0x00, 0x00, 0x00,
    0x00, 0x00, 0x00, 0xFA, 0xFF, 0xFF, 0x2F, 0x00, 0x00, 0x00, 0x00, 0x00, 0x00, 0x00, 0xFF, 0xFF,
    0xFF, 0x0C, 0x00, 0x00, 0x00, 0x00, 0x00, 0x00, 0x60, 0xFF, 0xFF, 0xFF, 0x06, 0x00, 0x00, 0x00,
    0x00, 0x00, 0x00, 0xB0, 0xFF, 0xFF, 0xFF, 0x00, 0x00, 0x00, 0x00, 0x00, 0x00, 0x00, 0xF1, 0xFF,
    0xFF, 0xAF, 0x00, 0x00, 0x00, 0x00, 0x00, 0x00, 0x00, 0xF7, 0xFF, 0xFF, 0x4F, 0x00, 0x00, 0x00,
    0x00, 0x00, 0x00, 0x00, 0xFD, 0xFF, 0xFF, 0x0E, 0x00, 0x00, 0x00, 0x00, 0x00, 0x00, 0x30, 0xFF,
    0xFF, 0xFF, 0x08, 0x00, 0x00, 0x00, 0x00, 0x00, 0x00, 0x90, 0xFF, 0xFF, 0xFF, 0x02, 0x00, 0x00,
    0x00, 0x00, 0x00, 0x00, 0xE0, 0xFF, 0xFF, 0xDF, 0x00, 0x00, 0x00, 0x00, 0x00, 0x00, 0x00, 0xF5,
    0xFF, 0xFF, 0x7F, 0x00, 0x00, 0x00, 0x00, 0x00, 0x00, 0x00, 0xFB, 0xFF, 0xFF, 0x1F, 0x00, 0x00,
    0x00, 0x00, 0x00, 0x00, 0x10, 0xFF, 0xFF, 0xFF, 0x0B, 0x00, 0x00, 0x00, 0x00, 0x00, 0x00, 0x70,
    0xFF, 0xFF, 0xFF, 0x05, 0x00, 0x00, 0x00, 0x00, 0x00, 0x00, 0xC0, 0xFF, 0xFF, 0xEF, 0x00, 0x00,
    0x00, 0x00, 0x00, 0x00, 0x00, 0xF2, 0xFF, 0xFF, 0x9F, 0x00, 0x00, 0x00, 0x00, 0x00, 0x00, 0x00,
    0xF1, 0xFF, 0xFF, 0xFF, 0xFF, 0xFF, 0x0C, 0xF1, 0xFF, 0xFF, 0xFF, 0xFF, 0xFF, 0x0C, 0xF1, 0xFF,
    0xFF, 0xFF, 0xFF, 0xFF, 0x0C, 0xF1, 0xFF, 0xFF, 0xFF, 0xFF, 0xFF, 0x0C, 0xF1, 0xFF, 0xFF, 0xFF,
    0xFF, 0xFF, 0x0C, 0xF1, 0xFF, 0xFF, 0x6F, 0x22, 0x22, 0x01, 0xF1, 0xFF, 0xFF, 0x5F, 0x00, 0x00,
    0x00, 0xF1, 0xFF, 0xFF, 0x5F, 0x00, 0x00, 0x00, 0xF1, 0xFF, 0xFF, 0x5F, 0x00, 0x00, 0x00, 0xF1,
    0xFF, 0xFF, 0x5F, 0x00, 0x00, 0x00, 0xF1, 0xFF, 0xFF, 0x5F, 0x00, 0x00, 0x00, 0xF1, 0xFF, 0xFF,
    0x5F, 0x00, 0x00, 0x00, 0xF1, 0xFF, 0xFF, 0x5F, 0x00, 0x00, 0x00, 0xF1, 0xFF, 0xFF, 0x5F, 0x00,
    0x00, 0x00, 0xF1, 0xFF, 0xFF, 0x5F, 0x00, 0x00, 0x00, 0xF1, 0xFF, 0xFF, 0x5F, 0x00, 0x00, 0x00,
    0xF1, 0xFF, 0xFF, 0x5F, 0x00, 0x00, 0x00, 0xF1, 0xFF, 0xFF, 0x5F, 0x00, 0x00, 0x00, 0xF1, 0xFF,
    0xFF, 0x5F, 0x00, 0x00, 0x00, 0xF1, 0xFF, 0xFF, 0x5F, 0x00, 0x00, 0x00, 0xF1, 0xFF, 0xFF, 0x5F,
    0x00, 0x00, 0x00, 0xF1, 0xFF, 0xFF, 0x5F, 0x00, 0x00, 0x00, 0xF1, 0xFF, 0xFF, 0x5F, 0x00, 0x00,
    0x00, 0xF1, 0xFF, 0xFF, 0x5F, 0x00, 0x00, 0x00, 0xF1, 0xFF, 0xFF, 0x5F, 0x00, 0x00, 0x00, 0xF1,
    0xFF, 0xFF, 0x5F, 0x00, 0x00, 0x00, 0xF1, 0xFF, 0xFF, 0x5F, 0x00, 0x00, 0x00, 0xF1, 0xFF, 0xFF,
    0x5F, 0x00, 0x00, 0x00, 0xF1, 0xFF, 0xFF, 0x5F, 0x00, 0x00, 0x00, 0xF1, 0xFF, 0xFF, 0x5F, 0x00,
    0x00, 0x00, 0xF1, 0xFF, 0xFF, 0x5F, 0x00, 0x00, 0x00, 0xF1, 0xFF, 0xFF, 0x5F, 0x00, 0x00, 0x00,
    0xF1, 0xFF, 0xFF, 0x5F, 0x00, 0x00, 0x00, 0xF1, 0xFF, 0xFF, 0x5F, 0x00, 0x00, 0x00, 0xF1, 0xFF,
    0xFF, 0x5F, 0x00, 0x00, 0x00, 0xF1, 0xFF, 0xFF, 0x5F, 0x00, 0x00, 0x00, 0xF1, 0xFF, 0xFF, 0x5F,
    0x00, 0x00, 0x00, 0xF1, 0xFF, 0xFF, 0x5F, 0x00, 0x00, 0x00, 0xF1, 0xFF, 0xFF, 0x6F, 0x22, 0x22,
    0x01, 0xF1, 0xFF, 0xFF, 0xFF, 0xFF, 0xFF, 0x0C, 0xF1, 0xFF, 0xFF, 0xFF, 0xFF, 0xFF, 0x0C, 0xF1,
    0xFF, 0xFF, 0xFF, 0xFF, 0xFF, 0x0C, 0xF1, 0xFF, 0xFF, 0xFF, 0xFF, 0xFF, 0x0C, 0xF1, 0xFF, 0xFF,
    0xFF, 0xFF, 0xFF, 0x0C, 0x00, 0x00, 0x00, 0x00, 0x00, 0x00, 0x83, 0x88, 0x02, 0x00, 0x00, 0x00,
    0x00, 0x00, 0x00, 0x00, 0x00, 0x00, 0x00, 0x00, 0xFD, 0xFF, 0x0A, 0x00, 0x00, 0x00, 0x00, 0x00,
    0x00, 0x00, 0x00, 0x00, 0x00, 0x60, 0xFF, 0xFF, 0x1F, 0x00, 0x00, 0x00, 0x00, 0x00, 0x00, 0x00,
    0x00, 0x00, 0x00, 0xE0, 0xFF, 0xFF, 0x8F, 0x00, 0x00, 0x00, 0x00, 0x00, 0x00, 0x00, 0x00, 0x00,
    0x00, 0xF7, 0xFF, 0xFF, 0xFF, 0x01, 0x00, 0x00, 0x00, 0x00, 0x00, 0x00, 0x00, 0x00, 0x00, 0xFE,
    0xFF, 0xFF, 0xFF, 0x07, 0x00, 0x00, 0x00, 0x00, 0x00, 0x00, 0x00, 0x00, 0x80, 0xFF, 0xFF, 0xFF,
    0xFF, 0x0E, 0x00, 0x00, 0x00, 0x00, 0x00, 0x00, 0x00, 0x00, 0xF1, 0xFF, 0xFF, 0xFF, 0xFF, 0x6F,
    0x00, 0x00, 0x00, 0x00, 0x00, 0x00, 0x00, 0x00, 0xF8, 0xFF, 0xEF, 0xF8, 0xFF, 0xDF, 0x00, 0x00,
    0x00, 0x00, 0x00, 0x00, 0x00, 0x10, 0xFF, 0xFF, 0x7F, 0xF1, 0xFF, 0xFF, 0x05, 0x00, 0x00, 0x00,
    0x00, 0x00, 0x00, 0x90, 0xFF, 0xFF, 0x0E, 0x90, 0xFF, 0xFF, 0x0D, 0x00, 0x00, 0x00, 0x00, 0x00,
    0x00, 0xF2, 0xFF, 0xFF, 0x07, 0x30, 0xFF, 0xFF, 0x4F, 0x00, 0x00, 0x00, 0x00, 0x00, 0x00, 0xFA,
    0xFF, 0xEF, 0x00, 0x00, 0xFB, 0xFF, 0xBF, 0x00, 0x00, 0x00, 0x00, 0x00, 0x30, 0xFF, 0xFF, 0x7F,
    0x00, 0x00, 0xF4, 0xFF, 0xFF, 0x03, 0x00, 0x00, 0x00, 0x00, 0xB0, 0xFF, 0xFF, 0x0E, 0x00, 0x00,
    0xD0, 0xFF, 0xFF, 0x0A, 0x00, 0x00, 0x00, 0x00, 0xF3, 0xFF, 0xFF, 0x07, 0x00, 0x00, 0x60, 0xFF,
    0xFF, 0x2F, 0x00, 0x00, 0x00, 0x00, 0xFC, 0xFF, 0xEF, 0x00, 0x00, 0x00, 0x00, 0xFE, 0xFF, 0x9F,
    0x00, 0x00, 0x00, 0x40, 0xFF, 0xFF, 0x6F, 0x00, 0x00, 0x00, 0x00, 0xF8, 0xFF, 0xFF, 0x01, 0x00,
    0x00, 0xC0, 0xFF, 0xFF, 0x0E, 0x00, 0x00, 0x00, 0x00, 0xF1, 0xFF, 0xFF, 0x08, 0x00, 0x00, 0xF5,
    0xFF, 0xFF, 0x06, 0x00, 0x00, 0x00, 0x00, 0xA0, 0xFF, 0xFF, 0x0F, 0x00, 0x00, 0xFD, 0xFF, 0xEF,
    0x00, 0x00, 0x00, 0x00, 0x00, 0x30, 0xFF, 0xFF, 0x7F, 0x00, 0x60, 0xFF, 0xFF, 0x6F, 0x00, 0x00,
    0x00, 0x00, 0x00, 0x00, 0xFC, 0xFF, 0xEF, 0x00, 0xE0, 0xFF, 0xFF, 0x0D, 0x00, 0x00, 0x00, 0x00,
    0x00, 0x00, 0xF5, 0xFF, 0xFF, 0x06, 0x82, 0x88, 0x88, 0x04, 0x00, 0x00, 0x00, 0x00, 0x00, 0x00,
    0x70, 0x88, 0x88, 0x05, 0xFA, 0xFF, 0xFF, 0xFF, 0xFF, 0xFF, 0xFF, 0xFF, 0xFF, 0xFF, 0x1F, 0xFA,
    0xFF, 0xFF, 0xFF, 0xFF, 0xFF, 0xFF, 0xFF, 0xFF, 0xFF, 0x1F, 0xFA, 0xFF, 0xFF, 0xFF, 0xFF, 0xFF,
    0xFF, 0xFF, 0xFF, 0xFF, 0x1F, 0x64, 0x66, 0x66, 0x66, 0x66, 0x66, 0x66, 0x66, 0x66, 0x66, 0x06,
    0x00, 0x00, 0x00, 0xFB, 0xFF, 0xFF, 0xFF, 0x0E, 0x00, 0x00, 0x60, 0xFF, 0xFF, 0xFF, 0xDF, 0x01,
    0x00, 0x00, 0xF2, 0xFF, 0xFF, 0xFF, 0x1B, 0x00, 0x00, 0x00, 0xFD, 0xFF, 0xFF, 0x9F, 0x00, 0x00,
    0x00, 0xB0, 0xFF, 0xFF, 0xFF, 0x06, 0x00, 0x00, 0x00, 0xF8, 0xFF, 0xFF, 0x3E, 0x00, 0x00, 0x00,
    0x60, 0xFF, 0xFF, 0xCF, 0x01, 0x00, 0x00, 0x00, 0xF1, 0xFF, 0xFF, 0x08, 0x00, 0x00, 0x00, 0x00,
    0x00, 0x00, 0x00, 0x00, 0x53, 0x77, 0x77, 0x35, 0x00, 0x00, 0x00, 0x00, 0x00, 0x00, 0x00, 0x50,
    0xFB, 0xFF, 0xFF, 0xFF, 0xFF, 0xDF, 0x49, 0x00, 0x00, 0x00, 0x00, 0x20, 0xFC, 0xFF, 0xFF, 0xFF,
    0xFF, 0xFF, 0xFF, 0xFF, 0x7D, 0x00, 0x00, 0x00, 0xF3, 0xFF, 0xFF, 0xFF, 0xFF, 0xFF, 0xFF, 0xFF,
    0xFF, 0xFF, 0x01, 0x00, 0x10, 0xFE, 0xFF, 0xFF, 0xFF, 0xFF, 0xFF, 0xFF, 0xFF, 0xFF, 0x9F, 0x00,
    0x00, 0x80, 0xFF, 0xFF, 0xFF, 0xFF, 0xFF, 0xFF, 0xFF, 0xFF, 0xFF, 0x2F, 0x00, 0x00, 0xE0, 0xFF,
    0xFF, 0xFF, 0xAF, 0x14, 0x10, 0x63, 0xFB, 0xFF, 0x0A, 0x00, 0x00, 0xF3, 0xFF, 0xFF, 0xFF, 0x09,
    0x00, 0x00, 0x00, 0x10, 0xD6, 0x02, 0x00, 0x00, 0xF5, 0xFF, 0xFF, 0xFF, 0x02, 0x00, 0x00, 0x00,
    0x00, 0x00, 0x00, 0x00, 0x00, 0xF6, 0xFF, 0xFF, 0xFF, 0x00, 0x00, 0x00, 0x00, 0x00, 0x00, 0x00,
    0x00, 0x00, 0xF7, 0xFF, 0xFF, 0xFF, 0x00, 0x00, 0x00, 0x00, 0x00, 0x00, 0x00, 0x00, 0x00, 0xF7,
    0xFF, 0xFF, 0xFF, 0xFF, 0xEE, 0xDD, 0xAB, 0x47, 0x01, 0x00, 0x00, 0x00, 0xF7, 0xFF, 0xFF, 0xFF,
    0xFF, 0xFF, 0xFF, 0xFF, 0xFF, 0xBF, 0x05, 0x00, 0x00, 0xF7, 0xFF, 0xFF, 0xFF, 0xFF, 0xFF, 0xFF,
    0xFF, 0xFF, 0xFF, 0xCF, 0x02, 0x00, 0xF7, 0xFF, 0xFF, 0xFF, 0xFF, 0xFF, 0xFF, 0xFF, 0xFF, 0xFF,
    0xFF, 0x2E, 0x00, 0xF7, 0xFF, 0xFF, 0xFF, 0x66, 0x77, 0xB9, 0xFF, 0xFF, 0xFF, 0xFF, 0xCF, 0x00,
    0xF7, 0xFF, 0xFF, 0xFF, 0x00, 0x00, 0x00, 0x80, 0xFF, 0xFF, 0xFF, 0xFF, 0x05, 0xF7, 0xFF, 0xFF,
    0xFF, 0x00, 0x00, 0x00, 0x00, 0xF7, 0xFF, 0xFF, 0xFF, 0x0A, 0xF7, 0xFF, 0xFF, 0xFF, 0x00, 0x00,
    0x00, 0x00, 0xE0, 0xFF, 0xFF, 0xFF, 0x0D, 0xF7, 0xFF, 0xFF, 0xFF, 0x03, 0x00, 0x00, 0x00, 0xC0,
    0xFF, 0xFF, 0xFF, 0x0E, 0xF7, 0xFF, 0xFF, 0xFF, 0x0A, 0x00, 0x00, 0x00, 0xC0, 0xFF, 0xFF, 0xFF,
    0x0E, 0xF7, 0xFF, 0xFF, 0xFF, 0x7F, 0x00, 0x00, 0x00, 0xF1, 0xFF, 0xFF, 0xFF, 0x0C, 0xF7, 0xFF,
    0xFF, 0xFF, 0xFF, 0x4B, 0x00, 0x40, 0xFD, 0xFF, 0xFF, 0xFF, 0x0A, 0xF7, 0xFF, 0xFF, 0xFF, 0xFF,
    0xFF, 0xFF, 0xFF, 0xFF, 0xFF, 0xFF, 0xFF, 0x05, 0xF7, 0xFF, 0xFF, 0x9F, 0xFF, 0xFF, 0xFF, 0xFF,
    0xFF, 0xFF, 0xFF, 0xEF, 0x00, 0xF7, 0xFF, 0xFF, 0x0B, 0xF8, 0xFF, 0xFF, 0xFF, 0xFF, 0xFF, 0xFF,
    0x4F, 0x00, 0xF7, 0xFF, 0xFF, 0x05, 0x70, 0xFF, 0xFF, 0xFF, 0xFF, 0xFF, 0xFF, 0x05, 0x00, 0xF7,
    0xFF, 0xEF, 0x00, 0x00, 0xA2, 0xFF, 0xFF, 0xFF, 0xFF, 0x2B, 0x00, 0x00, 0x00, 0x00, 0x00, 0x00,
    0x00, 0x00, 0x40, 0x76, 0x77, 0x14, 0x00, 0x00, 0x00, 0x00, 0x00, 0x00, 0x00, 0x00, 0x00, 0x00,
    0x00, 0x00, 0xF5, 0xFF, 0xFF, 0xFF, 0x01, 0x00, 0x00, 0x00, 0x00, 0x00, 0x00, 0x00, 0x00, 0x00,
    0xF5, 0xFF, 0xFF, 0xFF, 0x01, 0x00, 0x00, 0x00, 0x00, 0x00, 0x00, 0x00, 0x00, 0x00, 0xF5, 0xFF,
    0xFF, 0xFF, 0x01, 0x00, 0x00, 0x00, 0x00, 0x00, 0x00, 0x00, 0x00, 0x00, 0xF5, 0xFF, 0xFF, 0xFF,
    0x01, 0x00, 0x00, 0x00, 0x00, 0x00, 0x00, 0x00, 0x00, 0x00, 0xF5, 0xFF, 0xFF, 0xFF, 0x01, 0x00,
    0x00, 0x00, 0x00, 0x00, 0x00, 0x00, 0x00, 0x00, 0xF5, 0xFF, 0xFF, 0xFF, 0x01, 0x00, 0x00, 0x00,
    0x00, 0x00, 0x00, 0x00, 0x00, 0x00, 0xF5, 0xFF, 0xFF, 0xFF, 0x01, 0x00, 0x00, 0x00, 0x00, 0x00,
    0x00, 0x00, 0x00, 0x00, 0xF5, 0xFF, 0xFF, 0xFF, 0x01, 0x00, 0x00, 0x00, 0x00, 0x00, 0x00, 0x00,
    0x00, 0x00, 0xF5, 0xFF, 0xFF, 0xFF, 0x01, 0x00, 0x00, 0x00, 0x00, 0x00, 0x00, 0x00, 0x00, 0x00,
    0xF5, 0xFF, 0xFF, 0xFF, 0x01, 0x00, 0x00, 0x00, 0x00, 0x63, 0x77, 0x36, 0x00, 0x00, 0xF5, 0xFF,
    0xFF, 0xFF, 0x01, 0x00, 0x00, 0x00, 0xE7, 0xFF, 0xFF, 0xFF, 0x6E, 0x00, 0xF4, 0xFF, 0xFF, 0xFF,
    0x01, 0x00, 0x00, 0xD2, 0xFF, 0xFF, 0xFF, 0xFF, 0xFF, 0x1B, 0xF4, 0xFF, 0xFF, 0xFF, 0x01, 0x00,
    0x20, 0xFE, 0xFF, 0xFF, 0xFF, 0xFF, 0xFF, 0xCF, 0xF3, 0xFF, 0xFF, 0xFF, 0x01, 0x00, 0xD0, 0xFF,
    0xFF, 0xFF, 0xFF, 0xFF, 0xFF, 0xFF, 0xFB, 0xFF, 0xFF, 0xFF, 0x01, 0x00, 0xF7, 0xFF, 0xFF, 0xFF,
    0xFF, 0xFF, 0xFF, 0xFF, 0xFF, 0xFF, 0xFF, 0xFF, 0x01, 0x00, 0xFF, 0xFF, 0xFF, 0xFF, 0xDF, 0x78,
    0xD9, 0xFF, 0xFF, 0xFF, 0xFF, 0xFF, 0x01, 0x60, 0xFF, 0xFF, 0xFF, 0xFF, 0x07, 0x00, 0x00, 0xF5,
    0xFF, 0xFF, 0xFF, 0xFF, 0x01, 0xA0, 0xFF, 0xFF, 0xFF, 0x8F, 0x00, 0x00, 0x00, 0x70, 0xFF, 0xFF,
    0xFF, 0xFF, 0x01, 0xE0, 0xFF, 0xFF, 0xFF, 0x1F, 0x00, 0x00, 0x00, 0x00, 0xFF, 0xFF, 0xFF, 0xFF,
    0x01, 0xF1, 0xFF, 0xFF, 0xFF, 0x0A, 0x00, 0x00, 0x00, 0x00, 0xFB, 0xFF, 0xFF, 0xFF, 0x01, 0xF3,
    0xFF, 0xFF, 0xFF, 0x07, 0x00, 0x00, 0x00, 0x00, 0xF8, 0xFF, 0xFF, 0xFF, 0x01, 0xF5, 0xFF, 0xFF,
    0xFF, 0x04, 0x00, 0x00, 0x00, 0x00, 0xF6, 0xFF, 0xFF, 0xFF, 0x01, 0xF5, 0xFF, 0xFF, 0xFF, 0x03,
    0x00, 0x00, 0x00, 0x00, 0xF5, 0xFF, 0xFF, 0xFF, 0x01, 0xF6, 0xFF, 0xFF, 0xFF, 0x03, 0x00, 0x00,
    0x00, 0x00, 0xF5, 0xFF, 0xFF, 0xFF, 0x01, 0xF5, 0xFF, 0xFF, 0xFF, 0x03, 0x00, 0x00, 0x00, 0x00,
    0xF6, 0xFF, 0xFF, 0xFF, 0x01, 0xF5, 0xFF, 0xFF, 0xFF, 0x05, 0x00, 0x00, 0x00, 0x00, 0xF7, 0xFF,
    0xFF, 0xFF, 0x01, 0xF3, 0xFF, 0xFF, 0xFF, 0x07, 0x00, 0x00, 0x00, 0x00, 0xF9, 0xFF, 0xFF, 0xFF,
    0x01, 0xF1, 0xFF, 0xFF, 0xFF, 0x0B, 0x00, 0x00, 0x00, 0x00, 0xFC, 0xFF, 0xFF, 0xFF, 0x01, 0xE0,
    0xFF, 0xFF, 0xFF, 0x1F, 0x00, 0x00, 0x00, 0x20, 0xFF, 0xFF, 0xFF, 0xFF, 0x01, 0xA0, 0xFF, 0xFF,
    0xFF, 0xAF, 0x00, 0x00, 0x00, 0x90, 0xFF, 0xFF, 0xFF, 0xFF, 0x01, 0x50, 0xFF, 0xFF, 0xFF, 0xFF,
    0x08, 0x00, 0x00, 0xF8, 0xFF, 0xFF, 0xFF, 0xFF, 0x01, 0x00, 0xFE, 0xFF, 0xFF, 0xFF, 0xEF, 0x89,
    0xEA, 0xFF, 0xFF, 0xFF, 0xFF, 0xFF, 0x01, 0x00, 0xF7, 0xFF, 0xFF, 0xFF, 0xFF, 0xFF, 0xFF, 0xFF,
    0xFF, 0xFF, 0xFF, 0xFF, 0x01, 0x00, 0xC0, 0xFF, 0xFF, 0xFF, 0xFF, 0xFF, 0xFF, 0xFF, 0xFF, 0xFF,
    0xFF, 0xFF, 0x01, 0x00, 0x10, 0xFE, 0xFF, 0xFF, 0xFF, 0xFF, 0xFF, 0xFF, 0xA4, 0xFF, 0xFF, 0xFF,
    0x01, 0x00, 0x00, 0xC2, 0xFF, 0xFF, 0xFF, 0xFF, 0xFF, 0x3E, 0x30, 0xFF, 0xFF, 0xFF, 0x01, 0x00,
    0x00, 0x00, 0xD6, 0xFF, 0xFF, 0xFF, 0x9F, 0x01, 0x00, 0xFC, 0xFF, 0xFF, 0x01, 0x00, 0x00, 0x00,
    0x00, 0x63, 0x77, 0x46, 0x00, 0x00, 0x00, 0x00, 0x00, 0x00, 0x00, 0x00, 0x00, 0x20, 0x65, 0x77,
    0x67, 0x03, 0x00, 0x00, 0x00, 0x00, 0x00, 0x00, 0xA5, 0xFF, 0xFF, 0xFF, 0xFF, 0xFF, 0x6C, 0x00,
    0x00, 0x00, 0x00, 0xE0, 0xFF, 0xFF, 0xFF, 0xFF, 0xFF, 0xFF, 0xFF, 0x5E, 0x00, 0x00, 0x00, 0xB0,
    0xFF, 0xFF, 0xFF, 0xFF, 0xFF, 0xFF, 0xFF, 0xFF, 0x09, 0x00, 0x00, 0x50, 0xFF, 0xFF, 0xFF, 0xFF,
    0xFF, 0xFF, 0xFF, 0xFF, 0x9F, 0x00, 0x00, 0x00, 0xFE, 0xFF, 0xFF, 0xFF, 0xFF, 0xFF, 0xFF, 0xFF,
    0xFF, 0x06, 0x00, 0x00, 0xF9, 0xFF, 0xBE, 0x88, 0xD9, 0xFF, 0xFF, 0xFF, 0xFF, 0x1E, 0x00, 0x00,
    0xE3, 0x39, 0x00, 0x00, 0x00, 0xF6, 0xFF, 0xFF, 0xFF, 0x7F, 0x00, 0x00, 0x00, 0x00, 0x00, 0x00,
    0x00, 0x50, 0xFF, 0xFF, 0xFF, 0xDF, 0x00, 0x00, 0x00, 0x00, 0x00, 0x00, 0x00, 0x00, 0xFB, 0xFF,
    0xFF, 0xFF, 0x02, 0x00, 0x00, 0x00, 0x00, 0x00, 0x00, 0x00, 0xF5, 0xFF, 0xFF, 0xFF, 0x06, 0x00,
    0x00, 0x00, 0x00, 0x00, 0x00, 0x00, 0xF1, 0xFF, 0xFF, 0xFF, 0x08, 0x00, 0x00, 0x00, 0x00, 0x00,
    0x00, 0x00, 0xF0, 0xFF, 0xFF, 0xFF, 0x0A, 0x00, 0x00, 0x00, 0x00, 0x00, 0x00, 0x00, 0xE0, 0xFF,
    0xFF, 0xFF, 0x0B, 0x00, 0x00, 0x00, 0x00, 0x00, 0x00, 0x00, 0xD0, 0xFF, 0xFF, 0xFF, 0x0B, 0x00,
    0x00, 0x00, 0x00, 0x00, 0x00, 0x00, 0xE0, 0xFF, 0xFF, 0xFF, 0x0B, 0x00, 0x00, 0x00, 0x00, 0x00,
    0x00, 0x00, 0xF0, 0xFF, 0xFF, 0xFF, 0x0A, 0x00, 0x00, 0x00, 0x00, 0x00, 0x00, 0x00, 0xF1, 0xFF,
    0xFF, 0xFF, 0x09, 0x00, 0x00, 0x00, 0x00, 0x00, 0x00, 0x00, 0xF5, 0xFF, 0xFF, 0xFF, 0x07, 0x00,
    0x00, 0x00, 0x00, 0x00, 0x00, 0x00, 0xFB, 0xFF, 0xFF, 0xFF, 0x04, 0x30, 0x06, 0x00, 0x00, 0x00,
    0x00, 0x50, 0xFF, 0xFF, 0xFF, 0xFF, 0x00, 0x40, 0xDF, 0x16, 0x00, 0x00, 0x00, 0xF6, 0xFF, 0xFF,
    0xFF, 0xBF, 0x00, 0x40, 0xFF, 0xFF, 0xAD, 0x89, 0xEA, 0xFF, 0xFF, 0xFF, 0xFF, 0x4F, 0x00, 0x40,
    0xFF, 0xFF, 0xFF, 0xFF, 0xFF, 0xFF, 0xFF, 0xFF, 0xFF, 0x0B, 0x00, 0x40, 0xFF, 0xFF, 0xFF, 0xFF,
    0xFF, 0xFF, 0xFF, 0xFF, 0xEF, 0x01, 0x00, 0x40, 0xFF, 0xFF, 0xFF, 0xFF, 0xFF, 0xFF, 0xFF, 0xFF,
    0x2E, 0x00, 0x00, 0x20, 0xFE, 0xFF, 0xFF, 0xFF, 0xFF, 0xFF, 0xFF, 0xBF, 0x01, 0x00, 0x00, 0x00,
    0x60, 0xFC, 0xFF, 0xFF, 0xFF, 0xFF, 0xAF, 0x03, 0x00, 0x00, 0x00, 0x00, 0x00, 0x10, 0x64, 0x77,
    0x77, 0x25, 0x00, 0x00, 0x00, 0x00, 0x00, 0xFC, 0xFF, 0xFF, 0xBF, 0x00, 0x00, 0x00, 0x00, 0x00,
    0x00, 0x00, 0x00, 0x00, 0xFC, 0xFF, 0xFF, 0xBF, 0x00, 0x00, 0x00, 0x00, 0x00, 0x00, 0x00, 0x00,
    0x00, 0xFC, 0xFF, 0xFF, 0xBF, 0x00, 0x00, 0x00, 0x00, 0x00, 0x00, 0x00, 0x00, 0x00, 0xFC, 0xFF,
    0xFF, 0xBF, 0x00, 0x00, 0x00, 0x00, 0x00, 0x00, 0x00, 0x00, 0x00, 0xFC, 0xFF, 0xFF, 0xBF, 0x00,
    0x00, 0x00, 0x00, 0x00, 0x00, 0x00, 0x00, 0x00, 0xFC, 0xFF, 0xFF, 0xBF, 0x00, 0x00, 0x00, 0x00,
    0x00, 0x00, 0x00, 0x00, 0x00, 0xFC, 0xFF, 0xFF, 0xBF, 0x00, 0x00, 0x00, 0x00, 0x00, 0x00, 0x00,
    0x00, 0x00, 0xFC, 0xFF, 0xFF, 0xBF, 0x00, 0x00, 0x00, 0x00, 0x00, 0x00, 0x00, 0x00, 0x00, 0xFC,
    0xFF, 0xFF, 0xBF, 0x00, 0x00, 0x00, 0x00, 0x00, 0x00, 0x00, 0x00, 0x00, 0xFC, 0xFF, 0xFF, 0xBF,
    0x00, 0x00, 0x00, 0x00, 0x00, 0x00, 0x00, 0x00, 0x00, 0xFC, 0xFF, 0xFF, 0xAF, 0x00, 0x00, 0x52,
    0x77, 0x46, 0x00, 0x00, 0x00, 0x00, 0xFC, 0xFF, 0xFF, 0x9F, 0x00, 0xD5, 0xFF, 0xFF, 0xFF, 0x9F,
    0x01, 0x00, 0x00, 0xFC, 0xFF, 0xFF, 0x7F, 0xB0, 0xFF, 0xFF, 0xFF, 0xFF, 0xFF, 0x4E, 0x00, 0x00,
    0xFC, 0xFF, 0xFF, 0x5F, 0xFC, 0xFF, 0xFF, 0xFF, 0xFF, 0xFF, 0xFF, 0x05, 0x00, 0xFC, 0xFF, 0xFF,
    0xCF, 0xFF, 0xFF, 0xFF, 0xFF, 0xFF, 0xFF, 0xFF, 0x3F, 0x00, 0xFC, 0xFF, 0xFF, 0xFF, 0xFF, 0xFF,
    0xFF, 0xFF, 0xFF, 0xFF, 0xFF, 0xCF, 0x00, 0xFC, 0xFF, 0xFF, 0xFF, 0xFF, 0xBE, 0x99, 0xFD, 0xFF,
    0xFF, 0xFF, 0xFF, 0x04, 0xFC, 0xFF, 0xFF, 0xFF, 0x7F, 0x00, 0x00, 0x50, 0xFF, 0xFF, 0xFF, 0xFF,
    0x0B, 0xFC, 0xFF, 0xFF, 0xFF, 0x08, 0x00, 0x00, 0x00, 0xF5, 0xFF, 0xFF, 0xFF, 0x0F, 0xFC, 0xFF,
    0xFF, 0xFF, 0x00, 0x00, 0x00, 0x00, 0xB0, 0xFF, 0xFF, 0xFF, 0x4F, 0xFC, 0xFF, 0xFF, 0xAF, 0x00,
    0x00, 0x00, 0x00, 0x50, 0xFF, 0xFF, 0xFF, 0x7F, 0xFC, 0xFF, 0xFF, 0x7F, 0x00, 0x00, 0x00, 0x00,
    0x10, 0xFF, 0xFF, 0xFF, 0x9F, 0xFC, 0xFF, 0xFF, 0x5F, 0x00, 0x00, 0x00, 0x00, 0x00, 0xFE, 0xFF,
    0xFF, 0xAF, 0xFC, 0xFF, 0xFF, 0x3F, 0x00, 0x00, 0x00, 0x00, 0x00, 0xFD, 0xFF, 0xFF, 0xBF, 0xFC,
    0xFF, 0xFF, 0x3F, 0x00, 0x00, 0x00, 0x00, 0x00, 0xFC, 0xFF, 0xFF, 0xBF, 0xFC, 0xFF, 0xFF, 0x3F,
    0x00, 0x00, 0x00, 0x00, 0x00, 0xFD, 0xFF, 0xFF, 0xBF, 0xFC, 0xFF, 0xFF, 0x4F, 0x00, 0x00, 0x00,
    0x00, 0x00, 0xFE, 0xFF, 0xFF, 0xAF, 0xFC, 0xFF, 0xFF, 0x5F, 0x00, 0x00, 0x00, 0x00, 0x00, 0xFF,
    0xFF, 0xFF, 0x9F, 0xFC, 0xFF, 0xFF, 0x9F, 0x00, 0x00, 0x00, 0x00, 0x40, 0xFF, 0xFF, 0xFF, 0x7F,
    0xFC, 0xFF, 0xFF, 0xDF, 0x00, 0x00, 0x00, 0x00, 0x90, 0xFF, 0xFF, 0xFF, 0x4F, 0xFC, 0xFF, 0xFF,
    0xFF, 0x05, 0x00, 0x00, 0x00, 0xF2, 0xFF, 0xFF, 0xFF, 0x0F, 0xFC, 0xFF, 0xFF, 0xFF, 0x4F, 0x00,
    0x00, 0x20, 0xFE, 0xFF, 0xFF, 0xFF, 0x0B, 0xFC, 0xFF, 0xFF, 0xFF, 0xFF, 0x8C, 0x77, 0xFA, 0xFF,
    0xFF, 0xFF, 0xFF, 0x05, 0xFC, 0xFF, 0xFF, 0xFF, 0xFF, 0xFF, 0xFF, 0xFF, 0xFF, 0xFF, 0xFF, 0xDF,
    0x00, 0xFC, 0xFF, 0xFF, 0xAF, 0xFF, 0xFF, 0xFF, 0xFF, 0xFF, 0xFF, 0xFF, 0x3F, 0x00, 0xFC, 0xFF,
    0xFF, 0x0E, 0xF8, 0xFF, 0xFF, 0xFF, 0xFF, 0xFF, 0xFF, 0x06, 0x00, 0xFC, 0xFF, 0xFF, 0x09, 0x80,
    0xFF, 0xFF, 0xFF, 0xFF, 0xFF, 0x5F, 0x00, 0x00, 0xFC, 0xFF, 0xFF, 0x02, 0x00, 0xB3, 0xFF, 0xFF,
    0xFF, 0xAF, 0x02, 0x00, 0x00, 0x00, 0x00, 0x00, 0x00, 0x00, 0x00, 0x51, 0x77, 0x47, 0x00, 0x00,
    0x00, 0x00, 0x00, 0x00, 0x00, 0x00, 0x20, 0x75, 0x77, 0x46, 0x01, 0x00, 0x00, 0x00, 0x00, 0x00,
    0x00, 0x00, 0x93, 0xFE, 0xFF, 0xFF, 0xFF, 0xCF, 0x07, 0x00, 0x00, 0x00, 0x00, 0x00, 0x90, 0xFF,
    0xFF, 0xFF, 0xFF, 0xFF, 0xFF, 0xEF, 0x05, 0x00, 0x00, 0x00, 0x10, 0xFD, 0xFF, 0xFF, 0xFF, 0xFF,
    0xFF, 0xFF, 0xFF, 0x9F, 0x00, 0x00, 0x00, 0xD0, 0xFF, 0xFF, 0xFF, 0xFF, 0xFF, 0xFF, 0xFF, 0xFF,
    0xFF, 0x09, 0x00, 0x00, 0xF9, 0xFF, 0xFF, 0xFF, 0xEF, 0xDD, 0xFF, 0xFF, 0xFF, 0xFF, 0x5F, 0x00,
    0x20, 0xFF, 0xFF, 0xFF, 0xCF, 0x03, 0x00, 0x70, 0xFF, 0xFF, 0xFF, 0xEF, 0x00, 0x90, 0xFF, 0xFF,
    0xFF, 0x0B, 0x00, 0x00, 0x00, 0xF3, 0xFF, 0xFF, 0xFF, 0x07, 0xE0, 0xFF, 0xFF, 0xFF, 0x02, 0x00,
    0x00, 0x00, 0x90, 0xFF, 0xFF, 0xFF, 0x0D, 0xF2, 0xFF, 0xFF, 0xCF, 0x00, 0x00, 0x00, 0x00, 0x30,
    0xFF, 0xFF, 0xFF, 0x2F, 0xF4, 0xFF, 0xFF, 0xAF, 0x00, 0x00, 0x00, 0x00, 0x00, 0xFF, 0xFF, 0xFF,
    0x5F, 0xF5, 0xFF, 0xFF, 0xFF, 0xFF, 0xFF, 0xFF, 0xFF, 0xFF, 0xFF, 0xFF, 0xFF, 0x8F, 0xF6, 0xFF,
    0xFF, 0xFF, 0xFF, 0xFF, 0xFF, 0xFF, 0xFF, 0xFF, 0xFF, 0xFF, 0xAF, 0xF6, 0xFF, 0xFF, 0xFF, 0xFF,
    0xFF, 0xFF, 0xFF, 0xFF, 0xFF, 0xFF, 0xFF, 0xBF, 0xF6, 0xFF, 0xFF, 0xFF, 0xFF, 0xFF, 0xFF, 0xFF,
    0xFF, 0xFF, 0xFF, 0xFF, 0xBF, 0xF6, 0xFF, 0xFF, 0xFF, 0xFF, 0xFF, 0xFF, 0xFF, 0xFF, 0xFF, 0xFF,
    0xFF, 0xBF, 0x00, 0x00, 0x00, 0x00, 0x00, 0x00, 0x00, 0x00, 0x00, 0xFD, 0xFF, 0xFF, 0xAF, 0x00,
    0x00, 0x00, 0x00, 0x00, 0x00, 0x00, 0x00, 0x00, 0xFF, 0xFF, 0xFF, 0x9F, 0x00, 0x00, 0x00, 0x00,
    0x00, 0x00, 0x00, 0x00, 0x30, 0xFF, 0xFF, 0xFF, 0x6F, 0x00, 0x00, 0x00, 0x00, 0x00, 0x00, 0x00,
    0x00, 0x90, 0xFF, 0xFF, 0xFF, 0x2F, 0x00, 0x00, 0x00, 0x00, 0x00, 0x00, 0x00, 0x00, 0xF3, 0xFF,
    0xFF, 0xFF, 0x0D, 0x00, 0x9D, 0x03, 0x00, 0x00, 0x00, 0x00, 0x30, 0xFE, 0xFF, 0xFF, 0xFF, 0x07,
    0x00, 0xFD, 0xEF, 0x69, 0x13, 0x00, 0x41, 0xFA, 0xFF, 0xFF, 0xFF, 0xEF, 0x00, 0x00, 0xFD, 0xFF,
    0xFF, 0xFF, 0xFF, 0xFF, 0xFF, 0xFF, 0xFF, 0xFF, 0x4F, 0x00, 0x00, 0xFD, 0xFF, 0xFF, 0xFF, 0xFF,
    0xFF, 0xFF, 0xFF, 0xFF, 0xFF, 0x06, 0x00, 0x00, 0xFD, 0xFF, 0xFF, 0xFF, 0xFF, 0xFF, 0xFF, 0xFF,
    0xFF, 0x6F, 0x00, 0x00, 0x00, 0xFA, 0xFF, 0xFF, 0xFF, 0xFF, 0xFF, 0xFF, 0xFF, 0xBF, 0x02, 0x00,
    0x00, 0x00, 0x20, 0xD8, 0xFF, 0xFF, 0xFF, 0xFF, 0xFF, 0x9E, 0x03, 0x00, 0x00, 0x00, 0x00, 0x00,
    0x00, 0x30, 0x65, 0x77, 0x67, 0x25, 0x00, 0x00, 0x00, 0x00, 0x00, 0x30, 0xA7, 0xED, 0xFF, 0xDF,
    0x7B, 0x02, 0x00, 0x00, 0x00, 0x00, 0xF7, 0xFF, 0xFF, 0xFF, 0xFF, 0xFF, 0xAF, 0x01, 0x00, 0x00,
    0x00, 0xF2, 0xFF, 0xFF, 0xFF, 0xFF, 0xFF, 0xFF, 0x1D, 0x00, 0x00, 0x00, 0xC0, 0xFF, 0xFF, 0xFF,
    0xFF, 0xFF, 0xFF, 0xAF, 0x00, 0x00, 0x00, 0x70, 0xFF, 0xFF, 0xFF, 0xFF, 0xFF, 0xFF, 0xFF, 0x02,
    0x00, 0x00, 0x10, 0xFF, 0xFF, 0xFE, 0xFF, 0xFF, 0xFF, 0xFF, 0x08, 0x00, 0x00, 0x00, 0x46, 0x01,
    0x10, 0xFA, 0xFF, 0xFF, 0xFF, 0x0B, 0x00, 0x00, 0x00, 0x00, 0x00, 0x00, 0xE0, 0xFF, 0xFF, 0xFF,
    0x0D, 0x00, 0x00, 0x00, 0x00, 0x00, 0x00, 0xA0, 0xFF, 0xFF, 0xFF, 0x0E, 0x00, 0x00, 0x00, 0x00,
    0x00, 0x00, 0x80, 0xFF, 0xFF, 0xFF, 0x0E, 0x00, 0x00, 0x00, 0x00, 0x00, 0x00, 0x80, 0xFF, 0xFF,
    0xFF, 0x0E, 0x00, 0x00, 0x00, 0xF0, 0xFF, 0xFF, 0xFF, 0xFF, 0xFF, 0xFF, 0xBF, 0x03, 0x00, 0x00,
    0xF0, 0xFF, 0xFF, 0xFF, 0xFF, 0xFF, 0xFF, 0xFF, 0xBF, 0x03, 0x00, 0xF0, 0xFF, 0xFF, 0xFF, 0xFF,
    0xFF, 0xFF, 0xFF, 0xFF, 0x0F, 0x00, 0xF0, 0xFF, 0xFF, 0xFF, 0xFF, 0xFF, 0xFF, 0xFF, 0xFF, 0x0F,
    0x00, 0xF0, 0xFF, 0xFF, 0xFF, 0xFF, 0xFF, 0xFF, 0xFF, 0xFF, 0x0F, 0x00, 0x90, 0x99, 0x99, 0xD9,
    0xFF, 0xFF, 0xFF, 0x9F, 0x99, 0x09, 0x00, 0x00, 0x00, 0x00, 0x80, 0xFF, 0xFF, 0xFF, 0x0E, 0x00,
    0x00, 0x00, 0x00, 0x00, 0x00, 0x80, 0xFF, 0xFF, 0xFF, 0x0E, 0x00, 0x00, 0x00, 0x00, 0x00, 0x00,
    0x80, 0xFF, 0xFF, 0xFF, 0x0E, 0x00, 0x00, 0x00, 0x00, 0x00, 0x00, 0x80, 0xFF, 0xFF, 0xFF, 0x0E,
    0x00, 0x00, 0x00, 0x00, 0x00, 0x00, 0x80, 0xFF, 0xFF, 0xFF, 0x0E, 0x00, 0x00, 0x00, 0x00, 0x00,
    0x00, 0x80, 0xFF, 0xFF, 0xFF, 0x0E, 0x00, 0x00, 0x00, 0x00, 0x00, 0x00, 0x80, 0xFF, 0xFF, 0xFF,
    0x0E, 0x00, 0x00, 0x00, 0x00, 0x00, 0x00, 0x80, 0xFF, 0xFF, 0xFF, 0x0E, 0x00, 0x00, 0x00, 0x00,
    0x00, 0x00, 0x80, 0xFF, 0xFF, 0xFF, 0x0E, 0x00, 0x00, 0x00, 0x00, 0x00, 0x00, 0x80, 0xFF, 0xFF,
    0xFF, 0x0E, 0x00, 0x00, 0x00, 0x00, 0x00, 0x00, 0x80, 0xFF, 0xFF, 0xFF, 0x0E, 0x00, 0x00, 0x00,
    0x00, 0x00, 0x00, 0x80, 0xFF, 0xFF, 0xFF, 0x0E, 0x00, 0x00, 0x00, 0x00, 0x00, 0x00, 0x80, 0xFF,
    0xFF, 0xFF, 0x0E, 0x00, 0x00, 0x00, 0x00, 0x00, 0x00, 0x80, 0xFF, 0xFF, 0xFF, 0x0E, 0x00, 0x00,
    0x00, 0x00, 0x00, 0x00, 0x80, 0xFF, 0xFF, 0xFF, 0x0E, 0x00, 0x00, 0x00, 0x00, 0x00, 0x00, 0x80,
    0xFF, 0xFF, 0xFF, 0x0E, 0x00, 0x00, 0x00, 0x00, 0x00, 0x00, 0x80, 0xFF, 0xFF, 0xFF, 0x0E, 0x00,
    0x00, 0x00, 0x00, 0x00, 0x00, 0x80, 0xFF, 0xFF, 0xFF, 0x0E, 0x00, 0x00, 0x00, 0x00, 0x00, 0x00,
    0x80, 0xFF, 0xFF, 0xFF, 0x0E, 0x00, 0x00, 0x00, 0x00, 0x00, 0x00, 0x80, 0xFF, 0xFF, 0xFF, 0x0E,
    0x00, 0x00, 0x00, 0x00, 0x00, 0x00, 0x80, 0xFF, 0xFF, 0xFF, 0x0E, 0x00, 0x00, 0x00, 0x00, 0x00,
    0x00, 0x00, 0x31, 0x75, 0x77, 0x46, 0x01, 0x00, 0x00, 0x00, 0x00, 0xFA, 0xFF, 0xFF, 0xFF, 0xFF,
    0xFF, 0xFF, 0xFF, 0xFF, 0xDF, 0x17, 0x00, 0x00, 0x00, 0xFA, 0xFF, 0xFF, 0xFF, 0xFF, 0xFF, 0xFF,
    0xFF, 0xFF, 0xFF, 0xFF, 0x06, 0x00, 0x00, 0xFA, 0xFF, 0xFF, 0xFF, 0xFF, 0xFF, 0xFF, 0xFF, 0xFF,
    0xFF, 0xFF, 0x8F, 0x00, 0x00, 0xF9, 0xFF, 0xFF, 0xFF, 0xFF, 0xFF, 0xFF, 0xFF, 0xFF, 0xFF, 0xFF,
    0xFF, 0x05, 0x00, 0x10, 0xA5, 0xFE, 0xFF, 0xFF, 0xFF, 0x27, 0x10, 0xE6, 0xFF, 0xFF, 0xFF, 0x0E,
    0x00, 0x00, 0x00, 0xFB, 0xFF, 0xFF, 0x5F, 0x00, 0x00, 0x20, 0xFF, 0xFF, 0xFF, 0x5F, 0x00, 0x00,
    0x20, 0xFF, 0xFF, 0xFF, 0x0D, 0x00, 0x00, 0x00, 0xFA, 0xFF, 0xFF, 0x9F, 0x00, 0x00, 0x60, 0xFF,
    0xFF, 0xFF, 0x0A, 0x00, 0x00, 0x00, 0xF6, 0xFF, 0xFF, 0xBF, 0x00, 0x00, 0x80, 0xFF, 0xFF, 0xFF,
    0x08, 0x00, 0x00, 0x00, 0xF4, 0xFF, 0xFF, 0xCF, 0x00, 0x00, 0x80, 0xFF, 0xFF, 0xFF, 0x09, 0x00,
    0x00, 0x00, 0xF5, 0xFF, 0xFF, 0xCF, 0x00, 0x00, 0x60, 0xFF, 0xFF, 0xFF, 0x0C, 0x00, 0x00, 0x00,
    0xF8, 0xFF, 0xFF, 0xAF, 0x00, 0x00, 0x30, 0xFF, 0xFF, 0xFF, 0x2F, 0x00, 0x00, 0x00, 0xFD, 0xFF,
    0xFF, 0x6F, 0x00, 0x00, 0x00, 0xFE, 0xFF, 0xFF, 0xCF, 0x01, 0x00, 0x90, 0xFF, 0xFF, 0xFF, 0x1F,
    0x00, 0x00, 0x00, 0xF5, 0xFF, 0xFF, 0xFF, 0xAE, 0x98, 0xFE, 0xFF, 0xFF, 0xFF, 0x08, 0x00, 0x00,
    0x00, 0xA0, 0xFF, 0xFF, 0xFF, 0xFF, 0xFF, 0xFF, 0xFF, 0xFF, 0xBF, 0x00, 0x00, 0x00, 0x00, 0x00,
    0xF9, 0xFF, 0xFF, 0xFF, 0xFF, 0xFF, 0xFF, 0xFF, 0x09, 0x00, 0x00, 0x00, 0x00, 0x00, 0x40, 0xFC,
    0xFF, 0xFF, 0xFF, 0xFF, 0xFF, 0x9F, 0x00, 0x00, 0x00, 0x00, 0x00, 0x00, 0x00, 0x20, 0xB7, 0xFD,
    0xFF, 0xEE, 0xFF, 0xFF, 0x1B, 0x00, 0x00, 0x00, 0x00, 0x00, 0x00, 0x00, 0x00, 0x00, 0x00, 0x00,
    0xFC, 0xFF, 0xDF, 0x00, 0x00, 0x00, 0x00, 0x00, 0x00, 0x00, 0x00, 0x00, 0x00, 0x00, 0xF7, 0xFF,
    0xFF, 0x06, 0x00, 0x00, 0x00, 0x00, 0x00, 0x00, 0x00, 0x00, 0x00, 0x52, 0xFD, 0xFF, 0xFF, 0x0A,
    0x00, 0x00, 0x00, 0x50, 0xDA, 0xFF, 0xFF, 0xFF, 0xFF, 0xFF, 0xFF, 0xFF, 0xFF, 0x09, 0x00, 0x00,
    0x60, 0xFE, 0xFF, 0xFF, 0xFF, 0xFF, 0xFF, 0xFF, 0xFF, 0xFF, 0xFF, 0x02, 0x00, 0x00, 0xF8, 0xFF,
    0xFF, 0xFF, 0xFF, 0xFF, 0xFF, 0xFF, 0xFF, 0xFF, 0x6F, 0x00, 0x00, 0x40, 0xFF, 0xFF, 0xFF, 0xFF,
    0xFF, 0xFF, 0xFF, 0xFF, 0xFF, 0xFF, 0x06, 0x00, 0x00, 0xC0, 0xFF, 0xFF, 0xFF, 0xFF, 0xFF, 0xFF,
    0xFF, 0xFF, 0xFF, 0xFF, 0xDF, 0x06, 0x00, 0xF1, 0xFF, 0xFF, 0xFF, 0xFF, 0xFF, 0xFF, 0xFF, 0xFF,
    0xFF, 0xFF, 0xFF, 0xBF, 0x00, 0xF4, 0xFF, 0xFF, 0xFF, 0x4A, 0x01, 0x00, 0x00, 0x00, 0xA4, 0xFF,
    0xFF, 0xFF, 0x0B, 0xF5, 0xFF, 0xFF, 0x9F, 0x00, 0x00, 0x00, 0x00, 0x00, 0x00, 0xF7, 0xFF, 0xFF,
    0x4F, 0xF4, 0xFF, 0xFF, 0x4F, 0x00, 0x00, 0x00, 0x00, 0x00, 0x00, 0xD0, 0xFF, 0xFF, 0xAF, 0xF3,
    0xFF, 0xFF, 0x5F, 0x00, 0x00, 0x00, 0x00, 0x00, 0x00, 0x90, 0xFF, 0xFF, 0xDF, 0xF0, 0xFF, 0xFF,
    0xCF, 0x00, 0x00, 0x00, 0x00, 0x00, 0x00, 0xB0, 0xFF, 0xFF, 0xDF, 0x90, 0xFF, 0xFF, 0xFF, 0x1B,
    0x00, 0x00, 0x00, 0x00, 0x00, 0xF4, 0xFF, 0xFF, 0xCF, 0x20, 0xFF, 0xFF, 0xFF, 0xFF, 0x59, 0x01,
    0x00, 0x00, 0x92, 0xFF, 0xFF, 0xFF, 0x8F, 0x00, 0xF5, 0xFF, 0xFF, 0xFF, 0xFF, 0xFF, 0xDE, 0xFE,
    0xFF, 0xFF, 0xFF, 0xFF, 0x2F, 0x00, 0x60, 0xFF, 0xFF, 0xFF, 0xFF, 0xFF, 0xFF, 0xFF, 0xFF, 0xFF,
    0xFF, 0xFF, 0x06, 0x00, 0x00, 0xC3, 0xFF, 0xFF, 0xFF, 0xFF, 0xFF, 0xFF, 0xFF, 0xFF, 0xFF, 0x7F,
    0x00, 0x00, 0x00, 0x00, 0xB5, 0xFF, 0xFF, 0xFF, 0xFF, 0xFF, 0xFF, 0xFF, 0xBF, 0x02, 0x00, 0x00,
    0x00, 0x00, 0x00, 0x51, 0xB8, 0xED, 0xFF, 0xFF, 0xCE, 0x69, 0x01, 0x00, 0x00, 0x00, 0x00, 0x00,
    0x00, 0x00, 0x00, 0x00, 0x00, 0x00, 0xF5, 0xFF, 0xFF, 0xFF, 0x01, 0x00, 0x00, 0x00, 0x00, 0x00,
    0x00, 0x00, 0x00, 0x00, 0xF5, 0xFF, 0xFF, 0xFF, 0x01, 0x00, 0x00, 0x00, 0x00, 0x00, 0x00, 0x00,
    0x00, 0x00, 0xF5, 0xFF, 0xFF, 0xFF, 0x01, 0x00, 0x00, 0x00, 0x00, 0x00, 0x00, 0x00, 0x00, 0x00,
    0xF5, 0xFF, 0xFF, 0xFF, 0x01, 0x00, 0x00, 0x00, 0x00, 0x00, 0x00, 0x00, 0x00, 0x00, 0xF5, 0xFF,
    0xFF, 0xFF, 0x01, 0x00, 0x00, 0x00, 0x00, 0x00, 0x00, 0x00, 0x00, 0x00, 0xF5, 0xFF, 0xFF, 0xFF,
    0x01, 0x00, 0x00, 0x00, 0x00, 0x00, 0x00, 0x00, 0x00, 0x00, 0xF5, 0xFF, 0xFF, 0xFF, 0x01, 0x00,
    0x00, 0x00, 0x00, 0x00, 0x00, 0x00, 0x00, 0x00, 0xF5, 0xFF, 0xFF, 0xFF, 0x01, 0x00, 0x00, 0x00,
    0x00, 0x00, 0x00, 0x00, 0x00, 0x00, 0xF5, 0xFF, 0xFF, 0xFF, 0x01, 0x00, 0x00, 0x00, 0x00, 0x00,
    0x00, 0x00, 0x00, 0x00, 0xF5, 0xFF, 0xFF, 0xFF, 0x01, 0x00, 0x00, 0x00, 0x20, 0x75, 0x77, 0x25,
    0x00, 0x00, 0xF4, 0xFF, 0xFF, 0xFF, 0x01, 0x00, 0x00, 0x70, 0xFD, 0xFF, 0xFF, 0xFF, 0x6D, 0x00,
    0xF3, 0xFF, 0xFF, 0xFF, 0x01, 0x00, 0x20, 0xFD, 0xFF, 0xFF, 0xFF, 0xFF, 0xFF, 0x1C, 0xF2, 0xFF,
    0xFF, 0xFF, 0x01, 0x00, 0xE1, 0xFF, 0xFF, 0xFF, 0xFF, 0xFF, 0xFF, 0xDF, 0xF2, 0xFF, 0xFF, 0xFF,
    0x01, 0x00, 0xFB, 0xFF, 0xFF, 0xFF, 0xFF, 0xFF, 0xFF, 0xFF, 0xFB, 0xFF, 0xFF, 0xFF, 0x01, 0x30,
    0xFF, 0xFF, 0xFF, 0xFF, 0xFF, 0xFF, 0xFF, 0xFF, 0xFF, 0xFF, 0xFF, 0xFF, 0x01, 0x90, 0xFF, 0xFF,
    0xFF, 0xFF, 0x9E, 0x87, 0xFA, 0xFF, 0xFF, 0xFF, 0xFF, 0xFF, 0x01, 0xD0, 0xFF, 0xFF, 0xFF, 0xCF,
    0x01, 0x00, 0x10, 0xFB, 0xFF, 0xFF, 0xFF, 0xFF, 0x01, 0xF0, 0xFF, 0xFF, 0xFF, 0x1F, 0x00, 0x00,
    0x00, 0xC0, 0xFF, 0xFF, 0xFF, 0xFF, 0x01, 0xF1, 0xFF, 0xFF, 0xFF, 0x0B, 0x00, 0x00, 0x00, 0x40,
    0xFF, 0xFF, 0xFF, 0xFF, 0x01, 0xF1, 0xFF, 0xFF, 0xFF, 0x07, 0x00, 0x00, 0x00, 0x00, 0xFE, 0xFF,
    0xFF, 0xFF, 0x01, 0xF1, 0xFF, 0xFF, 0xFF, 0x05, 0x00, 0x00, 0x00, 0x00, 0xFA, 0xFF, 0xFF, 0xFF,
    0x01, 0xF1, 0xFF, 0xFF, 0xFF, 0x05, 0x00, 0x00, 0x00, 0x00, 0xF8, 0xFF, 0xFF, 0xFF, 0x01, 0xF1,
    0xFF, 0xFF, 0xFF, 0x05, 0x00, 0x00, 0x00, 0x00, 0xF6, 0xFF, 0xFF, 0xFF, 0x01, 0xF1, 0xFF, 0xFF,
    0xFF, 0x05, 0x00, 0x00, 0x00, 0x00, 0xF6, 0xFF, 0xFF, 0xFF, 0x01, 0xF1, 0xFF, 0xFF, 0xFF, 0x05,
    0x00, 0x00, 0x00, 0x00, 0xF5, 0xFF, 0xFF, 0xFF, 0x01, 0xF1, 0xFF, 0xFF, 0xFF, 0x05, 0x00, 0x00,
    0x00, 0x00, 0xF5, 0xFF, 0xFF, 0xFF, 0x01, 0xF1, 0xFF, 0xFF, 0xFF, 0x05, 0x00, 0x00, 0x00, 0x00,
    0xF5, 0xFF, 0xFF, 0xFF, 0x01, 0xF1, 0xFF, 0xFF, 0xFF, 0x05, 0x00, 0x00, 0x00, 0x00, 0xF5, 0xFF,
    0xFF, 0xFF, 0x01, 0xF1, 0xFF, 0xFF, 0xFF, 0x05, 0x00, 0x00, 0x00, 0x00, 0xF5, 0xFF, 0xFF, 0xFF,
    0x01, 0xF1, 0xFF, 0xFF, 0xFF, 0x05, 0x00, 0x00, 0x00, 0x00, 0xF5, 0xFF, 0xFF, 0xFF, 0x01, 0xF1,
    0xFF, 0xFF, 0xFF, 0x05, 0x00, 0x00, 0x00, 0x00, 0xF5, 0xFF, 0xFF, 0xFF, 0x01, 0xF1, 0xFF, 0xFF,
    0xFF, 0x05, 0x00, 0x00, 0x00, 0x00, 0xF5, 0xFF, 0xFF, 0xFF, 0x01, 0xF1, 0xFF, 0xFF, 0xFF, 0x05,
    0x00, 0x00, 0x00, 0x00, 0xF5, 0xFF, 0xFF, 0xFF, 0x01, 0xF1, 0xFF, 0xFF, 0xFF, 0x05, 0x00, 0x00,
    0x00, 0x00, 0xF5, 0xFF, 0xFF, 0xFF, 0x01, 0xF1, 0xFF, 0xFF, 0xFF, 0x05, 0x00, 0x00, 0x00, 0x00,
    0xF5, 0xFF, 0xFF, 0xFF, 0x01, 0xF1, 0xFF, 0xFF, 0xFF, 0x05, 0x00, 0x00, 0x00, 0x00, 0xF5, 0xFF,
    0xFF, 0xFF, 0x01, 0xF1, 0xFF, 0xFF, 0xFF, 0x05, 0x00, 0x00, 0x00, 0x00, 0xF5, 0xFF, 0xFF, 0xFF,
    0x01, 0x00, 0x30, 0x24, 0x00, 0x00, 0x70, 0xFF, 0xFF, 0x4E, 0x00, 0xF5, 0xFF, 0xFF, 0xFF, 0x01,
    0xF9, 0xFF, 0xFF, 0xFF, 0x05, 0xFA, 0xFF, 0xFF, 0xFF, 0x06, 0xF8, 0xFF, 0xFF, 0xFF, 0x04, 0xF2,
    0xFF, 0xFF, 0xDF, 0x00, 0x30, 0xEA, 0xEF, 0x19, 0x00, 0x00, 0x00, 0x00, 0x00, 0x00, 0x00, 0x00,
    0x00, 0x00, 0x00, 0x00, 0x00, 0x00, 0x00, 0x00, 0xF5, 0xFF, 0xFF, 0xFF, 0x01, 0xF5, 0xFF, 0xFF,
    0xFF, 0x01, 0xF5, 0xFF, 0xFF, 0xFF, 0x01, 0xF5, 0xFF, 0xFF, 0xFF, 0x01, 0xF5, 0xFF, 0xFF, 0xFF,
    0x01, 0xF5, 0xFF, 0xFF, 0xFF, 0x01, 0xF5, 0xFF, 0xFF, 0xFF, 0x01, 0xF5, 0xFF, 0xFF, 0xFF, 0x01,
    0xF5, 0xFF, 0xFF, 0xFF, 0x01, 0xF5, 0xFF, 0xFF, 0xFF, 0x01, 0xF5, 0xFF, 0xFF, 0xFF, 0x01, 0xF5,
    0xFF, 0xFF, 0xFF, 0x01, 0xF5, 0xFF, 0xFF, 0xFF, 0x01, 0xF5, 0xFF, 0xFF, 0xFF, 0x01, 0xF5, 0xFF,
    0xFF, 0xFF, 0x01, 0xF5, 0xFF, 0xFF, 0xFF, 0x01, 0xF5, 0xFF, 0xFF, 0xFF, 0x01, 0xF5, 0xFF, 0xFF,
    0xFF, 0x01, 0xF5, 0xFF, 0xFF, 0xFF, 0x01, 0xF5, 0xFF, 0xFF, 0xFF, 0x01, 0xF5, 0xFF, 0xFF, 0xFF,
    0x01, 0xF5, 0xFF, 0xFF, 0xFF, 0x01, 0xF5, 0xFF, 0xFF, 0xFF, 0x01, 0xF5, 0xFF, 0xFF, 0xFF, 0x01,
    0xF5, 0xFF, 0xFF, 0xFF, 0x01, 0xF5, 0xFF, 0xFF, 0xFF, 0x01, 0xF5, 0xFF, 0xFF, 0xFF, 0x01, 0x00,
    0x30, 0x24, 0x00, 0x00, 0x00, 0x00, 0x00, 0x70, 0xFF, 0xFF, 0x4E, 0x00, 0x00, 0x00, 0x00, 0xF5,
    0xFF, 0xFF, 0xFF, 0x01, 0x00, 0x00, 0x00, 0xF9, 0xFF, 0xFF, 0xFF, 0x05, 0x00, 0x00, 0x00, 0xFA,
    0xFF, 0xFF, 0xFF, 0x06, 0x00, 0x00, 0x00, 0xF8, 0xFF, 0xFF, 0xFF, 0x04, 0x00, 0x00, 0x00, 0xF2,
    0xFF, 0xFF, 0xDF, 0x00, 0x00, 0x00, 0x00, 0x30, 0xEA, 0xEF, 0x19, 0x00, 0x00, 0x00, 0x00, 0x00,
    0x00, 0x00, 0x00, 0x00, 0x00, 0x00, 0x00, 0x00, 0x00, 0x00, 0x00, 0x00, 0x00, 0x00, 0x00, 0x00,
    0x00, 0x00, 0x00, 0x00, 0x00, 0x00, 0x00, 0xF5, 0xFF, 0xFF, 0xFF, 0x01, 0x00, 0x00, 0x00, 0xF5,
    0xFF, 0xFF, 0xFF, 0x01, 0x00, 0x00, 0x00, 0xF5, 0xFF, 0xFF, 0xFF, 0x01, 0x00, 0x00, 0x00, 0xF5,
    0xFF, 0xFF, 0xFF, 0x01, 0x00, 0x00, 0x00, 0xF5, 0xFF, 0xFF, 0xFF, 0x01, 0x00, 0x00, 0x00, 0xF5,
    0xFF, 0xFF, 0xFF, 0x01, 0x00, 0x00, 0x00, 0xF5, 0xFF, 0xFF, 0xFF, 0x01, 0x00, 0x00, 0x00, 0xF5,
    0xFF, 0xFF, 0xFF, 0x01, 0x00, 0x00, 0x00, 0xF5, 0xFF, 0xFF, 0xFF, 0x01, 0x00, 0x00, 0x00, 0xF5,
    0xFF, 0xFF, 0xFF, 0x01, 0x00, 0x00, 0x00, 0xF5, 0xFF, 0xFF, 0xFF, 0x01, 0x00, 0x00, 0x00, 0xF5,
    0xFF, 0xFF, 0xFF, 0x01, 0x00, 0x00, 0x00, 0xF5, 0xFF, 0xFF, 0xFF, 0x01, 0x00, 0x00, 0x00, 0xF5,
    0xFF, 0xFF, 0xFF, 0x01, 0x00, 0x00, 0x00, 0xF5, 0xFF, 0xFF, 0xFF, 0x01, 0x00, 0x00, 0x00, 0xF5,
    0xFF, 0xFF, 0xFF, 0x01, 0x00, 0x00, 0x00, 0xF5, 0xFF, 0xFF, 0xFF, 0x01, 0x00, 0x00, 0x00, 0xF5,
    0xFF, 0xFF, 0xFF, 0x01, 0x00, 0x00, 0x00, 0xF5, 0xFF, 0xFF, 0xFF, 0x01, 0x00, 0x00, 0x00, 0xF5,
    0xFF, 0xFF, 0xFF, 0x01, 0x00, 0x00, 0x00, 0xF5, 0xFF, 0xFF, 0xFF, 0x01, 0x00, 0x00, 0x00, 0xF5,
    0xFF, 0xFF, 0xFF, 0x01, 0x00, 0x00, 0x00, 0xF5, 0xFF, 0xFF, 0xFF, 0x01, 0x00, 0x00, 0x00, 0xF5,
    0xFF, 0xFF, 0xFF, 0x01, 0x00, 0x00, 0x00, 0xF5, 0xFF, 0xFF, 0xFF, 0x01, 0x00, 0x00, 0x00, 0xF5,
    0xFF, 0xFF, 0xFF, 0x01, 0x00, 0x00, 0x00, 0xF5, 0xFF, 0xFF, 0xFF, 0x01, 0x00, 0x00, 0x00, 0xF5,
    0xFF, 0xFF, 0xFF, 0x01, 0x00, 0x00, 0x00, 0xF5, 0xFF, 0xFF, 0xFF, 0x01, 0x00, 0x00, 0x00, 0xF5,
    0xFF, 0xFF, 0xFF, 0x01, 0x00, 0x00, 0x00, 0xF5, 0xFF, 0xFF, 0xFF, 0x04, 0x00, 0x00, 0x00, 0xF4,
    0xFF, 0xFF, 0xFF, 0x0A, 0x00, 0x00, 0x00, 0xF1, 0xFF, 0xFF, 0xFF, 0xAF, 0x03, 0x20, 0x14, 0xC0,
    0xFF, 0xFF, 0xFF, 0xFF, 0xFF, 0xFF, 0x3F, 0x60, 0xFF, 0xFF, 0xFF, 0xFF, 0xFF, 0xFF, 0x3F, 0x00,
    0xFD, 0xFF, 0xFF, 0xFF, 0xFF, 0xFF, 0x3F, 0x00, 0xE2, 0xFF, 0xFF, 0xFF, 0xFF, 0xFF, 0x3F, 0x00,
    0x10, 0xFA, 0xFF, 0xFF, 0xFF, 0xFF, 0x3F, 0x00, 0x00, 0x30, 0xC8, 0xFE, 0xFF, 0xBD, 0x18, 0x00,
    0x00, 0x00, 0x00, 0x00, 0x00, 0x00, 0x00, 0x00, 0x50, 0xFF, 0xFF, 0xFF, 0x1F, 0x00, 0x00, 0x00,
    0x00, 0x00, 0x00, 0x00, 0x00, 0x00, 0x50, 0xFF, 0xFF, 0xFF, 0x1F, 0x00, 0x00, 0x00, 0x00, 0x00,
    0x00, 0x00, 0x00, 0x00, 0x50, 0xFF, 0xFF, 0xFF, 0x1F, 0x00, 0x00, 0x00, 0x00, 0x00, 0x00, 0x00,
    0x00, 0x00, 0x50, 0xFF, 0xFF, 0xFF, 0x1F, 0x00, 0x00, 0x00, 0x00, 0x00, 0x00, 0x00, 0x00, 0x00,
    0x50, 0xFF, 0xFF, 0xFF, 0x1F, 0x00, 0x00, 0x00, 0x00, 0x00, 0x00, 0x00, 0x00, 0x00, 0x50, 0xFF,
    0xFF, 0xFF, 0x1F, 0x00, 0x00, 0x00, 0x00, 0x00, 0x00, 0x00, 0x00, 0x00, 0x50, 0xFF, 0xFF, 0xFF,
    0x1F, 0x00, 0x00, 0x00, 0x00, 0x00, 0x00, 0x00, 0x00, 0x00, 0x50, 0xFF, 0xFF, 0xFF, 0x1F, 0x00,
    0x00, 0x00, 0x00, 0x00, 0x00, 0x00, 0x00, 0x00, 0x50, 0xFF, 0xFF, 0xFF, 0x1F, 0x00, 0x00, 0x00,
    0x00, 0x00, 0x00, 0x00, 0x00, 0x00, 0x50, 0xFF, 0xFF, 0xFF, 0x1F, 0x00, 0x00, 0x00, 0x00, 0x00,
    0x00, 0x00, 0x00, 0x00, 0x50, 0xFF, 0xFF, 0xFF, 0x1F, 0xD1, 0xFF, 0xFF, 0xFF, 0x8F, 0x00, 0x00,
    0x00, 0x00, 0x50, 0xFF, 0xFF, 0xFF, 0x1F, 0x10, 0xFD, 0xFF, 0xFF, 0xFF, 0x07, 0x00, 0x00, 0x00,
    0x50, 0xFF, 0xFF, 0xFF, 0x1F, 0x00, 0xE2, 0xFF, 0xFF, 0xFF, 0x6F, 0x00, 0x00, 0x00, 0x50, 0xFF,
    0xFF, 0xFF, 0x1F, 0x00, 0x20, 0xFE, 0xFF, 0xFF, 0xFF, 0x05, 0x00, 0x00, 0x50, 0xFF, 0xFF, 0xFF,
    0x1F, 0x00, 0x00, 0xF3, 0xFF, 0xFF, 0xFF, 0x4F, 0x00, 0x00, 0x50, 0xFF, 0xFF, 0xFF, 0x1F, 0x00,
    0x00, 0x40, 0xFF, 0xFF, 0xFF, 0xFF, 0x03, 0x00, 0x50, 0xFF, 0xFF, 0xFF, 0x1F, 0x00, 0x00, 0x00,
    0xF5, 0xFF, 0xFF, 0xFF, 0x2E, 0x00, 0x50, 0xFF, 0xFF, 0xFF, 0x1F, 0x00, 0x00, 0x00, 0x60, 0xFF,
    0xFF, 0xFF, 0xEF, 0x02, 0x50, 0xFF, 0xFF, 0xFF, 0x1F, 0x00, 0x00, 0x00, 0x00, 0xF7, 0xFF, 0xFF,
    0xFF, 0x1D, 0x40, 0xFF, 0xFF, 0xFF, 0x1F, 0x00, 0x00, 0x00, 0x00, 0x80, 0xFF, 0xFF, 0xFF, 0xCF,
    0x30, 0xFF, 0xFF, 0xFF, 0x1F, 0x00, 0x00, 0x00, 0x00, 0x00, 0xFA, 0xFF, 0xFF, 0xFF, 0x29, 0xFF,
    0xFF, 0xFF, 0x1F, 0x00, 0x00, 0x00, 0x00, 0x00, 0xC0, 0xFF, 0xFF, 0xFF, 0x5F, 0xFF, 0xFF, 0xFF,
    0x1F, 0x00, 0x00, 0x00, 0x00, 0x00, 0xF2, 0xFF, 0xFF, 0xFF, 0xFF, 0xFF, 0xFF, 0xFF, 0x1F, 0x00,
    0x00, 0x00, 0x00, 0x00, 0xFC, 0xFF, 0xFF, 0xFF, 0xFF, 0xFF, 0xFF, 0xFF, 0x1F, 0x00, 0x00, 0x00,
    0x00, 0x90, 0xFF, 0xFF, 0xFF, 0xFF, 0xFF, 0xFF, 0xFF, 0xFF, 0x1F, 0x00, 0x00, 0x00, 0x00, 0xF5,
    0xFF, 0xFF, 0xFF, 0xFF, 0xFF, 0xFF, 0xFF, 0xFF, 0x1F, 0x00, 0x00, 0x00, 0x20, 0xFF, 0xFF, 0xFF,
    0xFF, 0xD5, 0xFF, 0xFF, 0xFF, 0xFF, 0x1F, 0x00, 0x00, 0x00, 0xD0, 0xFF, 0xFF, 0xFF, 0x6F, 0x00,
    0xFA, 0xFF, 0xFF, 0xFF, 0x1F, 0x00, 0x00, 0x00, 0xF9, 0xFF, 0xFF, 0xFF, 0x0B, 0x00, 0x90, 0xFF,
    0xFF, 0xFF, 0x1F, 0x00, 0x00, 0x50, 0xFF, 0xFF, 0xFF, 0xEF, 0x01, 0x00, 0x50, 0xFF, 0xFF, 0xFF,
    0x1F, 0x00, 0x00, 0xF2, 0xFF, 0xFF, 0xFF, 0x4F, 0x00, 0x00, 0x50, 0xFF, 0xFF, 0xFF, 0x1F, 0x00,
    0x00, 0xFD, 0xFF, 0xFF, 0xFF, 0x08, 0x00, 0x00, 0x50, 0xFF, 0xFF, 0xFF, 0x1F, 0x00, 0x90, 0xFF,
    0xFF, 0xFF, 0xCF, 0x00, 0x00, 0x00, 0x50, 0xFF, 0xFF, 0xFF, 0x1F, 0x00, 0xF5, 0xFF, 0xFF, 0xFF,
    0x2F, 0x00, 0x00, 0x00, 0x50, 0xFF, 0xFF, 0xFF, 0x1F, 0x20, 0xFF, 0xFF, 0xFF, 0xFF, 0x06, 0x00,
    0x00, 0x00, 0x50, 0xFF, 0xFF, 0xFF, 0x1F, 0xD0, 0xFF, 0xFF, 0xFF, 0xAF, 0x00, 0x00, 0x00, 0x00,
    0x50, 0xFF, 0xFF, 0xFF, 0x1F, 0xFA, 0xFF, 0xFF, 0xFF, 0x1E, 0x00, 0x00, 0x00, 0x00, 0x50, 0xFF,
    0xFF, 0xFF, 0x1F, 0xF5, 0xFF, 0xFF, 0xFF, 0x01, 0xF5, 0xFF, 0xFF, 0xFF, 0x01, 0xF5, 0xFF, 0xFF,
    0xFF, 0x01, 0xF5, 0xFF, 0xFF, 0xFF, 0x01, 0xF5, 0xFF, 0xFF, 0xFF, 0x01, 0xF5, 0xFF, 0xFF, 0xFF,
    0x01, 0xF5, 0xFF, 0xFF, 0xFF, 0x01, 0xF5, 0xFF, 0xFF, 0xFF, 0x01, 0xF5, 0xFF, 0xFF, 0xFF, 0x01,
    0xF5, 0xFF, 0xFF, 0xFF, 0x01, 0xF5, 0xFF, 0xFF, 0xFF, 0x01, 0xF5, 0xFF, 0xFF, 0xFF, 0x01, 0xF5,
    0xFF, 0xFF, 0xFF, 0x01, 0xF5, 0xFF, 0xFF, 0xFF, 0x01, 0xF5, 0xFF, 0xFF, 0xFF, 0x01, 0xF5, 0xFF,
    0xFF, 0xFF, 0x01, 0xF5, 0xFF, 0xFF, 0xFF, 0x01, 0xF5, 0xFF, 0xFF, 0xFF, 0x01, 0xF5, 0xFF, 0xFF,
    0xFF, 0x01, 0xF5, 0xFF, 0xFF, 0xFF, 0x01, 0xF5, 0xFF, 0xFF, 0xFF, 0x01, 0xF5, 0xFF, 0xFF, 0xFF,
    0x01, 0xF5, 0xFF, 0xFF, 0xFF, 0x01, 0xF5, 0xFF, 0xFF, 0xFF, 0x01, 0xF5, 0xFF, 0xFF, 0xFF, 0x01,
    0xF5, 0xFF, 0xFF, 0xFF, 0x01, 0xF5, 0xFF, 0xFF, 0xFF, 0x01, 0xF5, 0xFF, 0xFF, 0xFF, 0x01, 0xF5,
    0xFF, 0xFF, 0xFF, 0x01, 0xF5, 0xFF, 0xFF, 0xFF, 0x01, 0xF5, 0xFF, 0xFF, 0xFF, 0x01, 0xF5, 0xFF,
    0xFF, 0xFF, 0x01, 0xF5, 0xFF, 0xFF, 0xFF, 0x01, 0xF5, 0xFF, 0xFF, 0xFF, 0x01, 0xF5, 0xFF, 0xFF,
    0xFF, 0x01, 0xF5, 0xFF, 0xFF, 0xFF, 0x01, 0xF5, 0xFF, 0xFF, 0xFF, 0x01, 0xF5, 0xFF, 0xFF, 0xFF,
    0x01, 0x00, 0x00, 0x00, 0x41, 0x76, 0x67, 0x03, 0x00, 0x00, 0x00, 0x00, 0x10, 0x64, 0x77, 0x36,
    0x00, 0x00, 0x00, 0x00, 0x00, 0x00, 0x00, 0x00, 0x00, 0xB3, 0xFF, 0xFF, 0xFF, 0xEF, 0x29, 0x00,
    0x00, 0x40, 0xFB, 0xFF, 0xFF, 0xFF, 0x9F, 0x01, 0x00, 0xFB, 0xFF, 0xFF, 0x01, 0x00, 0x80, 0xFF,
    0xFF, 0xFF, 0xFF, 0xFF, 0xFF, 0x06, 0x00, 0xF9, 0xFF, 0xFF, 0xFF, 0xFF, 0xFF, 0x4F, 0x00, 0xFF,
    0xFF, 0xFF, 0x01, 0x00, 0xF8, 0xFF, 0xFF, 0xFF, 0xFF, 0xFF, 0xFF, 0x6F, 0x90, 0xFF, 0xFF, 0xFF,
    0xFF, 0xFF, 0xFF, 0xFF, 0x44, 0xFF, 0xFF, 0xFF, 0x01, 0x20, 0xFF, 0xFF, 0xFF, 0xFF, 0xFF, 0xFF,
    0xFF, 0xFF, 0xF8, 0xFF, 0xFF, 0xFF, 0xFF, 0xFF, 0xFF, 0xFF, 0xCE, 0xFF, 0xFF, 0xFF, 0x01, 0x90,
    0xFF, 0xFF, 0xFF, 0xFF, 0xFF, 0xFF, 0xFF, 0xFF, 0xFF, 0xFF, 0xFF, 0xFF, 0xFF, 0xFF, 0xFF, 0xFF,
    0xFF, 0xFF, 0xFF, 0xFF, 0x01, 0xE0, 0xFF, 0xFF, 0xFF, 0xFF, 0x8C, 0x97, 0xFE, 0xFF, 0xFF, 0xFF,
    0xFF, 0xFF, 0xCF, 0x78, 0xE9, 0xFF, 0xFF, 0xFF, 0xFF, 0xFF, 0x01, 0xF2, 0xFF, 0xFF, 0xFF, 0x8F,
    0x00, 0x00, 0x80, 0xFF, 0xFF, 0xFF, 0xFF, 0xFF, 0x07, 0x00, 0x00, 0xF8, 0xFF, 0xFF, 0xFF, 0xFF,
    0x01, 0xF4, 0xFF, 0xFF, 0xFF, 0x0C, 0x00, 0x00, 0x00, 0xFA, 0xFF, 0xFF, 0xFF, 0xCF, 0x00, 0x00,
    0x00, 0xB0, 0xFF, 0xFF, 0xFF, 0xFF, 0x01, 0xF5, 0xFF, 0xFF, 0xFF, 0x07, 0x00, 0x00, 0x00, 0xF2,
    0xFF, 0xFF, 0xFF, 0x6F, 0x00, 0x00, 0x00, 0x30, 0xFF, 0xFF, 0xFF, 0xFF, 0x01, 0xF5, 0xFF, 0xFF,
    0xFF, 0x03, 0x00, 0x00, 0x00, 0xC0, 0xFF, 0xFF, 0xFF, 0x3F, 0x00, 0x00, 0x00, 0x00, 0xFD, 0xFF,
    0xFF, 0xFF, 0x01, 0xF5, 0xFF, 0xFF, 0xFF, 0x02, 0x00, 0x00, 0x00, 0x90, 0xFF, 0xFF, 0xFF, 0x1F,
    0x00, 0x00, 0x00, 0x00, 0xFA, 0xFF, 0xFF, 0xFF, 0x01, 0xF5, 0xFF, 0xFF, 0xFF, 0x01, 0x00, 0x00,
    0x00, 0x70, 0xFF, 0xFF, 0xFF, 0x1F, 0x00, 0x00, 0x00, 0x00, 0xF8, 0xFF, 0xFF, 0xFF, 0x01, 0xF5,
    0xFF, 0xFF, 0xFF, 0x01, 0x00, 0x00, 0x00, 0x50, 0xFF, 0xFF, 0xFF, 0x1F, 0x00, 0x00, 0x00, 0x00,
    0xF6, 0xFF, 0xFF, 0xFF, 0x01, 0xF5, 0xFF, 0xFF, 0xFF, 0x01, 0x00, 0x00, 0x00, 0x50, 0xFF, 0xFF,
    0xFF, 0x1F, 0x00, 0x00, 0x00, 0x00, 0xF6, 0xFF, 0xFF, 0xFF, 0x01, 0xF5, 0xFF, 0xFF, 0xFF, 0x01,
    0x00, 0x00, 0x00, 0x50, 0xFF, 0xFF, 0xFF, 0x1F, 0x00, 0x00, 0x00, 0x00, 0xF5, 0xFF, 0xFF, 0xFF,
    0x01, 0xF5, 0xFF, 0xFF, 0xFF, 0x01, 0x00, 0x00, 0x00, 0x50, 0xFF, 0xFF, 0xFF, 0x1F, 0x00, 0x00,
    0x00, 0x00, 0xF5, 0xFF, 0xFF, 0xFF, 0x01, 0xF5, 0xFF, 0xFF, 0xFF, 0x01, 0x00, 0x00, 0x00, 0x50,
    0xFF, 0xFF, 0xFF, 0x1F, 0x00, 0x00, 0x00, 0x00, 0xF5, 0xFF, 0xFF, 0xFF, 0x01, 0xF5, 0xFF, 0xFF,
    0xFF, 0x01, 0x00, 0x00, 0x00, 0x50, 0xFF, 0xFF, 0xFF, 0x1F, 0x00, 0x00, 0x00, 0x00, 0xF5, 0xFF,
    0xFF, 0xFF, 0x01, 0xF5, 0xFF, 0xFF, 0xFF, 0x01, 0x00, 0x00, 0x00, 0x50, 0xFF, 0xFF, 0xFF, 0x1F,
    0x00, 0x00, 0x00, 0x00, 0xF5, 0xFF, 0xFF, 0xFF, 0x01, 0xF5, 0xFF, 0xFF, 0xFF, 0x01, 0x00, 0x00,
    0x00, 0x50, 0xFF, 0xFF, 0xFF, 0x1F, 0x00, 0x00, 0x00, 0x00, 0xF5, 0xFF, 0xFF, 0xFF, 0x01, 0xF5,
    0xFF, 0xFF, 0xFF, 0x01, 0x00, 0x00, 0x00, 0x50, 0xFF, 0xFF, 0xFF, 0x1F, 0x00, 0x00, 0x00, 0x00,
    0xF5, 0xFF, 0xFF, 0xFF, 0x01, 0xF5, 0xFF, 0xFF, 0xFF, 0x01, 0x00, 0x00, 0x00, 0x50, 0xFF, 0xFF,
    0xFF, 0x1F, 0x00, 0x00, 0x00, 0x00, 0xF5, 0xFF, 0xFF, 0xFF, 0x01, 0xF5, 0xFF, 0xFF, 0xFF, 0x01,
    0x00, 0x00, 0x00, 0x50, 0xFF, 0xFF, 0xFF, 0x1F, 0x00, 0x00, 0x00, 0x00, 0xF5, 0xFF, 0xFF, 0xFF,
    0x01, 0xF5, 0xFF, 0xFF, 0xFF, 0x01, 0x00, 0x00, 0x00, 0x50, 0xFF, 0xFF, 0xFF, 0x1F, 0x00, 0x00,
    0x00, 0x00, 0xF5, 0xFF, 0xFF, 0xFF, 0x01, 0xF5, 0xFF, 0xFF, 0xFF, 0x01, 0x00, 0x00, 0x00, 0x50,
    0xFF, 0xFF, 0xFF, 0x1F, 0x00, 0x00, 0x00, 0x00, 0xF5, 0xFF, 0xFF, 0xFF, 0x01, 0xF5, 0xFF, 0xFF,
    0xFF, 0x01, 0x00, 0x00, 0x00, 0x50, 0xFF, 0xFF, 0xFF, 0x1F, 0x00, 0x00, 0x00, 0x00, 0xF5, 0xFF,
    0xFF, 0xFF, 0x01, 0xF5, 0xFF, 0xFF, 0xFF, 0x01, 0x00, 0x00, 0x00, 0x50, 0xFF, 0xFF, 0xFF, 0x1F,
    0x00, 0x00, 0x00, 0x00, 0xF5, 0xFF, 0xFF, 0xFF, 0x01, 0x00, 0x00, 0x00, 0x20, 0x75, 0x77, 0x25,
    0x00, 0x00, 0x00, 0x00, 0x00, 0x00, 0x00, 0x00, 0x00, 0x60, 0xFD, 0xFF, 0xFF, 0xFF, 0x8E, 0x01,
    0x00, 0xFB, 0xFF, 0xFF, 0x01, 0x00, 0x20, 0xFD, 0xFF, 0xFF, 0xFF, 0xFF, 0xFF, 0x4E, 0x00, 0xFF,
    0xFF, 0xFF, 0x01, 0x00, 0xE2, 0xFF, 0xFF, 0xFF, 0xFF, 0xFF, 0xFF, 0xFF, 0x44, 0xFF, 0xFF, 0xFF,
    0x01, 0x00, 0xFC, 0xFF, 0xFF, 0xFF, 0xFF, 0xFF, 0xFF, 0xFF, 0xCE, 0xFF, 0xFF, 0xFF, 0x01, 0x40,
    0xFF, 0xFF, 0xFF, 0xFF, 0xFF, 0xFF, 0xFF, 0xFF, 0xFF, 0xFF, 0xFF, 0xFF, 0x01, 0x90, 0xFF, 0xFF,
    0xFF, 0xFF, 0x9E, 0x87, 0xFA, 0xFF, 0xFF, 0xFF, 0xFF, 0xFF, 0x01, 0xD0, 0xFF, 0xFF, 0xFF, 0xCF,
    0x01, 0x00, 0x00, 0xFA, 0xFF, 0xFF, 0xFF, 0xFF, 0x01, 0xF0, 0xFF, 0xFF, 0xFF, 0x1F, 0x00, 0x00,
    0x00, 0xC0, 0xFF, 0xFF, 0xFF, 0xFF, 0x01, 0xF1, 0xFF, 0xFF, 0xFF, 0x0B, 0x00, 0x00, 0x00, 0x40,
    0xFF, 0xFF, 0xFF, 0xFF, 0x01, 0xF1, 0xFF, 0xFF, 0xFF, 0x07, 0x00, 0x00, 0x00, 0x00, 0xFE, 0xFF,
    0xFF, 0xFF, 0x01, 0xF1, 0xFF, 0xFF, 0xFF, 0x05, 0x00, 0x00, 0x00, 0x00, 0xFB, 0xFF, 0xFF, 0xFF,
    0x01, 0xF1, 0xFF, 0xFF, 0xFF, 0x05, 0x00, 0x00, 0x00, 0x00, 0xF8, 0xFF, 0xFF, 0xFF, 0x01, 0xF1,
    0xFF, 0xFF, 0xFF, 0x05, 0x00, 0x00, 0x00, 0x00, 0xF6, 0xFF, 0xFF, 0xFF, 0x01, 0xF1, 0xFF, 0xFF,
    0xFF, 0x05, 0x00, 0x00, 0x00, 0x00, 0xF6, 0xFF, 0xFF, 0xFF, 0x01, 0xF1, 0xFF, 0xFF, 0xFF, 0x05,
    0x00, 0x00, 0x00, 0x00, 0xF5, 0xFF, 0xFF, 0xFF, 0x01, 0xF1, 0xFF, 0xFF, 0xFF, 0x05, 0x00, 0x00,
    0x00, 0x00, 0xF5, 0xFF, 0xFF, 0xFF, 0x01, 0xF1, 0xFF, 0xFF, 0xFF, 0x05, 0x00, 0x00, 0x00, 0x00,
    0xF5, 0xFF, 0xFF, 0xFF, 0x01, 0xF1, 0xFF, 0xFF, 0xFF, 0x05, 0x00, 0x00, 0x00, 0x00, 0xF5, 0xFF,
    0xFF, 0xFF, 0x01, 0xF1, 0xFF, 0xFF, 0xFF, 0x05, 0x00, 0x00, 0x00, 0x00, 0xF5, 0xFF, 0xFF, 0xFF,
    0x01, 0xF1, 0xFF, 0xFF, 0xFF, 0x05, 0x00, 0x00, 0x00, 0x00, 0xF5, 0xFF, 0xFF, 0xFF, 0x01, 0xF1,
    0xFF, 0xFF, 0xFF, 0x05, 0x00, 0x00, 0x00, 0x00, 0xF5, 0xFF, 0xFF, 0xFF, 0x01, 0xF1, 0xFF, 0xFF,
    0xFF, 0x05, 0x00, 0x00, 0x00, 0x00, 0xF5, 0xFF, 0xFF, 0xFF, 0x01, 0xF1, 0xFF, 0xFF, 0xFF, 0x05,
    0x00, 0x00, 0x00, 0x00, 0xF5, 0xFF, 0xFF, 0xFF, 0x01, 0xF1, 0xFF, 0xFF, 0xFF, 0x05, 0x00, 0x00,
    0x00, 0x00, 0xF5, 0xFF, 0xFF, 0xFF, 0x01, 0xF1, 0xFF, 0xFF, 0xFF, 0x05, 0x00, 0x00, 0x00, 0x00,
    0xF5, 0xFF, 0xFF, 0xFF, 0x01, 0xF1, 0xFF, 0xFF, 0xFF, 0x05, 0x00, 0x00, 0x00, 0x00, 0xF5, 0xFF,
    0xFF, 0xFF, 0x01, 0xF1, 0xFF, 0xFF, 0xFF, 0x05, 0x00, 0x00, 0x00, 0x00, 0xF5, 0xFF, 0xFF, 0xFF,
    0x01, 0x00, 0x00, 0x00, 0x00, 0x00, 0x63, 0x77, 0x67, 0x03, 0x00, 0x00, 0x00, 0x00, 0x00, 0x00,
    0x00, 0x00, 0x40, 0xFB, 0xFF, 0xFF, 0xFF, 0xFF, 0x6C, 0x00, 0x00, 0x00, 0x00, 0x00, 0x00, 0x20,
    0xFC, 0xFF, 0xFF, 0xFF, 0xFF, 0xFF, 0xFF, 0x4E, 0x00, 0x00, 0x00, 0x00, 0x00, 0xF5, 0xFF, 0xFF,
    0xFF, 0xFF, 0xFF, 0xFF, 0xFF, 0xFF, 0x08, 0x00, 0x00, 0x00, 0x50, 0xFF, 0xFF, 0xFF, 0xFF, 0xFF,
    0xFF, 0xFF, 0xFF, 0xFF, 0x8F, 0x00, 0x00, 0x00, 0xF3, 0xFF, 0xFF, 0xFF, 0xFF, 0xFF, 0xFF, 0xFF,
    0xFF, 0xFF, 0xFF, 0x05, 0x00, 0x00, 0xFC, 0xFF, 0xFF, 0xFF, 0xDF, 0x89, 0xC9, 0xFF, 0xFF, 0xFF,
    0xFF, 0x0E, 0x00, 0x50, 0xFF, 0xFF, 0xFF, 0xEF, 0x04, 0x00, 0x00, 0xE4, 0xFF, 0xFF, 0xFF, 0x7F,
    0x00, 0xC0, 0xFF, 0xFF, 0xFF, 0x4F, 0x00, 0x00, 0x00, 0x30, 0xFF, 0xFF, 0xFF, 0xDF, 0x00, 0xF1,
    0xFF, 0xFF, 0xFF, 0x0B, 0x00, 0x00, 0x00, 0x00, 0xFA, 0xFF, 0xFF, 0xFF, 0x02, 0xF5, 0xFF, 0xFF,
    0xFF, 0x05, 0x00, 0x00, 0x00, 0x00, 0xF4, 0xFF, 0xFF, 0xFF, 0x06, 0xF8, 0xFF, 0xFF, 0xFF, 0x02,
    0x00, 0x00, 0x00, 0x00, 0xF1, 0xFF, 0xFF, 0xFF, 0x08, 0xFA, 0xFF, 0xFF, 0xFF, 0x00, 0x00, 0x00,
    0x00, 0x00, 0xF0, 0xFF, 0xFF, 0xFF, 0x0A, 0xFB, 0xFF, 0xFF, 0xFF, 0x00, 0x00, 0x00, 0x00, 0x00,
    0xD0, 0xFF, 0xFF, 0xFF, 0x0B, 0xFB, 0xFF, 0xFF, 0xEF, 0x00, 0x00, 0x00, 0x00, 0x00, 0xD0, 0xFF,
    0xFF, 0xFF, 0x0B, 0xFA, 0xFF, 0xFF, 0xFF, 0x00, 0x00, 0x00, 0x00, 0x00, 0xE0, 0xFF, 0xFF, 0xFF,
    0x0B, 0xF9, 0xFF, 0xFF, 0xFF, 0x00, 0x00, 0x00, 0x00, 0x00, 0xF0, 0xFF, 0xFF, 0xFF, 0x0A, 0xF7,
    0xFF, 0xFF, 0xFF, 0x02, 0x00, 0x00, 0x00, 0x00, 0xF1, 0xFF, 0xFF, 0xFF, 0x08, 0xF5, 0xFF, 0xFF,
    0xFF, 0x06, 0x00, 0x00, 0x00, 0x00, 0xF5, 0xFF, 0xFF, 0xFF, 0x05, 0xF1, 0xFF, 0xFF, 0xFF, 0x0B,
    0x00, 0x00, 0x00, 0x00, 0xFA, 0xFF, 0xFF, 0xFF, 0x01, 0xC0, 0xFF, 0xFF, 0xFF, 0x4F, 0x00, 0x00,
    0x00, 0x30, 0xFF, 0xFF, 0xFF, 0xCF, 0x00, 0x50, 0xFF, 0xFF, 0xFF, 0xEF, 0x04, 0x00, 0x00, 0xE4,
    0xFF, 0xFF, 0xFF, 0x5F, 0x00, 0x00, 0xFD, 0xFF, 0xFF, 0xFF, 0xCF, 0x79, 0xC9, 0xFF, 0xFF, 0xFF,
    0xFF, 0x0D, 0x00, 0x00, 0xF3, 0xFF, 0xFF, 0xFF, 0xFF, 0xFF, 0xFF, 0xFF, 0xFF, 0xFF, 0xFF, 0x03,
    0x00, 0x00, 0x70, 0xFF, 0xFF, 0xFF, 0xFF, 0xFF, 0xFF, 0xFF, 0xFF, 0xFF, 0x6F, 0x00, 0x00, 0x00,
    0x00, 0xF7, 0xFF, 0xFF, 0xFF, 0xFF, 0xFF, 0xFF, 0xFF, 0xFF, 0x05, 0x00, 0x00, 0x00, 0x00, 0x30,
    0xFD, 0xFF, 0xFF, 0xFF, 0xFF, 0xFF, 0xFF, 0x3C, 0x00, 0x00, 0x00, 0x00, 0x00, 0x00, 0x50, 0xFB,
    0xFF, 0xFF, 0xFF, 0xFF, 0x4B, 0x00, 0x00, 0x00, 0x00, 0x00, 0x00, 0x00, 0x00, 0x00, 0x63, 0x77,
    0x67, 0x03, 0x00, 0x00, 0x00, 0x00, 0x00, 0x00, 0x00, 0x00, 0x00, 0x63, 0x77, 0x36, 0x00, 0x00,
    0x00, 0x00, 0x00, 0x00, 0x00, 0x00, 0x00, 0x00, 0xE7, 0xFF, 0xFF, 0xFF, 0x6D, 0x00, 0x10, 0xFF,
    0xFF, 0xFF, 0x01, 0x00, 0x00, 0xD2, 0xFF, 0xFF, 0xFF, 0xFF, 0xFF, 0x1B, 0x60, 0xFF, 0xFF, 0xFF,
    0x01, 0x00, 0x20, 0xFE, 0xFF, 0xFF, 0xFF, 0xFF, 0xFF, 0xCF, 0xB0, 0xFF, 0xFF, 0xFF, 0x01, 0x00,
    0xD0, 0xFF, 0xFF, 0xFF, 0xFF, 0xFF, 0xFF, 0xFF, 0xFB, 0xFF, 0xFF, 0xFF, 0x01, 0x00, 0xF7, 0xFF,
    0xFF, 0xFF, 0xFF, 0xFF, 0xFF, 0xFF, 0xFF, 0xFF, 0xFF, 0xFF, 0x01, 0x00, 0xFF, 0xFF, 0xFF, 0xFF,
    0xCF, 0x78, 0xD9, 0xFF, 0xFF, 0xFF, 0xFF, 0xFF, 0x01, 0x60, 0xFF, 0xFF, 0xFF, 0xFF, 0x05, 0x00,
    0x00, 0xF5, 0xFF, 0xFF, 0xFF, 0xFF, 0x01, 0xA0, 0xFF, 0xFF, 0xFF, 0x6F, 0x00, 0x00, 0x00, 0x70,
    0xFF, 0xFF, 0xFF, 0xFF, 0x01, 0xE0, 0xFF, 0xFF, 0xFF, 0x0E, 0x00, 0x00, 0x00, 0x00, 0xFF, 0xFF,
    0xFF, 0xFF, 0x01, 0xF1, 0xFF, 0xFF, 0xFF, 0x0A, 0x00, 0x00, 0x00, 0x00, 0xFB, 0xFF, 0xFF, 0xFF,
    0x01, 0xF3, 0xFF, 0xFF, 0xFF, 0x06, 0x00, 0x00, 0x00, 0x00, 0xF8, 0xFF, 0xFF, 0xFF, 0x01, 0xF5,
    0xFF, 0xFF, 0xFF, 0x04, 0x00, 0x00, 0x00, 0x00, 0xF6, 0xFF, 0xFF, 0xFF, 0x01, 0xF5, 0xFF, 0xFF,
    0xFF, 0x03, 0x00, 0x00, 0x00, 0x00, 0xF5, 0xFF, 0xFF, 0xFF, 0x01, 0xF6, 0xFF, 0xFF, 0xFF, 0x03,
    0x00, 0x00, 0x00, 0x00, 0xF5, 0xFF, 0xFF, 0xFF, 0x01, 0xF5, 0xFF, 0xFF, 0xFF, 0x03, 0x00, 0x00,
    0x00, 0x00, 0xF6, 0xFF, 0xFF, 0xFF, 0x01, 0xF5, 0xFF, 0xFF, 0xFF, 0x05, 0x00, 0x00, 0x00, 0x00,
    0xF7, 0xFF, 0xFF, 0xFF, 0x01, 0xF3, 0xFF, 0xFF, 0xFF, 0x07, 0x00, 0x00, 0x00, 0x00, 0xF9, 0xFF,
    0xFF, 0xFF, 0x01, 0xF1, 0xFF, 0xFF, 0xFF, 0x0A, 0x00, 0x00, 0x00, 0x00, 0xFC, 0xFF, 0xFF, 0xFF,
    0x01, 0xE0, 0xFF, 0xFF, 0xFF, 0x1F, 0x00, 0x00, 0x00, 0x20, 0xFF, 0xFF, 0xFF, 0xFF, 0x01, 0xA0,
    0xFF, 0xFF, 0xFF, 0x8F, 0x00, 0x00, 0x00, 0xA0, 0xFF, 0xFF, 0xFF, 0xFF, 0x01, 0x40, 0xFF, 0xFF,
    0xFF, 0xFF, 0x06, 0x00, 0x00, 0xF8, 0xFF, 0xFF, 0xFF, 0xFF, 0x01, 0x00, 0xFE, 0xFF, 0xFF, 0xFF,
    0xDF, 0x89, 0xEA, 0xFF, 0xFF, 0xFF, 0xFF, 0xFF, 0x01, 0x00, 0xF6, 0xFF, 0xFF, 0xFF, 0xFF, 0xFF,
    0xFF, 0xFF, 0xFF, 0xFF, 0xFF, 0xFF, 0x01, 0x00, 0xB0, 0xFF, 0xFF, 0xFF, 0xFF, 0xFF, 0xFF, 0xFF,
    0xFF, 0xFF, 0xFF, 0xFF, 0x01, 0x00, 0x10, 0xFD, 0xFF, 0xFF, 0xFF, 0xFF, 0xFF, 0xFF, 0xF5, 0xFF,
    0xFF, 0xFF, 0x01, 0x00, 0x00, 0xC1, 0xFF, 0xFF, 0xFF, 0xFF, 0xFF, 0x3E, 0xF3, 0xFF, 0xFF, 0xFF,
    0x01, 0x00, 0x00, 0x00, 0xD6, 0xFF, 0xFF, 0xFF, 0x9F, 0x01, 0xF4, 0xFF, 0xFF, 0xFF, 0x01, 0x00,
    0x00, 0x00, 0x00, 0x62, 0x77, 0x46, 0x00, 0x00, 0xF5, 0xFF, 0xFF, 0xFF, 0x01, 0x00, 0x00, 0x00,
    0x00, 0x00, 0x00, 0x00, 0x00, 0x00, 0xF5, 0xFF, 0xFF, 0xFF, 0x01, 0x00, 0x00, 0x00, 0x00, 0x00,
    0x00, 0x00, 0x00, 0x00, 0xF5, 0xFF, 0xFF, 0xFF, 0x01, 0x00, 0x00, 0x00, 0x00, 0x00, 0x00, 0x00,
    0x00, 0x00, 0xF5, 0xFF, 0xFF, 0xFF, 0x01, 0x00, 0x00, 0x00, 0x00, 0x00, 0x00, 0x00, 0x00, 0x00,
    0xF5, 0xFF, 0xFF, 0xFF, 0x01, 0x00, 0x00, 0x00, 0x00, 0x00, 0x00, 0x00, 0x00, 0x00, 0xF5, 0xFF,
    0xFF, 0xFF, 0x01, 0x00, 0x00, 0x00, 0x00, 0x00, 0x00, 0x00, 0x00, 0x00, 0xF5, 0xFF, 0xFF, 0xFF,
    0x01, 0x00, 0x00, 0x00, 0x00, 0x00, 0x00, 0x00, 0x00, 0x00, 0xF5, 0xFF, 0xFF, 0xFF, 0x01, 0x00,
    0x00, 0x00, 0x00, 0x00, 0x00, 0x00, 0x00, 0x00, 0xF5, 0xFF, 0xFF, 0xFF, 0x01, 0x00, 0x00, 0x00,
    0x00, 0x00, 0x00, 0x00, 0x00, 0x00, 0xF5, 0xFF, 0xFF, 0xFF, 0x01, 0x00, 0x00, 0x00, 0x00, 0x00,
    0x00, 0x00, 0x00, 0x00, 0xF5, 0xFF, 0xFF, 0xFF, 0x01, 0x00, 0x00, 0x00, 0x00, 0x00, 0x00, 0x00,
    0x00, 0x00, 0xF5, 0xFF, 0xFF, 0xFF, 0x01, 0x00, 0x00, 0x00, 0x00, 0x00, 0x00, 0x52, 0x77, 0x46,
    0x00, 0x00, 0x00, 0x00, 0xFC, 0xFF, 0xFF, 0x0A, 0x00, 0xD5, 0xFF, 0xFF, 0xFF, 0x9F, 0x01, 0x00,
    0x00, 0xFC, 0xFF, 0xFF, 0x0D, 0xA0, 0xFF, 0xFF, 0xFF, 0xFF, 0xFF, 0x5F, 0x00, 0x00, 0xFC, 0xFF,
    0xFF, 0x0F, 0xFB, 0xFF, 0xFF, 0xFF, 0xFF, 0xFF, 0xFF, 0x05, 0x00, 0xFC, 0xFF, 0xFF, 0xCF, 0xFF,
    0xFF, 0xFF, 0xFF, 0xFF, 0xFF, 0xFF, 0x2F, 0x00, 0xFC, 0xFF, 0xFF, 0xFF, 0xFF, 0xFF, 0xFF, 0xFF,
    0xFF, 0xFF, 0xFF, 0xCF, 0x00, 0xFC, 0xFF, 0xFF, 0xFF, 0xFF, 0xBE, 0x99, 0xFC, 0xFF, 0xFF, 0xFF,
    0xFF, 0x04, 0xFC, 0xFF, 0xFF, 0xFF, 0x7F, 0x00, 0x00, 0x40, 0xFE, 0xFF, 0xFF, 0xFF, 0x0A, 0xFC,
    0xFF, 0xFF, 0xFF, 0x08, 0x00, 0x00, 0x00, 0xF4, 0xFF, 0xFF, 0xFF, 0x0F, 0xFC, 0xFF, 0xFF, 0xFF,
    0x00, 0x00, 0x00, 0x00, 0xB0, 0xFF, 0xFF, 0xFF, 0x4F, 0xFC, 0xFF, 0xFF, 0xAF, 0x00, 0x00, 0x00,
    0x00, 0x50, 0xFF, 0xFF, 0xFF, 0x7F, 0xFC, 0xFF, 0xFF, 0x7F, 0x00, 0x00, 0x00, 0x00, 0x10, 0xFF,
    0xFF, 0xFF, 0x9F, 0xFC, 0xFF, 0xFF, 0x5F, 0x00, 0x00, 0x00, 0x00, 0x00, 0xFF, 0xFF, 0xFF, 0xAF,
    0xFC, 0xFF, 0xFF, 0x3F, 0x00, 0x00, 0x00, 0x00, 0x00, 0xFE, 0xFF, 0xFF, 0xBF, 0xFC, 0xFF, 0xFF,
    0x3F, 0x00, 0x00, 0x00, 0x00, 0x00, 0xFD, 0xFF, 0xFF, 0xCF, 0xFC, 0xFF, 0xFF, 0x3F, 0x00, 0x00,
    0x00, 0x00, 0x00, 0xFD, 0xFF, 0xFF, 0xBF, 0xFC, 0xFF, 0xFF, 0x4F, 0x00, 0x00, 0x00, 0x00, 0x00,
    0xFE, 0xFF, 0xFF, 0xAF, 0xFC, 0xFF, 0xFF, 0x5F, 0x00, 0x00, 0x00, 0x00, 0x00, 0xFF, 0xFF, 0xFF,
    0x9F, 0xFC, 0xFF, 0xFF, 0x8F, 0x00, 0x00, 0x00, 0x00, 0x40, 0xFF, 0xFF, 0xFF, 0x7F, 0xFC, 0xFF,
    0xFF, 0xDF, 0x00, 0x00, 0x00, 0x00, 0x90, 0xFF, 0xFF, 0xFF, 0x4F, 0xFC, 0xFF, 0xFF, 0xFF, 0x04,
    0x00, 0x00, 0x00, 0xF1, 0xFF, 0xFF, 0xFF, 0x1F, 0xFC, 0xFF, 0xFF, 0xFF, 0x2E, 0x00, 0x00, 0x10,
    0xFC, 0xFF, 0xFF, 0xFF, 0x0B, 0xFC, 0xFF, 0xFF, 0xFF, 0xFF, 0x6A, 0x65, 0xF9, 0xFF, 0xFF, 0xFF,
    0xFF, 0x05, 0xFC, 0xFF, 0xFF, 0xFF, 0xFF, 0xFF, 0xFF, 0xFF, 0xFF, 0xFF, 0xFF, 0xDF, 0x00, 0xFC,
    0xFF, 0xFF, 0xCF, 0xFF, 0xFF, 0xFF, 0xFF, 0xFF, 0xFF, 0xFF, 0x3F, 0x00, 0xFC, 0xFF, 0xFF, 0x8F,
    0xF8, 0xFF, 0xFF, 0xFF, 0xFF, 0xFF, 0xFF, 0x06, 0x00, 0xFC, 0xFF, 0xFF, 0xAF, 0x70, 0xFF, 0xFF,
    0xFF, 0xFF, 0xFF, 0x6F, 0x00, 0x00, 0xFC, 0xFF, 0xFF, 0xBF, 0x00, 0xC3, 0xFF, 0xFF, 0xFF, 0xAF,
    0x02, 0x00, 0x00, 0xFC, 0xFF, 0xFF, 0xBF, 0x00, 0x00, 0x52, 0x77, 0x47, 0x01, 0x00, 0x00, 0x00,
    0xFC, 0xFF, 0xFF, 0xBF, 0x00, 0x00, 0x00, 0x00, 0x00, 0x00, 0x00, 0x00, 0x00, 0xFC, 0xFF, 0xFF,
    0xBF, 0x00, 0x00, 0x00, 0x00, 0x00, 0x00, 0x00, 0x00, 0x00, 0xFC, 0xFF, 0xFF, 0xBF, 0x00, 0x00,
    0x00, 0x00, 0x00, 0x00, 0x00, 0x00, 0x00, 0xFC, 0xFF, 0xFF, 0xBF, 0x00, 0x00, 0x00, 0x00, 0x00,
    0x00, 0x00, 0x00, 0x00, 0xFC, 0xFF, 0xFF, 0xBF, 0x00, 0x00, 0x00, 0x00, 0x00, 0x00, 0x00, 0x00,
    0x00, 0xFC, 0xFF, 0xFF, 0xBF, 0x00, 0x00, 0x00, 0x00, 0x00, 0x00, 0x00, 0x00, 0x00, 0xFC, 0xFF,
    0xFF, 0xBF, 0x00, 0x00, 0x00, 0x00, 0x00, 0x00, 0x00, 0x00, 0x00, 0xFC, 0xFF, 0xFF, 0xBF, 0x00,
    0x00, 0x00, 0x00, 0x00, 0x00, 0x00, 0x00, 0x00, 0xFC, 0xFF, 0xFF, 0xBF, 0x00, 0x00, 0x00, 0x00,
    0x00, 0x00, 0x00, 0x00, 0x00, 0xFC, 0xFF, 0xFF, 0xBF, 0x00, 0x00, 0x00, 0x00, 0x00, 0x00, 0x00,
    0x00, 0x00, 0xFC, 0xFF, 0xFF, 0xBF, 0x00, 0x00, 0x00, 0x00, 0x00, 0x00, 0x00, 0x00, 0x00, 0x63,
    0x77, 0x15, 0x00, 0x00, 0x00, 0x00, 0x00, 0x00, 0x00, 0xF9, 0xFF, 0xFF, 0x2A, 0x00, 0x00, 0xFA,
    0xFF, 0xFF, 0x01, 0xF8, 0xFF, 0xFF, 0xFF, 0x05, 0x00, 0xFE, 0xFF, 0xFF, 0x01, 0xF6, 0xFF, 0xFF,
    0xFF, 0x6F, 0x20, 0xFF, 0xFF, 0xFF, 0x01, 0xF5, 0xFF, 0xFF, 0xFF, 0xFF, 0x64, 0xFF, 0xFF, 0xFF,
    0x01, 0xF4, 0xFF, 0xFF, 0xFF, 0xFF, 0xBE, 0xFF, 0xFF, 0xFF, 0x01, 0xF3, 0xFF, 0xFF, 0xFF, 0xFF,
    0xFF, 0xFF, 0xFF, 0xFF, 0x01, 0x91, 0x77, 0xB9, 0xFF, 0xFF, 0xFF, 0xFF, 0xFF, 0xFF, 0x01, 0x00,
    0x00, 0x00, 0x70, 0xFF, 0xFF, 0xFF, 0xFF, 0xFF, 0x01, 0x00, 0x00, 0x00, 0x00, 0xE3, 0xFF, 0xFF,
    0xFF, 0xFF, 0x01, 0x00, 0x00, 0x00, 0x00, 0x50, 0xFF, 0xFF, 0xFF, 0xFF, 0x01, 0x00, 0x00, 0x00,
    0x00, 0x00, 0xFD, 0xFF, 0xFF, 0xFF, 0x01, 0x00, 0x00, 0x00, 0x00, 0x00, 0xF8, 0xFF, 0xFF, 0xFF,
    0x01, 0x00, 0x00, 0x00, 0x00, 0x00, 0xF6, 0xFF, 0xFF, 0xFF, 0x01, 0x00, 0x00, 0x00, 0x00, 0x00,
    0xF5, 0xFF, 0xFF, 0xFF, 0x01, 0x00, 0x00, 0x00, 0x00, 0x00, 0xF5, 0xFF, 0xFF, 0xFF, 0x01, 0x00,
    0x00, 0x00, 0x00, 0x00, 0xF5, 0xFF, 0xFF, 0xFF, 0x01, 0x00, 0x00, 0x00, 0x00, 0x00, 0xF5, 0xFF,
    0xFF, 0xFF, 0x01, 0x00, 0x00, 0x00, 0x00, 0x00, 0xF5, 0xFF, 0xFF, 0xFF, 0x01, 0x00, 0x00, 0x00,
    0x00, 0x00, 0xF5, 0xFF, 0xFF, 0xFF, 0x01, 0x00, 0x00, 0x00, 0x00, 0x00, 0xF5, 0xFF, 0xFF, 0xFF,
    0x01, 0x00, 0x00, 0x00, 0x00, 0x00, 0xF5, 0xFF, 0xFF, 0xFF, 0x01, 0x00, 0x00, 0x00, 0x00, 0x00,
    0xF5, 0xFF, 0xFF, 0xFF, 0x01, 0x00, 0x00, 0x00, 0x00, 0x00, 0xF5, 0xFF, 0xFF, 0xFF, 0x01, 0x00,
    0x00, 0x00, 0x00, 0x00, 0xF5, 0xFF, 0xFF, 0xFF, 0x01, 0x00, 0x00, 0x00, 0x00, 0x00, 0xF5, 0xFF,
    0xFF, 0xFF, 0x01, 0x00, 0x00, 0x00, 0x00, 0x00, 0xF5, 0xFF, 0xFF, 0xFF, 0x01, 0x00, 0x00, 0x00,
    0x00, 0x00, 0xF5, 0xFF, 0xFF, 0xFF, 0x01, 0x00, 0x00, 0x10, 0x53, 0x77, 0x77, 0x35, 0x00, 0x00,
    0x00, 0x00, 0x00, 0x83, 0xFD, 0xFF, 0xFF, 0xFF, 0xFF, 0xBF, 0x04, 0x00, 0x00, 0xD4, 0xFF, 0xFF,
    0xFF, 0xFF, 0xFF, 0xFF, 0xFF, 0xCF, 0x02, 0x00, 0xF4, 0xFF, 0xFF, 0xFF, 0xFF, 0xFF, 0xFF, 0xFF,
    0xFF, 0x2E, 0x00, 0xD0, 0xFF, 0xFF, 0xFF, 0xFF, 0xFF, 0xFF, 0xFF, 0xFF, 0xDF, 0x00, 0x70, 0xFF,
    0xFF, 0xFF, 0xFF, 0xFF, 0xFF, 0xFF, 0xFF, 0xFF, 0x05, 0x10, 0xFF, 0xEF, 0x48, 0x02, 0x20, 0xF7,
    0xFF, 0xFF, 0xFF, 0x09, 0x00, 0xA9, 0x04, 0x00, 0x00, 0x00, 0xB0, 0xFF, 0xFF, 0xFF, 0x0B, 0x00,
    0x00, 0x00, 0x00, 0x00, 0x00, 0xD0, 0xFF, 0xFF, 0xFF, 0x0B, 0x00, 0x00, 0x00, 0x00, 0x00, 0x10,
    0xFB, 0xFF, 0xFF, 0xFF, 0x0A, 0x00, 0x00, 0x00, 0x00, 0x20, 0xF9, 0xFF, 0xFF, 0xFF, 0xFF, 0x07,
    0x00, 0x00, 0x00, 0x50, 0xFC, 0xFF, 0xFF, 0xFF, 0xFF, 0xFF, 0x01, 0x00, 0x00, 0x70, 0xFE, 0xFF,
    0xFF, 0xFF, 0xFF, 0xFF, 0x8F, 0x00, 0x00, 0x50, 0xFE, 0xFF, 0xFF, 0xFF, 0xFF, 0xFF, 0xFF, 0x0A,
    0x00, 0x00, 0xF9, 0xFF, 0xFF, 0xFF, 0xFF, 0xFF, 0xFF, 0x6F, 0x00, 0x00, 0x90, 0xFF, 0xFF, 0xFF,
    0xFF, 0xFF, 0xFF, 0x8F, 0x01, 0x00, 0x00, 0xF3, 0xFF, 0xFF, 0xFF, 0xFF, 0xFF, 0x7E, 0x01, 0x00,
    0x00, 0x00, 0xF9, 0xFF, 0xFF, 0xFF, 0xFF, 0x5C, 0x00, 0x00, 0x00, 0x00, 0x00, 0xFD, 0xFF, 0xFF,
    0xFF, 0x4D, 0x00, 0x00, 0x00, 0x00, 0x00, 0x00, 0xFE, 0xFF, 0xFF, 0xDF, 0x01, 0x00, 0x00, 0x00,
    0x00, 0x00, 0x00, 0xFE, 0xFF, 0xFF, 0x7F, 0x00, 0x00, 0x00, 0x00, 0x00, 0x00, 0x01, 0xFD, 0xFF,
    0xFF, 0x9F, 0x00, 0x00, 0x00, 0x00, 0x00, 0xB5, 0x0B, 0xFA, 0xFF, 0xFF, 0xFF, 0x27, 0x00, 0x10,
    0x74, 0xFB, 0xFF, 0x0B, 0xF4, 0xFF, 0xFF, 0xFF, 0xFF, 0xFF, 0xFF, 0xFF, 0xFF, 0xFF, 0x0B, 0xB0,
    0xFF, 0xFF, 0xFF, 0xFF, 0xFF, 0xFF, 0xFF, 0xFF, 0xFF, 0x0B, 0x10, 0xFD, 0xFF, 0xFF, 0xFF, 0xFF,
    0xFF, 0xFF, 0xFF, 0xFF, 0x0B, 0x00, 0xA1, 0xFF, 0xFF, 0xFF, 0xFF, 0xFF, 0xFF, 0xFF, 0xFF, 0x0B,
    0x00, 0x00, 0x93, 0xFE, 0xFF, 0xFF, 0xFF, 0xFF, 0xEF, 0x5A, 0x00, 0x00, 0x00, 0x00, 0x20, 0x64,
    0x77, 0x77, 0x46, 0x02, 0x00, 0x00, 0x00, 0x00, 0x00, 0x00, 0xF2, 0xFF, 0xCF, 0x00, 0x00, 0x00,
    0x00, 0x00, 0x00, 0x00, 0xF2, 0xFF, 0xFF, 0x02, 0x00, 0x00, 0x00, 0x00, 0x00, 0x00, 0xF2, 0xFF,
    0xFF, 0x08, 0x00, 0x00, 0x00, 0x00, 0x00, 0x00, 0xF2, 0xFF, 0xFF, 0x0D, 0x00, 0x00, 0x00, 0x00,
    0x00, 0x00, 0xF2, 0xFF, 0xFF, 0x3F, 0x00, 0x00, 0x00, 0x00, 0x00, 0x00, 0xF2, 0xFF, 0xFF, 0x9F,
    0x00, 0x00, 0xC0, 0xFF, 0xFF, 0xFF, 0xFF, 0xFF, 0xFF, 0xFF, 0x19, 0x00, 0xC0, 0xFF, 0xFF, 0xFF,
    0xFF, 0xFF, 0xFF, 0xFF, 0xEF, 0x06, 0xC0, 0xFF, 0xFF, 0xFF, 0xFF, 0xFF, 0xFF, 0xFF, 0xFF, 0xBF,
    0xC0, 0xFF, 0xFF, 0xFF, 0xFF, 0xFF, 0xFF, 0xFF, 0xFF, 0xDF, 0xC0, 0xFF, 0xFF, 0xFF, 0xFF, 0xFF,
    0xFF, 0xFF, 0xFF, 0xDF, 0x70, 0x99, 0x99, 0x99, 0xFA, 0xFF, 0xFF, 0xFF, 0x9B, 0x89, 0x00, 0x00,
    0x00, 0x00, 0xF2, 0xFF, 0xFF, 0xFF, 0x04, 0x00, 0x00, 0x00, 0x00, 0x00, 0xF2, 0xFF, 0xFF, 0xFF,
    0x04, 0x00, 0x00, 0x00, 0x00, 0x00, 0xF2, 0xFF, 0xFF, 0xFF, 0x04, 0x00, 0x00, 0x00, 0x00, 0x00,
    0xF2, 0xFF, 0xFF, 0xFF, 0x04, 0x00, 0x00, 0x00, 0x00, 0x00, 0xF2, 0xFF, 0xFF, 0xFF, 0x04, 0x00,
    0x00, 0x00, 0x00, 0x00, 0xF2, 0xFF, 0xFF, 0xFF, 0x04, 0x00, 0x00, 0x00, 0x00, 0x00, 0xF2, 0xFF,
    0xFF, 0xFF, 0x04, 0x00, 0x00, 0x00, 0x00, 0x00, 0xF2, 0xFF, 0xFF, 0xFF, 0x04, 0x00, 0x00, 0x00,
    0x00, 0x00, 0xF2, 0xFF, 0xFF, 0xFF, 0x04, 0x00, 0x00, 0x00, 0x00, 0x00, 0xF2, 0xFF, 0xFF, 0xFF,
    0x04, 0x00, 0x00, 0x00, 0x00, 0x00, 0xF2, 0xFF, 0xFF, 0xFF, 0x04, 0x00, 0x00, 0x00, 0x00, 0x00,
    0xF2, 0xFF, 0xFF, 0xFF, 0x04, 0x00, 0x00, 0x00, 0x00, 0x00, 0xF2, 0xFF, 0xFF, 0xFF, 0x04, 0x00,
    0x00, 0x00, 0x00, 0x00, 0xF4, 0xFF, 0xFF, 0xFF, 0x04, 0x00, 0x10, 0x00, 0x00, 0x00, 0xFC, 0xFF,
    0xFF, 0xFF, 0x02, 0x00, 0xF1, 0xAD, 0x77, 0xD8, 0xFF, 0xFF, 0xFF, 0xFF, 0x00, 0x00, 0xF1, 0xFF,
    0xFF, 0xFF, 0xFF, 0xFF, 0xFF, 0xCF, 0x00, 0x00, 0xF1, 0xFF, 0xFF, 0xFF, 0xFF, 0xFF, 0xFF, 0x6F,
    0x00, 0x00, 0xF1, 0xFF, 0xFF, 0xFF, 0xFF, 0xFF, 0xFF, 0x0D, 0x00, 0x00, 0xF1, 0xFF, 0xFF, 0xFF,
    0xFF, 0xFF, 0xDF, 0x02, 0x00, 0x00, 0x70, 0xFD, 0xFF, 0xFF, 0xFF, 0xEF, 0x08, 0x00, 0x00, 0x00,
    0x00, 0x10, 0x64, 0x77, 0x67, 0x03, 0x00, 0x00, 0x00, 0x00, 0xFF, 0xFF, 0xFF, 0x7F, 0x00, 0x00,
    0x00, 0x00, 0x30, 0xFF, 0xFF, 0xFF, 0x3F, 0xFF, 0xFF, 0xFF, 0x7F, 0x00, 0x00, 0x00, 0x00, 0x30,
    0xFF, 0xFF, 0xFF, 0x3F, 0xFF, 0xFF, 0xFF, 0x7F, 0x00, 0x00, 0x00, 0x00, 0x30, 0xFF, 0xFF, 0xFF,
    0x3F, 0xFF, 0xFF, 0xFF, 0x7F, 0x00, 0x00, 0x00, 0x00, 0x30, 0xFF, 0xFF, 0xFF, 0x3F, 0xFF, 0xFF,
    0xFF, 0x7F, 0x00, 0x00, 0x00, 0x00, 0x30, 0xFF, 0xFF, 0xFF, 0x3F, 0xFF, 0xFF, 0xFF, 0x7F, 0x00,
    0x00, 0x00, 0x00, 0x30, 0xFF, 0xFF, 0xFF, 0x3F, 0xFF, 0xFF, 0xFF, 0x7F, 0x00, 0x00, 0x00, 0x00,
    0x30, 0xFF, 0xFF, 0xFF, 0x3F, 0xFF, 0xFF, 0xFF, 0x7F, 0x00, 0x00, 0x00, 0x00, 0x30, 0xFF, 0xFF,
    0xFF, 0x3F, 0xFF, 0xFF, 0xFF, 0x7F, 0x00, 0x00, 0x00, 0x00, 0x30, 0xFF, 0xFF, 0xFF, 0x3F, 0xFF,
    0xFF, 0xFF, 0x7F, 0x00, 0x00, 0x00, 0x00, 0x30, 0xFF, 0xFF, 0xFF, 0x3F, 0xFF, 0xFF, 0xFF, 0x7F,
    0x00, 0x00, 0x00, 0x00, 0x30, 0xFF, 0xFF, 0xFF, 0x3F, 0xFF, 0xFF, 0xFF, 0x7F, 0x00, 0x00, 0x00,
    0x00, 0x30, 0xFF, 0xFF, 0xFF, 0x3F, 0xFF, 0xFF, 0xFF, 0x7F, 0x00, 0x00, 0x00, 0x00, 0x30, 0xFF,
    0xFF, 0xFF, 0x3F, 0xFF, 0xFF, 0xFF, 0x8F, 0x00, 0x00, 0x00, 0x00, 0x30, 0xFF, 0xFF, 0xFF, 0x3F,
    0xFF, 0xFF, 0xFF, 0x8F, 0x00, 0x00, 0x00, 0x00, 0x30, 0xFF, 0xFF, 0xFF, 0x3F, 0xFF, 0xFF, 0xFF,
    0xAF, 0x00, 0x00, 0x00, 0x00, 0x30, 0xFF, 0xFF, 0xFF, 0x3F, 0xFF, 0xFF, 0xFF, 0xCF, 0x00, 0x00,
    0x00, 0x00, 0x30, 0xFF, 0xFF, 0xFF, 0x3F, 0xFF, 0xFF, 0xFF, 0xFF, 0x00, 0x00, 0x00, 0x00, 0x50,
    0xFF, 0xFF, 0xFF, 0x3F, 0xFF, 0xFF, 0xFF, 0xFF, 0x05, 0x00, 0x00, 0x00, 0x80, 0xFF, 0xFF, 0xFF,
    0x3F, 0xFF, 0xFF, 0xFF, 0xFF, 0x0D, 0x00, 0x00, 0x00, 0xE0, 0xFF, 0xFF, 0xFF, 0x2F, 0xFF, 0xFF,
    0xFF, 0xFF, 0xBF, 0x01, 0x00, 0x00, 0xF9, 0xFF, 0xFF, 0xFF, 0x0F, 0xFF, 0xFF, 0xFF, 0xFF, 0xFF,
    0xAF, 0x67, 0xD8, 0xFF, 0xFF, 0xFF, 0xFF, 0x0B, 0xFF, 0xFF, 0xFF, 0xFF, 0xFF, 0xFF, 0xFF, 0xFF,
    0xFF, 0xFF, 0xFF, 0xFF, 0x06, 0xFF, 0xFF, 0xFF, 0xDD, 0xFF, 0xFF, 0xFF, 0xFF, 0xFF, 0xFF, 0xFF,
    0xDF, 0x00, 0xFF, 0xFF, 0xFF, 0x27, 0xFE, 0xFF, 0xFF, 0xFF, 0xFF, 0xFF, 0xFF, 0x3F, 0x00, 0xFF,
    0xFF, 0xFF, 0x03, 0xD2, 0xFF, 0xFF, 0xFF, 0xFF, 0xFF, 0xEF, 0x04, 0x00, 0xFF, 0xFF, 0xEF, 0x00,
    0x00, 0xD6, 0xFF, 0xFF, 0xFF, 0xEF, 0x18, 0x00, 0x00, 0x00, 0x00, 0x00, 0x00, 0x00, 0x00, 0x52,
    0x77, 0x57, 0x03, 0x00, 0x00, 0x00, 0xF3, 0xFF, 0xFF, 0xFF, 0x08, 0x00, 0x00, 0x00, 0x00, 0x00,
    0xE0, 0xFF, 0xFF, 0xFF, 0x0C, 0xD0, 0xFF, 0xFF, 0xFF, 0x0D, 0x00, 0x00, 0x00, 0x00, 0x00, 0xF4,
    0xFF, 0xFF, 0xFF, 0x06, 0x70, 0xFF, 0xFF, 0xFF, 0x3F, 0x00, 0x00, 0x00, 0x00, 0x00, 0xFA, 0xFF,
    0xFF, 0xFF, 0x01, 0x10, 0xFF, 0xFF, 0xFF, 0x8F, 0x00, 0x00, 0x00, 0x00, 0x00, 0xFF, 0xFF, 0xFF,
    0xAF, 0x00, 0x00, 0xFB, 0xFF, 0xFF, 0xEF, 0x00, 0x00, 0x00, 0x00, 0x50, 0xFF, 0xFF, 0xFF, 0x4F,
    0x00, 0x00, 0xF5, 0xFF, 0xFF, 0xFF, 0x03, 0x00, 0x00, 0x00, 0xA0, 0xFF, 0xFF, 0xFF, 0x0D, 0x00,
    0x00, 0xE0, 0xFF, 0xFF, 0xFF, 0x09, 0x00, 0x00, 0x00, 0xF0, 0xFF, 0xFF, 0xFF, 0x07, 0x00, 0x00,
    0x80, 0xFF, 0xFF, 0xFF, 0x0E, 0x00, 0x00, 0x00, 0xF5, 0xFF, 0xFF, 0xFF, 0x01, 0x00, 0x00, 0x20,
    0xFF, 0xFF, 0xFF, 0x3F, 0x00, 0x00, 0x00, 0xFB, 0xFF, 0xFF, 0xBF, 0x00, 0x00, 0x00, 0x00, 0xFC,
    0xFF, 0xFF, 0x9F, 0x00, 0x00, 0x10, 0xFF, 0xFF, 0xFF, 0x5F, 0x00, 0x00, 0x00, 0x00, 0xF6, 0xFF,
    0xFF, 0xEF, 0x00, 0x00, 0x60, 0xFF, 0xFF, 0xFF, 0x0E, 0x00, 0x00, 0x00, 0x00, 0xF0, 0xFF, 0xFF,
    0xFF, 0x04, 0x00, 0xB0, 0xFF, 0xFF, 0xFF, 0x09, 0x00, 0x00, 0x00, 0x00, 0xA0, 0xFF, 0xFF, 0xFF,
    0x09, 0x00, 0xF1, 0xFF, 0xFF, 0xFF, 0x02, 0x00, 0x00, 0x00, 0x00, 0x30, 0xFF, 0xFF, 0xFF, 0x0E,
    0x00, 0xF6, 0xFF, 0xFF, 0xCF, 0x00, 0x00, 0x00, 0x00, 0x00, 0x00, 0xFD, 0xFF, 0xFF, 0x4F, 0x00,
    0xFC, 0xFF, 0xFF, 0x6F, 0x00, 0x00, 0x00, 0x00, 0x00, 0x00, 0xF7, 0xFF, 0xFF, 0xAF, 0x10, 0xFF,
    0xFF, 0xFF, 0x1F, 0x00, 0x00, 0x00, 0x00, 0x00, 0x00, 0xF1, 0xFF, 0xFF, 0xEF, 0x50, 0xFF, 0xFF,
    0xFF, 0x0A, 0x00, 0x00, 0x00, 0x00, 0x00, 0x00, 0xB0, 0xFF, 0xFF, 0xFF, 0x92, 0xFF, 0xFF, 0xFF,
    0x04, 0x00, 0x00, 0x00, 0x00, 0x00, 0x00, 0x50, 0xFF, 0xFF, 0xFF, 0xC6, 0xFF, 0xFF, 0xDF, 0x00,
    0x00, 0x00, 0x00, 0x00, 0x00, 0x00, 0x00, 0xFE, 0xFF, 0xFF, 0xF8, 0xFF, 0xFF, 0x7F, 0x00, 0x00,
    0x00, 0x00, 0x00, 0x00, 0x00, 0x00, 0xF8, 0xFF, 0xFF, 0xFB, 0xFF, 0xFF, 0x1F, 0x00, 0x00, 0x00,
    0x00, 0x00, 0x00, 0x00, 0x00, 0xF2, 0xFF, 0xFF, 0xFF, 0xFF, 0xFF, 0x0B, 0x00, 0x00, 0x00, 0x00,
    0x00, 0x00, 0x00, 0x00, 0xC0, 0xFF, 0xFF, 0xFF, 0xFF, 0xFF, 0x05, 0x00, 0x00, 0x00, 0x00, 0x00,
    0x00, 0x00, 0x00, 0x60, 0xFF, 0xFF, 0xFF, 0xFF, 0xEF, 0x00, 0x00, 0x00, 0x00, 0x00, 0x00, 0x00,
    0x00, 0x00, 0x00, 0xFF, 0xFF, 0xFF, 0xFF, 0x8F, 0x00, 0x00, 0x00, 0x00, 0x00, 0x00, 0x00, 0x00,
    0x00, 0x00, 0xF9, 0xFF, 0xFF, 0xFF, 0x2F, 0x00, 0x00, 0x00, 0x00, 0x00, 0x00, 0x00, 0x00, 0x00,
    0x00, 0xF3, 0xFF, 0xFF, 0xFF, 0x0C, 0x00, 0x00, 0x00, 0x00, 0x00, 0xF2, 0xFF, 0xFF, 0xFF, 0x01,
    0x00, 0x00, 0x00, 0xB0, 0xFF, 0xFF, 0xFF, 0xCF, 0x00, 0x00, 0x00, 0x00, 0xF0, 0xFF, 0xFF, 0xFF,
    0x06, 0xE0, 0xFF, 0xFF, 0xFF, 0x06, 0x00, 0x00, 0x00, 0xE0, 0xFF, 0xFF, 0xFF, 0xFF, 0x00, 0x00,
    0x00, 0x00, 0xF4, 0xFF, 0xFF, 0xFF, 0x01, 0x90, 0xFF, 0xFF, 0xFF, 0x0A, 0x00, 0x00, 0x00, 0xF3,
    0xFF, 0xFF, 0xFF, 0xFF, 0x04, 0x00, 0x00, 0x00, 0xF9, 0xFF, 0xFF, 0xCF, 0x00, 0x40, 0xFF, 0xFF,
    0xFF, 0x0E, 0x00, 0x00, 0x00, 0xF6, 0xFF, 0xFF, 0xFF, 0xFF, 0x08, 0x00, 0x00, 0x00, 0xFD, 0xFF,
    0xFF, 0x8F, 0x00, 0x00, 0xFF, 0xFF, 0xFF, 0x3F, 0x00, 0x00, 0x00, 0xFA, 0xFF, 0xFF, 0xFF, 0xFF,
    0x0D, 0x00, 0x00, 0x10, 0xFF, 0xFF, 0xFF, 0x3F, 0x00, 0x00, 0xFB, 0xFF, 0xFF, 0x7F, 0x00, 0x00,
    0x00, 0xFE, 0xFF, 0xEF, 0xFF, 0xFF, 0x1F, 0x00, 0x00, 0x50, 0xFF, 0xFF, 0xFF, 0x0E, 0x00, 0x00,
    0xF6, 0xFF, 0xFF, 0xCF, 0x00, 0x00, 0x20, 0xFF, 0xFF, 0x6F, 0xFF, 0xFF, 0x5F, 0x00, 0x00, 0xA0,
    0xFF, 0xFF, 0xFF, 0x0A, 0x00, 0x00, 0xF2, 0xFF, 0xFF, 0xFF, 0x00, 0x00, 0x60, 0xFF, 0xFF, 0x1F,
    0xFD, 0xFF, 0x9F, 0x00, 0x00, 0xE0, 0xFF, 0xFF, 0xFF, 0x05, 0x00, 0x00, 0xD0, 0xFF, 0xFF, 0xFF,
    0x05, 0x00, 0xA0, 0xFF, 0xFF, 0x0E, 0xF9, 0xFF, 0xDF, 0x00, 0x00, 0xF2, 0xFF, 0xFF, 0xFF, 0x01,
    0x00, 0x00, 0x80, 0xFF, 0xFF, 0xFF, 0x09, 0x00, 0xE0, 0xFF, 0xFF, 0x0A, 0xF5, 0xFF, 0xFF, 0x01,
    0x00, 0xF6, 0xFF, 0xFF, 0xCF, 0x00, 0x00, 0x00, 0x40, 0xFF, 0xFF, 0xFF, 0x0D, 0x00, 0xF2, 0xFF,
    0xFF, 0x06, 0xF2, 0xFF, 0xFF, 0x06, 0x00, 0xFA, 0xFF, 0xFF, 0x7F, 0x00, 0x00, 0x00, 0x00, 0xFF,
    0xFF, 0xFF, 0x2F, 0x00, 0xF6, 0xFF, 0xFF, 0x02, 0xE0, 0xFF, 0xFF, 0x0A, 0x00, 0xFE, 0xFF, 0xFF,
    0x3F, 0x00, 0x00, 0x00, 0x00, 0xFA, 0xFF, 0xFF, 0x6F, 0x00, 0xFA, 0xFF, 0xEF, 0x00, 0xA0, 0xFF,
    0xFF, 0x0E, 0x30, 0xFF, 0xFF, 0xFF, 0x0E, 0x00, 0x00, 0x00, 0x00, 0xF6, 0xFF, 0xFF, 0xAF, 0x00,
    0xFE, 0xFF, 0xAF, 0x00, 0x60, 0xFF, 0xFF, 0x2F, 0x60, 0xFF, 0xFF, 0xFF, 0x0A, 0x00, 0x00, 0x00,
    0x00, 0xF1, 0xFF, 0xFF, 0xDF, 0x10, 0xFF, 0xFF, 0x7F, 0x00, 0x30, 0xFF, 0xFF, 0x5F, 0x90, 0xFF,
    0xFF, 0xFF, 0x05, 0x00, 0x00, 0x00, 0x00, 0xC0, 0xFF, 0xFF, 0xFF, 0x40, 0xFF, 0xFF, 0x3F, 0x00,
    0x00, 0xFF, 0xFF, 0x8F, 0xC0, 0xFF, 0xFF, 0xFF, 0x01, 0x00, 0x00, 0x00, 0x00, 0x80, 0xFF, 0xFF,
    0xFF, 0x73, 0xFF, 0xFF, 0x0F, 0x00, 0x00, 0xFB, 0xFF, 0xAF, 0xE0, 0xFF, 0xFF, 0xCF, 0x00, 0x00,
    0x00, 0x00, 0x00, 0x30, 0xFF, 0xFF, 0xFF, 0x95, 0xFF, 0xFF, 0x0C, 0x00, 0x00, 0xF7, 0xFF, 0xDF,
    0xF1, 0xFF, 0xFF, 0x7F, 0x00, 0x00, 0x00, 0x00, 0x00, 0x00, 0xFE, 0xFF, 0xFF, 0xB8, 0xFF, 0xFF,
    0x08, 0x00, 0x00, 0xF4, 0xFF, 0xFF, 0xF3, 0xFF, 0xFF, 0x3F, 0x00, 0x00, 0x00, 0x00, 0x00, 0x00,
    0xFA, 0xFF, 0xFF, 0xDA, 0xFF, 0xFF, 0x05, 0x00, 0x00, 0xF0, 0xFF, 0xFF, 0xF7, 0xFF, 0xFF, 0x0E,
    0x00, 0x00, 0x00, 0x00, 0x00, 0x00, 0xF5, 0xFF, 0xFF, 0xFD, 0xFF, 0xFF, 0x01, 0x00, 0x00, 0xC0,
    0xFF, 0xFF, 0xFC, 0xFF, 0xFF, 0x09, 0x00, 0x00, 0x00, 0x00, 0x00, 0x00, 0xF1, 0xFF, 0xFF, 0xFF,
    0xFF, 0xEF, 0x00, 0x00, 0x00, 0x80, 0xFF, 0xFF, 0xFF, 0xFF, 0xFF, 0x05, 0x00, 0x00, 0x00, 0x00,
    0x00, 0x00, 0xC0, 0xFF, 0xFF, 0xFF, 0xFF, 0xAF, 0x00, 0x00, 0x00, 0x50, 0xFF, 0xFF, 0xFF, 0xFF,
    0xFF, 0x01, 0x00, 0x00, 0x00, 0x00, 0x00, 0x00, 0x70, 0xFF, 0xFF, 0xFF, 0xFF, 0x6F, 0x00, 0x00,
    0x00, 0x10, 0xFF, 0xFF, 0xFF, 0xFF, 0xCF, 0x00, 0x00, 0x00, 0x00, 0x00, 0x00, 0x00, 0x20, 0xFF,
    0xFF, 0xFF, 0xFF, 0x3F, 0x00, 0x00, 0x00, 0x00, 0xFD, 0xFF, 0xFF, 0xFF, 0x7F, 0x00, 0x00, 0x00,
    0x00, 0x00, 0x00, 0x00, 0x00, 0xFE, 0xFF, 0xFF, 0xFF, 0x0F, 0x00, 0x00, 0x00, 0x00, 0xF9, 0xFF,
    0xFF, 0xFF, 0x2F, 0x00, 0x00, 0x00, 0x00, 0x00, 0x00, 0x00, 0x00, 0xF9, 0xFF, 0xFF, 0xFF, 0x0C,
    0x00, 0x00, 0x00, 0x00, 0xF6, 0xFF, 0xFF, 0xFF, 0x0E, 0x00, 0x00, 0x00, 0x00, 0xD0, 0xFF, 0xFF,
    0xFF, 0x8F, 0x00, 0x00, 0x00, 0x00, 0x70, 0xFF, 0xFF, 0xFF, 0xEF, 0x01, 0x30, 0xFF, 0xFF, 0xFF,
    0xFF, 0x02, 0x00, 0x00, 0x00, 0xF1, 0xFF, 0xFF, 0xFF, 0x4F, 0x00, 0x00, 0xF9, 0xFF, 0xFF, 0xFF,
    0x0C, 0x00, 0x00, 0x00, 0xFB, 0xFF, 0xFF, 0xFF, 0x0A, 0x00, 0x00, 0xD0, 0xFF, 0xFF, 0xFF, 0x6F,
    0x00, 0x00, 0x50, 0xFF, 0xFF, 0xFF, 0xEF, 0x01, 0x00, 0x00, 0x30, 0xFF, 0xFF, 0xFF, 0xEF, 0x01,
    0x00, 0xE0, 0xFF, 0xFF, 0xFF, 0x4F, 0x00, 0x00, 0x00, 0x00, 0xF8, 0xFF, 0xFF, 0xFF, 0x0A, 0x00,
    0xF8, 0xFF, 0xFF, 0xFF, 0x0A, 0x00, 0x00, 0x00, 0x00, 0xD0, 0xFF, 0xFF, 0xFF, 0x4F, 0x20, 0xFF,
    0xFF, 0xFF, 0xEF, 0x01, 0x00, 0x00, 0x00, 0x00, 0x30, 0xFF, 0xFF, 0xFF, 0xDF, 0xC0, 0xFF, 0xFF,
    0xFF, 0x4F, 0x00, 0x00, 0x00, 0x00, 0x00, 0x00, 0xF8, 0xFF, 0xFF, 0xFF, 0xFC, 0xFF, 0xFF, 0xFF,
    0x0A, 0x00, 0x00, 0x00, 0x00, 0x00, 0x00, 0xD0, 0xFF, 0xFF, 0xFF, 0xFF, 0xFF, 0xFF, 0xEF, 0x01,
    0x00, 0x00, 0x00, 0x00, 0x00, 0x00, 0x30, 0xFF, 0xFF, 0xFF, 0xFF, 0xFF, 0xFF, 0x4F, 0x00, 0x00,
    0x00, 0x00, 0x00, 0x00, 0x00, 0x00, 0xF8, 0xFF, 0xFF, 0xFF, 0xFF, 0xFF, 0x0A, 0x00, 0x00, 0x00,
    0x00, 0x00, 0x00, 0x00, 0x00, 0xD0, 0xFF, 0xFF, 0xFF, 0xFF, 0xEF, 0x01, 0x00, 0x00, 0x00, 0x00,
    0x00, 0x00, 0x00, 0x00, 0x90, 0xFF, 0xFF, 0xFF, 0xFF, 0xBF, 0x00, 0x00, 0x00, 0x00, 0x00, 0x00,
    0x00, 0x00, 0x00, 0xF3, 0xFF, 0xFF, 0xFF, 0xFF, 0xFF, 0x06, 0x00, 0x00, 0x00, 0x00, 0x00, 0x00,
    0x00, 0x00, 0xFD, 0xFF, 0xFF, 0xFF, 0xFF, 0xFF, 0x1F, 0x00, 0x00, 0x00, 0x00, 0x00, 0x00, 0x00,
    0x90, 0xFF, 0xFF, 0xFF, 0xFF, 0xFF, 0xFF, 0xBF, 0x00, 0x00, 0x00, 0x00, 0x00, 0x00, 0x00, 0xF4,
    0xFF, 0xFF, 0xFF, 0xFF, 0xFF, 0xFF, 0xFF, 0x06, 0x00, 0x00, 0x00, 0x00, 0x00, 0x00, 0xFE, 0xFF,
    0xFF, 0xFF, 0xE3, 0xFF, 0xFF, 0xFF, 0x1F, 0x00, 0x00, 0x00, 0x00, 0x00, 0x90, 0xFF, 0xFF, 0xFF,
    0x7F, 0x50, 0xFF, 0xFF, 0xFF, 0xBF, 0x00, 0x00, 0x00, 0x00, 0x00, 0xF4, 0xFF, 0xFF, 0xFF, 0x0D,
    0x00, 0xFB, 0xFF, 0xFF, 0xFF, 0x06, 0x00, 0x00, 0x00, 0x10, 0xFE, 0xFF, 0xFF, 0xFF, 0x03, 0x00,
    0xF2, 0xFF, 0xFF, 0xFF, 0x1F, 0x00, 0x00, 0x00, 0xA0, 0xFF, 0xFF, 0xFF, 0x9F, 0x00, 0x00, 0x70,
    0xFF, 0xFF, 0xFF, 0xBF, 0x00, 0x00, 0x00, 0xF4, 0xFF, 0xFF, 0xFF, 0x1E, 0x00, 0x00, 0x00, 0xFD,
    0xFF, 0xFF, 0xFF, 0x06, 0x00, 0x10, 0xFE, 0xFF, 0xFF, 0xFF, 0x05, 0x00, 0x00, 0x00, 0xF4, 0xFF,
    0xFF, 0xFF, 0x2F, 0x00, 0xA0, 0xFF, 0xFF, 0xFF, 0xBF, 0x00, 0x00, 0x00, 0x00, 0xA0, 0xFF, 0xFF,
    0xFF, 0xBF, 0x00, 0xF5, 0xFF, 0xFF, 0xFF, 0x2F, 0x00, 0x00, 0x00, 0x00, 0x10, 0xFE, 0xFF, 0xFF,
    0xFF, 0x06, 0xF4, 0xFF, 0xFF, 0xFF, 0x0B, 0x00, 0x00, 0x00, 0x00, 0x00, 0xF5, 0xFF, 0xFF, 0xFF,
    0x0C, 0xD0, 0xFF, 0xFF, 0xFF, 0x1F, 0x00, 0x00, 0x00, 0x00, 0x00, 0xFA, 0xFF, 0xFF, 0xFF, 0x06,
    0x70, 0xFF, 0xFF, 0xFF, 0x6F, 0x00, 0x00, 0x00, 0x00, 0x00, 0xFF, 0xFF, 0xFF, 0xFF, 0x00, 0x10,
    0xFF, 0xFF, 0xFF, 0xBF, 0x00, 0x00, 0x00, 0x00, 0x50, 0xFF, 0xFF, 0xFF, 0x9F, 0x00, 0x00, 0xFB,
    0xFF, 0xFF, 0xFF, 0x01, 0x00, 0x00, 0x00, 0xA0, 0xFF, 0xFF, 0xFF, 0x3F, 0x00, 0x00, 0xF5, 0xFF,
    0xFF, 0xFF, 0x05, 0x00, 0x00, 0x00, 0xF0, 0xFF, 0xFF, 0xFF, 0x0C, 0x00, 0x00, 0xF0, 0xFF, 0xFF,
    0xFF, 0x0B, 0x00, 0x00, 0x00, 0xF5, 0xFF, 0xFF, 0xFF, 0x06, 0x00, 0x00, 0x90, 0xFF, 0xFF, 0xFF,
    0x0F, 0x00, 0x00, 0x00, 0xFB, 0xFF, 0xFF, 0xFF, 0x00, 0x00, 0x00, 0x30, 0xFF, 0xFF, 0xFF, 0x5F,
    0x00, 0x00, 0x00, 0xFF, 0xFF, 0xFF, 0x9F, 0x00, 0x00, 0x00, 0x00, 0xFD, 0xFF, 0xFF, 0xBF, 0x00,
    0x00, 0x50, 0xFF, 0xFF, 0xFF, 0x2F, 0x00, 0x00, 0x00, 0x00, 0xF7, 0xFF, 0xFF, 0xFF, 0x00, 0x00,
    0xB0, 0xFF, 0xFF, 0xFF, 0x0C, 0x00, 0x00, 0x00, 0x00, 0xF1, 0xFF, 0xFF, 0xFF, 0x05, 0x00, 0xF1,
    0xFF, 0xFF, 0xFF, 0x05, 0x00, 0x00, 0x00, 0x00, 0xB0, 0xFF, 0xFF, 0xFF, 0x0B, 0x00, 0xF6, 0xFF,
    0xFF, 0xEF, 0x00, 0x00, 0x00, 0x00, 0x00, 0x50, 0xFF, 0xFF, 0xFF, 0x0F, 0x00, 0xFB, 0xFF, 0xFF,
    0x8F, 0x00, 0x00, 0x00, 0x00, 0x00, 0x00, 0xFE, 0xFF, 0xFF, 0x5F, 0x10, 0xFF, 0xFF, 0xFF, 0x2F,
    0x00, 0x00, 0x00, 0x00, 0x00, 0x00, 0xF9, 0xFF, 0xFF, 0xAF, 0x60, 0xFF, 0xFF, 0xFF, 0x0C, 0x00,
    0x00, 0x00, 0x00, 0x00, 0x00, 0xF3, 0xFF, 0xFF, 0xFF, 0xA0, 0xFF, 0xFF, 0xFF, 0x05, 0x00, 0x00,
    0x00, 0x00, 0x00, 0x00, 0xD0, 0xFF, 0xFF, 0xFF, 0xD3, 0xFF, 0xFF, 0xEF, 0x00, 0x00, 0x00, 0x00,
    0x00, 0x00, 0x00, 0x70, 0xFF, 0xFF, 0xFF, 0xF7, 0xFF, 0xFF, 0x8F, 0x00, 0x00, 0x00, 0x00, 0x00,
    0x00, 0x00, 0x10, 0xFF, 0xFF, 0xFF, 0xFC, 0xFF, 0xFF, 0x2F, 0x00, 0x00, 0x00, 0x00, 0x00, 0x00,
    0x00, 0x00, 0xFB, 0xFF, 0xFF, 0xFF, 0xFF, 0xFF, 0x0B, 0x00, 0x00, 0x00, 0x00, 0x00, 0x00, 0x00,
    0x00, 0xF5, 0xFF, 0xFF, 0xFF, 0xFF, 0xFF, 0x05, 0x00, 0x00, 0x00, 0x00, 0x00, 0x00, 0x00, 0x00,
    0xE0, 0xFF, 0xFF, 0xFF, 0xFF, 0xEF, 0x00, 0x00, 0x00, 0x00, 0x00, 0x00, 0x00, 0x00, 0x00, 0x80,
    0xFF, 0xFF, 0xFF, 0xFF, 0x8F, 0x00, 0x00, 0x00, 0x00, 0x00, 0x00, 0x00, 0x00, 0x00, 0x20, 0xFF,
    0xFF, 0xFF, 0xFF, 0x2F, 0x00, 0x00, 0x00, 0x00, 0x00, 0x00, 0x00, 0x00, 0x00, 0x00, 0xFC, 0xFF,
    0xFF, 0xFF, 0x0B, 0x00, 0x00, 0x00, 0x00, 0x00, 0x00, 0x00, 0x00, 0x00, 0x00, 0xF6, 0xFF, 0xFF,
    0xFF, 0x05, 0x00, 0x00, 0x00, 0x00, 0x00, 0x00, 0x00, 0x00, 0x00, 0x00, 0xF1, 0xFF, 0xFF, 0xFF,
    0x05, 0x00, 0x00, 0x00, 0x00, 0x00, 0x00, 0x00, 0x00, 0x00, 0x00, 0xA0, 0xFF, 0xFF, 0xFF, 0x0B,
    0x00, 0x00, 0x00, 0x00, 0x00, 0x00, 0x00, 0x00, 0x00, 0x00, 0x40, 0xFF, 0xFF, 0xFF, 0x2F, 0x00,
    0x00, 0x00, 0x00, 0x00, 0x00, 0x00, 0x00, 0x00, 0x00, 0x00, 0xFE, 0xFF, 0xFF, 0xBF, 0x00, 0x00,
    0x00, 0x00, 0x00, 0x00, 0x00, 0x00, 0x00, 0x00, 0x00, 0xF7, 0xFF, 0xFF, 0xFF, 0x09, 0x00, 0x00,
    0x00, 0x00, 0x00, 0x00, 0x00, 0x00, 0x00, 0x00, 0xF1, 0xFF, 0xFF, 0xFF, 0xCF, 0x14, 0x10, 0x12,
    0x00, 0x00, 0x00, 0x00, 0x00, 0x00, 0x00, 0x60, 0xFF, 0xFF, 0xFF, 0xFF, 0xFF, 0xFF, 0x4F, 0x00,
    0x00, 0x00, 0x00, 0x00, 0x00, 0x00, 0x00, 0xFB, 0xFF, 0xFF, 0xFF, 0xFF, 0xFF, 0x4F, 0x00, 0x00,
    0x00, 0x00, 0x00, 0x00, 0x00, 0x00, 0xD1, 0xFF, 0xFF, 0xFF, 0xFF, 0xFF, 0x4F, 0x00, 0x00, 0x00,
    0x00, 0x00, 0x00, 0x00, 0x00, 0x10, 0xFB, 0xFF, 0xFF, 0xFF, 0xFF, 0x4F, 0x00, 0x00, 0x00, 0x00,
    0x00, 0x00, 0x00, 0x00, 0x00, 0x60, 0xFE, 0xFF, 0xFF, 0xFF, 0x4F, 0x00, 0x00, 0x00, 0x00, 0x00,
    0x00, 0x00, 0x00, 0x00, 0x00, 0x50, 0xDA, 0xFF, 0xEF, 0x2B, 0x00, 0xF7, 0xFF, 0xFF, 0xFF, 0xFF,
    0xFF, 0xFF, 0xFF, 0xFF, 0xFF, 0x0E, 0xF7, 0xFF, 0xFF, 0xFF, 0xFF, 0xFF, 0xFF, 0xFF, 0xFF, 0xFF,
    0x0E, 0xF7, 0xFF, 0xFF, 0xFF, 0xFF, 0xFF, 0xFF, 0xFF, 0xFF, 0xFF, 0x0E, 0xF7, 0xFF, 0xFF, 0xFF,
    0xFF, 0xFF, 0xFF, 0xFF, 0xFF, 0xFF, 0x0E, 0xF7, 0xFF, 0xFF, 0xFF, 0xFF, 0xFF, 0xFF, 0xFF, 0xFF,
    0xFF, 0x0E, 0xE1, 0xFF, 0xFF, 0xFF, 0xBF, 0xBB, 0xBB, 0xBB, 0xBB, 0xBB, 0x0A, 0x30, 0xFF, 0xFF,
    0xFF, 0xAF, 0x00, 0x00, 0x00, 0x00, 0x00, 0x00, 0x00, 0xF7, 0xFF, 0xFF, 0xFF, 0x05, 0x00, 0x00,
    0x00, 0x00, 0x00, 0x00, 0xB0, 0xFF, 0xFF, 0xFF, 0x2F, 0x00, 0x00, 0x00, 0x00, 0x00, 0x00, 0x10,
    0xFE, 0xFF, 0xFF, 0xDF, 0x00, 0x00, 0x00, 0x00, 0x00, 0x00, 0x00, 0xF3, 0xFF, 0xFF, 0xFF, 0x09,
    0x00, 0x00, 0x00, 0x00, 0x00, 0x00, 0x70, 0xFF, 0xFF, 0xFF, 0x5F, 0x00, 0x00, 0x00, 0x00, 0x00,
    0x00, 0x00, 0xFB, 0xFF, 0xFF, 0xFF, 0x02, 0x00, 0x00, 0x00, 0x00, 0x00, 0x00, 0xE1, 0xFF, 0xFF,
    0xFF, 0x0D, 0x00, 0x00, 0x00, 0x00, 0x00, 0x00, 0x40, 0xFF, 0xFF, 0xFF, 0x9F, 0x00, 0x00, 0x00,
    0x00, 0x00, 0x00, 0x00, 0xF8, 0xFF, 0xFF, 0xFF, 0x05, 0x00, 0x00, 0x00, 0x00, 0x00, 0x00, 0xB0,
    0xFF, 0xFF, 0xFF, 0x2F, 0x00, 0x00, 0x00, 0x00, 0x00, 0x00, 0x10, 0xFE, 0xFF, 0xFF, 0xCF, 0x00,
    0x00, 0x00, 0x00, 0x00, 0x00, 0x00, 0xF4, 0xFF, 0xFF, 0xFF, 0x09, 0x00, 0x00, 0x00, 0x00, 0x00,
    0x00, 0x80, 0xFF, 0xFF, 0xFF, 0x5F, 0x00, 0x00, 0x00, 0x00, 0x00, 0x00, 0x00, 0xFC, 0xFF, 0xFF,
    0xFF, 0x02, 0xBA, 0xBB, 0xBB, 0xBB, 0xBB, 0xBB, 0xFC, 0xFF, 0xFF, 0xFF, 0x0C, 0xFE, 0xFF, 0xFF,
    0xFF, 0xFF, 0xFF, 0xFF, 0xFF, 0xFF, 0xFF, 0x8F, 0xFE, 0xFF, 0xFF, 0xFF, 0xFF, 0xFF, 0xFF, 0xFF,
    0xFF, 0xFF, 0xAF, 0xFE, 0xFF, 0xFF, 0xFF, 0xFF, 0xFF, 0xFF, 0xFF, 0xFF, 0xFF, 0xAF, 0xFE, 0xFF,
    0xFF, 0xFF, 0xFF, 0xFF, 0xFF, 0xFF, 0xFF, 0xFF, 0xAF, 0xFE, 0xFF, 0xFF, 0xFF, 0xFF, 0xFF, 0xFF,
    0xFF, 0xFF, 0xFF, 0xAF, 0xFB, 0xEF, 0x9C, 0x16, 0x00, 0x00, 0x00, 0x00, 0x00, 0xFB, 0xFF, 0xFF,
    0xFF, 0x09, 0x00, 0x00, 0x00, 0x00, 0xFB, 0xFF, 0xFF, 0xFF, 0xCF, 0x00, 0x00, 0x00, 0x00, 0xFB,
    0xFF, 0xFF, 0xFF, 0xFF, 0x05, 0x00, 0x00, 0x00, 0xFB, 0xFF, 0xFF, 0xFF, 0xFF, 0x0B, 0x00, 0x00,
    0x00, 0x95, 0xFC, 0xFF, 0xFF, 0xFF, 0x0E, 0x00, 0x00, 0x00, 0x00, 0x40, 0xFF, 0xFF, 0xFF, 0x0F,
    0x00, 0x00, 0x00, 0x00, 0x00, 0xFA, 0xFF, 0xFF, 0x0F, 0x00, 0x00, 0x00, 0x00, 0x00, 0xF7, 0xFF,
    0xFF, 0x0F, 0x00, 0x00, 0x00, 0x00, 0x00, 0xF7, 0xFF, 0xFF, 0x0F, 0x00, 0x00, 0x00, 0x00, 0x00,
    0xF7, 0xFF, 0xFF, 0x0F, 0x00, 0x00, 0x00, 0x00, 0x00, 0xF7, 0xFF, 0xFF, 0x0F, 0x00, 0x00, 0x00,
    0x00, 0x00, 0xF7, 0xFF, 0xFF, 0x0F, 0x00, 0x00, 0x00, 0x00, 0x00, 0xF7, 0xFF, 0xFF, 0x0F, 0x00,
    0x00, 0x00, 0x00, 0x00, 0xF7, 0xFF, 0xFF, 0x0F, 0x00, 0x00, 0x00, 0x00, 0x00, 0xF7, 0xFF, 0xFF,
    0x0F, 0x00, 0x00, 0x00, 0x00, 0x00, 0xF7, 0xFF, 0xFF, 0x4F, 0x00, 0x00, 0x00, 0x00, 0x00, 0xF5,
    0xFF, 0xFF, 0xDF, 0x01, 0x00, 0x00, 0x00, 0x00, 0xF1, 0xFF, 0xFF, 0xFF, 0x6D, 0x01, 0x00, 0x00,
    0x00, 0x80, 0xFF, 0xFF, 0xFF, 0xFF, 0xEF, 0x3D, 0x00, 0x00, 0x00, 0xF8, 0xFF, 0xFF, 0xFF, 0xFF,
    0x4F, 0x00, 0x00, 0x00, 0x20, 0xC8, 0xFF, 0xFF, 0xFF, 0x4F, 0x00, 0x00, 0x00, 0x00, 0xA6, 0xFF,
    0xFF, 0xFF, 0x4F, 0x00, 0x00, 0x00, 0xF6, 0xFF, 0xFF, 0xFF, 0xFF, 0x4F, 0x00, 0x00, 0x70, 0xFF,
    0xFF, 0xFF, 0xFF, 0xFF, 0x4F, 0x00, 0x00, 0xF1, 0xFF, 0xFF, 0xFF, 0x9F, 0x14, 0x00, 0x00, 0x00,
    0xF5, 0xFF, 0xFF, 0xEF, 0x02, 0x00, 0x00, 0x00, 0x00, 0xF7, 0xFF, 0xFF, 0x5F, 0x00, 0x00, 0x00,
    0x00, 0x00, 0xF7, 0xFF, 0xFF, 0x1F, 0x00, 0x00, 0x00, 0x00, 0x00, 0xF7, 0xFF, 0xFF, 0x0F, 0x00,
    0x00, 0x00, 0x00, 0x00, 0xF7, 0xFF, 0xFF, 0x0F, 0x00, 0x00, 0x00, 0x00, 0x00, 0xF7, 0xFF, 0xFF,
    0x0F, 0x00, 0x00, 0x00, 0x00, 0x00, 0xF7, 0xFF, 0xFF, 0x0F, 0x00, 0x00, 0x00, 0x00, 0x00, 0xF7,
    0xFF, 0xFF, 0x0F, 0x00, 0x00, 0x00, 0x00, 0x00, 0xF7, 0xFF, 0xFF, 0x0F, 0x00, 0x00, 0x00, 0x00,
    0x00, 0xF7, 0xFF, 0xFF, 0x0F, 0x00, 0x00, 0x00, 0x00, 0x00, 0xFA, 0xFF, 0xFF, 0x0F, 0x00, 0x00,
    0x00, 0x00, 0x50, 0xFF, 0xFF, 0xFF, 0x0F, 0x00, 0x00, 0x00, 0x96, 0xFD, 0xFF, 0xFF, 0xFF, 0x0E,
    0x00, 0x00, 0x00, 0xFB, 0xFF, 0xFF, 0xFF, 0xFF, 0x0B, 0x00, 0x00, 0x00, 0xFB, 0xFF, 0xFF, 0xFF,
    0xFF, 0x05, 0x00, 0x00, 0x00, 0xFB, 0xFF, 0xFF, 0xFF, 0xCF, 0x00, 0x00, 0x00, 0x00, 0xFB, 0xFF,
    0xFF, 0xFF, 0x09, 0x00, 0x00, 0x00, 0x00, 0xFB, 0xEF, 0x9C, 0x16, 0x00, 0x00, 0x00, 0x00, 0x00,
    0xF7, 0xFF, 0xEF, 0xF7, 0xFF, 0xEF, 0xF7, 0xFF, 0xEF, 0xF7, 0xFF, 0xEF, 0xF7, 0xFF, 0xEF, 0xF7,
    0xFF, 0xEF, 0xF7, 0xFF, 0xEF, 0xF7, 0xFF, 0xEF, 0xF7, 0xFF, 0xEF, 0xF7, 0xFF, 0xEF, 0xF7, 0xFF,
    0xEF, 0xF7, 0xFF, 0xEF, 0xF7, 0xFF, 0xEF, 0xF7, 0xFF, 0xEF, 0xF7, 0xFF, 0xEF, 0xF7, 0xFF, 0xEF,
    0xF7, 0xFF, 0xEF, 0xF7, 0xFF, 0xEF, 0xF7, 0xFF, 0xEF, 0xF7, 0xFF, 0xEF, 0xF7, 0xFF, 0xEF, 0xF7,
    0xFF, 0xEF, 0xF7, 0xFF, 0xEF, 0xF7, 0xFF, 0xEF, 0xF7, 0xFF, 0xEF, 0xF7, 0xFF, 0xEF, 0xF7, 0xFF,
    0xEF, 0xF7, 0xFF, 0xEF, 0xF7, 0xFF, 0xEF, 0xF7, 0xFF, 0xEF, 0xF7, 0xFF, 0xEF, 0xF7, 0xFF, 0xEF,
    0xF7, 0xFF, 0xEF, 0xF7, 0xFF, 0xEF, 0xF7, 0xFF, 0xEF, 0xF7, 0xFF, 0xEF, 0xF7, 0xFF, 0xEF, 0xF7,
    0xFF, 0xEF, 0xF7, 0xFF, 0xEF, 0xF7, 0xFF, 0xEF, 0xF7, 0xFF, 0xEF, 0xF7, 0xFF, 0xEF, 0xF7, 0xFF,
    0xEF, 0xF7, 0xFF, 0xEF, 0xF7, 0xFF, 0xEF, 0xF7, 0xFF, 0xEF, 0xF7, 0xFF, 0xEF, 0xF7, 0xFF, 0xEF,
    0xF7, 0xFF, 0xEF, 0x00, 0x00, 0x00, 0x00, 0x00, 0x95, 0xDB, 0xFE, 0x0F, 0x00, 0x00, 0x00, 0x00,
    0xE6, 0xFF, 0xFF, 0xFF, 0x0F, 0x00, 0x00, 0x00, 0x70, 0xFF, 0xFF, 0xFF, 0xFF, 0x0F, 0x00, 0x00,
    0x00, 0xF1, 0xFF, 0xFF, 0xFF, 0xFF, 0x0F, 0x00, 0x00, 0x00, 0xF6, 0xFF, 0xFF, 0xFF, 0xFF, 0x0F,
    0x00, 0x00, 0x00, 0xF9, 0xFF, 0xFF, 0xFF, 0xAE, 0x08, 0x00, 0x00, 0x00, 0xFA, 0xFF, 0xFF, 0x9F,
    0x00, 0x00, 0x00, 0x00, 0x00, 0xFB, 0xFF, 0xFF, 0x0F, 0x00, 0x00, 0x00, 0x00, 0x00, 0xFB, 0xFF,
    0xFF, 0x0C, 0x00, 0x00, 0x00, 0x00, 0x00, 0xFB, 0xFF, 0xFF, 0x0C, 0x00, 0x00, 0x00, 0x00, 0x00,
    0xFB, 0xFF, 0xFF, 0x0C, 0x00, 0x00, 0x00, 0x00, 0x00, 0xFB, 0xFF, 0xFF, 0x0C, 0x00, 0x00, 0x00,
    0x00, 0x00, 0xFB, 0xFF, 0xFF, 0x0C, 0x00, 0x00, 0x00, 0x00, 0x00, 0xFB, 0xFF, 0xFF, 0x0C, 0x00,
    0x00, 0x00, 0x00, 0x00, 0xFB, 0xFF, 0xFF, 0x0C, 0x00, 0x00, 0x00, 0x00, 0x00, 0xFC, 0xFF, 0xFF,
    0x0C, 0x00, 0x00, 0x00, 0x00, 0x00, 0xFF, 0xFF, 0xFF, 0x0B, 0x00, 0x00, 0x00, 0x00, 0x90, 0xFF,
    0xFF, 0xFF, 0x0A, 0x00, 0x00, 0x00, 0x40, 0xFB, 0xFF, 0xFF, 0xFF, 0x05, 0x00, 0x00, 0xEC, 0xFF,
    0xFF, 0xFF, 0xFF, 0xCF, 0x00, 0x00, 0x00, 0xFF, 0xFF, 0xFF, 0xFF, 0xFF, 0x1B, 0x00, 0x00, 0x00,
    0xFF, 0xFF, 0xFF, 0xDF, 0x49, 0x00, 0x00, 0x00, 0x00, 0xFF, 0xFF, 0xFF, 0xBF, 0x27, 0x00, 0x00,
    0x00, 0x00, 0xFF, 0xFF, 0xFF, 0xFF, 0xFF, 0x09, 0x00, 0x00, 0x00, 0xFF, 0xFF, 0xFF, 0xFF, 0xFF,
    0xBF, 0x00, 0x00, 0x00, 0x10, 0x73, 0xFE, 0xFF, 0xFF, 0xFF, 0x05, 0x00, 0x00, 0x00, 0x00, 0xB0,
    0xFF, 0xFF, 0xFF, 0x0A, 0x00, 0x00, 0x00, 0x00, 0x10, 0xFF, 0xFF, 0xFF, 0x0B, 0x00, 0x00, 0x00,
    0x00, 0x00, 0xFC, 0xFF, 0xFF, 0x0C, 0x00, 0x00, 0x00, 0x00, 0x00, 0xFB, 0xFF, 0xFF, 0x0C, 0x00,
    0x00, 0x00, 0x00, 0x00, 0xFB, 0xFF, 0xFF, 0x0C, 0x00, 0x00, 0x00, 0x00, 0x00, 0xFB, 0xFF, 0xFF,
    0x0C, 0x00, 0x00, 0x00, 0x00, 0x00, 0xFB, 0xFF, 0xFF, 0x0C, 0x00, 0x00, 0x00, 0x00, 0x00, 0xFB,
    0xFF, 0xFF, 0x0C, 0x00, 0x00, 0x00, 0x00, 0x00, 0xFB, 0xFF, 0xFF, 0x0C, 0x00, 0x00, 0x00, 0x00,
    0x00, 0xFB, 0xFF, 0xFF, 0x0C, 0x00, 0x00, 0x00, 0x00, 0x00, 0xFB, 0xFF, 0xFF, 0x0F, 0x00, 0x00,
    0x00, 0x00, 0x00, 0xFA, 0xFF, 0xFF, 0x9F, 0x00, 0x00, 0x00, 0x00, 0x00, 0xF9, 0xFF, 0xFF, 0xFF,
    0xAE, 0x08, 0x00, 0x00, 0x00, 0xF6, 0xFF, 0xFF, 0xFF, 0xFF, 0x0F, 0x00, 0x00, 0x00, 0xF1, 0xFF,
    0xFF, 0xFF, 0xFF, 0x0F, 0x00, 0x00, 0x00, 0x70, 0xFF, 0xFF, 0xFF, 0xFF, 0x0F, 0x00, 0x00, 0x00,
    0x00, 0xE6, 0xFF, 0xFF, 0xFF, 0x0F, 0x00, 0x00, 0x00, 0x00, 0x00, 0x95, 0xDB, 0xFE, 0x0F, 0x45,
    0x00, 0x00, 0x00, 0x00, 0x00, 0x20, 0xB7, 0xFD, 0xFF, 0x9D, 0x03, 0x00, 0xF6, 0x19, 0x00, 0x00,
    0x00, 0x71, 0xFD, 0xFF, 0xFF, 0xFF, 0xFF, 0xAF, 0x01, 0xF6, 0xFF, 0x6A, 0x65, 0xC9, 0xFF, 0xFF,
    0xFF, 0xFF, 0xFF, 0xFF, 0xFF, 0x0C, 0xF6, 0xFF, 0xFF, 0xFF, 0xFF, 0xFF, 0xFF, 0xFF, 0xFF, 0xFF,
    0xFF, 0xFF, 0x0D, 0xF6, 0xFF, 0xFF, 0xFF, 0xFF, 0xFF, 0xFF, 0xFF, 0xFF, 0xFF, 0xFF, 0xFF, 0x0D,
    0xF5, 0xFF, 0xFF, 0xFF, 0xFF, 0xFF, 0xFF, 0xEF, 0x7A, 0x55, 0xD8, 0xFF, 0x0D, 0x60, 0xFE, 0xFF,
    0xFF, 0xFF, 0xFF, 0xAF, 0x04, 0x00, 0x00, 0x00, 0xE5, 0x0D, 0x00, 0x71, 0xEB, 0xFF, 0xCE, 0x49,
    0x00, 0x00, 0x00, 0x00, 0x00, 0x10, 0x08,
};
const GFXglyph OpenSansB24Glyphs[] = {
    { 0, 0, 13, 13, 0, 0, 0}, //  
    { 10, 37, 14, 2, 36, 185, 0}, // !
    { 18, 13, 24, 3, 36, 117, 185}, // "
    { 31, 36, 32, 0, 36, 576, 302}, // #
    { 25, 41, 29, 2, 38, 533, 878}, // $
    { 43, 38, 45, 1, 37, 836, 1411}, // %
    { 36, 38, 38, 0, 37, 684, 2247}, // &
    { 8, 13, 13, 2, 36, 52, 2931}, // '
    { 14, 44, 17, 1, 36, 308, 2983}, // (
    { 14, 44, 17, 2, 36, 308, 3291}, // )
    { 25, 24, 27, 1, 38, 312, 3599}, // *
    { 25, 25, 29, 2, 30, 325, 3911}, // +
    { 11, 12, 14, 2, 6, 72, 4236}, // ,
    { 14, 7, 16, 1, 17, 49, 4308}, // -
    { 10, 9, 14, 2, 8, 45, 4357}, // .
    { 21, 36, 21, 0, 36, 396, 4402}, // /
    { 26, 38, 29, 2, 37, 494, 4798}, // 0
    { 19, 36, 29, 8, 36, 360, 5292}, // 1
    { 26, 37, 29, 2, 37, 481, 5652}, // 2
    { 26, 38, 29, 2, 37, 494, 6133}, // 3
    { 28, 36, 29, 1, 36, 504, 6627}, // 4
    { 25, 37, 29, 2, 36, 481, 7131}, // 5
    { 26, 38, 29, 2, 37, 494, 7612}, // 6
    { 26, 36, 29, 2, 36, 468, 8106}, // 7
    { 26, 38, 29, 2, 37, 494, 8574}, // 8
    { 26, 38, 29, 2, 37, 494, 9068}, // 9
    { 10, 29, 14, 2, 28, 145, 9562}, // :
    { 11, 34, 14, 2, 28, 204, 9707}, // ;
    { 25, 26, 29, 2, 31, 338, 9911}, // <
    { 25, 16, 29, 2, 26, 208, 10249}, // =
    { 25, 26, 29, 2, 31, 338, 10457}, // >
    { 23, 38, 24, 1, 37, 456, 10795}, // ?
    { 41, 41, 45, 2, 37, 861, 11251}, // @
    { 35, 36, 35, 0, 36, 648, 12112}, // A
    { 27, 36, 34, 3, 36, 504, 12760}, // B
    { 29, 38, 32, 1, 37, 570, 13264}, // C
    { 31, 36, 37, 2, 36, 576, 13834}, // D
    { 22, 36, 28, 2, 36, 396, 14410}, // E
    { 21, 36, 27, 2, 36, 396, 14806}, // F
    { 31, 38, 36, 3, 37, 608, 15202}, // G
    { 30, 36, 38, 4, 36, 540, 15810}, // H
    { 9, 36, 17, 4, 36, 180, 16350}, // I
    { 17, 47, 17, 4, 36, 423, 16530}, // J
    { 30, 36, 33, -1, 36, 540, 16953}, // K
    { 23, 36, 28, 1, 36, 432, 17493}, // L
    { 39, 36, 47, 4, 36, 720, 17925}, // M
    { 33, 36, 41, 4, 36, 612, 18645}, // N
    { 35, 38, 40, 3, 37, 684, 19257}, // O
    { 26, 36, 31, 1, 36, 468, 19941}, // P
    { 35, 46, 40, 3, 37, 828, 20409}, // Q
    { 30, 36, 33, -1, 36, 540, 21237}, // R
    { 24, 38, 28, 2, 37, 456, 21777}, // S
    { 27, 36, 29, 1, 36, 504, 22233}, // T
    { 30, 37, 38, 4, 36, 555, 22737}, // U
    { 33, 36, 33, 0, 36, 612, 23292}, // V
    { 49, 36, 48, -1, 36, 900, 23904}, // W
    { 34, 36, 33, -1, 36, 612, 24804}, // X
    { 32, 36, 31, -1, 36, 576, 25416}, // Y
    { 27, 36, 29, 1, 36, 504, 25992}, // Z
    { 13, 44, 17, 1, 36, 308, 26496}, // [
    { 21, 36, 21, 0, 36, 396, 26804}, // <backslash>
    { 13, 44, 17, 3, 36, 308, 27200}, // ]
    { 27, 24, 29, 1, 37, 336, 27508}, // ^
    { 22, 4, 21, 0, -5, 44, 27844}, // _
    { 15, 8, 18, 1, 38, 64, 27888}, // `
    { 25, 29, 30, 3, 28, 377, 27952}, // a
    { 27, 39, 32, 2, 38, 546, 28329}, // b
    { 23, 29, 26, 1, 28, 348, 28875}, // c
    { 26, 39, 32, 4, 38, 507, 29223}, // d
    { 26, 29, 30, 2, 28, 377, 29730}, // e
    { 21, 38, 19, -3, 38, 418, 30107}, // f
    { 28, 40, 28, 0, 28, 560, 30525}, // g
    { 27, 38, 33, 3, 38, 532, 31085}, // h
    { 9, 38, 15, 3, 38, 190, 31617}, // i
    { 16, 50, 15, 3, 38, 400, 31807}, // j
    { 28, 38, 31, 0, 38, 532, 32207}, // k
    { 9, 38, 15, 3, 38, 190, 32739}, // l
    { 43, 28, 49, 3, 28, 616, 32929}, // m
    { 27, 28, 33, 3, 28, 392, 33545}, // n
    { 27, 29, 31, 2, 28, 406, 33937}, // o
    { 27, 40, 32, 2, 28, 560, 34343}, // p
    { 26, 40, 32, 4, 28, 520, 34903}, // q
    { 19, 28, 23, 1, 28, 280, 35423}, // r
    { 21, 29, 25, 2, 28, 319, 35703}, // s
    { 20, 34, 22, 1, 33, 340, 36022}, // t
    { 26, 28, 33, 4, 27, 364, 36362}, // u
    { 29, 27, 28, -1, 27, 405, 36726}, // v
    { 43, 27, 43, 0, 27, 594, 37131}, // w
    { 29, 27, 29, 0, 27, 405, 37725}, // x
    { 29, 39, 28, -1, 27, 585, 38130}, // y
    { 22, 27, 24, 1, 27, 297, 38715}, // z
    { 18, 44, 20, 2, 36, 396, 39012}, // {
    { 6, 49, 28, 11, 38, 147, 39408}, // |
    { 17, 44, 20, 1, 36, 396, 39555}, // }
    { 25, 8, 29, 2, 22, 104, 39951}, // ~
};
const UnicodeInterval OpenSansB24Intervals[] = {
    { 0x20, 0x7E, 0x0 },
};
const GFXfont OpenSansB24 = {
    (uint8_t*)OpenSansB24Bitmaps,
    (GFXglyph*)OpenSansB24Glyphs,
    (UnicodeInterval*)OpenSansB24Intervals,
    1,
    0,
    68,
    54,
    -15,
};
