#pragma once
#include "epd_driver.h"
const uint8_t OpenSans24Bitmaps[36237] = {
    0xF0, 0xFF, 0xDF, 0x00, 0xF0, 0xFF, 0xCF, 0x00, 0xF0, 0xFF, 0xBF, 0x00, 0xE0, 0xFF, 0xBF, 0x00,
    0xD0, 0xFF, 0xAF, 0x00, 0xD0, 0xFF, 0x9F, 0x00, 0xC0, 0xFF, 0x8F, 0x00, 0xB0, 0xFF, 0x8F, 0x00,
    0xA0, 0xFF, 0x7F, 0x00, 0xA0, 0xFF, 0x6F, 0x00, 0x90, 0xFF, 0x5F, 0x00, 0x80, 0xFF, 0x5F, 0x00,
    0x80, 0xFF, 0x4F, 0x00, 0x70, 0xFF, 0x3F, 0x00, 0x60, 0xFF, 0x3F, 0x00, 0x50, 0xFF, 0x2F, 0x00,
    0x50, 0xFF, 0x1F, 0x00, 0x40, 0xFF, 0x0F, 0x00, 0x30, 0xFF, 0x0F, 0x00, 0x20, 0xFF, 0x0F, 0x00,
    0x20, 0xFF, 0x0E, 0x00, 0x10, 0xFF, 0x0E, 0x00, 0x00, 0xFF, 0x0D, 0x00, 0x00, 0xFF, 0x0C, 0x00,
    0x00, 0xFF, 0x0B, 0x00, 0x00, 0x00, 0x00, 0x00, 0x00, 0x00, 0x00, 0x00, 0x00, 0x00, 0x00, 0x00,
    0x00, 0x00, 0x00, 0x00, 0x00, 0x00, 0x00, 0x00, 0x30, 0xDB, 0x2B, 0x00, 0xF1, 0xFF, 0xEF, 0x00,
    0xF6, 0xFF, 0xFF, 0x04, 0xF7, 0xFF, 0xFF, 0x05, 0xF4, 0xFF, 0xFF, 0x02, 0xC0, 0xFF, 0xAF, 0x00,
    0x00, 0x75, 0x04, 0x00, 0xF9, 0xFF, 0x0B, 0x00, 0xA0, 0xFF, 0xAF, 0xF8, 0xFF, 0x0A, 0x00, 0x90,
    0xFF, 0x9F, 0xF7, 0xFF, 0x09, 0x00, 0x80, 0xFF, 0x8F, 0xF6, 0xFF, 0x08, 0x00, 0x70, 0xFF, 0x7F,
    0xF4, 0xFF, 0x07, 0x00, 0x50, 0xFF, 0x6F, 0xF3, 0xFF, 0x05, 0x00, 0x40, 0xFF, 0x5F, 0xF2, 0xFF,
    0x04, 0x00, 0x30, 0xFF, 0x4F, 0xF1, 0xFF, 0x03, 0x00, 0x20, 0xFF, 0x2F, 0xF0, 0xFF, 0x02, 0x00,
    0x10, 0xFF, 0x1F, 0xF0, 0xFF, 0x01, 0x00, 0x00, 0xFF, 0x0F, 0xE0, 0xFF, 0x00, 0x00, 0x00, 0xFF,
    0x0F, 0xD0, 0xFF, 0x00, 0x00, 0x00, 0xFD, 0x0E, 0xC0, 0xEF, 0x00, 0x00, 0x00, 0xFC, 0x0D, 0x00,
    0x00, 0xF7, 0xBF, 0x00, 0x00, 0x00, 0xC0, 0xFF, 0x09, 0x00, 0x00, 0x00, 0x00, 0x00, 0x00, 0x00,
    0xF4, 0xEF, 0x00, 0x00, 0x00, 0x90, 0xFF, 0x0C, 0x00, 0x00, 0x00, 0x00, 0x00, 0x00, 0x00, 0xF1,
    0xFF, 0x01, 0x00, 0x00, 0x60, 0xFF, 0x0F, 0x00, 0x00, 0x00, 0x00, 0x00, 0x00, 0x00, 0xE0, 0xFF,
    0x04, 0x00, 0x00, 0x30, 0xFF, 0x2F, 0x00, 0x00, 0x00, 0x00, 0x00, 0x00, 0x00, 0xB0, 0xFF, 0x07,
    0x00, 0x00, 0x00, 0xFF, 0x5F, 0x00, 0x00, 0x00, 0x00, 0x00, 0x00, 0x00, 0x80, 0xFF, 0x0A, 0x00,
    0x00, 0x00, 0xFD, 0x8F, 0x00, 0x00, 0x00, 0x00, 0x00, 0x00, 0x00, 0x50, 0xFF, 0x0D, 0x00, 0x00,
    0x00, 0xFA, 0xBF, 0x00, 0x00, 0x00, 0x00, 0x00, 0x00, 0x00, 0x20, 0xFF, 0x0F, 0x00, 0x00, 0x00,
    0xF7, 0xEF, 0x00, 0x00, 0x00, 0x00, 0x00, 0x00, 0x00, 0x00, 0xFF, 0x3F, 0x00, 0x00, 0x00, 0xF4,
    0xFF, 0x01, 0x00, 0x00, 0x00, 0x00, 0x00, 0x00, 0x00, 0xFC, 0x6F, 0x00, 0x00, 0x00, 0xF1, 0xFF,
    0x04, 0x00, 0x00, 0x00, 0x00, 0x00, 0x00, 0x00, 0xFA, 0x9F, 0x00, 0x00, 0x00, 0xE0, 0xFF, 0x07,
    0x00, 0x00, 0x00, 0x00, 0xFF, 0xFF, 0xFF, 0xFF, 0xFF, 0xFF, 0xFF, 0xFF, 0xFF, 0xFF, 0xFF, 0xFF,
    0xFF, 0xEF, 0x00, 0xFF, 0xFF, 0xFF, 0xFF, 0xFF, 0xFF, 0xFF, 0xFF, 0xFF, 0xFF, 0xFF, 0xFF, 0xFF,
    0xEF, 0x00, 0xFF, 0xFF, 0xFF, 0xFF, 0xFF, 0xFF, 0xFF, 0xFF, 0xFF, 0xFF, 0xFF, 0xFF, 0xFF, 0xEF,
    0x00, 0x00, 0x00, 0x00, 0xD0, 0xFF, 0x07, 0x00, 0x00, 0x10, 0xFF, 0x3F, 0x00, 0x00, 0x00, 0x00,
    0x00, 0x00, 0x00, 0xA0, 0xFF, 0x0A, 0x00, 0x00, 0x00, 0xFE, 0x6F, 0x00, 0x00, 0x00, 0x00, 0x00,
    0x00, 0x00, 0x60, 0xFF, 0x0E, 0x00, 0x00, 0x00, 0xFA, 0x9F, 0x00, 0x00, 0x00, 0x00, 0x00, 0x00,
    0x00, 0x30, 0xFF, 0x1F, 0x00, 0x00, 0x00, 0xF7, 0xCF, 0x00, 0x00, 0x00, 0x00, 0x00, 0x00, 0x00,
    0x00, 0xFF, 0x4F, 0x00, 0x00, 0x00, 0xF4, 0xFF, 0x00, 0x00, 0x00, 0x00, 0x00, 0x00, 0x00, 0x00,
    0xFD, 0x7F, 0x00, 0x00, 0x00, 0xF1, 0xFF, 0x03, 0x00, 0x00, 0x00, 0x00, 0x00, 0x00, 0x00, 0xFA,
    0xAF, 0x00, 0x00, 0x00, 0xE0, 0xFF, 0x06, 0x00, 0x00, 0x00, 0x00, 0x00, 0x00, 0x00, 0xF7, 0xEF,
    0x00, 0x00, 0x00, 0xA0, 0xFF, 0x09, 0x00, 0x00, 0x00, 0x40, 0xFF, 0xFF, 0xFF, 0xFF, 0xFF, 0xFF,
    0xFF, 0xFF, 0xFF, 0xFF, 0xFF, 0xFF, 0xFF, 0xBF, 0x40, 0xFF, 0xFF, 0xFF, 0xFF, 0xFF, 0xFF, 0xFF,
    0xFF, 0xFF, 0xFF, 0xFF, 0xFF, 0xFF, 0xBF, 0x40, 0xFF, 0xFF, 0xFF, 0xFF, 0xFF, 0xFF, 0xFF, 0xFF,
    0xFF, 0xFF, 0xFF, 0xFF, 0xFF, 0xBF, 0x00, 0x11, 0x11, 0x11, 0xA1, 0xFF, 0x1A, 0x11, 0x11, 0x11,
    0xFE, 0x7F, 0x11, 0x11, 0x11, 0x00, 0x00, 0x00, 0x00, 0x70, 0xFF, 0x0D, 0x00, 0x00, 0x00, 0xFB,
    0x9F, 0x00, 0x00, 0x00, 0x00, 0x00, 0x00, 0x00, 0x40, 0xFF, 0x0F, 0x00, 0x00, 0x00, 0xF8, 0xCF,
    0x00, 0x00, 0x00, 0x00, 0x00, 0x00, 0x00, 0x10, 0xFF, 0x3F, 0x00, 0x00, 0x00, 0xF5, 0xEF, 0x00,
    0x00, 0x00, 0x00, 0x00, 0x00, 0x00, 0x00, 0xFE, 0x6F, 0x00, 0x00, 0x00, 0xF2, 0xFF, 0x01, 0x00,
    0x00, 0x00, 0x00, 0x00, 0x00, 0x00, 0xFB, 0x9F, 0x00, 0x00, 0x00, 0xF0, 0xFF, 0x04, 0x00, 0x00,
    0x00, 0x00, 0x00, 0x00, 0x00, 0xF8, 0xCF, 0x00, 0x00, 0x00, 0xC0, 0xFF, 0x07, 0x00, 0x00, 0x00,
    0x00, 0x00, 0x00, 0x00, 0xF5, 0xFF, 0x00, 0x00, 0x00, 0xA0, 0xFF, 0x0A, 0x00, 0x00, 0x00, 0x00,
    0x00, 0x00, 0x00, 0xF2, 0xFF, 0x02, 0x00, 0x00, 0x70, 0xFF, 0x0D, 0x00, 0x00, 0x00, 0x00, 0x00,
    0x00, 0x00, 0xF0, 0xFF, 0x05, 0x00, 0x00, 0x40, 0xFF, 0x0F, 0x00, 0x00, 0x00, 0x00, 0x00, 0x00,
    0x00, 0xC0, 0xFF, 0x08, 0x00, 0x00, 0x10, 0xFF, 0x2F, 0x00, 0x00, 0x00, 0x00, 0x00, 0x00, 0x00,
    0xFA, 0x5F, 0x00, 0x00, 0x00, 0x00, 0x00, 0x00, 0x00, 0x00, 0x00, 0x00, 0xFA, 0x5F, 0x00, 0x00,
    0x00, 0x00, 0x00, 0x00, 0x00, 0x00, 0x00, 0x00, 0xFA, 0x5F, 0x00, 0x00, 0x00, 0x00, 0x00, 0x00,
    0x00, 0x00, 0x00, 0x00, 0xFA, 0x5F, 0x00, 0x00, 0x00, 0x00, 0x00, 0x00, 0x00, 0x62, 0xCA, 0xFE,
    0xFF, 0xFF, 0xBE, 0x28, 0x00, 0x00, 0x00, 0x10, 0xE8, 0xFF, 0xFF, 0xFF, 0xFF, 0xFF, 0xFF, 0xFF,
    0x3C, 0x00, 0x00, 0x10, 0xFF, 0xFF, 0xFF, 0xFF, 0xFF, 0xFF, 0xFF, 0xFF, 0xFF, 0x06, 0x00, 0x00,
    0xFB, 0xFF, 0xDF, 0x8A, 0xFC, 0xBF, 0xEA, 0xFF, 0xFF, 0x5F, 0x00, 0x00, 0xF5, 0x5A, 0x01, 0x00,
    0xFA, 0x5F, 0x00, 0xD4, 0xFF, 0xFF, 0x01, 0x00, 0x00, 0x00, 0x00, 0x00, 0xFA, 0x5F, 0x00, 0x10,
    0xFD, 0xFF, 0x07, 0x00, 0x00, 0x00, 0x00, 0x00, 0xFA, 0x5F, 0x00, 0x00, 0xF5, 0xFF, 0x0B, 0x00,
    0x00, 0x00, 0x00, 0x00, 0xFA, 0x5F, 0x00, 0x00, 0xF1, 0xFF, 0x0D, 0x00, 0x00, 0x00, 0x00, 0x00,
    0xFA, 0x5F, 0x00, 0x00, 0xF1, 0xFF, 0x0E, 0x00, 0x00, 0x00, 0x00, 0x00, 0xFA, 0x5F, 0x00, 0x00,
    0xF4, 0xFF, 0x0D, 0x00, 0x00, 0x00, 0x00, 0x00, 0xFA, 0x5F, 0x00, 0x00, 0xFB, 0xFF, 0x0A, 0x00,
    0x00, 0x00, 0x00, 0x00, 0xFA, 0x5F, 0x00, 0x90, 0xFF, 0xFF, 0x05, 0x00, 0x00, 0x00, 0x00, 0x00,
    0xFA, 0x5F, 0x61, 0xFD, 0xFF, 0xCF, 0x00, 0x00, 0x00, 0x00, 0x00, 0x00, 0xFA, 0xDF, 0xFF, 0xFF,
    0xFF, 0x2E, 0x00, 0x00, 0x00, 0x00, 0x00, 0x61, 0xFD, 0xFF, 0xFF, 0xFF, 0xDF, 0x02, 0x00, 0x00,
    0x00, 0x00, 0xB4, 0xFF, 0xFF, 0xFF, 0xFF, 0xEF, 0x07, 0x00, 0x00, 0x00, 0x00, 0xD6, 0xFF, 0xFF,
    0xFF, 0xFF, 0xCF, 0x06, 0x00, 0x00, 0x00, 0x00, 0xC1, 0xFF, 0xFF, 0xFF, 0xFF, 0x9F, 0x01, 0x00,
    0x00, 0x00, 0x00, 0x10, 0xFD, 0xFF, 0xFF, 0xBF, 0xFD, 0x5F, 0x00, 0x00, 0x00, 0x00, 0x00, 0xA0,
    0xFF, 0xFF, 0x6E, 0x00, 0xFA, 0x5F, 0x00, 0x00, 0x00, 0x00, 0x00, 0xF2, 0xFF, 0xAF, 0x00, 0x00,
    0xFA, 0x5F, 0x00, 0x00, 0x00, 0x00, 0x00, 0xF6, 0xFF, 0x0D, 0x00, 0x00, 0xFA, 0x5F, 0x00, 0x00,
    0x00, 0x00, 0x00, 0xF8, 0xFF, 0x08, 0x00, 0x00, 0xFA, 0x5F, 0x00, 0x00, 0x00, 0x00, 0x00, 0xF8,
    0xFF, 0x07, 0x00, 0x00, 0xFA, 0x5F, 0x00, 0x00, 0x00, 0x00, 0x00, 0xF7, 0xFF, 0x08, 0x00, 0x00,
    0xFA, 0x5F, 0x00, 0x00, 0x00, 0x00, 0x00, 0xF4, 0xFF, 0x0E, 0x00, 0x00, 0xFA, 0x5F, 0x00, 0x00,
    0x00, 0x00, 0x00, 0xE0, 0xFF, 0xAF, 0x00, 0x00, 0xFA, 0x5F, 0x00, 0x00, 0x00, 0x10, 0x05, 0x50,
    0xFF, 0xFF, 0x6E, 0x02, 0xFA, 0x5F, 0x00, 0x00, 0x73, 0xFB, 0x0E, 0x00, 0xF9, 0xFF, 0xFF, 0xEF,
    0xFF, 0xBF, 0xBA, 0xFD, 0xFF, 0xFF, 0x0E, 0x00, 0x70, 0xFF, 0xFF, 0xFF, 0xFF, 0xFF, 0xFF, 0xFF,
    0xFF, 0xFF, 0x0E, 0x00, 0x00, 0x92, 0xFF, 0xFF, 0xFF, 0xFF, 0xFF, 0xFF, 0xFF, 0xDF, 0x07, 0x00,
    0x00, 0x00, 0x40, 0xB8, 0xFE, 0xFF, 0xEF, 0xBD, 0x58, 0x02, 0x00, 0x00, 0x00, 0x00, 0x00, 0x00,
    0xFA, 0x5F, 0x00, 0x00, 0x00, 0x00, 0x00, 0x00, 0x00, 0x00, 0x00, 0x00, 0xFA, 0x5F, 0x00, 0x00,
    0x00, 0x00, 0x00, 0x00, 0x00, 0x00, 0x00, 0x00, 0xFA, 0x5F, 0x00, 0x00, 0x00, 0x00, 0x00, 0x00,
    0x00, 0x00, 0x00, 0x00, 0xFA, 0x5F, 0x00, 0x00, 0x00, 0x00, 0x00, 0x00, 0x00, 0x00, 0x00, 0x00,
    0xFA, 0x5F, 0x00, 0x00, 0x00, 0x00, 0x00, 0x00, 0x00, 0x00, 0x00, 0x00, 0x00, 0x00, 0x00, 0x00,
    0x00, 0x00, 0x00, 0x00, 0x40, 0x77, 0x26, 0x00, 0x00, 0x00, 0x00, 0x00, 0x00, 0xF1, 0xFF, 0x07,
    0x00, 0x00, 0x00, 0x00, 0x00, 0x00, 0x70, 0xFE, 0xFF, 0xFF, 0x2B, 0x00, 0x00, 0x00, 0x00, 0x00,
    0x80, 0xFF, 0x1F, 0x00, 0x00, 0x00, 0x00, 0x00, 0x00, 0xF9, 0xFF, 0xFF, 0xFF, 0xEF, 0x02, 0x00,
    0x00, 0x00, 0x00, 0x00, 0xFE, 0x9F, 0x00, 0x00, 0x00, 0x00, 0x00, 0x50, 0xFF, 0xDF, 0x78, 0xFA,
    0xFF, 0x0C, 0x00, 0x00, 0x00, 0x00, 0x00, 0xF6, 0xFF, 0x02, 0x00, 0x00, 0x00, 0x00, 0xE0, 0xFF,
    0x0C, 0x00, 0x60, 0xFF, 0x4F, 0x00, 0x00, 0x00, 0x00, 0x00, 0xD0, 0xFF, 0x0B, 0x00, 0x00, 0x00,
    0x00, 0xF5, 0xFF, 0x02, 0x00, 0x00, 0xFD, 0xBF, 0x00, 0x00, 0x00, 0x00, 0x00, 0x50, 0xFF, 0x3F,
    0x00, 0x00, 0x00, 0x00, 0xFA, 0xCF, 0x00, 0x00, 0x00, 0xF7, 0xFF, 0x00, 0x00, 0x00, 0x00, 0x00,
    0x00, 0xFC, 0xCF, 0x00, 0x00, 0x00, 0x00, 0xFD, 0x8F, 0x00, 0x00, 0x00, 0xF3, 0xFF, 0x03, 0x00,
    0x00, 0x00, 0x00, 0x00, 0xF3, 0xFF, 0x05, 0x00, 0x00, 0x00, 0xFF, 0x6F, 0x00, 0x00, 0x00, 0xF1,
    0xFF, 0x05, 0x00, 0x00, 0x00, 0x00, 0x00, 0xA0, 0xFF, 0x0D, 0x00, 0x00, 0x10, 0xFF, 0x4F, 0x00,
    0x00, 0x00, 0xF0, 0xFF, 0x07, 0x00, 0x00, 0x00, 0x00, 0x00, 0x20, 0xFF, 0x7F, 0x00, 0x00, 0x20,
    0xFF, 0x3F, 0x00, 0x00, 0x00, 0xE0, 0xFF, 0x07, 0x00, 0x00, 0x00, 0x00, 0x00, 0x00, 0xF9, 0xEF,
    0x01, 0x00, 0x20, 0xFF, 0x3F, 0x00, 0x00, 0x00, 0xE0, 0xFF, 0x08, 0x00, 0x00, 0x00, 0x00, 0x00,
    0x00, 0xF1, 0xFF, 0x08, 0x00, 0x20, 0xFF, 0x3F, 0x00, 0x00, 0x00, 0xE0, 0xFF, 0x07, 0x00, 0x00,
    0x00, 0x00, 0x00, 0x00, 0x70, 0xFF, 0x1F, 0x00, 0x10, 0xFF, 0x4F, 0x00, 0x00, 0x00, 0xF0, 0xFF,
    0x06, 0x00, 0x00, 0x00, 0x00, 0x00, 0x00, 0x00, 0xFE, 0xAF, 0x00, 0x00, 0xFF, 0x6F, 0x00, 0x00,
    0x00, 0xF1, 0xFF, 0x05, 0x00, 0x00, 0x30, 0x76, 0x47, 0x00, 0x00, 0xF5, 0xFF, 0x03, 0x00, 0xFD,
    0x8F, 0x00, 0x00, 0x00, 0xF3, 0xFF, 0x02, 0x00, 0x30, 0xFC, 0xFF, 0xFF, 0x5E, 0x00, 0xD0, 0xFF,
    0x0B, 0x00, 0xFA, 0xDF, 0x00, 0x00, 0x00, 0xF7, 0xEF, 0x00, 0x00, 0xF4, 0xFF, 0xFF, 0xFF, 0xFF,
    0x06, 0x40, 0xFF, 0x4F, 0x00, 0xF5, 0xFF, 0x03, 0x00, 0x00, 0xFD, 0xAF, 0x00, 0x10, 0xFE, 0xFF,
    0x7A, 0xF9, 0xFF, 0x2F, 0x00, 0xFB, 0xDF, 0x00, 0xE0, 0xFF, 0x1C, 0x00, 0x70, 0xFF, 0x3F, 0x00,
    0x90, 0xFF, 0x3F, 0x00, 0x20, 0xFF, 0xAF, 0x00, 0xF2, 0xFF, 0x06, 0x60, 0xFF, 0xEF, 0x78, 0xFB,
    0xFF, 0x0A, 0x00, 0xF0, 0xFF, 0x08, 0x00, 0x00, 0xF7, 0xFF, 0x01, 0x90, 0xFF, 0x0E, 0x00, 0xFA,
    0xFF, 0xFF, 0xFF, 0xDF, 0x01, 0x00, 0xF4, 0xFF, 0x02, 0x00, 0x00, 0xF1, 0xFF, 0x05, 0x10, 0xFF,
    0x7F, 0x00, 0x70, 0xFF, 0xFF, 0xFF, 0x1A, 0x00, 0x00, 0xF8, 0xEF, 0x00, 0x00, 0x00, 0xE0, 0xFF,
    0x08, 0x00, 0xF8, 0xFF, 0x01, 0x00, 0x40, 0x77, 0x26, 0x00, 0x00, 0x00, 0xFA, 0xBF, 0x00, 0x00,
    0x00, 0xB0, 0xFF, 0x0B, 0x00, 0xE0, 0xFF, 0x09, 0x00, 0x00, 0x00, 0x00, 0x00, 0x00, 0x00, 0xFC,
    0x9F, 0x00, 0x00, 0x00, 0xA0, 0xFF, 0x0C, 0x00, 0x60, 0xFF, 0x2F, 0x00, 0x00, 0x00, 0x00, 0x00,
    0x00, 0x00, 0xFD, 0x9F, 0x00, 0x00, 0x00, 0x90, 0xFF, 0x0D, 0x00, 0x00, 0xFD, 0xBF, 0x00, 0x00,
    0x00, 0x00, 0x00, 0x00, 0x00, 0xFD, 0x8F, 0x00, 0x00, 0x00, 0x90, 0xFF, 0x0D, 0x00, 0x00, 0xF5,
    0xFF, 0x03, 0x00, 0x00, 0x00, 0x00, 0x00, 0x00, 0xFD, 0x9F, 0x00, 0x00, 0x00, 0x90, 0xFF, 0x0D,
    0x00, 0x00, 0xC0, 0xFF, 0x0C, 0x00, 0x00, 0x00, 0x00, 0x00, 0x00, 0xFC, 0x9F, 0x00, 0x00, 0x00,
    0xA0, 0xFF, 0x0C, 0x00, 0x00, 0x30, 0xFF, 0x5F, 0x00, 0x00, 0x00, 0x00, 0x00, 0x00, 0xFA, 0xBF,
    0x00, 0x00, 0x00, 0xB0, 0xFF, 0x0A, 0x00, 0x00, 0x00, 0xFA, 0xDF, 0x00, 0x00, 0x00, 0x00, 0x00,
    0x00, 0xF8, 0xEF, 0x00, 0x00, 0x00, 0xE0, 0xFF, 0x08, 0x00, 0x00, 0x00, 0xF2, 0xFF, 0x07, 0x00,
    0x00, 0x00, 0x00, 0x00, 0xF4, 0xFF, 0x02, 0x00, 0x00, 0xF1, 0xFF, 0x04, 0x00, 0x00, 0x00, 0x90,
    0xFF, 0x1E, 0x00, 0x00, 0x00, 0x00, 0x00, 0xF0, 0xFF, 0x08, 0x00, 0x00, 0xF7, 0xFF, 0x00, 0x00,
    0x00, 0x00, 0x10, 0xFF, 0x8F, 0x00, 0x00, 0x00, 0x00, 0x00, 0x90, 0xFF, 0x3F, 0x00, 0x20, 0xFF,
    0x9F, 0x00, 0x00, 0x00, 0x00, 0x00, 0xF7, 0xFF, 0x01, 0x00, 0x00, 0x00, 0x00, 0x10, 0xFF, 0xFF,
    0x79, 0xF9, 0xFF, 0x1F, 0x00, 0x00, 0x00, 0x00, 0x00, 0xE0, 0xFF, 0x0A, 0x00, 0x00, 0x00, 0x00,
    0x00, 0xF5, 0xFF, 0xFF, 0xFF, 0xFF, 0x04, 0x00, 0x00, 0x00, 0x00, 0x00, 0x50, 0xFF, 0x3F, 0x00,
    0x00, 0x00, 0x00, 0x00, 0x40, 0xFD, 0xFF, 0xFF, 0x4D, 0x00, 0x00, 0x00, 0x00, 0x00, 0x00, 0x00,
    0xFD, 0xBF, 0x00, 0x00, 0x00, 0x00, 0x00, 0x00, 0x30, 0x76, 0x36, 0x00, 0x00, 0x00, 0x00, 0x00,
    0x00, 0x00, 0x00, 0x00, 0x00, 0x00, 0x00, 0x00, 0x00, 0x00, 0x00, 0x00, 0x00, 0x00, 0x00, 0x00,
    0x00, 0x00, 0x41, 0x76, 0x67, 0x03, 0x00, 0x00, 0x00, 0x00, 0x00, 0x00, 0x00, 0x00, 0x00, 0x00,
    0x00, 0x00, 0x00, 0xB3, 0xFF, 0xFF, 0xFF, 0xFF, 0x29, 0x00, 0x00, 0x00, 0x00, 0x00, 0x00, 0x00,
    0x00, 0x00, 0x00, 0x00, 0x60, 0xFF, 0xFF, 0xFF, 0xFF, 0xFF, 0xFF, 0x06, 0x00, 0x00, 0x00, 0x00,
    0x00, 0x00, 0x00, 0x00, 0x00, 0x00, 0xF5, 0xFF, 0xFF, 0xDF, 0xFD, 0xFF, 0xFF, 0x5F, 0x00, 0x00,
    0x00, 0x00, 0x00, 0x00, 0x00, 0x00, 0x00, 0x00, 0xFE, 0xFF, 0x6E, 0x00, 0x00, 0xE5, 0xFF, 0xFF,
    0x01, 0x00, 0x00, 0x00, 0x00, 0x00, 0x00, 0x00, 0x00, 0x50, 0xFF, 0xFF, 0x02, 0x00, 0x00, 0x10,
    0xFE, 0xFF, 0x07, 0x00, 0x00, 0x00, 0x00, 0x00, 0x00, 0x00, 0x00, 0x90, 0xFF, 0x8F, 0x00, 0x00,
    0x00, 0x00, 0xF6, 0xFF, 0x0B, 0x00, 0x00, 0x00, 0x00, 0x00, 0x00, 0x00, 0x00, 0xB0, 0xFF, 0x4F,
    0x00, 0x00, 0x00, 0x00, 0xF2, 0xFF, 0x0D, 0x00, 0x00, 0x00, 0x00, 0x00, 0x00, 0x00, 0x00, 0xB0,
    0xFF, 0x4F, 0x00, 0x00, 0x00, 0x00, 0xF1, 0xFF, 0x0E, 0x00, 0x00, 0x00, 0x00, 0x00, 0x00, 0x00,
    0x00, 0xA0, 0xFF, 0x6F, 0x00, 0x00, 0x00, 0x00, 0xF3, 0xFF, 0x0C, 0x00, 0x00, 0x00, 0x00, 0x00,
    0x00, 0x00, 0x00, 0x60, 0xFF, 0xCF, 0x00, 0x00, 0x00, 0x00, 0xF8, 0xFF, 0x09, 0x00, 0x00, 0x00,
    0x00, 0x00, 0x00, 0x00, 0x00, 0x10, 0xFF, 0xFF, 0x05, 0x00, 0x00, 0x10, 0xFE, 0xFF, 0x04, 0x00,
    0x00, 0x00, 0x00, 0x00, 0x00, 0x00, 0x00, 0x00, 0xF7, 0xFF, 0x5F, 0x00, 0x00, 0xB0, 0xFF, 0xCF,
    0x00, 0x00, 0x00, 0x00, 0x00, 0x00, 0x00, 0x00, 0x00, 0x00, 0xA0, 0xFF, 0xFF, 0x08, 0x00, 0xF8,
    0xFF, 0x3F, 0x00, 0x00, 0x00, 0x00, 0x00, 0x00, 0x00, 0x00, 0x00, 0x00, 0x00, 0xFA, 0xFF, 0xDF,
    0x63, 0xFF, 0xFF, 0x07, 0x00, 0x00, 0x00, 0x00, 0x00, 0x00, 0x00, 0x00, 0x00, 0x00, 0x00, 0x70,
    0xFF, 0xFF, 0xFF, 0xFF, 0xAF, 0x00, 0x00, 0x00, 0x00, 0x00, 0x00, 0x00, 0x00, 0x00, 0x00, 0x00,
    0x00, 0x00, 0xD3, 0xFF, 0xFF, 0xFF, 0x0C, 0x00, 0x00, 0x00, 0x00, 0x00, 0x00, 0x00, 0x00, 0x00,
    0x00, 0x00, 0x00, 0x00, 0x00, 0xFC, 0xFF, 0xFF, 0x7F, 0x00, 0x00, 0x00, 0x00, 0x00, 0x00, 0x00,
    0x00, 0x00, 0x00, 0x00, 0x00, 0x00, 0x70, 0xFF, 0xFF, 0xFF, 0xFF, 0x2C, 0x00, 0x00, 0x00, 0x00,
    0xF0, 0xFF, 0x2F, 0x00, 0x00, 0x00, 0x00, 0x00, 0xF8, 0xFF, 0xDF, 0xFC, 0xFF, 0xFF, 0x05, 0x00,
    0x00, 0x00, 0xB0, 0xFF, 0x6F, 0x00, 0x00, 0x00, 0x00, 0x80, 0xFF, 0xFF, 0x1D, 0x60, 0xFF, 0xFF,
    0x6F, 0x00, 0x00, 0x00, 0x60, 0xFF, 0xBF, 0x00, 0x00, 0x00, 0x00, 0xF8, 0xFF, 0xDF, 0x01, 0x00,
    0xD2, 0xFF, 0xFF, 0x05, 0x00, 0x00, 0x10, 0xFF, 0xFF, 0x01, 0x00, 0x00, 0x80, 0xFF, 0xFF, 0x1D,
    0x00, 0x00, 0x10, 0xFD, 0xFF, 0x1E, 0x00, 0x00, 0x00, 0xFB, 0xFF, 0x06, 0x00, 0x00, 0xF9, 0xFF,
    0xDF, 0x01, 0x00, 0x00, 0x00, 0xF2, 0xFF, 0x8F, 0x00, 0x00, 0x00, 0xF5, 0xFF, 0x0D, 0x00, 0x90,
    0xFF, 0xFF, 0x1D, 0x00, 0x00, 0x00, 0x00, 0x80, 0xFF, 0xDF, 0x00, 0x00, 0x00, 0xD0, 0xFF, 0x6F,
    0x00, 0xF9, 0xFF, 0xDF, 0x01, 0x00, 0x00, 0x00, 0x00, 0x30, 0xFF, 0xFF, 0x01, 0x00, 0x00, 0x50,
    0xFF, 0xFF, 0x92, 0xFF, 0xFF, 0x1D, 0x00, 0x00, 0x00, 0x00, 0x00, 0x00, 0xFF, 0xFF, 0x03, 0x00,
    0x00, 0x00, 0xFC, 0xFF, 0xFF, 0xFF, 0xDF, 0x01, 0x00, 0x00, 0x00, 0x00, 0x00, 0x00, 0xFF, 0xFF,
    0x04, 0x00, 0x00, 0x00, 0xF2, 0xFF, 0xFF, 0xFF, 0x1C, 0x00, 0x00, 0x00, 0x00, 0x00, 0x00, 0x00,
    0xFF, 0xFF, 0x04, 0x00, 0x00, 0x00, 0x50, 0xFF, 0xFF, 0xCF, 0x01, 0x00, 0x00, 0x00, 0x00, 0x00,
    0x00, 0x30, 0xFF, 0xFF, 0x02, 0x00, 0x00, 0x00, 0x90, 0xFF, 0xFF, 0xCF, 0x01, 0x00, 0x00, 0x00,
    0x00, 0x00, 0x00, 0xA0, 0xFF, 0xFF, 0x00, 0x00, 0x00, 0x00, 0xF9, 0xFF, 0xFF, 0xFF, 0x4E, 0x00,
    0x00, 0x00, 0x00, 0x00, 0x00, 0xF4, 0xFF, 0xAF, 0x00, 0x00, 0x00, 0x90, 0xFF, 0xFF, 0xFD, 0xFF,
    0xFF, 0x2A, 0x00, 0x00, 0x00, 0x00, 0x50, 0xFF, 0xFF, 0x3F, 0x00, 0x00, 0x00, 0xFA, 0xFF, 0xCF,
    0x40, 0xFF, 0xFF, 0xFF, 0x7B, 0x24, 0x11, 0x63, 0xFC, 0xFF, 0xFF, 0x09, 0x00, 0x00, 0xA0, 0xFF,
    0xFF, 0x0C, 0x00, 0xC2, 0xFF, 0xFF, 0xFF, 0xFF, 0xFF, 0xFF, 0xFF, 0xFF, 0xBF, 0x00, 0x00, 0x00,
    0xFA, 0xFF, 0xCF, 0x00, 0x00, 0x00, 0xE6, 0xFF, 0xFF, 0xFF, 0xFF, 0xFF, 0xFF, 0xFF, 0x08, 0x00,
    0x00, 0xA0, 0xFF, 0xFF, 0x0C, 0x00, 0x00, 0x00, 0x00, 0xB5, 0xFF, 0xFF, 0xFF, 0xFF, 0xEF, 0x29,
    0x00, 0x00, 0x00, 0x00, 0x00, 0x00, 0x00, 0x00, 0x00, 0x00, 0x00, 0x00, 0x30, 0x75, 0x77, 0x57,
    0x02, 0x00, 0x00, 0x00, 0x00, 0xFA, 0xFF, 0x0A, 0xF9, 0xFF, 0x09, 0xF8, 0xFF, 0x08, 0xF7, 0xFF,
    0x07, 0xF5, 0xFF, 0x06, 0xF4, 0xFF, 0x05, 0xF3, 0xFF, 0x04, 0xF2, 0xFF, 0x02, 0xF1, 0xFF, 0x01,
    0xF0, 0xFF, 0x00, 0xF0, 0xFF, 0x00, 0xD0, 0xEF, 0x00, 0xC0, 0xDF, 0x00, 0xD0, 0xFF, 0x1E, 0x00,
    0x00, 0x00, 0x30, 0xFF, 0xCF, 0x00, 0x00, 0x00, 0x00, 0xF8, 0xFF, 0x07, 0x00, 0x00, 0x00, 0xE0,
    0xFF, 0x2F, 0x00, 0x00, 0x00, 0x50, 0xFF, 0xBF, 0x00, 0x00, 0x00, 0x00, 0xFD, 0xFF, 0x03, 0x00,
    0x00, 0x00, 0xF6, 0xFF, 0x0B, 0x00, 0x00, 0x00, 0xE0, 0xFF, 0x2F, 0x00, 0x00, 0x00, 0x90, 0xFF,
    0x9F, 0x00, 0x00, 0x00, 0x30, 0xFF, 0xEF, 0x00, 0x00, 0x00, 0x00, 0xFE, 0xFF, 0x04, 0x00, 0x00,
    0x00, 0xF9, 0xFF, 0x09, 0x00, 0x00, 0x00, 0xF5, 0xFF, 0x0D, 0x00, 0x00, 0x00, 0xF1, 0xFF, 0x1F,
    0x00, 0x00, 0x00, 0xD0, 0xFF, 0x4F, 0x00, 0x00, 0x00, 0xB0, 0xFF, 0x7F, 0x00, 0x00, 0x00, 0x80,
    0xFF, 0x9F, 0x00, 0x00, 0x00, 0x60, 0xFF, 0xBF, 0x00, 0x00, 0x00, 0x40, 0xFF, 0xDF, 0x00, 0x00,
    0x00, 0x30, 0xFF, 0xEF, 0x00, 0x00, 0x00, 0x20, 0xFF, 0xFF, 0x00, 0x00, 0x00, 0x20, 0xFF, 0xFF,
    0x00, 0x00, 0x00, 0x20, 0xFF, 0xFF, 0x00, 0x00, 0x00, 0x20, 0xFF, 0xFF, 0x00, 0x00, 0x00, 0x30,
    0xFF, 0xEF, 0x00, 0x00, 0x00, 0x40, 0xFF, 0xDF, 0x00, 0x00, 0x00, 0x60, 0xFF, 0xCF, 0x00, 0x00,
    0x00, 0x80, 0xFF, 0xAF, 0x00, 0x00, 0x00, 0xA0, 0xFF, 0x8F, 0x00, 0x00, 0x00, 0xD0, 0xFF, 0x5F,
    0x00, 0x00, 0x00, 0xF1, 0xFF, 0x2F, 0x00, 0x00, 0x00, 0xF4, 0xFF, 0x0E, 0x00, 0x00, 0x00, 0xF9,
    0xFF, 0x0A, 0x00, 0x00, 0x00, 0xFD, 0xFF, 0x05, 0x00, 0x00, 0x30, 0xFF, 0xFF, 0x00, 0x00, 0x00,
    0x80, 0xFF, 0xAF, 0x00, 0x00, 0x00, 0xE0, 0xFF, 0x3F, 0x00, 0x00, 0x00, 0xF6, 0xFF, 0x0C, 0x00,
    0x00, 0x00, 0xFD, 0xFF, 0x04, 0x00, 0x00, 0x50, 0xFF, 0xCF, 0x00, 0x00, 0x00, 0xE0, 0xFF, 0x2F,
    0x00, 0x00, 0x00, 0xF8, 0xFF, 0x08, 0x00, 0x00, 0x20, 0xFF, 0xCF, 0x00, 0x00, 0x00, 0xD0, 0xFF,
    0x2E, 0x00, 0x00, 0x00, 0x00, 0x00, 0x00, 0xC0, 0xFF, 0x2F, 0x00, 0x00, 0x00, 0xF8, 0xFF, 0x06,
    0x00, 0x00, 0x30, 0xFF, 0xCF, 0x00, 0x00, 0x00, 0xD0, 0xFF, 0x3F, 0x00, 0x00, 0x00, 0xF7, 0xFF,
    0x0A, 0x00, 0x00, 0x00, 0xFE, 0xFF, 0x02, 0x00, 0x00, 0x70, 0xFF, 0xAF, 0x00, 0x00, 0x00, 0xE0,
    0xFF, 0x3F, 0x00, 0x00, 0x00, 0xF5, 0xFF, 0x0D, 0x00, 0x00, 0x00, 0xFA, 0xFF, 0x07, 0x00, 0x00,
    0x00, 0xFF, 0xFF, 0x02, 0x00, 0x00, 0x50, 0xFF, 0xDF, 0x00, 0x00, 0x00, 0x90, 0xFF, 0x9F, 0x00,
    0x00, 0x00, 0xD0, 0xFF, 0x5F, 0x00, 0x00, 0x00, 0xF0, 0xFF, 0x1F, 0x00, 0x00, 0x00, 0xF3, 0xFF,
    0x0E, 0x00, 0x00, 0x00, 0xF5, 0xFF, 0x0C, 0x00, 0x00, 0x00, 0xF7, 0xFF, 0x0A, 0x00, 0x00, 0x00,
    0xF9, 0xFF, 0x08, 0x00, 0x00, 0x00, 0xFA, 0xFF, 0x07, 0x00, 0x00, 0x00, 0xFB, 0xFF, 0x06, 0x00,
    0x00, 0x00, 0xFB, 0xFF, 0x06, 0x00, 0x00, 0x00, 0xFB, 0xFF, 0x05, 0x00, 0x00, 0x00, 0xFB, 0xFF,
    0x06, 0x00, 0x00, 0x00, 0xFA, 0xFF, 0x07, 0x00, 0x00, 0x00, 0xF9, 0xFF, 0x08, 0x00, 0x00, 0x00,
    0xF8, 0xFF, 0x09, 0x00, 0x00, 0x00, 0xF6, 0xFF, 0x0C, 0x00, 0x00, 0x00, 0xF4, 0xFF, 0x0E, 0x00,
    0x00, 0x00, 0xF1, 0xFF, 0x1F, 0x00, 0x00, 0x00, 0xD0, 0xFF, 0x4F, 0x00, 0x00, 0x00, 0xA0, 0xFF,
    0x8F, 0x00, 0x00, 0x00, 0x60, 0xFF, 0xCF, 0x00, 0x00, 0x00, 0x10, 0xFF, 0xFF, 0x01, 0x00, 0x00,
    0x00, 0xFC, 0xFF, 0x06, 0x00, 0x00, 0x00, 0xF6, 0xFF, 0x0C, 0x00, 0x00, 0x00, 0xF0, 0xFF, 0x3F,
    0x00, 0x00, 0x00, 0x80, 0xFF, 0x9F, 0x00, 0x00, 0x00, 0x10, 0xFF, 0xFF, 0x01, 0x00, 0x00, 0x00,
    0xF8, 0xFF, 0x09, 0x00, 0x00, 0x00, 0xE0, 0xFF, 0x2F, 0x00, 0x00, 0x00, 0x40, 0xFF, 0xBF, 0x00,
    0x00, 0x00, 0x00, 0xF9, 0xFF, 0x06, 0x00, 0x00, 0x00, 0xC0, 0xFF, 0x2F, 0x00, 0x00, 0x00, 0x00,
    0x00, 0xFD, 0xFF, 0x08, 0x00, 0x00, 0x00, 0x00, 0x00, 0x00, 0x00, 0x00, 0x00, 0xFB, 0xFF, 0x07,
    0x00, 0x00, 0x00, 0x00, 0x00, 0x00, 0x00, 0x00, 0x00, 0xFA, 0xFF, 0x05, 0x00, 0x00, 0x00, 0x00,
    0x00, 0x00, 0x00, 0x00, 0x00, 0xF8, 0xFF, 0x03, 0x00, 0x00, 0x00, 0x00, 0x00, 0x00, 0x00, 0x00,
    0x00, 0xF7, 0xFF, 0x02, 0x00, 0x00, 0x00, 0x00, 0x00, 0x00, 0x00, 0x00, 0x00, 0xF5, 0xFF, 0x00,
    0x00, 0x00, 0x00, 0x00, 0x10, 0x00, 0x00, 0x00, 0x00, 0xF4, 0xFF, 0x00, 0x00, 0x00, 0x00, 0x00,
    0xB0, 0x9D, 0x04, 0x00, 0x00, 0xF2, 0xDF, 0x00, 0x00, 0x10, 0xB6, 0x4F, 0xD0, 0xFF, 0xFF, 0x6B,
    0x02, 0xF1, 0xCF, 0x00, 0x83, 0xFD, 0xFF, 0x6F, 0xF0, 0xFF, 0xFF, 0xFF, 0xDF, 0xF9, 0xDF, 0xEA,
    0xFF, 0xFF, 0xFF, 0x9F, 0xF2, 0xFF, 0xFF, 0xFF, 0xFF, 0xFF, 0xFF, 0xFF, 0xFF, 0xFF, 0xFF, 0xBF,
    0x10, 0x53, 0x86, 0xBA, 0xED, 0xFF, 0xFF, 0xEF, 0xBC, 0x79, 0x46, 0x12, 0x00, 0x00, 0x00, 0x00,
    0x60, 0xFF, 0xFF, 0x1E, 0x00, 0x00, 0x00, 0x00, 0x00, 0x00, 0x00, 0x00, 0xF3, 0xFF, 0xFD, 0xCF,
    0x00, 0x00, 0x00, 0x00, 0x00, 0x00, 0x00, 0x00, 0xFD, 0xDF, 0xF1, 0xFF, 0x08, 0x00, 0x00, 0x00,
    0x00, 0x00, 0x00, 0xA0, 0xFF, 0x5F, 0x90, 0xFF, 0x4F, 0x00, 0x00, 0x00, 0x00, 0x00, 0x00, 0xF7,
    0xFF, 0x0C, 0x20, 0xFF, 0xEF, 0x01, 0x00, 0x00, 0x00, 0x00, 0x30, 0xFF, 0xFF, 0x04, 0x00, 0xFA,
    0xFF, 0x0C, 0x00, 0x00, 0x00, 0x00, 0xE1, 0xFF, 0xCF, 0x00, 0x00, 0xF3, 0xFF, 0x8F, 0x00, 0x00,
    0x00, 0x00, 0xFA, 0xFF, 0x4F, 0x00, 0x00, 0xB0, 0xFF, 0xFF, 0x04, 0x00, 0x00, 0x00, 0xA2, 0xFF,
    0x0C, 0x00, 0x00, 0x40, 0xFF, 0x6E, 0x00, 0x00, 0x00, 0x00, 0x00, 0xB3, 0x03, 0x00, 0x00, 0x00,
    0x7B, 0x00, 0x00, 0x00, 0x00, 0x00, 0x00, 0x00, 0x00, 0xBA, 0x4B, 0x00, 0x00, 0x00, 0x00, 0x00,
    0x00, 0x00, 0x00, 0x00, 0x00, 0xFE, 0x6F, 0x00, 0x00, 0x00, 0x00, 0x00, 0x00, 0x00, 0x00, 0x00,
    0x00, 0xFE, 0x6F, 0x00, 0x00, 0x00, 0x00, 0x00, 0x00, 0x00, 0x00, 0x00, 0x00, 0xFE, 0x6F, 0x00,
    0x00, 0x00, 0x00, 0x00, 0x00, 0x00, 0x00, 0x00, 0x00, 0xFE, 0x6F, 0x00, 0x00, 0x00, 0x00, 0x00,
    0x00, 0x00, 0x00, 0x00, 0x00, 0xFE, 0x6F, 0x00, 0x00, 0x00, 0x00, 0x00, 0x00, 0x00, 0x00, 0x00,
    0x00, 0xFE, 0x6F, 0x00, 0x00, 0x00, 0x00, 0x00, 0x00, 0x00, 0x00, 0x00, 0x00, 0xFE, 0x6F, 0x00,
    0x00, 0x00, 0x00, 0x00, 0x00, 0x00, 0x00, 0x00, 0x00, 0xFE, 0x6F, 0x00, 0x00, 0x00, 0x00, 0x00,
    0x00, 0x00, 0x00, 0x00, 0x00, 0xFE, 0x6F, 0x00, 0x00, 0x00, 0x00, 0x00, 0x54, 0x55, 0x55, 0x55,
    0x55, 0xFF, 0x9F, 0x55, 0x55, 0x55, 0x55, 0x25, 0xFF, 0xFF, 0xFF, 0xFF, 0xFF, 0xFF, 0xFF, 0xFF,
    0xFF, 0xFF, 0xFF, 0x7F, 0xFF, 0xFF, 0xFF, 0xFF, 0xFF, 0xFF, 0xFF, 0xFF, 0xFF, 0xFF, 0xFF, 0x7F,
    0xFF, 0xFF, 0xFF, 0xFF, 0xFF, 0xFF, 0xFF, 0xFF, 0xFF, 0xFF, 0xFF, 0x7F, 0x00, 0x00, 0x00, 0x00,
    0x00, 0xFE, 0x6F, 0x00, 0x00, 0x00, 0x00, 0x00, 0x00, 0x00, 0x00, 0x00, 0x00, 0xFE, 0x6F, 0x00,
    0x00, 0x00, 0x00, 0x00, 0x00, 0x00, 0x00, 0x00, 0x00, 0xFE, 0x6F, 0x00, 0x00, 0x00, 0x00, 0x00,
    0x00, 0x00, 0x00, 0x00, 0x00, 0xFE, 0x6F, 0x00, 0x00, 0x00, 0x00, 0x00, 0x00, 0x00, 0x00, 0x00,
    0x00, 0xFE, 0x6F, 0x00, 0x00, 0x00, 0x00, 0x00, 0x00, 0x00, 0x00, 0x00, 0x00, 0xFE, 0x6F, 0x00,
    0x00, 0x00, 0x00, 0x00, 0x00, 0x00, 0x00, 0x00, 0x00, 0xFE, 0x6F, 0x00, 0x00, 0x00, 0x00, 0x00,
    0x00, 0x00, 0x00, 0x00, 0x00, 0xFE, 0x6F, 0x00, 0x00, 0x00, 0x00, 0x00, 0x00, 0x00, 0x00, 0x00,
    0x00, 0xFE, 0x6F, 0x00, 0x00, 0x00, 0x00, 0x00, 0x00, 0x00, 0x00, 0x00, 0x00, 0xFE, 0x6F, 0x00,
    0x00, 0x00, 0x00, 0x00, 0x00, 0x00, 0x00, 0x00, 0x00, 0x55, 0x25, 0x00, 0x00, 0x00, 0x00, 0x00,
    0xF1, 0xFF, 0x8F, 0x00, 0xF0, 0xFF, 0xAF, 0x00, 0xB0, 0xFF, 0xDF, 0x00, 0x60, 0xFF, 0xFF, 0x00,
    0x10, 0xFF, 0xFF, 0x03, 0x00, 0xFB, 0xFF, 0x06, 0x00, 0xF5, 0xFF, 0x0A, 0x00, 0xE0, 0xFF, 0x0D,
    0x00, 0x80, 0xFF, 0x1F, 0x00, 0x20, 0xFF, 0x5F, 0x00, 0x00, 0xFB, 0x9F, 0x00, 0x00, 0xF4, 0xDF,
    0x91, 0x99, 0x99, 0x99, 0x99, 0x99, 0x09, 0xF1, 0xFF, 0xFF, 0xFF, 0xFF, 0xFF, 0x0F, 0xF1, 0xFF,
    0xFF, 0xFF, 0xFF, 0xFF, 0x0F, 0xF1, 0xFF, 0xFF, 0xFF, 0xFF, 0xFF, 0x0F, 0x30, 0xDB, 0x2B, 0x00,
    0xF1, 0xFF, 0xEF, 0x00, 0xF6, 0xFF, 0xFF, 0x04, 0xF7, 0xFF, 0xFF, 0x05, 0xF4, 0xFF, 0xFF, 0x02,
    0xC0, 0xFF, 0xAF, 0x00, 0x00, 0x75, 0x05, 0x00, 0xF9, 0xFF, 0x06, 0x00, 0x00, 0x00, 0x00, 0x00,
    0x00, 0xF3, 0xFF, 0x0B, 0x00, 0x00, 0x00, 0x00, 0x00, 0x00, 0xD0, 0xFF, 0x1F, 0x00, 0x00, 0x00,
    0x00, 0x00, 0x00, 0x80, 0xFF, 0x7F, 0x00, 0x00, 0x00, 0x00, 0x00, 0x00, 0x20, 0xFF, 0xDF, 0x00,
    0x00, 0x00, 0x00, 0x00, 0x00, 0x00, 0xFC, 0xFF, 0x03, 0x00, 0x00, 0x00, 0x00, 0x00, 0x00, 0xF6,
    0xFF, 0x09, 0x00, 0x00, 0x00, 0x00, 0x00, 0x00, 0xF1, 0xFF, 0x0E, 0x00, 0x00, 0x00, 0x00, 0x00,
    0x00, 0xA0, 0xFF, 0x5F, 0x00, 0x00, 0x00, 0x00, 0x00, 0x00, 0x40, 0xFF, 0xBF, 0x00, 0x00, 0x00,
    0x00, 0x00, 0x00, 0x00, 0xFE, 0xFF, 0x01, 0x00, 0x00, 0x00, 0x00, 0x00, 0x00, 0xF8, 0xFF, 0x07,
    0x00, 0x00, 0x00, 0x00, 0x00, 0x00, 0xF3, 0xFF, 0x0C, 0x00, 0x00, 0x00, 0x00, 0x00, 0x00, 0xD0,
    0xFF, 0x2F, 0x00, 0x00, 0x00, 0x00, 0x00, 0x00, 0x70, 0xFF, 0x8F, 0x00, 0x00, 0x00, 0x00, 0x00,
    0x00, 0x10, 0xFF, 0xEF, 0x00, 0x00, 0x00, 0x00, 0x00, 0x00, 0x00, 0xFB, 0xFF, 0x04, 0x00, 0x00,
    0x00, 0x00, 0x00, 0x00, 0xF5, 0xFF, 0x0A, 0x00, 0x00, 0x00, 0x00, 0x00, 0x00, 0xF0, 0xFF, 0x0F,
    0x00, 0x00, 0x00, 0x00, 0x00, 0x00, 0x90, 0xFF, 0x6F, 0x00, 0x00, 0x00, 0x00, 0x00, 0x00, 0x30,
    0xFF, 0xCF, 0x00, 0x00, 0x00, 0x00, 0x00, 0x00, 0x00, 0xFD, 0xFF, 0x02, 0x00, 0x00, 0x00, 0x00,
    0x00, 0x00, 0xF8, 0xFF, 0x08, 0x00, 0x00, 0x00, 0x00, 0x00, 0x00, 0xF2, 0xFF, 0x0D, 0x00, 0x00,
    0x00, 0x00, 0x00, 0x00, 0xC0, 0xFF, 0x3F, 0x00, 0x00, 0x00, 0x00, 0x00, 0x00, 0x60, 0xFF, 0x9F,
    0x00, 0x00, 0x00, 0x00, 0x00, 0x00, 0x00, 0xFF, 0xFF, 0x00, 0x00, 0x00, 0x00, 0x00, 0x00, 0x00,
    0xFA, 0xFF, 0x05, 0x00, 0x00, 0x00, 0x00, 0x00, 0x00, 0xF4, 0xFF, 0x0B, 0x00, 0x00, 0x00, 0x00,
    0x00, 0x00, 0xE0, 0xFF, 0x1F, 0x00, 0x00, 0x00, 0x00, 0x00, 0x00, 0x80, 0xFF, 0x7F, 0x00, 0x00,
    0x00, 0x00, 0x00, 0x00, 0x20, 0xFF, 0xDF, 0x00, 0x00, 0x00, 0x00, 0x00, 0x00, 0x00, 0xFC, 0xFF,
    0x03, 0x00, 0x00, 0x00, 0x00, 0x00, 0x00, 0xF7, 0xFF, 0x09, 0x00, 0x00, 0x00, 0x00, 0x00, 0x00,
    0xF1, 0xFF, 0x0E, 0x00, 0x00, 0x00, 0x00, 0x00, 0x00, 0xB0, 0xFF, 0x4F, 0x00, 0x00, 0x00, 0x00,
    0x10, 0x64, 0x77, 0x36, 0x00, 0x00, 0x00, 0x00, 0x00, 0x00, 0x00, 0x00, 0x40, 0xFB, 0xFF, 0xFF,
    0xFF, 0x9E, 0x01, 0x00, 0x00, 0x00, 0x00, 0x00, 0x00, 0xF9, 0xFF, 0xFF, 0xFF, 0xFF, 0xFF, 0x5F,
    0x00, 0x00, 0x00, 0x00, 0x00, 0xB0, 0xFF, 0xFF, 0xFF, 0xFF, 0xFF, 0xFF, 0xFF, 0x05, 0x00, 0x00,
    0x00, 0x00, 0xF9, 0xFF, 0xCF, 0x15, 0x00, 0x83, 0xFF, 0xFF, 0x3F, 0x00, 0x00, 0x00, 0x30, 0xFF,
    0xFF, 0x07, 0x00, 0x00, 0x00, 0xD2, 0xFF, 0xDF, 0x00, 0x00, 0x00, 0xC0, 0xFF, 0x9F, 0x00, 0x00,
    0x00, 0x00, 0x20, 0xFF, 0xFF, 0x05, 0x00, 0x00, 0xF3, 0xFF, 0x0E, 0x00, 0x00, 0x00, 0x00, 0x00,
    0xF7, 0xFF, 0x0C, 0x00, 0x00, 0xF9, 0xFF, 0x07, 0x00, 0x00, 0x00, 0x00, 0x00, 0xF0, 0xFF, 0x2F,
    0x00, 0x00, 0xFE, 0xFF, 0x02, 0x00, 0x00, 0x00, 0x00, 0x00, 0xA0, 0xFF, 0x6F, 0x00, 0x20, 0xFF,
    0xDF, 0x00, 0x00, 0x00, 0x00, 0x00, 0x00, 0x60, 0xFF, 0xAF, 0x00, 0x60, 0xFF, 0xAF, 0x00, 0x00,
    0x00, 0x00, 0x00, 0x00, 0x20, 0xFF, 0xEF, 0x00, 0x90, 0xFF, 0x7F, 0x00, 0x00, 0x00, 0x00, 0x00,
    0x00, 0x00, 0xFF, 0xFF, 0x00, 0xB0, 0xFF, 0x5F, 0x00, 0x00, 0x00, 0x00, 0x00, 0x00, 0x00, 0xFE,
    0xFF, 0x02, 0xD0, 0xFF, 0x3F, 0x00, 0x00, 0x00, 0x00, 0x00, 0x00, 0x00, 0xFC, 0xFF, 0x04, 0xE0,
    0xFF, 0x2F, 0x00, 0x00, 0x00, 0x00, 0x00, 0x00, 0x00, 0xFB, 0xFF, 0x05, 0xF0, 0xFF, 0x1F, 0x00,
    0x00, 0x00, 0x00, 0x00, 0x00, 0x00, 0xFA, 0xFF, 0x06, 0xF0, 0xFF, 0x1F, 0x00, 0x00, 0x00, 0x00,
    0x00, 0x00, 0x00, 0xF9, 0xFF, 0x07, 0xF0, 0xFF, 0x0F, 0x00, 0x00, 0x00, 0x00, 0x00, 0x00, 0x00,
    0xF9, 0xFF, 0x07, 0xF0, 0xFF, 0x0F, 0x00, 0x00, 0x00, 0x00, 0x00, 0x00, 0x00, 0xF9, 0xFF, 0x07,
    0xF0, 0xFF, 0x1F, 0x00, 0x00, 0x00, 0x00, 0x00, 0x00, 0x00, 0xF9, 0xFF, 0x07, 0xF0, 0xFF, 0x1F,
    0x00, 0x00, 0x00, 0x00, 0x00, 0x00, 0x00, 0xFA, 0xFF, 0x06, 0xE0, 0xFF, 0x2F, 0x00, 0x00, 0x00,
    0x00, 0x00, 0x00, 0x00, 0xFB, 0xFF, 0x05, 0xD0, 0xFF, 0x3F, 0x00, 0x00, 0x00, 0x00, 0x00, 0x00,
    0x00, 0xFC, 0xFF, 0x04, 0xB0, 0xFF, 0x5F, 0x00, 0x00, 0x00, 0x00, 0x00, 0x00, 0x00, 0xFE, 0xFF,
    0x02, 0x90, 0xFF, 0x7F, 0x00, 0x00, 0x00, 0x00, 0x00, 0x00, 0x00, 0xFF, 0xFF, 0x00, 0x70, 0xFF,
    0xAF, 0x00, 0x00, 0x00, 0x00, 0x00, 0x00, 0x20, 0xFF, 0xDF, 0x00, 0x30, 0xFF, 0xDF, 0x00, 0x00,
    0x00, 0x00, 0x00, 0x00, 0x60, 0xFF, 0x9F, 0x00, 0x00, 0xFF, 0xFF, 0x01, 0x00, 0x00, 0x00, 0x00,
    0x00, 0xA0, 0xFF, 0x5F, 0x00, 0x00, 0xFB, 0xFF, 0x07, 0x00, 0x00, 0x00, 0x00, 0x00, 0xF0, 0xFF,
    0x0F, 0x00, 0x00, 0xF5, 0xFF, 0x0E, 0x00, 0x00, 0x00, 0x00, 0x00, 0xF7, 0xFF, 0x0A, 0x00, 0x00,
    0xE0, 0xFF, 0x8F, 0x00, 0x00, 0x00, 0x00, 0x20, 0xFF, 0xFF, 0x03, 0x00, 0x00, 0x60, 0xFF, 0xFF,
    0x07, 0x00, 0x00, 0x00, 0xD2, 0xFF, 0xAF, 0x00, 0x00, 0x00, 0x00, 0xFB, 0xFF, 0xBF, 0x14, 0x00,
    0x82, 0xFF, 0xFF, 0x1E, 0x00, 0x00, 0x00, 0x00, 0xD1, 0xFF, 0xFF, 0xFF, 0xFF, 0xFF, 0xFF, 0xFF,
    0x03, 0x00, 0x00, 0x00, 0x00, 0x10, 0xFB, 0xFF, 0xFF, 0xFF, 0xFF, 0xFF, 0x3D, 0x00, 0x00, 0x00,
    0x00, 0x00, 0x00, 0x50, 0xFC, 0xFF, 0xFF, 0xFF, 0x7E, 0x00, 0x00, 0x00, 0x00, 0x00, 0x00, 0x00,
    0x00, 0x10, 0x75, 0x77, 0x35, 0x00, 0x00, 0x00, 0x00, 0x00, 0xF8, 0xFF, 0x07, 0x00, 0x00, 0x00,
    0x00, 0xF8, 0xFF, 0xBF, 0x01, 0x00, 0x00, 0x00, 0xF8, 0xFF, 0xFF, 0x4E, 0x00, 0x00, 0x00, 0xF8,
    0xFF, 0xFF, 0xFF, 0x07, 0x00, 0x00, 0xF8, 0xFF, 0xFB, 0xFF, 0xBF, 0x01, 0x00, 0xF8, 0xFF, 0x64,
    0xFF, 0xFF, 0x4E, 0x00, 0xF8, 0xFF, 0x05, 0xE3, 0xFF, 0xFF, 0x08, 0xF8, 0xFF, 0x06, 0x10, 0xFC,
    0xFF, 0x3F, 0xF8, 0xFF, 0x06, 0x00, 0x80, 0xFF, 0x08, 0xF8, 0xFF, 0x06, 0x00, 0x00, 0xA5, 0x00,
    0xF8, 0xFF, 0x06, 0x00, 0x00, 0x00, 0x00, 0xF8, 0xFF, 0x06, 0x00, 0x00, 0x00, 0x00, 0xF8, 0xFF,
    0x06, 0x00, 0x00, 0x00, 0x00, 0xF8, 0xFF, 0x06, 0x00, 0x00, 0x00, 0x00, 0xF8, 0xFF, 0x06, 0x00,
    0x00, 0x00, 0x00, 0xF8, 0xFF, 0x06, 0x00, 0x00, 0x00, 0x00, 0xF8, 0xFF, 0x06, 0x00, 0x00, 0x00,
    0x00, 0xF8, 0xFF, 0x06, 0x00, 0x00, 0x00, 0x00, 0xF8, 0xFF, 0x06, 0x00, 0x00, 0x00, 0x00, 0xF8,
    0xFF, 0x06, 0x00, 0x00, 0x00, 0x00, 0xF8, 0xFF, 0x06, 0x00, 0x00, 0x00, 0x00, 0xF8, 0xFF, 0x06,
    0x00, 0x00, 0x00, 0x00, 0xF8, 0xFF, 0x06, 0x00, 0x00, 0x00, 0x00, 0xF8, 0xFF, 0x06, 0x00, 0x00,
    0x00, 0x00, 0xF8, 0xFF, 0x06, 0x00, 0x00, 0x00, 0x00, 0xF8, 0xFF, 0x06, 0x00, 0x00, 0x00, 0x00,
    0xF8, 0xFF, 0x06, 0x00, 0x00, 0x00, 0x00, 0xF8, 0xFF, 0x06, 0x00, 0x00, 0x00, 0x00, 0xF8, 0xFF,
    0x06, 0x00, 0x00, 0x00, 0x00, 0xF8, 0xFF, 0x06, 0x00, 0x00, 0x00, 0x00, 0xF8, 0xFF, 0x06, 0x00,
    0x00, 0x00, 0x00, 0xF8, 0xFF, 0x06, 0x00, 0x00, 0x00, 0x00, 0xF8, 0xFF, 0x06, 0x00, 0x00, 0x00,
    0x00, 0xF8, 0xFF, 0x06, 0x00, 0x00, 0x00, 0x00, 0xF8, 0xFF, 0x06, 0x00, 0x00, 0x00, 0x00, 0xF8,
    0xFF, 0x06, 0x00, 0x00, 0x00, 0x00, 0x00, 0x00, 0x00, 0x00, 0x40, 0x76, 0x77, 0x25, 0x00, 0x00,
    0x00, 0x00, 0x00, 0x00, 0x00, 0xB4, 0xFF, 0xFF, 0xFF, 0xFF, 0x9E, 0x03, 0x00, 0x00, 0x00, 0x00,
    0xB1, 0xFF, 0xFF, 0xFF, 0xFF, 0xFF, 0xFF, 0xCF, 0x03, 0x00, 0x00, 0x10, 0xFD, 0xFF, 0xFF, 0xFF,
    0xFF, 0xFF, 0xFF, 0xFF, 0x8F, 0x00, 0x00, 0xC0, 0xFF, 0xFF, 0x7E, 0x02, 0x00, 0x62, 0xFB, 0xFF,
    0xFF, 0x0C, 0x00, 0xF5, 0xFF, 0xAF, 0x00, 0x00, 0x00, 0x00, 0x30, 0xFB, 0xFF, 0x05, 0x00, 0xFC,
    0xFF, 0x0C, 0x00, 0x00, 0x00, 0x00, 0x00, 0x50, 0x9F, 0x00, 0x10, 0xFF, 0xFF, 0x04, 0x00, 0x00,
    0x00, 0x00, 0x00, 0x00, 0x01, 0x00, 0x40, 0xFF, 0xFF, 0x00, 0x00, 0x00, 0x00, 0x00, 0x00, 0x00,
    0x00, 0x00, 0x50, 0xFF, 0xDF, 0x00, 0x00, 0x00, 0x00, 0x00, 0x00, 0x00, 0x00, 0x00, 0x60, 0xFF,
    0xCF, 0x00, 0x00, 0x00, 0x00, 0x00, 0x00, 0x00, 0x00, 0x00, 0x40, 0xFF, 0xDF, 0x00, 0x00, 0x00,
    0x00, 0x00, 0x00, 0x00, 0x00, 0x00, 0x20, 0xFF, 0xFF, 0x00, 0x00, 0x00, 0x00, 0x00, 0x00, 0x00,
    0x00, 0x00, 0x00, 0xFE, 0xFF, 0x04, 0x00, 0x00, 0x00, 0x00, 0x00, 0x00, 0x00, 0x00, 0x00, 0xF9,
    0xFF, 0x09, 0x00, 0x00, 0x00, 0x00, 0x00, 0x00, 0x00, 0x00, 0x00, 0xF3, 0xFF, 0x1F, 0x00, 0x00,
    0x00, 0x00, 0x00, 0x00, 0x00, 0x00, 0x00, 0xB0, 0xFF, 0xAF, 0x00, 0x00, 0x00, 0x00, 0x00, 0x00,
    0x00, 0x00, 0x00, 0x20, 0xFF, 0xFF, 0x05, 0x00, 0x00, 0x00, 0x00, 0x00, 0x00, 0x00, 0x00, 0x00,
    0xF6, 0xFF, 0x2F, 0x00, 0x00, 0x00, 0x00, 0x00, 0x00, 0x00, 0x00, 0x00, 0xB0, 0xFF, 0xDF, 0x01,
    0x00, 0x00, 0x00, 0x00, 0x00, 0x00, 0x00, 0x00, 0x00, 0xFD, 0xFF, 0x0C, 0x00, 0x00, 0x00, 0x00,
    0x00, 0x00, 0x00, 0x00, 0x00, 0xE1, 0xFF, 0xBF, 0x00, 0x00, 0x00, 0x00, 0x00, 0x00, 0x00, 0x00,
    0x00, 0x20, 0xFE, 0xFF, 0x0B, 0x00, 0x00, 0x00, 0x00, 0x00, 0x00, 0x00, 0x00, 0x00, 0xF3, 0xFF,
    0xAF, 0x00, 0x00, 0x00, 0x00, 0x00, 0x00, 0x00, 0x00, 0x00, 0x30, 0xFF, 0xFF, 0x0A, 0x00, 0x00,
    0x00, 0x00, 0x00, 0x00, 0x00, 0x00, 0x00, 0xF3, 0xFF, 0x9F, 0x00, 0x00, 0x00, 0x00, 0x00, 0x00,
    0x00, 0x00, 0x00, 0x30, 0xFF, 0xFF, 0x09, 0x00, 0x00, 0x00, 0x00, 0x00, 0x00, 0x00, 0x00, 0x00,
    0xF3, 0xFF, 0x9F, 0x00, 0x00, 0x00, 0x00, 0x00, 0x00, 0x00, 0x00, 0x00, 0x40, 0xFF, 0xFF, 0x08,
    0x00, 0x00, 0x00, 0x00, 0x00, 0x00, 0x00, 0x00, 0x00, 0xF4, 0xFF, 0x8F, 0x00, 0x00, 0x00, 0x00,
    0x00, 0x00, 0x00, 0x00, 0x00, 0x40, 0xFF, 0xFF, 0x08, 0x00, 0x00, 0x00, 0x00, 0x00, 0x00, 0x00,
    0x00, 0x00, 0xF4, 0xFF, 0x7F, 0x00, 0x00, 0x00, 0x00, 0x00, 0x00, 0x00, 0x00, 0x00, 0x40, 0xFF,
    0xFF, 0x07, 0xB9, 0xBB, 0xBB, 0xBB, 0xBB, 0xBB, 0xBB, 0xBB, 0xBB, 0xFE, 0xFF, 0x5F, 0xFD, 0xFF,
    0xFF, 0xFF, 0xFF, 0xFF, 0xFF, 0xFF, 0xFF, 0xFF, 0xFF, 0x8F, 0xFD, 0xFF, 0xFF, 0xFF, 0xFF, 0xFF,
    0xFF, 0xFF, 0xFF, 0xFF, 0xFF, 0x8F, 0xFD, 0xFF, 0xFF, 0xFF, 0xFF, 0xFF, 0xFF, 0xFF, 0xFF, 0xFF,
    0xFF, 0x8F, 0x00, 0x00, 0x00, 0x00, 0x41, 0x76, 0x77, 0x46, 0x01, 0x00, 0x00, 0x00, 0x00, 0x00,
    0x00, 0xD7, 0xFF, 0xFF, 0xFF, 0xFF, 0xDF, 0x18, 0x00, 0x00, 0x00, 0x00, 0xE4, 0xFF, 0xFF, 0xFF,
    0xFF, 0xFF, 0xFF, 0xFF, 0x2A, 0x00, 0x00, 0x40, 0xFF, 0xFF, 0xFF, 0xFF, 0xFF, 0xFF, 0xFF, 0xFF,
    0xFF, 0x08, 0x00, 0xF2, 0xFF, 0xFF, 0x5B, 0x01, 0x00, 0x41, 0xD8, 0xFF, 0xFF, 0x4F, 0x00, 0xFA,
    0xFF, 0x6F, 0x00, 0x00, 0x00, 0x00, 0x00, 0xC4, 0xFF, 0x09, 0x10, 0xFF, 0xFF, 0x07, 0x00, 0x00,
    0x00, 0x00, 0x00, 0x00, 0xB6, 0x00, 0x50, 0xFF, 0xFF, 0x00, 0x00, 0x00, 0x00, 0x00, 0x00, 0x00,
    0x00, 0x00, 0x70, 0xFF, 0xBF, 0x00, 0x00, 0x00, 0x00, 0x00, 0x00, 0x00, 0x00, 0x00, 0x80, 0xFF,
    0xAF, 0x00, 0x00, 0x00, 0x00, 0x00, 0x00, 0x00, 0x00, 0x00, 0x70, 0xFF, 0xBF, 0x00, 0x00, 0x00,
    0x00, 0x00, 0x00, 0x00, 0x00, 0x00, 0x40, 0xFF, 0xEF, 0x00, 0x00, 0x00, 0x00, 0x00, 0x00, 0x00,
    0x00, 0x00, 0x00, 0xFF, 0xFF, 0x04, 0x00, 0x00, 0x00, 0x00, 0x00, 0x00, 0x00, 0x00, 0x00, 0xF9,
    0xFF, 0x0D, 0x00, 0x00, 0x00, 0x00, 0x00, 0x00, 0x00, 0x00, 0x00, 0xE1, 0xFF, 0xCF, 0x01, 0x00,
    0x00, 0x00, 0x00, 0x00, 0x00, 0x00, 0x00, 0x20, 0xFE, 0xFF, 0x7E, 0x01, 0x00, 0x00, 0x00, 0x00,
    0x00, 0x00, 0x00, 0x00, 0xA1, 0xFF, 0xFF, 0xCF, 0x8A, 0x77, 0x77, 0x02, 0x00, 0x00, 0x00, 0x00,
    0x00, 0x82, 0xFD, 0xFF, 0xFF, 0xFF, 0xFF, 0x05, 0x00, 0x00, 0x00, 0x00, 0x10, 0xA6, 0xFD, 0xFF,
    0xFF, 0xFF, 0xFF, 0x05, 0x00, 0x00, 0x00, 0x10, 0xF9, 0xFF, 0xFF, 0xFF, 0xFF, 0xFF, 0xFF, 0x05,
    0x00, 0x00, 0x00, 0xE3, 0xFF, 0xFF, 0xAF, 0x36, 0x01, 0x00, 0x00, 0x00, 0x00, 0x00, 0x10, 0xFE,
    0xFF, 0x7F, 0x00, 0x00, 0x00, 0x00, 0x00, 0x00, 0x00, 0x00, 0xA0, 0xFF, 0xFF, 0x03, 0x00, 0x00,
    0x00, 0x00, 0x00, 0x00, 0x00, 0x00, 0xF1, 0xFF, 0x6F, 0x00, 0x00, 0x00, 0x00, 0x00, 0x00, 0x00,
    0x00, 0x00, 0xF6, 0xFF, 0x0F, 0x00, 0x00, 0x00, 0x00, 0x00, 0x00, 0x00, 0x00, 0x00, 0xF9, 0xFF,
    0x0B, 0x00, 0x00, 0x00, 0x00, 0x00, 0x00, 0x00, 0x00, 0x00, 0xFA, 0xFF, 0x0A, 0x00, 0x00, 0x00,
    0x00, 0x00, 0x00, 0x00, 0x00, 0x00, 0xF9, 0xFF, 0x0A, 0x00, 0x00, 0x00, 0x00, 0x00, 0x00, 0x00,
    0x00, 0x00, 0xF8, 0xFF, 0x0D, 0x00, 0x00, 0x00, 0x00, 0x00, 0x00, 0x00, 0x00, 0x00, 0xF5, 0xFF,
    0x1F, 0x00, 0x00, 0x00, 0x00, 0x00, 0x00, 0x00, 0x00, 0x00, 0xF0, 0xFF, 0x9F, 0x00, 0x00, 0x00,
    0x00, 0x00, 0x00, 0x00, 0x00, 0x00, 0x90, 0xFF, 0xFF, 0x04, 0x00, 0x00, 0x00, 0x00, 0x00, 0x00,
    0x00, 0x10, 0x10, 0xFF, 0xFF, 0x6F, 0x00, 0x00, 0x00, 0x00, 0x00, 0x00, 0x50, 0xBB, 0x00, 0xF5,
    0xFF, 0xFF, 0x7D, 0x13, 0x00, 0x00, 0x41, 0xB7, 0xFF, 0xCF, 0x00, 0x50, 0xFF, 0xFF, 0xFF, 0xFF,
    0xEF, 0xFF, 0xFF, 0xFF, 0xFF, 0xCF, 0x00, 0x00, 0xB2, 0xFF, 0xFF, 0xFF, 0xFF, 0xFF, 0xFF, 0xFF,
    0xFF, 0x8F, 0x00, 0x00, 0x00, 0x93, 0xFE, 0xFF, 0xFF, 0xFF, 0xFF, 0xFF, 0x7B, 0x01, 0x00, 0x00,
    0x00, 0x00, 0x10, 0x64, 0x77, 0x77, 0x46, 0x02, 0x00, 0x00, 0x00, 0x00, 0x40, 0xFF, 0xFF, 0x04,
    0x00, 0x00, 0x00, 0x00, 0x00, 0x00, 0x00, 0x00, 0x00, 0x00, 0x40, 0xFF, 0xFF, 0x1E, 0x00, 0x00,
    0x00, 0x00, 0x00, 0x00, 0x00, 0x00, 0x00, 0x00, 0x40, 0xFF, 0xFF, 0xAF, 0x00, 0x00, 0x00, 0x00,
    0x00, 0x00, 0x00, 0x00, 0x00, 0x00, 0x40, 0xFF, 0xFF, 0xFF, 0x05, 0x00, 0x00, 0x00, 0x00, 0x00,
    0x00, 0x00, 0x00, 0x00, 0x40, 0xFF, 0xCF, 0xFF, 0x1F, 0x00, 0x00, 0x00, 0x00, 0x00, 0x00, 0x00,
    0x00, 0x00, 0x40, 0xFF, 0x7F, 0xFD, 0xBF, 0x00, 0x00, 0x00, 0x00, 0x00, 0x00, 0x00, 0x00, 0x00,
    0x40, 0xFF, 0x7F, 0xF4, 0xFF, 0x06, 0x00, 0x00, 0x00, 0x00, 0x00, 0x00, 0x00, 0x00, 0x40, 0xFF,
    0x8F, 0xB0, 0xFF, 0x2F, 0x00, 0x00, 0x00, 0x00, 0x00, 0x00, 0x00, 0x00, 0x40, 0xFF, 0x9F, 0x10,
    0xFF, 0xCF, 0x00, 0x00, 0x00, 0x00, 0x00, 0x00, 0x00, 0x00, 0x40, 0xFF, 0xAF, 0x00, 0xF5, 0xFF,
    0x07, 0x00, 0x00, 0x00, 0x00, 0x00, 0x00, 0x00, 0x40, 0xFF, 0xAF, 0x00, 0xA0, 0xFF, 0x3F, 0x00,
    0x00, 0x00, 0x00, 0x00, 0x00, 0x00, 0x40, 0xFF, 0xAF, 0x00, 0x10, 0xFE, 0xDF, 0x00, 0x00, 0x00,
    0x00, 0x00, 0x00, 0x00, 0x40, 0xFF, 0xAF, 0x00, 0x00, 0xF4, 0xFF, 0x09, 0x00, 0x00, 0x00, 0x00,
    0x00, 0x00, 0x40, 0xFF, 0xAF, 0x00, 0x00, 0x90, 0xFF, 0x4F, 0x00, 0x00, 0x00, 0x00, 0x00, 0x00,
    0x40, 0xFF, 0xAF, 0x00, 0x00, 0x00, 0xFD, 0xEF, 0x01, 0x00, 0x00, 0x00, 0x00, 0x00, 0x40, 0xFF,
    0xAF, 0x00, 0x00, 0x00, 0xF3, 0xFF, 0x0A, 0x00, 0x00, 0x00, 0x00, 0x00, 0x40, 0xFF, 0xAF, 0x00,
    0x00, 0x00, 0x80, 0xFF, 0x5F, 0x00, 0x00, 0x00, 0x00, 0x00, 0x40, 0xFF, 0xAF, 0x00, 0x00, 0x00,
    0x00, 0xFD, 0xEF, 0x01, 0x00, 0x00, 0x00, 0x00, 0x40, 0xFF, 0xAF, 0x00, 0x00, 0x00, 0x00, 0xF2,
    0xFF, 0x0B, 0x00, 0x00, 0x00, 0x00, 0x40, 0xFF, 0xAF, 0x00, 0x00, 0x00, 0x00, 0x70, 0xFF, 0x6F,
    0x00, 0x00, 0x00, 0x00, 0x40, 0xFF, 0xAF, 0x00, 0x00, 0x00, 0x00, 0x00, 0xFC, 0xFF, 0x02, 0x00,
    0x00, 0x00, 0x40, 0xFF, 0xAF, 0x00, 0x00, 0x00, 0x00, 0x00, 0xF2, 0xFF, 0x0C, 0x00, 0x00, 0x00,
    0x40, 0xFF, 0xAF, 0x00, 0x00, 0x00, 0x00, 0x00, 0x60, 0xFF, 0x7F, 0x00, 0x00, 0x00, 0x40, 0xFF,
    0xAF, 0x00, 0x00, 0x00, 0x00, 0x00, 0x00, 0xFB, 0xFF, 0x03, 0xA6, 0xAA, 0xCA, 0xFF, 0xEF, 0xAA,
    0xAA, 0xAA, 0xAA, 0xAA, 0xAA, 0xFB, 0xFF, 0x0C, 0xFA, 0xFF, 0xFF, 0xFF, 0xFF, 0xFF, 0xFF, 0xFF,
    0xFF, 0xFF, 0xFF, 0xFF, 0xFF, 0x0E, 0xFA, 0xFF, 0xFF, 0xFF, 0xFF, 0xFF, 0xFF, 0xFF, 0xFF, 0xFF,
    0xFF, 0xFF, 0xFF, 0x0E, 0xFA, 0xFF, 0xFF, 0xFF, 0xFF, 0xFF, 0xFF, 0xFF, 0xFF, 0xFF, 0xFF, 0xFF,
    0xFF, 0x0E, 0x00, 0x00, 0x40, 0xFF, 0xAF, 0x00, 0x00, 0x00, 0x00, 0x00, 0x00, 0x00, 0x00, 0x00,
    0x00, 0x00, 0x40, 0xFF, 0xAF, 0x00, 0x00, 0x00, 0x00, 0x00, 0x00, 0x00, 0x00, 0x00, 0x00, 0x00,
    0x40, 0xFF, 0xAF, 0x00, 0x00, 0x00, 0x00, 0x00, 0x00, 0x00, 0x00, 0x00, 0x00, 0x00, 0x40, 0xFF,
    0xAF, 0x00, 0x00, 0x00, 0x00, 0x00, 0x00, 0x00, 0x00, 0x00, 0x00, 0x00, 0x40, 0xFF, 0xAF, 0x00,
    0x00, 0x00, 0x00, 0x00, 0x00, 0x00, 0x00, 0x00, 0x00, 0x00, 0x40, 0xFF, 0xAF, 0x00, 0x00, 0x00,
    0x00, 0x00, 0x00, 0x00, 0x00, 0x00, 0x00, 0x00, 0x40, 0xFF, 0xAF, 0x00, 0x00, 0x00, 0x00, 0x00,
    0x00, 0x00, 0x00, 0x00, 0x00, 0x00, 0x40, 0xFF, 0xAF, 0x00, 0x00, 0x00, 0x00, 0x00, 0x00, 0x00,
    0x00, 0x00, 0x00, 0xF3, 0xFF, 0xFF, 0xFF, 0xFF, 0xFF, 0xFF, 0xFF, 0xFF, 0x09, 0x00, 0x00, 0xF3,
    0xFF, 0xFF, 0xFF, 0xFF, 0xFF, 0xFF, 0xFF, 0xFF, 0x0A, 0x00, 0x00, 0xF3, 0xFF, 0xFF, 0xFF, 0xFF,
    0xFF, 0xFF, 0xFF, 0xFF, 0x0B, 0x00, 0x00, 0xB2, 0xBB, 0xBB, 0xBB, 0xBB, 0xBB, 0xBB, 0xFB, 0xFF,
    0x0D, 0x00, 0x00, 0x00, 0x00, 0x00, 0x00, 0x00, 0x00, 0x00, 0xD0, 0xFF, 0x0E, 0x00, 0x00, 0x00,
    0x00, 0x00, 0x00, 0x00, 0x00, 0x00, 0xC0, 0xFF, 0x0F, 0x00, 0x00, 0x00, 0x00, 0x00, 0x00, 0x00,
    0x00, 0x00, 0xB0, 0xFF, 0x0F, 0x00, 0x00, 0x00, 0x00, 0x00, 0x00, 0x00, 0x00, 0x00, 0x90, 0xFF,
    0x2F, 0x00, 0x00, 0x00, 0x00, 0x00, 0x00, 0x00, 0x00, 0x00, 0x80, 0xFF, 0x3F, 0x00, 0x00, 0x00,
    0x00, 0x00, 0x00, 0x00, 0x00, 0x00, 0x70, 0xFF, 0x4F, 0x00, 0x00, 0x00, 0x00, 0x00, 0x00, 0x00,
    0x00, 0x00, 0x50, 0xFF, 0x6F, 0x00, 0x00, 0x00, 0x00, 0x00, 0x00, 0x00, 0x00, 0x00, 0x40, 0xFF,
    0x7F, 0x00, 0x00, 0x00, 0x00, 0x00, 0x00, 0x00, 0x00, 0x00, 0x30, 0xFF, 0x8F, 0x00, 0x00, 0x00,
    0x00, 0x00, 0x00, 0x00, 0x00, 0x00, 0x20, 0xFF, 0x9F, 0x00, 0x00, 0x00, 0x00, 0x50, 0xC9, 0xFE,
    0xFF, 0xCE, 0x8A, 0xFF, 0xBF, 0x00, 0x00, 0x00, 0x80, 0xFF, 0xFF, 0xFF, 0xFF, 0xFF, 0xFF, 0xFF,
    0xCF, 0x00, 0x00, 0x30, 0xFE, 0xFF, 0xFF, 0xFF, 0xFF, 0xFF, 0xFF, 0xFF, 0xDF, 0x00, 0x00, 0xF3,
    0xFF, 0xFF, 0xEF, 0x8B, 0x77, 0x87, 0xCA, 0xFE, 0x2C, 0x00, 0x10, 0xFE, 0xFF, 0xCF, 0x04, 0x00,
    0x00, 0x00, 0x00, 0x20, 0x00, 0x00, 0x90, 0xFF, 0xFF, 0x09, 0x00, 0x00, 0x00, 0x00, 0x00, 0x00,
    0x00, 0x00, 0xF0, 0xFF, 0xBF, 0x00, 0x00, 0x00, 0x00, 0x00, 0x00, 0x00, 0x00, 0x00, 0xF5, 0xFF,
    0x2F, 0x00, 0x00, 0x00, 0x00, 0x00, 0x00, 0x00, 0x00, 0x00, 0xF8, 0xFF, 0x0C, 0x00, 0x00, 0x00,
    0x00, 0x00, 0x00, 0x00, 0x00, 0x00, 0xFA, 0xFF, 0x09, 0x00, 0x00, 0x00, 0x00, 0x00, 0x00, 0x00,
    0x00, 0x00, 0xFB, 0xFF, 0x07, 0x00, 0x00, 0x00, 0x00, 0x00, 0x00, 0x00, 0x00, 0x00, 0xFA, 0xFF,
    0x07, 0x00, 0x00, 0x00, 0x00, 0x00, 0x00, 0x00, 0x00, 0x00, 0xF9, 0xFF, 0x09, 0x00, 0x00, 0x00,
    0x00, 0x00, 0x00, 0x00, 0x00, 0x00, 0xF6, 0xFF, 0x0C, 0x00, 0x00, 0x00, 0x00, 0x00, 0x00, 0x00,
    0x00, 0x00, 0xF2, 0xFF, 0x1F, 0x00, 0x00, 0x00, 0x00, 0x00, 0x00, 0x00, 0x00, 0x00, 0xD0, 0xFF,
    0xAF, 0x00, 0x00, 0x00, 0x00, 0x00, 0x00, 0x00, 0x00, 0x00, 0x50, 0xFF, 0xFF, 0x06, 0x00, 0x00,
    0x00, 0x00, 0x00, 0x00, 0x00, 0x01, 0x00, 0xFB, 0xFF, 0x9F, 0x00, 0x00, 0x00, 0x00, 0x00, 0x00,
    0xA3, 0x0C, 0x00, 0xE1, 0xFF, 0xFF, 0x9E, 0x14, 0x00, 0x10, 0x63, 0xE9, 0xFF, 0x0C, 0x00, 0x10,
    0xFD, 0xFF, 0xFF, 0xFF, 0xFF, 0xFF, 0xFF, 0xFF, 0xFF, 0x0C, 0x00, 0x00, 0x80, 0xFF, 0xFF, 0xFF,
    0xFF, 0xFF, 0xFF, 0xFF, 0xFF, 0x09, 0x00, 0x00, 0x00, 0x81, 0xFD, 0xFF, 0xFF, 0xFF, 0xFF, 0xDF,
    0x28, 0x00, 0x00, 0x00, 0x00, 0x00, 0x10, 0x64, 0x77, 0x67, 0x35, 0x00, 0x00, 0x00, 0x00, 0x00,
    0x64, 0x77, 0x77, 0x35, 0x00, 0x00, 0x00, 0x00, 0x00, 0x00, 0x00, 0x00, 0x70, 0xFF, 0xFF, 0xFF,
    0xFF, 0xCF, 0x06, 0x00, 0x00, 0x00, 0x00, 0x00, 0x00, 0x70, 0xFF, 0xFF, 0xFF, 0xFF, 0xFF, 0xEF,
    0x06, 0x00, 0x00, 0x00, 0x00, 0x00, 0x70, 0xFF, 0xDE, 0xED, 0xFF, 0xFF, 0xFF, 0xBF, 0x01, 0x00,
    0x00, 0x00, 0x00, 0x30, 0x03, 0x00, 0x00, 0x30, 0xE8, 0xFF, 0xFF, 0x1D, 0x00, 0x00, 0x00, 0x00,
    0x00, 0x00, 0x00, 0x00, 0x00, 0x00, 0xF8, 0xFF, 0xCF, 0x00, 0x00, 0x00, 0x00, 0x00, 0x00, 0x00,
    0x00, 0x00, 0x00, 0x40, 0xFF, 0xFF, 0x09, 0x00, 0x00, 0x00, 0x00, 0x00, 0x00, 0x00, 0x00, 0x00,
    0x00, 0xF5, 0xFF, 0x3F, 0x00, 0x00, 0x00, 0x00, 0x00, 0x00, 0x00, 0x00, 0x00, 0x00, 0x90, 0xFF,
    0xBF, 0x00, 0x00, 0x00, 0x00, 0x00, 0x00, 0x00, 0x00, 0x00, 0x00, 0x10, 0xFF, 0xFF, 0x02, 0x00,
    0x00, 0x00, 0x00, 0x00, 0x00, 0x00, 0x00, 0x00, 0x00, 0xF9, 0xFF, 0x08, 0x00, 0x00, 0x00, 0x00,
    0x00, 0x00, 0x00, 0x00, 0x00, 0x00, 0xF3, 0xFF, 0x0E, 0x00, 0x00, 0x00, 0x00, 0x00, 0x00, 0x00,
    0x00, 0x00, 0x00, 0xE0, 0xFF, 0x2F, 0x00, 0x00, 0x00, 0x00, 0x00, 0x00, 0x00, 0x00, 0x00, 0x00,
    0xA0, 0xFF, 0x6F, 0x00, 0x00, 0x00, 0x00, 0x00, 0x00, 0x00, 0x00, 0x00, 0x00, 0x70, 0xFF, 0x9F,
    0x00, 0x00, 0x00, 0x00, 0x72, 0xEB, 0xFF, 0xCE, 0x39, 0x00, 0x40, 0xFF, 0xBF, 0x00, 0x00, 0x00,
    0x91, 0xFF, 0xFF, 0xFF, 0xFF, 0xFF, 0x3C, 0x20, 0xFF, 0xEF, 0x00, 0x00, 0x20, 0xFD, 0xFF, 0xFF,
    0xFF, 0xFF, 0xFF, 0xFF, 0x05, 0xFF, 0xFF, 0x00, 0x00, 0xE1, 0xFF, 0xFF, 0x8D, 0x35, 0x53, 0xD8,
    0xFF, 0x3F, 0xFF, 0xFF, 0x01, 0x00, 0xFA, 0xFF, 0x7F, 0x00, 0x00, 0x00, 0x00, 0xE5, 0xEF, 0xFF,
    0xFF, 0x01, 0x20, 0xFF, 0xFF, 0x06, 0x00, 0x00, 0x00, 0x00, 0x20, 0xFD, 0xFF, 0xFF, 0x02, 0x90,
    0xFF, 0xBF, 0x00, 0x00, 0x00, 0x00, 0x00, 0x00, 0xF2, 0xFF, 0xFF, 0x02, 0xD0, 0xFF, 0x5F, 0x00,
    0x00, 0x00, 0x00, 0x00, 0x00, 0x80, 0xFF, 0xFF, 0x02, 0xF0, 0xFF, 0x0F, 0x00, 0x00, 0x00, 0x00,
    0x00, 0x00, 0x20, 0xFF, 0xFF, 0x01, 0xF2, 0xFF, 0x0E, 0x00, 0x00, 0x00, 0x00, 0x00, 0x00, 0x00,
    0xFF, 0xFF, 0x00, 0xF2, 0xFF, 0x0D, 0x00, 0x00, 0x00, 0x00, 0x00, 0x00, 0x00, 0xFF, 0xEF, 0x00,
    0xF2, 0xFF, 0x0D, 0x00, 0x00, 0x00, 0x00, 0x00, 0x00, 0x10, 0xFF, 0xBF, 0x00, 0xF1, 0xFF, 0x0F,
    0x00, 0x00, 0x00, 0x00, 0x00, 0x00, 0x40, 0xFF, 0x8F, 0x00, 0xF0, 0xFF, 0x1F, 0x00, 0x00, 0x00,
    0x00, 0x00, 0x00, 0x90, 0xFF, 0x4F, 0x00, 0xB0, 0xFF, 0x6F, 0x00, 0x00, 0x00, 0x00, 0x00, 0x00,
    0xF1, 0xFF, 0x0E, 0x00, 0x60, 0xFF, 0xCF, 0x00, 0x00, 0x00, 0x00, 0x00, 0x00, 0xF8, 0xFF, 0x08,
    0x00, 0x10, 0xFF, 0xFF, 0x06, 0x00, 0x00, 0x00, 0x00, 0x40, 0xFF, 0xFF, 0x01, 0x00, 0x00, 0xF8,
    0xFF, 0x6F, 0x00, 0x00, 0x00, 0x00, 0xF5, 0xFF, 0x7F, 0x00, 0x00, 0x00, 0xC0, 0xFF, 0xFF, 0x5C,
    0x01, 0x00, 0xB4, 0xFF, 0xFF, 0x0B, 0x00, 0x00, 0x00, 0x10, 0xFD, 0xFF, 0xFF, 0xFF, 0xFF, 0xFF,
    0xFF, 0xBF, 0x00, 0x00, 0x00, 0x00, 0x00, 0xB1, 0xFF, 0xFF, 0xFF, 0xFF, 0xFF, 0xFF, 0x09, 0x00,
    0x00, 0x00, 0x00, 0x00, 0x00, 0xB4, 0xFF, 0xFF, 0xFF, 0xFF, 0x3A, 0x00, 0x00, 0x00, 0x00, 0x00,
    0x00, 0x00, 0x00, 0x40, 0x76, 0x67, 0x04, 0x00, 0x00, 0x00, 0x00, 0x00, 0xF1, 0xFF, 0xFF, 0xFF,
    0xFF, 0xFF, 0xFF, 0xFF, 0xFF, 0xFF, 0xFF, 0xFF, 0x0B, 0xF1, 0xFF, 0xFF, 0xFF, 0xFF, 0xFF, 0xFF,
    0xFF, 0xFF, 0xFF, 0xFF, 0xFF, 0x0B, 0xF1, 0xFF, 0xFF, 0xFF, 0xFF, 0xFF, 0xFF, 0xFF, 0xFF, 0xFF,
    0xFF, 0xFF, 0x0B, 0xE0, 0xFF, 0xCF, 0xBB, 0xBB, 0xBB, 0xBB, 0xBB, 0xBB, 0xBB, 0xBB, 0xBB, 0x08,
    0x70, 0xFF, 0xAF, 0x00, 0x00, 0x00, 0x00, 0x00, 0x00, 0x00, 0x00, 0x00, 0x00, 0x10, 0xFF, 0xFF,
    0x01, 0x00, 0x00, 0x00, 0x00, 0x00, 0x00, 0x00, 0x00, 0x00, 0x00, 0xF9, 0xFF, 0x08, 0x00, 0x00,
    0x00, 0x00, 0x00, 0x00, 0x00, 0x00, 0x00, 0x00, 0xF2, 0xFF, 0x0F, 0x00, 0x00, 0x00, 0x00, 0x00,
    0x00, 0x00, 0x00, 0x00, 0x00, 0xB0, 0xFF, 0x7F, 0x00, 0x00, 0x00, 0x00, 0x00, 0x00, 0x00, 0x00,
    0x00, 0x00, 0x40, 0xFF, 0xEF, 0x00, 0x00, 0x00, 0x00, 0x00, 0x00, 0x00, 0x00, 0x00, 0x00, 0x00,
    0xFD, 0xFF, 0x05, 0x00, 0x00, 0x00, 0x00, 0x00, 0x00, 0x00, 0x00, 0x00, 0x00, 0xF5, 0xFF, 0x0C,
    0x00, 0x00, 0x00, 0x00, 0x00, 0x00, 0x00, 0x00, 0x00, 0x00, 0xE0, 0xFF, 0x4F, 0x00, 0x00, 0x00,
    0x00, 0x00, 0x00, 0x00, 0x00, 0x00, 0x00, 0x70, 0xFF, 0xBF, 0x00, 0x00, 0x00, 0x00, 0x00, 0x00,
    0x00, 0x00, 0x00, 0x00, 0x10, 0xFF, 0xFF, 0x02, 0x00, 0x00, 0x00, 0x00, 0x00, 0x00, 0x00, 0x00,
    0x00, 0x00, 0xF9, 0xFF, 0x09, 0x00, 0x00, 0x00, 0x00, 0x00, 0x00, 0x00, 0x00, 0x00, 0x00, 0xF2,
    0xFF, 0x1F, 0x00, 0x00, 0x00, 0x00, 0x00, 0x00, 0x00, 0x00, 0x00, 0x00, 0xB0, 0xFF, 0x8F, 0x00,
    0x00, 0x00, 0x00, 0x00, 0x00, 0x00, 0x00, 0x00, 0x00, 0x40, 0xFF, 0xEF, 0x00, 0x00, 0x00, 0x00,
    0x00, 0x00, 0x00, 0x00, 0x00, 0x00, 0x00, 0xFD, 0xFF, 0x06, 0x00, 0x00, 0x00, 0x00, 0x00, 0x00,
    0x00, 0x00, 0x00, 0x00, 0xF6, 0xFF, 0x0D, 0x00, 0x00, 0x00, 0x00, 0x00, 0x00, 0x00, 0x00, 0x00,
    0x00, 0xE0, 0xFF, 0x5F, 0x00, 0x00, 0x00, 0x00, 0x00, 0x00, 0x00, 0x00, 0x00, 0x00, 0x80, 0xFF,
    0xCF, 0x00, 0x00, 0x00, 0x00, 0x00, 0x00, 0x00, 0x00, 0x00, 0x00, 0x10, 0xFF, 0xFF, 0x04, 0x00,
    0x00, 0x00, 0x00, 0x00, 0x00, 0x00, 0x00, 0x00, 0x00, 0xF9, 0xFF, 0x0B, 0x00, 0x00, 0x00, 0x00,
    0x00, 0x00, 0x00, 0x00, 0x00, 0x00, 0xF2, 0xFF, 0x2F, 0x00, 0x00, 0x00, 0x00, 0x00, 0x00, 0x00,
    0x00, 0x00, 0x00, 0xB0, 0xFF, 0x9F, 0x00, 0x00, 0x00, 0x00, 0x00, 0x00, 0x00, 0x00, 0x00, 0x00,
    0x40, 0xFF, 0xFF, 0x01, 0x00, 0x00, 0x00, 0x00, 0x00, 0x00, 0x00, 0x00, 0x00, 0x00, 0xFD, 0xFF,
    0x08, 0x00, 0x00, 0x00, 0x00, 0x00, 0x00, 0x00, 0x00, 0x00, 0x00, 0xF6, 0xFF, 0x0E, 0x00, 0x00,
    0x00, 0x00, 0x00, 0x00, 0x00, 0x00, 0x00, 0x00, 0xE0, 0xFF, 0x6F, 0x00, 0x00, 0x00, 0x00, 0x00,
    0x00, 0x00, 0x00, 0x00, 0x00, 0x80, 0xFF, 0xDF, 0x00, 0x00, 0x00, 0x00, 0x00, 0x00, 0x00, 0x00,
    0x00, 0x00, 0x10, 0xFF, 0xFF, 0x05, 0x00, 0x00, 0x00, 0x00, 0x00, 0x00, 0x00, 0x00, 0x00, 0x00,
    0xFA, 0xFF, 0x0C, 0x00, 0x00, 0x00, 0x00, 0x00, 0x00, 0x00, 0x00, 0x00, 0x00, 0xF3, 0xFF, 0x3F,
    0x00, 0x00, 0x00, 0x00, 0x00, 0x00, 0x00, 0x00, 0x00, 0x00, 0xC0, 0xFF, 0xBF, 0x00, 0x00, 0x00,
    0x00, 0x00, 0x00, 0x00, 0x52, 0x77, 0x67, 0x04, 0x00, 0x00, 0x00, 0x00, 0x00, 0x00, 0x20, 0xE9,
    0xFF, 0xFF, 0xFF, 0xFF, 0x5B, 0x00, 0x00, 0x00, 0x00, 0x00, 0xF9, 0xFF, 0xFF, 0xFF, 0xFF, 0xFF,
    0xFF, 0x2D, 0x00, 0x00, 0x00, 0xB0, 0xFF, 0xFF, 0xFF, 0xDE, 0xFD, 0xFF, 0xFF, 0xFF, 0x03, 0x00,
    0x00, 0xF9, 0xFF, 0xDF, 0x16, 0x00, 0x00, 0x93, 0xFF, 0xFF, 0x1E, 0x00, 0x20, 0xFF, 0xFF, 0x0A,
    0x00, 0x00, 0x00, 0x00, 0xF3, 0xFF, 0x9F, 0x00, 0x80, 0xFF, 0xDF, 0x00, 0x00, 0x00, 0x00, 0x00,
    0x50, 0xFF, 0xFF, 0x00, 0xB0, 0xFF, 0x6F, 0x00, 0x00, 0x00, 0x00, 0x00, 0x00, 0xFE, 0xFF, 0x03,
    0xD0, 0xFF, 0x3F, 0x00, 0x00, 0x00, 0x00, 0x00, 0x00, 0xFB, 0xFF, 0x05, 0xD0, 0xFF, 0x3F, 0x00,
    0x00, 0x00, 0x00, 0x00, 0x00, 0xFB, 0xFF, 0x05, 0xB0, 0xFF, 0x4F, 0x00, 0x00, 0x00, 0x00, 0x00,
    0x00, 0xFC, 0xFF, 0x03, 0x70, 0xFF, 0x9F, 0x00, 0x00, 0x00, 0x00, 0x00, 0x10, 0xFF, 0xFF, 0x00,
    0x10, 0xFF, 0xFF, 0x02, 0x00, 0x00, 0x00, 0x00, 0xA0, 0xFF, 0xAF, 0x00, 0x00, 0xF8, 0xFF, 0x1D,
    0x00, 0x00, 0x00, 0x00, 0xF8, 0xFF, 0x2F, 0x00, 0x00, 0xB0, 0xFF, 0xEF, 0x04, 0x00, 0x00, 0xB2,
    0xFF, 0xFF, 0x07, 0x00, 0x00, 0x00, 0xFA, 0xFF, 0xAF, 0x02, 0x91, 0xFF, 0xFF, 0x9F, 0x00, 0x00,
    0x00, 0x00, 0x60, 0xFF, 0xFF, 0xCF, 0xFF, 0xFF, 0xFF, 0x06, 0x00, 0x00, 0x00, 0x00, 0x00, 0x91,
    0xFF, 0xFF, 0xFF, 0xFF, 0x2C, 0x00, 0x00, 0x00, 0x00, 0x00, 0x00, 0xC4, 0xFF, 0xFF, 0xFF, 0xFF,
    0x18, 0x00, 0x00, 0x00, 0x00, 0x00, 0xA1, 0xFF, 0xFF, 0xFF, 0xFF, 0xFF, 0xFF, 0x06, 0x00, 0x00,
    0x00, 0x40, 0xFE, 0xFF, 0xFF, 0x39, 0x50, 0xFD, 0xFF, 0xBF, 0x01, 0x00, 0x00, 0xF6, 0xFF, 0xFF,
    0x19, 0x00, 0x00, 0x60, 0xFF, 0xFF, 0x1C, 0x00, 0x40, 0xFF, 0xFF, 0x3D, 0x00, 0x00, 0x00, 0x00,
    0xE2, 0xFF, 0xBF, 0x00, 0xE0, 0xFF, 0xCF, 0x01, 0x00, 0x00, 0x00, 0x00, 0x20, 0xFE, 0xFF, 0x06,
    0xF6, 0xFF, 0x1E, 0x00, 0x00, 0x00, 0x00, 0x00, 0x00, 0xF5, 0xFF, 0x0E, 0xFB, 0xFF, 0x07, 0x00,
    0x00, 0x00, 0x00, 0x00, 0x00, 0xE0, 0xFF, 0x3F, 0xFE, 0xFF, 0x02, 0x00, 0x00, 0x00, 0x00, 0x00,
    0x00, 0xA0, 0xFF, 0x6F, 0xFF, 0xFF, 0x00, 0x00, 0x00, 0x00, 0x00, 0x00, 0x00, 0x80, 0xFF, 0x7F,
    0xFF, 0xFF, 0x00, 0x00, 0x00, 0x00, 0x00, 0x00, 0x00, 0x80, 0xFF, 0x7F, 0xFD, 0xFF, 0x03, 0x00,
    0x00, 0x00, 0x00, 0x00, 0x00, 0xB0, 0xFF, 0x5F, 0xFA, 0xFF, 0x08, 0x00, 0x00, 0x00, 0x00, 0x00,
    0x00, 0xF1, 0xFF, 0x2F, 0xF4, 0xFF, 0x2F, 0x00, 0x00, 0x00, 0x00, 0x00, 0x00, 0xF9, 0xFF, 0x0D,
    0xC0, 0xFF, 0xEF, 0x03, 0x00, 0x00, 0x00, 0x00, 0x70, 0xFF, 0xFF, 0x06, 0x20, 0xFF, 0xFF, 0x9F,
    0x03, 0x00, 0x00, 0x50, 0xFC, 0xFF, 0xCF, 0x00, 0x00, 0xF4, 0xFF, 0xFF, 0xFF, 0xCD, 0xDC, 0xFF,
    0xFF, 0xFF, 0x1D, 0x00, 0x00, 0x20, 0xFC, 0xFF, 0xFF, 0xFF, 0xFF, 0xFF, 0xFF, 0x9F, 0x00, 0x00,
    0x00, 0x00, 0x40, 0xFB, 0xFF, 0xFF, 0xFF, 0xFF, 0x9E, 0x02, 0x00, 0x00, 0x00, 0x00, 0x00, 0x00,
    0x63, 0x77, 0x67, 0x24, 0x00, 0x00, 0x00, 0x00, 0x00, 0x00, 0x00, 0x00, 0x30, 0x76, 0x77, 0x14,
    0x00, 0x00, 0x00, 0x00, 0x00, 0x00, 0x00, 0x81, 0xFE, 0xFF, 0xFF, 0xFF, 0x5C, 0x00, 0x00, 0x00,
    0x00, 0x00, 0x60, 0xFF, 0xFF, 0xFF, 0xFF, 0xFF, 0xFF, 0x2C, 0x00, 0x00, 0x00, 0x00, 0xF8, 0xFF,
    0xFF, 0xFF, 0xFF, 0xFF, 0xFF, 0xFF, 0x03, 0x00, 0x00, 0x70, 0xFF, 0xFF, 0x6D, 0x01, 0x00, 0xA4,
    0xFF, 0xFF, 0x2F, 0x00, 0x00, 0xF3, 0xFF, 0x9F, 0x00, 0x00, 0x00, 0x00, 0xE4, 0xFF, 0xCF, 0x00,
    0x00, 0xFC, 0xFF, 0x09, 0x00, 0x00, 0x00, 0x00, 0x30, 0xFF, 0xFF, 0x04, 0x40, 0xFF, 0xDF, 0x00,
    0x00, 0x00, 0x00, 0x00, 0x00, 0xF8, 0xFF, 0x0B, 0xA0, 0xFF, 0x5F, 0x00, 0x00, 0x00, 0x00, 0x00,
    0x00, 0xF2, 0xFF, 0x0F, 0xF0, 0xFF, 0x0E, 0x00, 0x00, 0x00, 0x00, 0x00, 0x00, 0xD0, 0xFF, 0x3F,
    0xF4, 0xFF, 0x09, 0x00, 0x00, 0x00, 0x00, 0x00, 0x00, 0xA0, 0xFF, 0x6F, 0xF7, 0xFF, 0x06, 0x00,
    0x00, 0x00, 0x00, 0x00, 0x00, 0x90, 0xFF, 0x7F, 0xFA, 0xFF, 0x04, 0x00, 0x00, 0x00, 0x00, 0x00,
    0x00, 0x90, 0xFF, 0x7F, 0xFC, 0xFF, 0x04, 0x00, 0x00, 0x00, 0x00, 0x00, 0x00, 0xA0, 0xFF, 0x7F,
    0xFD, 0xFF, 0x06, 0x00, 0x00, 0x00, 0x00, 0x00, 0x00, 0xC0, 0xFF, 0x5F, 0xFE, 0xFF, 0x0C, 0x00,
    0x00, 0x00, 0x00, 0x00, 0x00, 0xF1, 0xFF, 0x2F, 0xFE, 0xFF, 0x6F, 0x00, 0x00, 0x00, 0x00, 0x00,
    0x00, 0xF7, 0xFF, 0x0E, 0xFE, 0xFF, 0xFF, 0x04, 0x00, 0x00, 0x00, 0x00, 0x20, 0xFF, 0xFF, 0x07,
    0xFD, 0xFF, 0xFD, 0x8F, 0x00, 0x00, 0x00, 0x00, 0xE3, 0xFF, 0xEF, 0x00, 0xFC, 0xFF, 0xD5, 0xFF,
    0x9E, 0x35, 0x43, 0xB6, 0xFF, 0xFF, 0x4F, 0x00, 0xFB, 0xFF, 0x15, 0xFD, 0xFF, 0xFF, 0xFF, 0xFF,
    0xFF, 0xFF, 0x06, 0x00, 0xF9, 0xFF, 0x06, 0x90, 0xFF, 0xFF, 0xFF, 0xFF, 0xFF, 0x3C, 0x00, 0x00,
    0xF7, 0xFF, 0x08, 0x00, 0x71, 0xEB, 0xFF, 0xCF, 0x49, 0x00, 0x00, 0x00, 0xF5, 0xFF, 0x0B, 0x00,
    0x00, 0x00, 0x00, 0x00, 0x00, 0x00, 0x00, 0x00, 0xF1, 0xFF, 0x0E, 0x00, 0x00, 0x00, 0x00, 0x00,
    0x00, 0x00, 0x00, 0x00, 0xE0, 0xFF, 0x3F, 0x00, 0x00, 0x00, 0x00, 0x00, 0x00, 0x00, 0x00, 0x00,
    0x90, 0xFF, 0x7F, 0x00, 0x00, 0x00, 0x00, 0x00, 0x00, 0x00, 0x00, 0x00, 0x40, 0xFF, 0xDF, 0x00,
    0x00, 0x00, 0x00, 0x00, 0x00, 0x00, 0x00, 0x00, 0x00, 0xFE, 0xFF, 0x04, 0x00, 0x00, 0x00, 0x00,
    0x00, 0x00, 0x00, 0x00, 0x00, 0xF7, 0xFF, 0x0D, 0x00, 0x00, 0x00, 0x00, 0x00, 0x00, 0x00, 0x00,
    0x00, 0xE0, 0xFF, 0x9F, 0x00, 0x00, 0x00, 0x00, 0x00, 0x00, 0x00, 0x00, 0x00, 0x40, 0xFF, 0xFF,
    0x08, 0x00, 0x00, 0x00, 0x00, 0x00, 0x00, 0x00, 0x00, 0x00, 0xF8, 0xFF, 0xBF, 0x01, 0x00, 0x00,
    0x00, 0x00, 0x00, 0x00, 0x00, 0x00, 0xA0, 0xFF, 0xFF, 0xAF, 0x15, 0x00, 0x00, 0x20, 0x05, 0x00,
    0x00, 0x00, 0x00, 0xF8, 0xFF, 0xFF, 0xFF, 0xDF, 0xED, 0xFF, 0x0F, 0x00, 0x00, 0x00, 0x00, 0x30,
    0xFC, 0xFF, 0xFF, 0xFF, 0xFF, 0xFF, 0x0F, 0x00, 0x00, 0x00, 0x00, 0x00, 0x40, 0xFA, 0xFF, 0xFF,
    0xFF, 0xFF, 0x0F, 0x00, 0x00, 0x00, 0x00, 0x00, 0x00, 0x00, 0x52, 0x76, 0x78, 0x46, 0x01, 0x00,
    0x00, 0x75, 0x05, 0x00, 0xC0, 0xFF, 0xBF, 0x00, 0xF5, 0xFF, 0xFF, 0x03, 0xF7, 0xFF, 0xFF, 0x05,
    0xF6, 0xFF, 0xFF, 0x04, 0xF1, 0xFF, 0xEF, 0x00, 0x30, 0xDB, 0x2B, 0x00, 0x00, 0x00, 0x00, 0x00,
    0x00, 0x00, 0x00, 0x00, 0x00, 0x00, 0x00, 0x00, 0x00, 0x00, 0x00, 0x00, 0x00, 0x00, 0x00, 0x00,
    0x00, 0x00, 0x00, 0x00, 0x00, 0x00, 0x00, 0x00, 0x00, 0x00, 0x00, 0x00, 0x00, 0x00, 0x00, 0x00,
    0x00, 0x00, 0x00, 0x00, 0x00, 0x00, 0x00, 0x00, 0x00, 0x00, 0x00, 0x00, 0x00, 0x00, 0x00, 0x00,
    0x00, 0x00, 0x00, 0x00, 0x00, 0x00, 0x00, 0x00, 0x30, 0xDB, 0x2B, 0x00, 0xF1, 0xFF, 0xEF, 0x00,
    0xF6, 0xFF, 0xFF, 0x04, 0xF7, 0xFF, 0xFF, 0x05, 0xF4, 0xFF, 0xFF, 0x02, 0xC0, 0xFF, 0xAF, 0x00,
    0x00, 0x75, 0x05, 0x00, 0x00, 0x75, 0x05, 0x00, 0x00, 0xC0, 0xFF, 0xCF, 0x00, 0x00, 0xF3, 0xFF,
    0xFF, 0x04, 0x00, 0xF5, 0xFF, 0xFF, 0x06, 0x00, 0xF4, 0xFF, 0xFF, 0x05, 0x00, 0xE0, 0xFF, 0xFF,
    0x01, 0x00, 0x20, 0xDB, 0x3B, 0x00, 0x00, 0x00, 0x00, 0x00, 0x00, 0x00, 0x00, 0x00, 0x00, 0x00,
    0x00, 0x00, 0x00, 0x00, 0x00, 0x00, 0x00, 0x00, 0x00, 0x00, 0x00, 0x00, 0x00, 0x00, 0x00, 0x00,
    0x00, 0x00, 0x00, 0x00, 0x00, 0x00, 0x00, 0x00, 0x00, 0x00, 0x00, 0x00, 0x00, 0x00, 0x00, 0x00,
    0x00, 0x00, 0x00, 0x00, 0x00, 0x00, 0x00, 0x00, 0x00, 0x00, 0x00, 0x00, 0x00, 0x00, 0x00, 0x00,
    0x00, 0x00, 0x00, 0x00, 0x00, 0x00, 0x00, 0x00, 0x00, 0x00, 0x00, 0x00, 0x00, 0x00, 0x00, 0x00,
    0x00, 0x00, 0xB0, 0xFF, 0xEF, 0x00, 0x00, 0x90, 0xFF, 0xFF, 0x01, 0x00, 0x40, 0xFF, 0xFF, 0x03,
    0x00, 0x00, 0xFF, 0xFF, 0x06, 0x00, 0x00, 0xFA, 0xFF, 0x0A, 0x00, 0x00, 0xF4, 0xFF, 0x0D, 0x00,
    0x00, 0xE0, 0xFF, 0x1F, 0x00, 0x00, 0x80, 0xFF, 0x4F, 0x00, 0x00, 0x20, 0xFF, 0x8F, 0x00, 0x00,
    0x00, 0xFB, 0xCF, 0x00, 0x00, 0x00, 0xF4, 0xFF, 0x00, 0x00, 0x00, 0xD0, 0xFF, 0x04, 0x4C, 0x00,
    0x00, 0x00, 0x00, 0x00, 0x00, 0x00, 0x00, 0x00, 0x00, 0x00, 0xFF, 0x4C, 0x00, 0x00, 0x00, 0x00,
    0x00, 0x00, 0x00, 0x00, 0x00, 0x00, 0xFF, 0xFF, 0x5C, 0x00, 0x00, 0x00, 0x00, 0x00, 0x00, 0x00,
    0x00, 0x00, 0xFD, 0xFF, 0xFF, 0x5D, 0x00, 0x00, 0x00, 0x00, 0x00, 0x00, 0x00, 0x00, 0x50, 0xFC,
    0xFF, 0xFF, 0x5D, 0x00, 0x00, 0x00, 0x00, 0x00, 0x00, 0x00, 0x00, 0x30, 0xFB, 0xFF, 0xFF, 0x6D,
    0x00, 0x00, 0x00, 0x00, 0x00, 0x00, 0x00, 0x00, 0x20, 0xFA, 0xFF, 0xFF, 0x6E, 0x00, 0x00, 0x00,
    0x00, 0x00, 0x00, 0x00, 0x00, 0x10, 0xF8, 0xFF, 0xFF, 0x7E, 0x00, 0x00, 0x00, 0x00, 0x00, 0x00,
    0x00, 0x00, 0x10, 0xE7, 0xFF, 0xFF, 0x7E, 0x00, 0x00, 0x00, 0x00, 0x00, 0x00, 0x00, 0x00, 0x00,
    0xD6, 0xFF, 0xFF, 0x7E, 0x01, 0x00, 0x00, 0x00, 0x00, 0x00, 0x00, 0x00, 0x00, 0xC5, 0xFF, 0xFF,
    0x8F, 0x01, 0x00, 0x00, 0x00, 0x00, 0x00, 0x00, 0x00, 0x00, 0xB4, 0xFF, 0xFF, 0x5F, 0x00, 0x00,
    0x00, 0x00, 0x00, 0x00, 0x00, 0x00, 0x00, 0xF7, 0xFF, 0x7F, 0x00, 0x00, 0x00, 0x00, 0x00, 0x00,
    0x00, 0x10, 0xD7, 0xFF, 0xFF, 0x6F, 0x00, 0x00, 0x00, 0x00, 0x00, 0x00, 0x30, 0xFA, 0xFF, 0xFF,
    0x9F, 0x02, 0x00, 0x00, 0x00, 0x00, 0x00, 0x60, 0xFC, 0xFF, 0xFF, 0x7E, 0x01, 0x00, 0x00, 0x00,
    0x00, 0x00, 0x82, 0xFE, 0xFF, 0xFF, 0x5C, 0x00, 0x00, 0x00, 0x00, 0x00, 0x00, 0xB4, 0xFF, 0xFF,
    0xFF, 0x3A, 0x00, 0x00, 0x00, 0x00, 0x00, 0x10, 0xD7, 0xFF, 0xFF, 0xEF, 0x18, 0x00, 0x00, 0x00,
    0x00, 0x00, 0x30, 0xF9, 0xFF, 0xFF, 0xDF, 0x06, 0x00, 0x00, 0x00, 0x00, 0x00, 0x00, 0xFC, 0xFF,
    0xFF, 0xBF, 0x04, 0x00, 0x00, 0x00, 0x00, 0x00, 0x00, 0x00, 0xFF, 0xFF, 0x9F, 0x02, 0x00, 0x00,
    0x00, 0x00, 0x00, 0x00, 0x00, 0x00, 0xFF, 0x7E, 0x01, 0x00, 0x00, 0x00, 0x00, 0x00, 0x00, 0x00,
    0x00, 0x00, 0x5C, 0x00, 0x00, 0x00, 0x00, 0x00, 0x00, 0x00, 0x00, 0x00, 0x00, 0x00, 0x43, 0x44,
    0x44, 0x44, 0x44, 0x44, 0x44, 0x44, 0x44, 0x44, 0x44, 0x04, 0xFB, 0xFF, 0xFF, 0xFF, 0xFF, 0xFF,
    0xFF, 0xFF, 0xFF, 0xFF, 0xFF, 0x3F, 0xFB, 0xFF, 0xFF, 0xFF, 0xFF, 0xFF, 0xFF, 0xFF, 0xFF, 0xFF,
    0xFF, 0x3F, 0xFB, 0xFF, 0xFF, 0xFF, 0xFF, 0xFF, 0xFF, 0xFF, 0xFF, 0xFF, 0xFF, 0x3F, 0x00, 0x00,
    0x00, 0x00, 0x00, 0x00, 0x00, 0x00, 0x00, 0x00, 0x00, 0x00, 0x00, 0x00, 0x00, 0x00, 0x00, 0x00,
    0x00, 0x00, 0x00, 0x00, 0x00, 0x00, 0x00, 0x00, 0x00, 0x00, 0x00, 0x00, 0x00, 0x00, 0x00, 0x00,
    0x00, 0x00, 0x00, 0x00, 0x00, 0x00, 0x00, 0x00, 0x00, 0x00, 0x00, 0x00, 0x00, 0x00, 0x00, 0x00,
    0x00, 0x00, 0x00, 0x00, 0x00, 0x00, 0x00, 0x00, 0x00, 0x00, 0x00, 0x00, 0x00, 0x00, 0x00, 0x00,
    0x00, 0x00, 0x00, 0x00, 0x00, 0x00, 0x00, 0x00, 0x00, 0x00, 0x00, 0x00, 0x00, 0x00, 0x00, 0x00,
    0x00, 0x00, 0xFB, 0xFF, 0xFF, 0xFF, 0xFF, 0xFF, 0xFF, 0xFF, 0xFF, 0xFF, 0xFF, 0x3F, 0xFB, 0xFF,
    0xFF, 0xFF, 0xFF, 0xFF, 0xFF, 0xFF, 0xFF, 0xFF, 0xFF, 0x3F, 0xFB, 0xFF, 0xFF, 0xFF, 0xFF, 0xFF,
    0xFF, 0xFF, 0xFF, 0xFF, 0xFF, 0x3F, 0x43, 0x44, 0x44, 0x44, 0x44, 0x44, 0x44, 0x44, 0x44, 0x44,
    0x44, 0x04, 0x00, 0x00, 0x00, 0x00, 0x00, 0x00, 0x00, 0x00, 0x00, 0x00, 0x10, 0x68, 0x00, 0x00,
    0x00, 0x00, 0x00, 0x00, 0x00, 0x00, 0x00, 0x10, 0xF8, 0x7F, 0x00, 0x00, 0x00, 0x00, 0x00, 0x00,
    0x00, 0x00, 0x10, 0xF9, 0xFF, 0x7F, 0x00, 0x00, 0x00, 0x00, 0x00, 0x00, 0x00, 0x20, 0xF9, 0xFF,
    0xFF, 0x5F, 0x00, 0x00, 0x00, 0x00, 0x00, 0x00, 0x20, 0xF9, 0xFF, 0xFF, 0x8F, 0x01, 0x00, 0x00,
    0x00, 0x00, 0x00, 0x20, 0xFA, 0xFF, 0xFF, 0x7E, 0x01, 0x00, 0x00, 0x00, 0x00, 0x00, 0x30, 0xFA,
    0xFF, 0xFF, 0x6D, 0x00, 0x00, 0x00, 0x00, 0x00, 0x00, 0x30, 0xFB, 0xFF, 0xFF, 0x5C, 0x00, 0x00,
    0x00, 0x00, 0x00, 0x00, 0x30, 0xFB, 0xFF, 0xFF, 0x4B, 0x00, 0x00, 0x00, 0x00, 0x00, 0x00, 0x40,
    0xFB, 0xFF, 0xFF, 0x3A, 0x00, 0x00, 0x00, 0x00, 0x00, 0x00, 0x40, 0xFC, 0xFF, 0xFF, 0x29, 0x00,
    0x00, 0x00, 0x00, 0x00, 0x00, 0x00, 0xFC, 0xFF, 0xEF, 0x18, 0x00, 0x00, 0x00, 0x00, 0x00, 0x00,
    0x00, 0x00, 0xFF, 0xFF, 0x1D, 0x00, 0x00, 0x00, 0x00, 0x00, 0x00, 0x00, 0x00, 0x00, 0xFE, 0xFF,
    0xFF, 0x39, 0x00, 0x00, 0x00, 0x00, 0x00, 0x00, 0x00, 0x00, 0x60, 0xFD, 0xFF, 0xFF, 0x6C, 0x00,
    0x00, 0x00, 0x00, 0x00, 0x00, 0x00, 0x00, 0x40, 0xFB, 0xFF, 0xFF, 0x8E, 0x02, 0x00, 0x00, 0x00,
    0x00, 0x00, 0x00, 0x00, 0x20, 0xF9, 0xFF, 0xFF, 0xBF, 0x04, 0x00, 0x00, 0x00, 0x00, 0x00, 0x00,
    0x00, 0x10, 0xE7, 0xFF, 0xFF, 0xEF, 0x17, 0x00, 0x00, 0x00, 0x00, 0x00, 0x00, 0x00, 0x00, 0xC5,
    0xFF, 0xFF, 0xFF, 0x3A, 0x00, 0x00, 0x00, 0x00, 0x00, 0x00, 0x00, 0x00, 0xA3, 0xFF, 0xFF, 0xFF,
    0x6D, 0x00, 0x00, 0x00, 0x00, 0x00, 0x00, 0x00, 0x00, 0x81, 0xFE, 0xFF, 0xFF, 0x5F, 0x00, 0x00,
    0x00, 0x00, 0x00, 0x00, 0x00, 0x00, 0x60, 0xFD, 0xFF, 0x7F, 0x00, 0x00, 0x00, 0x00, 0x00, 0x00,
    0x00, 0x00, 0x00, 0x40, 0xFB, 0x7F, 0x00, 0x00, 0x00, 0x00, 0x00, 0x00, 0x00, 0x00, 0x00, 0x00,
    0x20, 0x69, 0x00, 0x00, 0x00, 0x20, 0x75, 0x77, 0x56, 0x02, 0x00, 0x00, 0x00, 0x00, 0x00, 0x81,
    0xFE, 0xFF, 0xFF, 0xFF, 0xEF, 0x5A, 0x00, 0x00, 0x00, 0x40, 0xFE, 0xFF, 0xFF, 0xFF, 0xFF, 0xFF,
    0xFF, 0x8E, 0x00, 0x00, 0xF4, 0xFF, 0xFF, 0xFF, 0xFF, 0xFF, 0xFF, 0xFF, 0xEF, 0x00, 0x10, 0xFE,
    0xFF, 0xBF, 0x25, 0x11, 0x42, 0xC7, 0xFF, 0x8F, 0x00, 0x80, 0xFF, 0xFF, 0x04, 0x00, 0x00, 0x00,
    0x00, 0x82, 0x1E, 0x00, 0xD0, 0xFF, 0x6F, 0x00, 0x00, 0x00, 0x00, 0x00, 0x00, 0x00, 0x00, 0xF1,
    0xFF, 0x0E, 0x00, 0x00, 0x00, 0x00, 0x00, 0x00, 0x00, 0x00, 0xF2, 0xFF, 0x0B, 0x00, 0x00, 0x00,
    0x00, 0x00, 0x00, 0x00, 0x00, 0xF3, 0xFF, 0x0A, 0x00, 0x00, 0x00, 0x00, 0x00, 0x00, 0x00, 0x00,
    0xF2, 0xFF, 0x0C, 0x00, 0x00, 0x00, 0x00, 0x00, 0x00, 0x00, 0x00, 0xF0, 0xFF, 0x0F, 0x00, 0x00,
    0x00, 0x00, 0x00, 0x00, 0x00, 0x00, 0xB0, 0xFF, 0x5F, 0x00, 0x00, 0x00, 0x00, 0x00, 0x00, 0x00,
    0x00, 0x50, 0xFF, 0xEF, 0x01, 0x00, 0x00, 0x00, 0x00, 0x00, 0x00, 0x00, 0x00, 0xFC, 0xFF, 0x1D,
    0x00, 0x00, 0x00, 0x00, 0x00, 0x00, 0x00, 0x00, 0xE1, 0xFF, 0xDF, 0x01, 0x00, 0x00, 0x00, 0x00,
    0x00, 0x00, 0x00, 0x20, 0xFE, 0xFF, 0x3E, 0x00, 0x00, 0x00, 0x00, 0x00, 0x00, 0x00, 0x00, 0xD2,
    0xFF, 0xFF, 0x04, 0x00, 0x00, 0x00, 0x00, 0x00, 0x00, 0x00, 0x10, 0xFC, 0xFF, 0x4F, 0x00, 0x00,
    0x00, 0x00, 0x00, 0x00, 0x00, 0x00, 0xA0, 0xFF, 0xFF, 0x03, 0x00, 0x00, 0x00, 0x00, 0x00, 0x00,
    0x00, 0x00, 0xF9, 0xFF, 0x0D, 0x00, 0x00, 0x00, 0x00, 0x00, 0x00, 0x00, 0x00, 0xB0, 0xFF, 0x5F,
    0x00, 0x00, 0x00, 0x00, 0x00, 0x00, 0x00, 0x00, 0x10, 0xFF, 0xAF, 0x00, 0x00, 0x00, 0x00, 0x00,
    0x00, 0x00, 0x00, 0x00, 0xFA, 0xDF, 0x00, 0x00, 0x00, 0x00, 0x00, 0x00, 0x00, 0x00, 0x00, 0xF6,
    0xEF, 0x00, 0x00, 0x00, 0x00, 0x00, 0x00, 0x00, 0x00, 0x00, 0xF4, 0xFF, 0x00, 0x00, 0x00, 0x00,
    0x00, 0x00, 0x00, 0x00, 0x00, 0xF4, 0xFF, 0x00, 0x00, 0x00, 0x00, 0x00, 0x00, 0x00, 0x00, 0x00,
    0x00, 0x00, 0x00, 0x00, 0x00, 0x00, 0x00, 0x00, 0x00, 0x00, 0x00, 0x00, 0x00, 0x00, 0x00, 0x00,
    0x00, 0x00, 0x00, 0x00, 0x00, 0x00, 0x00, 0x00, 0x00, 0x00, 0x00, 0x00, 0x00, 0x00, 0x00, 0x00,
    0x00, 0x00, 0x00, 0x00, 0x00, 0x00, 0x00, 0x00, 0x00, 0x00, 0x00, 0x00, 0xC6, 0x9D, 0x01, 0x00,
    0x00, 0x00, 0x00, 0x00, 0x00, 0x00, 0x50, 0xFF, 0xFF, 0x0A, 0x00, 0x00, 0x00, 0x00, 0x00, 0x00,
    0x00, 0xA0, 0xFF, 0xFF, 0x0F, 0x00, 0x00, 0x00, 0x00, 0x00, 0x00, 0x00, 0xB0, 0xFF, 0xFF, 0x0F,
    0x00, 0x00, 0x00, 0x00, 0x00, 0x00, 0x00, 0x80, 0xFF, 0xFF, 0x0E, 0x00, 0x00, 0x00, 0x00, 0x00,
    0x00, 0x00, 0x20, 0xFE, 0xFF, 0x06, 0x00, 0x00, 0x00, 0x00, 0x00, 0x00, 0x00, 0x00, 0x61, 0x37,
    0x00, 0x00, 0x00, 0x00, 0x00, 0x00, 0x00, 0x00, 0x00, 0x00, 0x00, 0x53, 0x77, 0x77, 0x46, 0x01,
    0x00, 0x00, 0x00, 0x00, 0x00, 0x00, 0x00, 0x00, 0x00, 0x00, 0x00, 0x00, 0x00, 0x72, 0xFC, 0xFF,
    0xFF, 0xFF, 0xFF, 0xEF, 0x5A, 0x00, 0x00, 0x00, 0x00, 0x00, 0x00, 0x00, 0x00, 0x00, 0x00, 0x00,
    0xA2, 0xFF, 0xFF, 0xFF, 0xFF, 0xFF, 0xFF, 0xFF, 0xFF, 0x8E, 0x01, 0x00, 0x00, 0x00, 0x00, 0x00,
    0x00, 0x00, 0x00, 0x80, 0xFF, 0xFF, 0xFF, 0xCE, 0x9A, 0xA9, 0xDB, 0xFF, 0xFF, 0xFF, 0x7F, 0x00,
    0x00, 0x00, 0x00, 0x00, 0x00, 0x00, 0x10, 0xFC, 0xFF, 0xDF, 0x27, 0x00, 0x00, 0x00, 0x00, 0x40,
    0xE9, 0xFF, 0xFF, 0x1C, 0x00, 0x00, 0x00, 0x00, 0x00, 0x00, 0xD1, 0xFF, 0xEF, 0x05, 0x00, 0x00,
    0x00, 0x00, 0x00, 0x00, 0x00, 0xE6, 0xFF, 0xEF, 0x03, 0x00, 0x00, 0x00, 0x00, 0x00, 0xFC, 0xFF,
    0x0A, 0x00, 0x00, 0x00, 0x00, 0x00, 0x00, 0x00, 0x00, 0x00, 0xF9, 0xFF, 0x3F, 0x00, 0x00, 0x00,
    0x00, 0x90, 0xFF, 0x9F, 0x00, 0x00, 0x00, 0x00, 0x00, 0x00, 0x00, 0x00, 0x00, 0x00, 0x50, 0xFF,
    0xEF, 0x02, 0x00, 0x00, 0x00, 0xF4, 0xFF, 0x0A, 0x00, 0x00, 0x00, 0x00, 0x00, 0x00, 0x00, 0x00,
    0x00, 0x00, 0x00, 0xF4, 0xFF, 0x0D, 0x00, 0x00, 0x00, 0xFD, 0xDF, 0x00, 0x00, 0x00, 0x00, 0x00,
    0x00, 0x00, 0x00, 0x00, 0x00, 0x00, 0x00, 0x50, 0xFF, 0x8F, 0x00, 0x00, 0x50, 0xFF, 0x4F, 0x00,
    0x00, 0x00, 0x00, 0x52, 0x76, 0x77, 0x15, 0x00, 0x00, 0x00, 0x00, 0x00, 0xF9, 0xFF, 0x02, 0x00,
    0xB0, 0xFF, 0x0C, 0x00, 0x00, 0x70, 0xFC, 0xFF, 0xFF, 0xFF, 0xFF, 0x5C, 0x00, 0x00, 0x00, 0x00,
    0xE0, 0xFF, 0x0A, 0x00, 0xF1, 0xFF, 0x06, 0x00, 0x00, 0xF0, 0xFF, 0xFF, 0xFF, 0xFF, 0xFF, 0xFF,
    0x1B, 0x00, 0x00, 0x00, 0x60, 0xFF, 0x2F, 0x00, 0xF5, 0xFF, 0x01, 0x00, 0x00, 0xE0, 0xFF, 0xCF,
    0x79, 0x87, 0xFB, 0xFF, 0xDF, 0x01, 0x00, 0x00, 0x00, 0xFE, 0x8F, 0x00, 0xF8, 0xCF, 0x00, 0x00,
    0x00, 0xD0, 0xFF, 0x0A, 0x00, 0x00, 0x10, 0xFB, 0xFF, 0x0B, 0x00, 0x00, 0x00, 0xF9, 0xDF, 0x00,
    0xFB, 0x9F, 0x00, 0x00, 0x00, 0xD0, 0xFF, 0x0A, 0x00, 0x00, 0x00, 0xB0, 0xFF, 0x6F, 0x00, 0x00,
    0x00, 0xF3, 0xFF, 0x02, 0xFD, 0x7F, 0x00, 0x00, 0x00, 0xC0, 0xFF, 0x0B, 0x00, 0x00, 0x00, 0x10,
    0xFE, 0xEF, 0x00, 0x00, 0x00, 0xF0, 0xFF, 0x06, 0xFE, 0x5F, 0x00, 0x00, 0x00, 0xB0, 0xFF, 0x0C,
    0x00, 0x00, 0x00, 0x00, 0xF7, 0xFF, 0x05, 0x00, 0x00, 0xB0, 0xFF, 0x0A, 0xFF, 0x5F, 0x00, 0x00,
    0x00, 0xA0, 0xFF, 0x0C, 0x00, 0x00, 0x00, 0x00, 0xF1, 0xFF, 0x0A, 0x00, 0x00, 0x80, 0xFF, 0x0C,
    0xFF, 0x4F, 0x00, 0x00, 0x00, 0xA0, 0xFF, 0x0D, 0x00, 0x00, 0x00, 0x00, 0xD0, 0xFF, 0x0D, 0x00,
    0x00, 0x60, 0xFF, 0x0E, 0xFE, 0x5F, 0x00, 0x00, 0x00, 0x90, 0xFF, 0x0E, 0x00, 0x00, 0x00, 0x00,
    0xA0, 0xFF, 0x0F, 0x00, 0x00, 0x40, 0xFF, 0x0F, 0xFD, 0x6F, 0x00, 0x00, 0x00, 0x80, 0xFF, 0x0F,
    0x00, 0x00, 0x00, 0x00, 0x90, 0xFF, 0x1F, 0x00, 0x00, 0x30, 0xFF, 0x1F, 0xFB, 0x8F, 0x00, 0x00,
    0x00, 0x80, 0xFF, 0x1F, 0x00, 0x00, 0x00, 0x00, 0x80, 0xFF, 0x1F, 0x00, 0x00, 0x30, 0xFF, 0x1F,
    0xF8, 0xBF, 0x00, 0x00, 0x00, 0x70, 0xFF, 0x3F, 0x00, 0x00, 0x00, 0x00, 0x90, 0xFF, 0x0F, 0x00,
    0x00, 0x30, 0xFF, 0x1F, 0xF4, 0xFF, 0x00, 0x00, 0x00, 0x70, 0xFF, 0x7F, 0x00, 0x00, 0x00, 0x00,
    0xA0, 0xFF, 0x0F, 0x00, 0x00, 0x40, 0xFF, 0x1F, 0xE0, 0xFF, 0x05, 0x00, 0x00, 0x70, 0xFF, 0xCF,
    0x00, 0x00, 0x00, 0x00, 0xE0, 0xFF, 0x0C, 0x00, 0x00, 0x50, 0xFF, 0x0F, 0x90, 0xFF, 0x0C, 0x00,
    0x00, 0xA0, 0xFF, 0xFF, 0x04, 0x00, 0x00, 0x00, 0xF3, 0xFF, 0x08, 0x00, 0x00, 0x70, 0xFF, 0x0E,
    0x10, 0xFF, 0x6F, 0x00, 0x00, 0xE0, 0xEF, 0xFE, 0x1D, 0x00, 0x00, 0x00, 0xFC, 0xFF, 0x02, 0x00,
    0x00, 0xA0, 0xFF, 0x0B, 0x00, 0xF7, 0xFF, 0x07, 0x20, 0xFB, 0x9F, 0xF6, 0xDF, 0x04, 0x00, 0xC4,
    0xFF, 0x9F, 0x00, 0x00, 0x00, 0xE0, 0xFF, 0x08, 0x00, 0xB0, 0xFF, 0xFF, 0xFE, 0xFF, 0x2F, 0x90,
    0xFF, 0xFF, 0xFE, 0xFF, 0xFF, 0x0D, 0x00, 0x00, 0x00, 0xF3, 0xFF, 0x04, 0x00, 0x00, 0xFA, 0xFF,
    0xFF, 0xFF, 0x06, 0x00, 0xF8, 0xFF, 0xFF, 0xFF, 0xCF, 0x01, 0x00, 0x00, 0x00, 0xF8, 0xFF, 0x00,
    0x00, 0x00, 0x40, 0xEB, 0xEF, 0x3B, 0x00, 0x00, 0x20, 0xD9, 0xFF, 0xBE, 0x05, 0x00, 0x00, 0x00,
    0x00, 0xFE, 0xAF, 0x00, 0x00, 0x00, 0x00, 0x00, 0x00, 0x00, 0x00, 0x00, 0x00, 0x00, 0x00, 0x00,
    0x00, 0x00, 0x00, 0x00, 0x80, 0xFF, 0x3F, 0x00, 0x00, 0x00, 0x00, 0x00, 0x00, 0x00, 0x00, 0x00,
    0x00, 0x00, 0x00, 0x00, 0x00, 0x00, 0x00, 0x00, 0xF3, 0xFF, 0x0B, 0x00, 0x00, 0x00, 0x00, 0x00,
    0x00, 0x00, 0x00, 0x00, 0x00, 0x00, 0x00, 0x00, 0x00, 0x00, 0x00, 0x10, 0xFE, 0xFF, 0x02, 0x00,
    0x00, 0x00, 0x00, 0x00, 0x00, 0x00, 0x00, 0x00, 0x00, 0x00, 0x00, 0x00, 0x00, 0x00, 0x00, 0xD2,
    0xFF, 0x6F, 0x00, 0x00, 0x00, 0x00, 0x00, 0x00, 0x00, 0x00, 0x00, 0x00, 0x00, 0x00, 0x00, 0x00,
    0x00, 0x00, 0x60, 0xFF, 0xFF, 0x09, 0x00, 0x00, 0x00, 0x00, 0x00, 0x00, 0x30, 0x9E, 0x05, 0x00,
    0x00, 0x00, 0x00, 0x00, 0x00, 0x50, 0xFC, 0xFF, 0x9F, 0x00, 0x00, 0x00, 0x00, 0x00, 0x00, 0x00,
    0x30, 0xFF, 0xFF, 0x9C, 0x46, 0x12, 0x11, 0x42, 0xA7, 0xFF, 0xFF, 0xFF, 0x06, 0x00, 0x00, 0x00,
    0x00, 0x00, 0x00, 0x00, 0x30, 0xFF, 0xFF, 0xFF, 0xFF, 0xFF, 0xFF, 0xFF, 0xFF, 0xFF, 0xFF, 0x2B,
    0x00, 0x00, 0x00, 0x00, 0x00, 0x00, 0x00, 0x00, 0x00, 0x93, 0xFE, 0xFF, 0xFF, 0xFF, 0xFF, 0xFF,
    0xFF, 0xFF, 0x3A, 0x00, 0x00, 0x00, 0x00, 0x00, 0x00, 0x00, 0x00, 0x00, 0x00, 0x00, 0x20, 0x96,
    0xDC, 0xFF, 0xFF, 0xDE, 0x8B, 0x04, 0x00, 0x00, 0x00, 0x00, 0x00, 0x00, 0x00, 0x00, 0x00, 0x00,
    0x00, 0x00, 0x00, 0xFE, 0xFF, 0x03, 0x00, 0x00, 0x00, 0x00, 0x00, 0x00, 0x00, 0x00, 0x00, 0x00,
    0x00, 0x00, 0x40, 0xFF, 0xFF, 0x09, 0x00, 0x00, 0x00, 0x00, 0x00, 0x00, 0x00, 0x00, 0x00, 0x00,
    0x00, 0x00, 0xA0, 0xFF, 0xFF, 0x0F, 0x00, 0x00, 0x00, 0x00, 0x00, 0x00, 0x00, 0x00, 0x00, 0x00,
    0x00, 0x00, 0xF1, 0xFF, 0xFF, 0x6F, 0x00, 0x00, 0x00, 0x00, 0x00, 0x00, 0x00, 0x00, 0x00, 0x00,
    0x00, 0x00, 0xF7, 0xFF, 0xFD, 0xCF, 0x00, 0x00, 0x00, 0x00, 0x00, 0x00, 0x00, 0x00, 0x00, 0x00,
    0x00, 0x00, 0xFD, 0xEF, 0xF7, 0xFF, 0x02, 0x00, 0x00, 0x00, 0x00, 0x00, 0x00, 0x00, 0x00, 0x00,
    0x00, 0x30, 0xFF, 0x9F, 0xF2, 0xFF, 0x08, 0x00, 0x00, 0x00, 0x00, 0x00, 0x00, 0x00, 0x00, 0x00,
    0x00, 0x90, 0xFF, 0x4F, 0xE0, 0xFF, 0x0E, 0x00, 0x00, 0x00, 0x00, 0x00, 0x00, 0x00, 0x00, 0x00,
    0x00, 0xF0, 0xFF, 0x0E, 0x90, 0xFF, 0x5F, 0x00, 0x00, 0x00, 0x00, 0x00, 0x00, 0x00, 0x00, 0x00,
    0x00, 0xF5, 0xFF, 0x09, 0x40, 0xFF, 0xBF, 0x00, 0x00, 0x00, 0x00, 0x00, 0x00, 0x00, 0x00, 0x00,
    0x00, 0xFB, 0xFF, 0x04, 0x00, 0xFE, 0xFF, 0x01, 0x00, 0x00, 0x00, 0x00, 0x00, 0x00, 0x00, 0x00,
    0x20, 0xFF, 0xEF, 0x00, 0x00, 0xF8, 0xFF, 0x07, 0x00, 0x00, 0x00, 0x00, 0x00, 0x00, 0x00, 0x00,
    0x80, 0xFF, 0x8F, 0x00, 0x00, 0xF3, 0xFF, 0x0E, 0x00, 0x00, 0x00, 0x00, 0x00, 0x00, 0x00, 0x00,
    0xE0, 0xFF, 0x3F, 0x00, 0x00, 0xD0, 0xFF, 0x4F, 0x00, 0x00, 0x00, 0x00, 0x00, 0x00, 0x00, 0x00,
    0xF4, 0xFF, 0x0D, 0x00, 0x00, 0x70, 0xFF, 0xAF, 0x00, 0x00, 0x00, 0x00, 0x00, 0x00, 0x00, 0x00,
    0xFA, 0xFF, 0x07, 0x00, 0x00, 0x10, 0xFF, 0xFF, 0x01, 0x00, 0x00, 0x00, 0x00, 0x00, 0x00, 0x10,
    0xFF, 0xFF, 0x01, 0x00, 0x00, 0x00, 0xFB, 0xFF, 0x06, 0x00, 0x00, 0x00, 0x00, 0x00, 0x00, 0x70,
    0xFF, 0xCF, 0x00, 0x00, 0x00, 0x00, 0xF5, 0xFF, 0x0D, 0x00, 0x00, 0x00, 0x00, 0x00, 0x00, 0xD0,
    0xFF, 0x6F, 0x00, 0x00, 0x00, 0x00, 0xF0, 0xFF, 0x3F, 0x00, 0x00, 0x00, 0x00, 0x00, 0x00, 0xF3,
    0xFF, 0x1F, 0x00, 0x00, 0x00, 0x00, 0xA0, 0xFF, 0x9F, 0x00, 0x00, 0x00, 0x00, 0x00, 0x00, 0xF9,
    0xFF, 0x0A, 0x00, 0x00, 0x00, 0x00, 0x40, 0xFF, 0xFF, 0x00, 0x00, 0x00, 0x00, 0x00, 0x00, 0xFF,
    0xFF, 0xBD, 0xBB, 0xBB, 0xBB, 0xBB, 0xBB, 0xFF, 0xFF, 0x06, 0x00, 0x00, 0x00, 0x00, 0x50, 0xFF,
    0xFF, 0xFF, 0xFF, 0xFF, 0xFF, 0xFF, 0xFF, 0xFF, 0xFF, 0x0C, 0x00, 0x00, 0x00, 0x00, 0xC0, 0xFF,
    0xFF, 0xFF, 0xFF, 0xFF, 0xFF, 0xFF, 0xFF, 0xFF, 0xFF, 0x2F, 0x00, 0x00, 0x00, 0x00, 0xF2, 0xFF,
    0xFF, 0xFF, 0xFF, 0xFF, 0xFF, 0xFF, 0xFF, 0xFF, 0xFF, 0x8F, 0x00, 0x00, 0x00, 0x00, 0xF8, 0xFF,
    0x0E, 0x00, 0x00, 0x00, 0x00, 0x00, 0x00, 0x50, 0xFF, 0xEF, 0x00, 0x00, 0x00, 0x00, 0xFE, 0xFF,
    0x08, 0x00, 0x00, 0x00, 0x00, 0x00, 0x00, 0x00, 0xFE, 0xFF, 0x05, 0x00, 0x00, 0x40, 0xFF, 0xFF,
    0x02, 0x00, 0x00, 0x00, 0x00, 0x00, 0x00, 0x00, 0xF9, 0xFF, 0x0B, 0x00, 0x00, 0xA0, 0xFF, 0xBF,
    0x00, 0x00, 0x00, 0x00, 0x00, 0x00, 0x00, 0x00, 0xF2, 0xFF, 0x1F, 0x00, 0x00, 0xF1, 0xFF, 0x5F,
    0x00, 0x00, 0x00, 0x00, 0x00, 0x00, 0x00, 0x00, 0xC0, 0xFF, 0x7F, 0x00, 0x00, 0xF7, 0xFF, 0x0E,
    0x00, 0x00, 0x00, 0x00, 0x00, 0x00, 0x00, 0x00, 0x60, 0xFF, 0xDF, 0x00, 0x00, 0xFD, 0xFF, 0x08,
    0x00, 0x00, 0x00, 0x00, 0x00, 0x00, 0x00, 0x00, 0x00, 0xFF, 0xFF, 0x04, 0x30, 0xFF, 0xFF, 0x02,
    0x00, 0x00, 0x00, 0x00, 0x00, 0x00, 0x00, 0x00, 0x00, 0xF9, 0xFF, 0x0A, 0x90, 0xFF, 0xBF, 0x00,
    0x00, 0x00, 0x00, 0x00, 0x00, 0x00, 0x00, 0x00, 0x00, 0xF3, 0xFF, 0x1F, 0xF0, 0xFF, 0x5F, 0x00,
    0x00, 0x00, 0x00, 0x00, 0x00, 0x00, 0x00, 0x00, 0x00, 0xC0, 0xFF, 0x6F, 0xF5, 0xFF, 0x0E, 0x00,
    0x00, 0x00, 0x00, 0x00, 0x00, 0x00, 0x00, 0x00, 0x00, 0x60, 0xFF, 0xCF, 0x00, 0x00, 0x00, 0x10,
    0x85, 0xDB, 0xFE, 0xFF, 0xFF, 0xFF, 0xFF, 0xFF, 0x1F, 0x00, 0x00, 0x40, 0xFB, 0xFF, 0xFF, 0xFF,
    0xFF, 0xFF, 0xFF, 0xFF, 0xFF, 0x1F, 0x00, 0x00, 0xFA, 0xFF, 0xFF, 0xFF, 0xFF, 0xFF, 0xFF, 0xFF,
    0xFF, 0xFF, 0x1F, 0x00, 0xB0, 0xFF, 0xFF, 0xFF, 0xCE, 0x9A, 0x88, 0x88, 0x88, 0xF8, 0xFF, 0x1F,
    0x00, 0xF6, 0xFF, 0xFF, 0x3A, 0x00, 0x00, 0x00, 0x00, 0x00, 0xF0, 0xFF, 0x1F, 0x00, 0xFD, 0xFF,
    0x5F, 0x00, 0x00, 0x00, 0x00, 0x00, 0x00, 0xF0, 0xFF, 0x1F, 0x20, 0xFF, 0xFF, 0x08, 0x00, 0x00,
    0x00, 0x00, 0x00, 0x00, 0xF0, 0xFF, 0x1F, 0x50, 0xFF, 0xFF, 0x02, 0x00, 0x00, 0x00, 0x00, 0x00,
    0x00, 0xF0, 0xFF, 0x1F, 0x60, 0xFF, 0xEF, 0x00, 0x00, 0x00, 0x00, 0x00, 0x00, 0x00, 0xF0, 0xFF,
    0x1F, 0x60, 0xFF, 0xEF, 0x00, 0x00, 0x00, 0x00, 0x00, 0x00, 0x00, 0xF0, 0xFF, 0x1F, 0x40, 0xFF,
    0xFF, 0x00, 0x00, 0x00, 0x00, 0x00, 0x00, 0x00, 0xF0, 0xFF, 0x1F, 0x10, 0xFF, 0xFF, 0x02, 0x00,
    0x00, 0x00, 0x00, 0x00, 0x00, 0xF0, 0xFF, 0x1F, 0x00, 0xFB, 0xFF, 0x09, 0x00, 0x00, 0x00, 0x00,
    0x00, 0x00, 0xF0, 0xFF, 0x1F, 0x00, 0xF2, 0xFF, 0x4F, 0x00, 0x00, 0x00, 0x00, 0x00, 0x00, 0xF0,
    0xFF, 0x1F, 0x00, 0x50, 0xFF, 0xFF, 0x18, 0x00, 0x00, 0x00, 0x00, 0x00, 0xF0, 0xFF, 0x1F, 0x00,
    0x00, 0xE4, 0xFF, 0xFF, 0xAD, 0x88, 0x88, 0x88, 0x88, 0xF8, 0xFF, 0x1F, 0x00, 0x00, 0x00, 0xB6,
    0xFF, 0xFF, 0xFF, 0xFF, 0xFF, 0xFF, 0xFF, 0xFF, 0x1F, 0x00, 0x00, 0x00, 0xA5, 0xFE, 0xFF, 0xFF,
    0xFF, 0xFF, 0xFF, 0xFF, 0xFF, 0x1F, 0x00, 0x10, 0xF9, 0xFF, 0xFF, 0xFF, 0xFF, 0xFF, 0xFF, 0xFF,
    0xFF, 0xFF, 0x1F, 0x00, 0xE3, 0xFF, 0xFF, 0x7D, 0x24, 0x00, 0x00, 0x00, 0x00, 0xF0, 0xFF, 0x1F,
    0x10, 0xFE, 0xFF, 0x5E, 0x00, 0x00, 0x00, 0x00, 0x00, 0x00, 0xF0, 0xFF, 0x1F, 0xA0, 0xFF, 0xFF,
    0x02, 0x00, 0x00, 0x00, 0x00, 0x00, 0x00, 0xF0, 0xFF, 0x1F, 0xF1, 0xFF, 0x7F, 0x00, 0x00, 0x00,
    0x00, 0x00, 0x00, 0x00, 0xF0, 0xFF, 0x1F, 0xF6, 0xFF, 0x1F, 0x00, 0x00, 0x00, 0x00, 0x00, 0x00,
    0x00, 0xF0, 0xFF, 0x1F, 0xF8, 0xFF, 0x0E, 0x00, 0x00, 0x00, 0x00, 0x00, 0x00, 0x00, 0xF0, 0xFF,
    0x1F, 0xF9, 0xFF, 0x0D, 0x00, 0x00, 0x00, 0x00, 0x00, 0x00, 0x00, 0xF0, 0xFF, 0x1F, 0xF9, 0xFF,
    0x0E, 0x00, 0x00, 0x00, 0x00, 0x00, 0x00, 0x00, 0xF0, 0xFF, 0x1F, 0xF7, 0xFF, 0x1F, 0x00, 0x00,
    0x00, 0x00, 0x00, 0x00, 0x00, 0xF0, 0xFF, 0x1F, 0xF4, 0xFF, 0x6F, 0x00, 0x00, 0x00, 0x00, 0x00,
    0x00, 0x00, 0xF0, 0xFF, 0x1F, 0xF0, 0xFF, 0xEF, 0x00, 0x00, 0x00, 0x00, 0x00, 0x00, 0x00, 0xF0,
    0xFF, 0x1F, 0x90, 0xFF, 0xFF, 0x0B, 0x00, 0x00, 0x00, 0x00, 0x00, 0x00, 0xF0, 0xFF, 0x1F, 0x10,
    0xFE, 0xFF, 0xDF, 0x05, 0x00, 0x00, 0x00, 0x00, 0x00, 0xF0, 0xFF, 0x1F, 0x00, 0xF3, 0xFF, 0xFF,
    0xFF, 0xAC, 0x89, 0x88, 0x88, 0x88, 0xF9, 0xFF, 0x1F, 0x00, 0x30, 0xFD, 0xFF, 0xFF, 0xFF, 0xFF,
    0xFF, 0xFF, 0xFF, 0xFF, 0xFF, 0x1F, 0x00, 0x00, 0x70, 0xFE, 0xFF, 0xFF, 0xFF, 0xFF, 0xFF, 0xFF,
    0xFF, 0xFF, 0x1F, 0x00, 0x00, 0x00, 0x40, 0xB8, 0xFE, 0xFF, 0xFF, 0xFF, 0xFF, 0xFF, 0xFF, 0x1F,
    0x00, 0x00, 0x20, 0x64, 0x77, 0x67, 0x35, 0x00, 0x00, 0x00, 0x00, 0x00, 0x00, 0x00, 0x10, 0xB6,
    0xFE, 0xFF, 0xFF, 0xFF, 0xFF, 0xBF, 0x06, 0x00, 0x00, 0x00, 0x00, 0x00, 0xF9, 0xFF, 0xFF, 0xFF,
    0xFF, 0xFF, 0xFF, 0xFF, 0xFF, 0x07, 0x00, 0x00, 0x00, 0x00, 0xF8, 0xFF, 0xFF, 0xFF, 0xFF, 0xFF,
    0xFF, 0xFF, 0xFF, 0xDF, 0x03, 0x00, 0x00, 0x00, 0xF1, 0xFF, 0xBF, 0x57, 0x23, 0x32, 0x96, 0xFE,
    0xFF, 0xFF, 0x5F, 0x00, 0x00, 0x00, 0x90, 0x5C, 0x00, 0x00, 0x00, 0x00, 0x00, 0x50, 0xFD, 0xFF,
    0xFF, 0x05, 0x00, 0x00, 0x00, 0x00, 0x00, 0x00, 0x00, 0x00, 0x00, 0x00, 0x90, 0xFF, 0xFF, 0x3F,
    0x00, 0x00, 0x00, 0x00, 0x00, 0x00, 0x00, 0x00, 0x00, 0x00, 0x00, 0xF7, 0xFF, 0xDF, 0x00, 0x00,
    0x00, 0x00, 0x00, 0x00, 0x00, 0x00, 0x00, 0x00, 0x00, 0x80, 0xFF, 0xFF, 0x07, 0x00, 0x00, 0x00,
    0x00, 0x00, 0x00, 0x00, 0x00, 0x00, 0x00, 0x00, 0xFD, 0xFF, 0x1F, 0x00, 0x00, 0x00, 0x00, 0x00,
    0x00, 0x00, 0x00, 0x00, 0x00, 0x00, 0xF4, 0xFF, 0x7F, 0x00, 0x00, 0x00, 0x00, 0x00, 0x00, 0x00,
    0x00, 0x00, 0x00, 0x00, 0xC0, 0xFF, 0xDF, 0x00, 0x00, 0x00, 0x00, 0x00, 0x00, 0x00, 0x00, 0x00,
    0x00, 0x00, 0x60, 0xFF, 0xFF, 0x01, 0x00, 0x00, 0x00, 0x00, 0x00, 0x00, 0x00, 0x00, 0x00, 0x00,
    0x10, 0xFF, 0xFF, 0x05, 0x00, 0x00, 0x00, 0x00, 0x00, 0x00, 0x00, 0x00, 0x00, 0x00, 0x00, 0xFD,
    0xFF, 0x09, 0x00, 0x00, 0x00, 0x00, 0x00, 0x00, 0x00, 0x00, 0x00, 0x00, 0x00, 0xFA, 0xFF, 0x0B,
    0x00, 0x00, 0x00, 0x00, 0x00, 0x00, 0x00, 0x00, 0x00, 0x00, 0x00, 0xF8, 0xFF, 0x0D, 0x00, 0x00,
    0x00, 0x00, 0x00, 0x00, 0x00, 0x00, 0x00, 0x00, 0x00, 0xF7, 0xFF, 0x0E, 0x00, 0x00, 0x00, 0x00,
    0x00, 0x00, 0x00, 0x00, 0x00, 0x00, 0x00, 0xF7, 0xFF, 0x0F, 0x00, 0x00, 0x00, 0x00, 0x00, 0x00,
    0x00, 0x00, 0x00, 0x00, 0x00, 0xF6, 0xFF, 0x0F, 0x00, 0x00, 0x00, 0x00, 0x00, 0x00, 0x00, 0x00,
    0x00, 0x00, 0x00, 0xF7, 0xFF, 0x0E, 0x00, 0x00, 0x00, 0x00, 0x00, 0x00, 0x00, 0x00, 0x00, 0x00,
    0x00, 0xF8, 0xFF, 0x0D, 0x00, 0x00, 0x00, 0x00, 0x00, 0x00, 0x00, 0x00, 0x00, 0x00, 0x00, 0xFA,
    0xFF, 0x0C, 0x00, 0x00, 0x00, 0x00, 0x00, 0x00, 0x00, 0x00, 0x00, 0x00, 0x00, 0xFD, 0xFF, 0x09,
    0x00, 0x00, 0x00, 0x00, 0x00, 0x00, 0x00, 0x00, 0x00, 0x00, 0x10, 0xFF, 0xFF, 0x07, 0x00, 0x00,
    0x00, 0x00, 0x00, 0x00, 0x00, 0x00, 0x00, 0x00, 0x50, 0xFF, 0xFF, 0x03, 0x00, 0x00, 0x00, 0x00,
    0x00, 0x00, 0x00, 0x00, 0x00, 0x00, 0xB0, 0xFF, 0xFF, 0x00, 0x00, 0x00, 0x00, 0x00, 0x00, 0x00,
    0x00, 0x00, 0x00, 0x00, 0xF2, 0xFF, 0xAF, 0x00, 0x00, 0x00, 0x00, 0x00, 0x00, 0x00, 0x00, 0x00,
    0x00, 0x00, 0xFA, 0xFF, 0x4F, 0x00, 0x00, 0x00, 0x00, 0x00, 0x00, 0x00, 0x00, 0x00, 0x00, 0x50,
    0xFF, 0xFF, 0x0C, 0x00, 0x00, 0x00, 0x00, 0x00, 0x00, 0x00, 0x00, 0x00, 0x00, 0xF3, 0xFF, 0xFF,
    0x04, 0x00, 0x00, 0x00, 0x00, 0x00, 0x00, 0x00, 0x00, 0x00, 0x50, 0xFF, 0xFF, 0x9F, 0x00, 0x00,
    0x40, 0x03, 0x00, 0x00, 0x00, 0x00, 0x00, 0x30, 0xFB, 0xFF, 0xFF, 0x0C, 0x00, 0x00, 0xA0, 0xFF,
    0x8C, 0x46, 0x22, 0x32, 0x85, 0xFC, 0xFF, 0xFF, 0xCF, 0x01, 0x00, 0x00, 0xA0, 0xFF, 0xFF, 0xFF,
    0xFF, 0xFF, 0xFF, 0xFF, 0xFF, 0xFF, 0x0A, 0x00, 0x00, 0x00, 0xA0, 0xFF, 0xFF, 0xFF, 0xFF, 0xFF,
    0xFF, 0xFF, 0xFF, 0x5D, 0x00, 0x00, 0x00, 0x00, 0x10, 0xB7, 0xFF, 0xFF, 0xFF, 0xFF, 0xFF, 0xEF,
    0x4A, 0x00, 0x00, 0x00, 0x00, 0x00, 0x00, 0x00, 0x20, 0x64, 0x77, 0x78, 0x56, 0x02, 0x00, 0x00,
    0x00, 0x00, 0x00, 0x00, 0x00, 0x00, 0x00, 0x00, 0x00, 0x00, 0x84, 0xDB, 0xFE, 0xFF, 0xFF, 0xFF,
    0xFF, 0xFF, 0x1F, 0x00, 0x00, 0x00, 0x00, 0x30, 0xFA, 0xFF, 0xFF, 0xFF, 0xFF, 0xFF, 0xFF, 0xFF,
    0xFF, 0x1F, 0x00, 0x00, 0x00, 0x20, 0xFB, 0xFF, 0xFF, 0xFF, 0xFF, 0xFF, 0xFF, 0xFF, 0xFF, 0xFF,
    0x1F, 0x00, 0x00, 0x00, 0xF6, 0xFF, 0xFF, 0xFF, 0xCF, 0x9A, 0x88, 0x88, 0x88, 0xF8, 0xFF, 0x1F,
    0x00, 0x00, 0x70, 0xFF, 0xFF, 0xFF, 0x49, 0x00, 0x00, 0x00, 0x00, 0x00, 0xF0, 0xFF, 0x1F, 0x00,
    0x00, 0xF6, 0xFF, 0xFF, 0x19, 0x00, 0x00, 0x00, 0x00, 0x00, 0x00, 0xF0, 0xFF, 0x1F, 0x00, 0x30,
    0xFF, 0xFF, 0x5F, 0x00, 0x00, 0x00, 0x00, 0x00, 0x00, 0x00, 0xF0, 0xFF, 0x1F, 0x00, 0xD0, 0xFF,
    0xFF, 0x04, 0x00, 0x00, 0x00, 0x00, 0x00, 0x00, 0x00, 0xF0, 0xFF, 0x1F, 0x00, 0xF5, 0xFF, 0x8F,
    0x00, 0x00, 0x00, 0x00, 0x00, 0x00, 0x00, 0x00, 0xF0, 0xFF, 0x1F, 0x00, 0xFD, 0xFF, 0x0D, 0x00,
    0x00, 0x00, 0x00, 0x00, 0x00, 0x00, 0x00, 0xF0, 0xFF, 0x1F, 0x20, 0xFF, 0xFF, 0x06, 0x00, 0x00,
    0x00, 0x00, 0x00, 0x00, 0x00, 0x00, 0xF0, 0xFF, 0x1F, 0x70, 0xFF, 0xFF, 0x01, 0x00, 0x00, 0x00,
    0x00, 0x00, 0x00, 0x00, 0x00, 0xF0, 0xFF, 0x1F, 0xB0, 0xFF, 0xBF, 0x00, 0x00, 0x00, 0x00, 0x00,
    0x00, 0x00, 0x00, 0x00, 0xF0, 0xFF, 0x1F, 0xE0, 0xFF, 0x8F, 0x00, 0x00, 0x00, 0x00, 0x00, 0x00,
    0x00, 0x00, 0x00, 0xF0, 0xFF, 0x1F, 0xF0, 0xFF, 0x5F, 0x00, 0x00, 0x00, 0x00, 0x00, 0x00, 0x00,
    0x00, 0x00, 0xF0, 0xFF, 0x1F, 0xF2, 0xFF, 0x3F, 0x00, 0x00, 0x00, 0x00, 0x00, 0x00, 0x00, 0x00,
    0x00, 0xF0, 0xFF, 0x1F, 0xF3, 0xFF, 0x2F, 0x00, 0x00, 0x00, 0x00, 0x00, 0x00, 0x00, 0x00, 0x00,
    0xF0, 0xFF, 0x1F, 0xF3, 0xFF, 0x2F, 0x00, 0x00, 0x00, 0x00, 0x00, 0x00, 0x00, 0x00, 0x00, 0xF0,
    0xFF, 0x1F, 0xF3, 0xFF, 0x2F, 0x00, 0x00, 0x00, 0x00, 0x00, 0x00, 0x00, 0x00, 0x00, 0xF0, 0xFF,
    0x1F, 0xF2, 0xFF, 0x3F, 0x00, 0x00, 0x00, 0x00, 0x00, 0x00, 0x00, 0x00, 0x00, 0xF0, 0xFF, 0x1F,
    0xF1, 0xFF, 0x4F, 0x00, 0x00, 0x00, 0x00, 0x00, 0x00, 0x00, 0x00, 0x00, 0xF0, 0xFF, 0x1F, 0xF0,
    0xFF, 0x6F, 0x00, 0x00, 0x00, 0x00, 0x00, 0x00, 0x00, 0x00, 0x00, 0xF0, 0xFF, 0x1F, 0xD0, 0xFF,
    0x9F, 0x00, 0x00, 0x00, 0x00, 0x00, 0x00, 0x00, 0x00, 0x00, 0xF0, 0xFF, 0x1F, 0x90, 0xFF, 0xEF,
    0x00, 0x00, 0x00, 0x00, 0x00, 0x00, 0x00, 0x00, 0x00, 0xF0, 0xFF, 0x1F, 0x50, 0xFF, 0xFF, 0x03,
    0x00, 0x00, 0x00, 0x00, 0x00, 0x00, 0x00, 0x00, 0xF0, 0xFF, 0x1F, 0x10, 0xFF, 0xFF, 0x09, 0x00,
    0x00, 0x00, 0x00, 0x00, 0x00, 0x00, 0x00, 0xF0, 0xFF, 0x1F, 0x00, 0xFA, 0xFF, 0x2F, 0x00, 0x00,
    0x00, 0x00, 0x00, 0x00, 0x00, 0x00, 0xF0, 0xFF, 0x1F, 0x00, 0xF3, 0xFF, 0xCF, 0x00, 0x00, 0x00,
    0x00, 0x00, 0x00, 0x00, 0x00, 0xF0, 0xFF, 0x1F, 0x00, 0x90, 0xFF, 0xFF, 0x09, 0x00, 0x00, 0x00,
    0x00, 0x00, 0x00, 0x00, 0xF0, 0xFF, 0x1F, 0x00, 0x10, 0xFE, 0xFF, 0xAF, 0x00, 0x00, 0x00, 0x00,
    0x00, 0x00, 0x00, 0xF0, 0xFF, 0x1F, 0x00, 0x00, 0xF3, 0xFF, 0xFF, 0x5D, 0x00, 0x00, 0x00, 0x00,
    0x00, 0x00, 0xF0, 0xFF, 0x1F, 0x00, 0x00, 0x40, 0xFF, 0xFF, 0xFF, 0x7D, 0x03, 0x00, 0x00, 0x00,
    0x00, 0xF0, 0xFF, 0x1F, 0x00, 0x00, 0x00, 0xD2, 0xFF, 0xFF, 0xFF, 0xFF, 0xAC, 0x99, 0x99, 0x99,
    0xF9, 0xFF, 0x1F, 0x00, 0x00, 0x00, 0x00, 0xF7, 0xFF, 0xFF, 0xFF, 0xFF, 0xFF, 0xFF, 0xFF, 0xFF,
    0xFF, 0x1F, 0x00, 0x00, 0x00, 0x00, 0x10, 0xD7, 0xFF, 0xFF, 0xFF, 0xFF, 0xFF, 0xFF, 0xFF, 0xFF,
    0x1F, 0x00, 0x00, 0x00, 0x00, 0x00, 0x00, 0x62, 0xC9, 0xFD, 0xFF, 0xFF, 0xFF, 0xFF, 0xFF, 0x1F,
    0xFC, 0xFF, 0xFF, 0xFF, 0xFF, 0xFF, 0xFF, 0xFF, 0xFF, 0xFF, 0x01, 0xFC, 0xFF, 0xFF, 0xFF, 0xFF,
    0xFF, 0xFF, 0xFF, 0xFF, 0xFF, 0x01, 0xFC, 0xFF, 0xFF, 0xFF, 0xFF, 0xFF, 0xFF, 0xFF, 0xFF, 0xFF,
    0x01, 0xA7, 0xAA, 0xAA, 0xAA, 0xAA, 0xAA, 0xAA, 0xAA, 0xFF, 0xFF, 0x01, 0x00, 0x00, 0x00, 0x00,
    0x00, 0x00, 0x00, 0x00, 0xFF, 0xFF, 0x01, 0x00, 0x00, 0x00, 0x00, 0x00, 0x00, 0x00, 0x00, 0xFF,
    0xFF, 0x01, 0x00, 0x00, 0x00, 0x00, 0x00, 0x00, 0x00, 0x00, 0xFF, 0xFF, 0x01, 0x00, 0x00, 0x00,
    0x00, 0x00, 0x00, 0x00, 0x00, 0xFF, 0xFF, 0x01, 0x00, 0x00, 0x00, 0x00, 0x00, 0x00, 0x00, 0x00,
    0xFF, 0xFF, 0x01, 0x00, 0x00, 0x00, 0x00, 0x00, 0x00, 0x00, 0x00, 0xFF, 0xFF, 0x01, 0x00, 0x00,
    0x00, 0x00, 0x00, 0x00, 0x00, 0x00, 0xFF, 0xFF, 0x01, 0x00, 0x00, 0x00, 0x00, 0x00, 0x00, 0x00,
    0x00, 0xFF, 0xFF, 0x01, 0x00, 0x00, 0x00, 0x00, 0x00, 0x00, 0x00, 0x00, 0xFF, 0xFF, 0x01, 0x00,
    0x00, 0x00, 0x00, 0x00, 0x00, 0x00, 0x00, 0xFF, 0xFF, 0x01, 0x00, 0x00, 0x00, 0x00, 0x00, 0x00,
    0x00, 0x00, 0xFF, 0xFF, 0x01, 0x80, 0x99, 0x99, 0x99, 0x99, 0x99, 0x99, 0x99, 0xFF, 0xFF, 0x01,
    0xD0, 0xFF, 0xFF, 0xFF, 0xFF, 0xFF, 0xFF, 0xFF, 0xFF, 0xFF, 0x01, 0xD0, 0xFF, 0xFF, 0xFF, 0xFF,
    0xFF, 0xFF, 0xFF, 0xFF, 0xFF, 0x01, 0xD0, 0xFF, 0xFF, 0xFF, 0xFF, 0xFF, 0xFF, 0xFF, 0xFF, 0xFF,
    0x01, 0x00, 0x00, 0x00, 0x00, 0x00, 0x00, 0x00, 0x00, 0xFF, 0xFF, 0x01, 0x00, 0x00, 0x00, 0x00,
    0x00, 0x00, 0x00, 0x00, 0xFF, 0xFF, 0x01, 0x00, 0x00, 0x00, 0x00, 0x00, 0x00, 0x00, 0x00, 0xFF,
    0xFF, 0x01, 0x00, 0x00, 0x00, 0x00, 0x00, 0x00, 0x00, 0x00, 0xFF, 0xFF, 0x01, 0x00, 0x00, 0x00,
    0x00, 0x00, 0x00, 0x00, 0x00, 0xFF, 0xFF, 0x01, 0x00, 0x00, 0x00, 0x00, 0x00, 0x00, 0x00, 0x00,
    0xFF, 0xFF, 0x01, 0x00, 0x00, 0x00, 0x00, 0x00, 0x00, 0x00, 0x00, 0xFF, 0xFF, 0x01, 0x00, 0x00,
    0x00, 0x00, 0x00, 0x00, 0x00, 0x00, 0xFF, 0xFF, 0x01, 0x00, 0x00, 0x00, 0x00, 0x00, 0x00, 0x00,
    0x00, 0xFF, 0xFF, 0x01, 0x00, 0x00, 0x00, 0x00, 0x00, 0x00, 0x00, 0x00, 0xFF, 0xFF, 0x01, 0x00,
    0x00, 0x00, 0x00, 0x00, 0x00, 0x00, 0x00, 0xFF, 0xFF, 0x01, 0x00, 0x00, 0x00, 0x00, 0x00, 0x00,
    0x00, 0x00, 0xFF, 0xFF, 0x01, 0x00, 0x00, 0x00, 0x00, 0x00, 0x00, 0x00, 0x00, 0xFF, 0xFF, 0x01,
    0xA7, 0xAA, 0xAA, 0xAA, 0xAA, 0xAA, 0xAA, 0xAA, 0xFF, 0xFF, 0x01, 0xFC, 0xFF, 0xFF, 0xFF, 0xFF,
    0xFF, 0xFF, 0xFF, 0xFF, 0xFF, 0x01, 0xFC, 0xFF, 0xFF, 0xFF, 0xFF, 0xFF, 0xFF, 0xFF, 0xFF, 0xFF,
    0x01, 0xFC, 0xFF, 0xFF, 0xFF, 0xFF, 0xFF, 0xFF, 0xFF, 0xFF, 0xFF, 0x01, 0xFC, 0xFF, 0xFF, 0xFF,
    0xFF, 0xFF, 0xFF, 0xFF, 0xFF, 0xFF, 0x01, 0xFC, 0xFF, 0xFF, 0xFF, 0xFF, 0xFF, 0xFF, 0xFF, 0xFF,
    0xFF, 0x01, 0xFC, 0xFF, 0xFF, 0xFF, 0xFF, 0xFF, 0xFF, 0xFF, 0xFF, 0xFF, 0x01, 0xA7, 0xAA, 0xAA,
    0xAA, 0xAA, 0xAA, 0xAA, 0xAA, 0xFF, 0xFF, 0x01, 0x00, 0x00, 0x00, 0x00, 0x00, 0x00, 0x00, 0x00,
    0xFF, 0xFF, 0x01, 0x00, 0x00, 0x00, 0x00, 0x00, 0x00, 0x00, 0x00, 0xFF, 0xFF, 0x01, 0x00, 0x00,
    0x00, 0x00, 0x00, 0x00, 0x00, 0x00, 0xFF, 0xFF, 0x01, 0x00, 0x00, 0x00, 0x00, 0x00, 0x00, 0x00,
    0x00, 0xFF, 0xFF, 0x01, 0x00, 0x00, 0x00, 0x00, 0x00, 0x00, 0x00, 0x00, 0xFF, 0xFF, 0x01, 0x00,
    0x00, 0x00, 0x00, 0x00, 0x00, 0x00, 0x00, 0xFF, 0xFF, 0x01, 0x00, 0x00, 0x00, 0x00, 0x00, 0x00,
    0x00, 0x00, 0xFF, 0xFF, 0x01, 0x00, 0x00, 0x00, 0x00, 0x00, 0x00, 0x00, 0x00, 0xFF, 0xFF, 0x01,
    0x00, 0x00, 0x00, 0x00, 0x00, 0x00, 0x00, 0x00, 0xFF, 0xFF, 0x01, 0x00, 0x00, 0x00, 0x00, 0x00,
    0x00, 0x00, 0x00, 0xFF, 0xFF, 0x01, 0x00, 0x00, 0x00, 0x00, 0x00, 0x00, 0x00, 0x00, 0xFF, 0xFF,
    0x01, 0x00, 0x00, 0x00, 0x00, 0x00, 0x00, 0x00, 0x00, 0xFF, 0xFF, 0x01, 0x00, 0x00, 0x00, 0x00,
    0x00, 0x00, 0x00, 0x00, 0xFF, 0xFF, 0x01, 0x80, 0xAA, 0xAA, 0xAA, 0xAA, 0xAA, 0xAA, 0xAA, 0xFF,
    0xFF, 0x01, 0xC0, 0xFF, 0xFF, 0xFF, 0xFF, 0xFF, 0xFF, 0xFF, 0xFF, 0xFF, 0x01, 0xC0, 0xFF, 0xFF,
    0xFF, 0xFF, 0xFF, 0xFF, 0xFF, 0xFF, 0xFF, 0x01, 0xC0, 0xFF, 0xFF, 0xFF, 0xFF, 0xFF, 0xFF, 0xFF,
    0xFF, 0xFF, 0x01, 0x00, 0x00, 0x00, 0x00, 0x00, 0x00, 0x00, 0x00, 0xFF, 0xFF, 0x01, 0x00, 0x00,
    0x00, 0x00, 0x00, 0x00, 0x00, 0x00, 0xFF, 0xFF, 0x01, 0x00, 0x00, 0x00, 0x00, 0x00, 0x00, 0x00,
    0x00, 0xFF, 0xFF, 0x01, 0x00, 0x00, 0x00, 0x00, 0x00, 0x00, 0x00, 0x00, 0xFF, 0xFF, 0x01, 0x00,
    0x00, 0x00, 0x00, 0x00, 0x00, 0x00, 0x00, 0xFF, 0xFF, 0x01, 0x00, 0x00, 0x00, 0x00, 0x00, 0x00,
    0x00, 0x00, 0xFF, 0xFF, 0x01, 0x00, 0x00, 0x00, 0x00, 0x00, 0x00, 0x00, 0x00, 0xFF, 0xFF, 0x01,
    0x00, 0x00, 0x00, 0x00, 0x00, 0x00, 0x00, 0x00, 0xFF, 0xFF, 0x01, 0x00, 0x00, 0x00, 0x00, 0x00,
    0x00, 0x00, 0x00, 0xFF, 0xFF, 0x01, 0x00, 0x00, 0x00, 0x00, 0x00, 0x00, 0x00, 0x00, 0xFF, 0xFF,
    0x01, 0x00, 0x00, 0x00, 0x00, 0x00, 0x00, 0x00, 0x00, 0xFF, 0xFF, 0x01, 0x00, 0x00, 0x00, 0x00,
    0x00, 0x00, 0x00, 0x00, 0xFF, 0xFF, 0x01, 0x00, 0x00, 0x00, 0x00, 0x00, 0x00, 0x00, 0x00, 0xFF,
    0xFF, 0x01, 0x00, 0x00, 0x00, 0x00, 0x00, 0x00, 0x00, 0x00, 0xFF, 0xFF, 0x01, 0x00, 0x00, 0x00,
    0x00, 0x00, 0x00, 0x00, 0x00, 0xFF, 0xFF, 0x01, 0x00, 0x00, 0x00, 0x31, 0x65, 0x77, 0x67, 0x25,
    0x00, 0x00, 0x00, 0x00, 0x00, 0x00, 0x00, 0x00, 0x50, 0xDA, 0xFF, 0xFF, 0xFF, 0xFF, 0xFF, 0xCF,
    0x17, 0x00, 0x00, 0x00, 0x00, 0x00, 0xA0, 0xFF, 0xFF, 0xFF, 0xFF, 0xFF, 0xFF, 0xFF, 0xFF, 0xFF,
    0x2A, 0x00, 0x00, 0x00, 0x00, 0xB0, 0xFF, 0xFF, 0xFF, 0xFF, 0xFF, 0xFF, 0xFF, 0xFF, 0xFF, 0xFF,
    0x08, 0x00, 0x00, 0x00, 0x40, 0xFF, 0xFF, 0x9D, 0x46, 0x23, 0x32, 0x85, 0xFC, 0xFF, 0xFF, 0xCF,
    0x01, 0x00, 0x00, 0x00, 0xCD, 0x16, 0x00, 0x00, 0x00, 0x00, 0x00, 0x20, 0xF9, 0xFF, 0xFF, 0x2E,
    0x00, 0x00, 0x00, 0x01, 0x00, 0x00, 0x00, 0x00, 0x00, 0x00, 0x00, 0x20, 0xFC, 0xFF, 0xDF, 0x01,
    0x00, 0x00, 0x00, 0x00, 0x00, 0x00, 0x00, 0x00, 0x00, 0x00, 0x00, 0xB0, 0xFF, 0xFF, 0x0A, 0x00,
    0x00, 0x00, 0x00, 0x00, 0x00, 0x00, 0x00, 0x00, 0x00, 0x00, 0x00, 0xFB, 0xFF, 0x5F, 0x00, 0x00,
    0x00, 0x00, 0x00, 0x00, 0x00, 0x00, 0x00, 0x00, 0x00, 0x00, 0xE1, 0xFF, 0xDF, 0x00, 0x00, 0x00,
    0x00, 0x00, 0x00, 0x00, 0x00, 0x00, 0x00, 0x00, 0x00, 0x50, 0xFF, 0xFF, 0x05, 0x00, 0x00, 0x00,
    0x00, 0x00, 0x00, 0x00, 0x00, 0x00, 0x00, 0x00, 0x00, 0xFD, 0xFF, 0x0B, 0x00, 0x00, 0x00, 0x00,
    0x00, 0x00, 0x00, 0x00, 0x00, 0x00, 0x00, 0x00, 0xF7, 0xFF, 0x1F, 0x00, 0x00, 0x00, 0x00, 0x00,
    0x00, 0x00, 0x00, 0x00, 0x00, 0x00, 0x00, 0xF1, 0xFF, 0x5F, 0x00, 0x00, 0x00, 0x00, 0x00, 0x00,
    0x00, 0x00, 0x00, 0x00, 0x00, 0x00, 0xD0, 0xFF, 0x8F, 0x00, 0x00, 0x00, 0x00, 0x00, 0x00, 0x00,
    0x00, 0x00, 0x00, 0x00, 0x00, 0xA0, 0xFF, 0xBF, 0x00, 0x00, 0x00, 0x00, 0x00, 0x00, 0x00, 0x00,
    0x00, 0x00, 0x00, 0x00, 0x80, 0xFF, 0xDF, 0x00, 0x00, 0x00, 0x00, 0x00, 0x00, 0x00, 0x00, 0x00,
    0x00, 0x00, 0x00, 0x60, 0xFF, 0xEF, 0xFA, 0xFF, 0xFF, 0xFF, 0xFF, 0xFF, 0x0D, 0x00, 0x00, 0x00,
    0x00, 0x00, 0x60, 0xFF, 0xFF, 0xFA, 0xFF, 0xFF, 0xFF, 0xFF, 0xFF, 0x0D, 0x00, 0x00, 0x00, 0x00,
    0x00, 0x60, 0xFF, 0xFF, 0xFA, 0xFF, 0xFF, 0xFF, 0xFF, 0xFF, 0x0D, 0x00, 0x00, 0x00, 0x00, 0x00,
    0x60, 0xFF, 0xEF, 0xFA, 0xFF, 0xBD, 0xBB, 0xBB, 0xBB, 0x09, 0x00, 0x00, 0x00, 0x00, 0x00, 0x70,
    0xFF, 0xDF, 0xFA, 0xFF, 0x08, 0x00, 0x00, 0x00, 0x00, 0x00, 0x00, 0x00, 0x00, 0x00, 0x90, 0xFF,
    0xBF, 0xFA, 0xFF, 0x08, 0x00, 0x00, 0x00, 0x00, 0x00, 0x00, 0x00, 0x00, 0x00, 0xC0, 0xFF, 0x9F,
    0xFA, 0xFF, 0x08, 0x00, 0x00, 0x00, 0x00, 0x00, 0x00, 0x00, 0x00, 0x00, 0xF0, 0xFF, 0x6F, 0xFA,
    0xFF, 0x08, 0x00, 0x00, 0x00, 0x00, 0x00, 0x00, 0x00, 0x00, 0x00, 0xF4, 0xFF, 0x2F, 0xFA, 0xFF,
    0x08, 0x00, 0x00, 0x00, 0x00, 0x00, 0x00, 0x00, 0x00, 0x00, 0xFA, 0xFF, 0x0E, 0xFA, 0xFF, 0x08,
    0x00, 0x00, 0x00, 0x00, 0x00, 0x00, 0x00, 0x00, 0x20, 0xFF, 0xFF, 0x08, 0xFA, 0xFF, 0x08, 0x00,
    0x00, 0x00, 0x00, 0x00, 0x00, 0x00, 0x00, 0xA0, 0xFF, 0xFF, 0x02, 0xFA, 0xFF, 0x08, 0x00, 0x00,
    0x00, 0x00, 0x00, 0x00, 0x00, 0x00, 0xF6, 0xFF, 0xAF, 0x00, 0xFA, 0xFF, 0x08, 0x00, 0x00, 0x00,
    0x00, 0x00, 0x00, 0x00, 0x40, 0xFF, 0xFF, 0x1F, 0x00, 0xFA, 0xFF, 0x08, 0x00, 0x00, 0x00, 0x00,
    0x00, 0x00, 0x00, 0xF7, 0xFF, 0xFF, 0x06, 0x00, 0xFA, 0xFF, 0x08, 0x00, 0x00, 0x00, 0x00, 0x00,
    0x00, 0xD5, 0xFF, 0xFF, 0x8F, 0x00, 0x00, 0xFA, 0xFF, 0xDF, 0x69, 0x24, 0x11, 0x21, 0x63, 0xEA,
    0xFF, 0xFF, 0xFF, 0x08, 0x00, 0x00, 0xFA, 0xFF, 0xFF, 0xFF, 0xFF, 0xFF, 0xFF, 0xFF, 0xFF, 0xFF,
    0xFF, 0x5F, 0x00, 0x00, 0x00, 0xE6, 0xFF, 0xFF, 0xFF, 0xFF, 0xFF, 0xFF, 0xFF, 0xFF, 0xFF, 0x9F,
    0x01, 0x00, 0x00, 0x00, 0x00, 0x73, 0xEB, 0xFF, 0xFF, 0xFF, 0xFF, 0xFF, 0xFF, 0x7C, 0x01, 0x00,
    0x00, 0x00, 0x00, 0x00, 0x00, 0x00, 0x31, 0x65, 0x77, 0x77, 0x57, 0x03, 0x00, 0x00, 0x00, 0x00,
    0x00, 0x00, 0xFF, 0xFF, 0x03, 0x00, 0x00, 0x00, 0x00, 0x00, 0x00, 0x00, 0x00, 0xF0, 0xFF, 0x1F,
    0xFF, 0xFF, 0x03, 0x00, 0x00, 0x00, 0x00, 0x00, 0x00, 0x00, 0x00, 0xF0, 0xFF, 0x1F, 0xFF, 0xFF,
    0x03, 0x00, 0x00, 0x00, 0x00, 0x00, 0x00, 0x00, 0x00, 0xF0, 0xFF, 0x1F, 0xFF, 0xFF, 0x03, 0x00,
    0x00, 0x00, 0x00, 0x00, 0x00, 0x00, 0x00, 0xF0, 0xFF, 0x1F, 0xFF, 0xFF, 0x03, 0x00, 0x00, 0x00,
    0x00, 0x00, 0x00, 0x00, 0x00, 0xF0, 0xFF, 0x1F, 0xFF, 0xFF, 0x03, 0x00, 0x00, 0x00, 0x00, 0x00,
    0x00, 0x00, 0x00, 0xF0, 0xFF, 0x1F, 0xFF, 0xFF, 0x03, 0x00, 0x00, 0x00, 0x00, 0x00, 0x00, 0x00,
    0x00, 0xF0, 0xFF, 0x1F, 0xFF, 0xFF, 0x03, 0x00, 0x00, 0x00, 0x00, 0x00, 0x00, 0x00, 0x00, 0xF0,
    0xFF, 0x1F, 0xFF, 0xFF, 0x03, 0x00, 0x00, 0x00, 0x00, 0x00, 0x00, 0x00, 0x00, 0xF0, 0xFF, 0x1F,
    0xFF, 0xFF, 0x03, 0x00, 0x00, 0x00, 0x00, 0x00, 0x00, 0x00, 0x00, 0xF0, 0xFF, 0x1F, 0xFF, 0xFF,
    0x03, 0x00, 0x00, 0x00, 0x00, 0x00, 0x00, 0x00, 0x00, 0xF0, 0xFF, 0x1F, 0xFF, 0xFF, 0x03, 0x00,
    0x00, 0x00, 0x00, 0x00, 0x00, 0x00, 0x00, 0xF0, 0xFF, 0x1F, 0xFF, 0xFF, 0x03, 0x00, 0x00, 0x00,
    0x00, 0x00, 0x00, 0x00, 0x00, 0xF0, 0xFF, 0x1F, 0xFF, 0xFF, 0x03, 0x00, 0x00, 0x00, 0x00, 0x00,
    0x00, 0x00, 0x00, 0xF0, 0xFF, 0x1F, 0xFF, 0xFF, 0x03, 0x00, 0x00, 0x00, 0x00, 0x00, 0x00, 0x00,
    0x00, 0xF0, 0xFF, 0x1F, 0xFF, 0xFF, 0xAB, 0xAA, 0xAA, 0xAA, 0xAA, 0xAA, 0xAA, 0xAA, 0xAA, 0xFA,
    0xFF, 0x1F, 0xFF, 0xFF, 0xFF, 0xFF, 0xFF, 0xFF, 0xFF, 0xFF, 0xFF, 0xFF, 0xFF, 0xFF, 0xFF, 0x1F,
    0xFF, 0xFF, 0xFF, 0xFF, 0xFF, 0xFF, 0xFF, 0xFF, 0xFF, 0xFF, 0xFF, 0xFF, 0xFF, 0x1F, 0xFF, 0xFF,
    0xFF, 0xFF, 0xFF, 0xFF, 0xFF, 0xFF, 0xFF, 0xFF, 0xFF, 0xFF, 0xFF, 0x1F, 0xFF, 0xFF, 0x03, 0x00,
    0x00, 0x00, 0x00, 0x00, 0x00, 0x00, 0x00, 0xF0, 0xFF, 0x1F, 0xFF, 0xFF, 0x03, 0x00, 0x00, 0x00,
    0x00, 0x00, 0x00, 0x00, 0x00, 0xF0, 0xFF, 0x1F, 0xFF, 0xFF, 0x03, 0x00, 0x00, 0x00, 0x00, 0x00,
    0x00, 0x00, 0x00, 0xF0, 0xFF, 0x1F, 0xFF, 0xFF, 0x03, 0x00, 0x00, 0x00, 0x00, 0x00, 0x00, 0x00,
    0x00, 0xF0, 0xFF, 0x1F, 0xFF, 0xFF, 0x03, 0x00, 0x00, 0x00, 0x00, 0x00, 0x00, 0x00, 0x00, 0xF0,
    0xFF, 0x1F, 0xFF, 0xFF, 0x03, 0x00, 0x00, 0x00, 0x00, 0x00, 0x00, 0x00, 0x00, 0xF0, 0xFF, 0x1F,
    0xFF, 0xFF, 0x03, 0x00, 0x00, 0x00, 0x00, 0x00, 0x00, 0x00, 0x00, 0xF0, 0xFF, 0x1F, 0xFF, 0xFF,
    0x03, 0x00, 0x00, 0x00, 0x00, 0x00, 0x00, 0x00, 0x00, 0xF0, 0xFF, 0x1F, 0xFF, 0xFF, 0x03, 0x00,
    0x00, 0x00, 0x00, 0x00, 0x00, 0x00, 0x00, 0xF0, 0xFF, 0x1F, 0xFF, 0xFF, 0x03, 0x00, 0x00, 0x00,
    0x00, 0x00, 0x00, 0x00, 0x00, 0xF0, 0xFF, 0x1F, 0xFF, 0xFF, 0x03, 0x00, 0x00, 0x00, 0x00, 0x00,
    0x00, 0x00, 0x00, 0xF0, 0xFF, 0x1F, 0xFF, 0xFF, 0x03, 0x00, 0x00, 0x00, 0x00, 0x00, 0x00, 0x00,
    0x00, 0xF0, 0xFF, 0x1F, 0xFF, 0xFF, 0x03, 0x00, 0x00, 0x00, 0x00, 0x00, 0x00, 0x00, 0x00, 0xF0,
    0xFF, 0x1F, 0xFF, 0xFF, 0x03, 0x00, 0x00, 0x00, 0x00, 0x00, 0x00, 0x00, 0x00, 0xF0, 0xFF, 0x1F,
    0xFF, 0xFF, 0x03, 0x00, 0x00, 0x00, 0x00, 0x00, 0x00, 0x00, 0x00, 0xF0, 0xFF, 0x1F, 0xFF, 0xFF,
    0x03, 0x00, 0x00, 0x00, 0x00, 0x00, 0x00, 0x00, 0x00, 0xF0, 0xFF, 0x1F, 0xFF, 0xFF, 0x03, 0x00,
    0x00, 0x00, 0x00, 0x00, 0x00, 0x00, 0x00, 0xF0, 0xFF, 0x1F, 0xF0, 0xFF, 0x1F, 0xF0, 0xFF, 0x1F,
    0xF0, 0xFF, 0x1F, 0xF0, 0xFF, 0x1F, 0xF0, 0xFF, 0x1F, 0xF0, 0xFF, 0x1F, 0xF0, 0xFF, 0x1F, 0xF0,
    0xFF, 0x1F, 0xF0, 0xFF, 0x1F, 0xF0, 0xFF, 0x1F, 0xF0, 0xFF, 0x1F, 0xF0, 0xFF, 0x1F, 0xF0, 0xFF,
    0x1F, 0xF0, 0xFF, 0x1F, 0xF0, 0xFF, 0x1F, 0xF0, 0xFF, 0x1F, 0xF0, 0xFF, 0x1F, 0xF0, 0xFF, 0x1F,
    0xF0, 0xFF, 0x1F, 0xF0, 0xFF, 0x1F, 0xF0, 0xFF, 0x1F, 0xF0, 0xFF, 0x1F, 0xF0, 0xFF, 0x1F, 0xF0,
    0xFF, 0x1F, 0xF0, 0xFF, 0x1F, 0xF0, 0xFF, 0x1F, 0xF0, 0xFF, 0x1F, 0xF0, 0xFF, 0x1F, 0xF0, 0xFF,
    0x1F, 0xF0, 0xFF, 0x1F, 0xF0, 0xFF, 0x1F, 0xF0, 0xFF, 0x1F, 0xF0, 0xFF, 0x1F, 0xF0, 0xFF, 0x1F,
    0xF0, 0xFF, 0x1F, 0xF0, 0xFF, 0x1F, 0xFD, 0xFF, 0x05, 0x00, 0x00, 0x00, 0x00, 0xFD, 0xFF, 0x05,
    0x00, 0x00, 0x00, 0x00, 0xFD, 0xFF, 0x05, 0x00, 0x00, 0x00, 0x00, 0xFD, 0xFF, 0x05, 0x00, 0x00,
    0x00, 0x00, 0xFD, 0xFF, 0x05, 0x00, 0x00, 0x00, 0x00, 0xFD, 0xFF, 0x05, 0x00, 0x00, 0x00, 0x00,
    0xFD, 0xFF, 0x05, 0x00, 0x00, 0x00, 0x00, 0xFD, 0xFF, 0x05, 0x00, 0x00, 0x00, 0x00, 0xFD, 0xFF,
    0x05, 0x00, 0x00, 0x00, 0x00, 0xFD, 0xFF, 0x05, 0x00, 0x00, 0x00, 0x00, 0xFD, 0xFF, 0x05, 0x00,
    0x00, 0x00, 0x00, 0xFD, 0xFF, 0x05, 0x00, 0x00, 0x00, 0x00, 0xFD, 0xFF, 0x05, 0x00, 0x00, 0x00,
    0x00, 0xFD, 0xFF, 0x05, 0x00, 0x00, 0x00, 0x00, 0xFD, 0xFF, 0x05, 0x00, 0x00, 0x00, 0x00, 0xFD,
    0xFF, 0x05, 0x00, 0x00, 0x00, 0x00, 0xFD, 0xFF, 0x05, 0x00, 0x00, 0x00, 0x00, 0xFD, 0xFF, 0x05,
    0x00, 0x00, 0x00, 0x00, 0xFD, 0xFF, 0x05, 0x00, 0x00, 0x00, 0x00, 0xFD, 0xFF, 0x05, 0x00, 0x00,
    0x00, 0x00, 0xFD, 0xFF, 0x05, 0x00, 0x00, 0x00, 0x00, 0xFD, 0xFF, 0x05, 0x00, 0x00, 0x00, 0x00,
    0xFD, 0xFF, 0x05, 0x00, 0x00, 0x00, 0x00, 0xFD, 0xFF, 0x05, 0x00, 0x00, 0x00, 0x00, 0xFD, 0xFF,
    0x05, 0x00, 0x00, 0x00, 0x00, 0xFD, 0xFF, 0x05, 0x00, 0x00, 0x00, 0x00, 0xFD, 0xFF, 0x05, 0x00,
    0x00, 0x00, 0x00, 0xFD, 0xFF, 0x05, 0x00, 0x00, 0x00, 0x00, 0xFD, 0xFF, 0x05, 0x00, 0x00, 0x00,
    0x00, 0xFD, 0xFF, 0x05, 0x00, 0x00, 0x00, 0x00, 0xFD, 0xFF, 0x05, 0x00, 0x00, 0x00, 0x00, 0xFD,
    0xFF, 0x05, 0x00, 0x00, 0x00, 0x00, 0xFD, 0xFF, 0x05, 0x00, 0x00, 0x00, 0x00, 0xFD, 0xFF, 0x05,
    0x00, 0x00, 0x00, 0x00, 0xFD, 0xFF, 0x05, 0x00, 0x00, 0x00, 0x00, 0xFD, 0xFF, 0x05, 0x00, 0x00,
    0x00, 0x00, 0xFC, 0xFF, 0x06, 0x00, 0x00, 0x00, 0x00, 0xFA, 0xFF, 0x08, 0x00, 0x00, 0x00, 0x00,
    0xF7, 0xFF, 0x0D, 0x00, 0x00, 0x00, 0x00, 0xF3, 0xFF, 0x6F, 0x00, 0x00, 0x00, 0x00, 0xC0, 0xFF,
    0xFF, 0x06, 0x00, 0x00, 0x01, 0x30, 0xFF, 0xFF, 0xFF, 0xAB, 0xDB, 0x0F, 0x00, 0xF6, 0xFF, 0xFF,
    0xFF, 0xFF, 0x0F, 0x00, 0x50, 0xFE, 0xFF, 0xFF, 0xFF, 0x0F, 0x00, 0x00, 0x60, 0xEA, 0xFF, 0xCF,
    0x08, 0x90, 0xFF, 0xFF, 0x04, 0x00, 0x00, 0x00, 0x00, 0x00, 0x00, 0x00, 0xFF, 0xFF, 0x01, 0x00,
    0xFB, 0xFF, 0x3F, 0x00, 0x00, 0x00, 0x00, 0x00, 0x00, 0x00, 0xFF, 0xFF, 0x01, 0x00, 0xC0, 0xFF,
    0xEF, 0x02, 0x00, 0x00, 0x00, 0x00, 0x00, 0x00, 0xFF, 0xFF, 0x01, 0x00, 0x10, 0xFD, 0xFF, 0x1D,
    0x00, 0x00, 0x00, 0x00, 0x00, 0x00, 0xFF, 0xFF, 0x01, 0x00, 0x00, 0xE1, 0xFF, 0xCF, 0x00, 0x00,
    0x00, 0x00, 0x00, 0x00, 0xFF, 0xFF, 0x01, 0x00, 0x00, 0x20, 0xFE, 0xFF, 0x0B, 0x00, 0x00, 0x00,
    0x00, 0x00, 0xFF, 0xFF, 0x01, 0x00, 0x00, 0x00, 0xF3, 0xFF, 0xAF, 0x00, 0x00, 0x00, 0x00, 0x00,
    0xFF, 0xFF, 0x01, 0x00, 0x00, 0x00, 0x40, 0xFF, 0xFF, 0x08, 0x00, 0x00, 0x00, 0x00, 0xFF, 0xFF,
    0x01, 0x00, 0x00, 0x00, 0x00, 0xF5, 0xFF, 0x7F, 0x00, 0x00, 0x00, 0x00, 0xFF, 0xFF, 0x01, 0x00,
    0x00, 0x00, 0x00, 0x70, 0xFF, 0xFF, 0x05, 0x00, 0x00, 0x00, 0xFF, 0xFF, 0x01, 0x00, 0x00, 0x00,
    0x00, 0x00, 0xF8, 0xFF, 0x4F, 0x00, 0x00, 0x00, 0xFF, 0xFF, 0x01, 0x00, 0x00, 0x00, 0x00, 0x00,
    0x90, 0xFF, 0xFF, 0x03, 0x00, 0x00, 0xFF, 0xFF, 0x01, 0x00, 0x00, 0x00, 0x00, 0x00, 0x00, 0xFB,
    0xFF, 0x2E, 0x00, 0x00, 0xFF, 0xFF, 0x01, 0x00, 0x00, 0x00, 0x00, 0x00, 0x00, 0xC0, 0xFF, 0xDF,
    0x01, 0x00, 0xFF, 0xFF, 0x01, 0x00, 0x00, 0x00, 0x00, 0x00, 0x00, 0x10, 0xFD, 0xFF, 0x0D, 0x00,
    0xFF, 0xFF, 0x01, 0x00, 0x00, 0x00, 0x00, 0x00, 0x00, 0x00, 0xF1, 0xFF, 0xBF, 0x00, 0xFF, 0xFF,
    0x01, 0x00, 0x00, 0x00, 0x00, 0x00, 0x00, 0x00, 0xF8, 0xFF, 0xFF, 0x0A, 0xFF, 0xFF, 0x01, 0x00,
    0x00, 0x00, 0x00, 0x00, 0x00, 0x40, 0xFF, 0xFF, 0xFF, 0x9F, 0xFF, 0xFF, 0x01, 0x00, 0x00, 0x00,
    0x00, 0x00, 0x00, 0xE1, 0xFF, 0xFF, 0xFC, 0xFF, 0xFF, 0xFF, 0x01, 0x00, 0x00, 0x00, 0x00, 0x00,
    0x00, 0xFA, 0xFF, 0x6F, 0xB0, 0xFF, 0xFF, 0xFF, 0x01, 0x00, 0x00, 0x00, 0x00, 0x00, 0x60, 0xFF,
    0xFF, 0x0A, 0x00, 0xF9, 0xFF, 0xFF, 0x01, 0x00, 0x00, 0x00, 0x00, 0x00, 0xF2, 0xFF, 0xEF, 0x01,
    0x00, 0x80, 0xFF, 0xFF, 0x01, 0x00, 0x00, 0x00, 0x00, 0x00, 0xFD, 0xFF, 0x3F, 0x00, 0x00, 0x00,
    0xFF, 0xFF, 0x01, 0x00, 0x00, 0x00, 0x00, 0x90, 0xFF, 0xFF, 0x07, 0x00, 0x00, 0x00, 0xFF, 0xFF,
    0x01, 0x00, 0x00, 0x00, 0x00, 0xF4, 0xFF, 0xBF, 0x00, 0x00, 0x00, 0x00, 0xFF, 0xFF, 0x01, 0x00,
    0x00, 0x00, 0x10, 0xFE, 0xFF, 0x1E, 0x00, 0x00, 0x00, 0x00, 0xFF, 0xFF, 0x01, 0x00, 0x00, 0x00,
    0xB0, 0xFF, 0xFF, 0x04, 0x00, 0x00, 0x00, 0x00, 0xFF, 0xFF, 0x01, 0x00, 0x00, 0x00, 0xF7, 0xFF,
    0x8F, 0x00, 0x00, 0x00, 0x00, 0x00, 0xFF, 0xFF, 0x01, 0x00, 0x00, 0x30, 0xFF, 0xFF, 0x0C, 0x00,
    0x00, 0x00, 0x00, 0x00, 0xFF, 0xFF, 0x01, 0x00, 0x00, 0xD0, 0xFF, 0xFF, 0x02, 0x00, 0x00, 0x00,
    0x00, 0x00, 0xFF, 0xFF, 0x01, 0x00, 0x00, 0xFA, 0xFF, 0x5F, 0x00, 0x00, 0x00, 0x00, 0x00, 0x00,
    0xFF, 0xFF, 0x01, 0x00, 0x50, 0xFF, 0xFF, 0x09, 0x00, 0x00, 0x00, 0x00, 0x00, 0x00, 0xFF, 0xFF,
    0x01, 0x00, 0xF2, 0xFF, 0xDF, 0x00, 0x00, 0x00, 0x00, 0x00, 0x00, 0x00, 0xFF, 0xFF, 0x01, 0x00,
    0xFC, 0xFF, 0x2F, 0x00, 0x00, 0x00, 0x00, 0x00, 0x00, 0x00, 0xFF, 0xFF, 0x01, 0x80, 0xFF, 0xFF,
    0x06, 0x00, 0x00, 0x00, 0x00, 0x00, 0x00, 0x00, 0xFF, 0xFF, 0x01, 0xF4, 0xFF, 0xAF, 0x00, 0x00,
    0x00, 0x00, 0x00, 0x00, 0x00, 0x00, 0xFF, 0xFF, 0x01, 0x00, 0x00, 0x00, 0x00, 0x00, 0x00, 0x00,
    0x00, 0xFF, 0xFF, 0x01, 0x00, 0x00, 0x00, 0x00, 0x00, 0x00, 0x00, 0x00, 0xFF, 0xFF, 0x01, 0x00,
    0x00, 0x00, 0x00, 0x00, 0x00, 0x00, 0x00, 0xFF, 0xFF, 0x01, 0x00, 0x00, 0x00, 0x00, 0x00, 0x00,
    0x00, 0x00, 0xFF, 0xFF, 0x01, 0x00, 0x00, 0x00, 0x00, 0x00, 0x00, 0x00, 0x00, 0xFF, 0xFF, 0x01,
    0x00, 0x00, 0x00, 0x00, 0x00, 0x00, 0x00, 0x00, 0xFF, 0xFF, 0x01, 0x00, 0x00, 0x00, 0x00, 0x00,
    0x00, 0x00, 0x00, 0xFF, 0xFF, 0x01, 0x00, 0x00, 0x00, 0x00, 0x00, 0x00, 0x00, 0x00, 0xFF, 0xFF,
    0x01, 0x00, 0x00, 0x00, 0x00, 0x00, 0x00, 0x00, 0x00, 0xFF, 0xFF, 0x01, 0x00, 0x00, 0x00, 0x00,
    0x00, 0x00, 0x00, 0x00, 0xFF, 0xFF, 0x01, 0x00, 0x00, 0x00, 0x00, 0x00, 0x00, 0x00, 0x00, 0xFF,
    0xFF, 0x01, 0x00, 0x00, 0x00, 0x00, 0x00, 0x00, 0x00, 0x00, 0xFF, 0xFF, 0x01, 0x00, 0x00, 0x00,
    0x00, 0x00, 0x00, 0x00, 0x00, 0xFF, 0xFF, 0x01, 0x00, 0x00, 0x00, 0x00, 0x00, 0x00, 0x00, 0x00,
    0xFF, 0xFF, 0x01, 0x00, 0x00, 0x00, 0x00, 0x00, 0x00, 0x00, 0x00, 0xFF, 0xFF, 0x01, 0x00, 0x00,
    0x00, 0x00, 0x00, 0x00, 0x00, 0x00, 0xFF, 0xFF, 0x01, 0x00, 0x00, 0x00, 0x00, 0x00, 0x00, 0x00,
    0x00, 0xFF, 0xFF, 0x01, 0x00, 0x00, 0x00, 0x00, 0x00, 0x00, 0x00, 0x00, 0xFF, 0xFF, 0x01, 0x00,
    0x00, 0x00, 0x00, 0x00, 0x00, 0x00, 0x00, 0xFF, 0xFF, 0x01, 0x00, 0x00, 0x00, 0x00, 0x00, 0x00,
    0x00, 0x00, 0xFF, 0xFF, 0x01, 0x00, 0x00, 0x00, 0x00, 0x00, 0x00, 0x00, 0x00, 0xFF, 0xFF, 0x01,
    0x00, 0x00, 0x00, 0x00, 0x00, 0x00, 0x00, 0x00, 0xFF, 0xFF, 0x01, 0x00, 0x00, 0x00, 0x00, 0x00,
    0x00, 0x00, 0x00, 0xFF, 0xFF, 0x01, 0x00, 0x00, 0x00, 0x00, 0x00, 0x00, 0x00, 0x00, 0xFF, 0xFF,
    0x01, 0x00, 0x00, 0x00, 0x00, 0x00, 0x00, 0x00, 0x00, 0xFF, 0xFF, 0x01, 0x00, 0x00, 0x00, 0x00,
    0x00, 0x00, 0x00, 0x00, 0xFF, 0xFF, 0x01, 0x00, 0x00, 0x00, 0x00, 0x00, 0x00, 0x00, 0x00, 0xFF,
    0xFF, 0x01, 0x00, 0x00, 0x00, 0x00, 0x00, 0x00, 0x00, 0x00, 0xFF, 0xFF, 0x01, 0x00, 0x00, 0x00,
    0x00, 0x00, 0x00, 0x00, 0x00, 0xFF, 0xFF, 0x01, 0x00, 0x00, 0x00, 0x00, 0x00, 0x00, 0x00, 0x00,
    0xFF, 0xFF, 0x01, 0x00, 0x00, 0x00, 0x00, 0x00, 0x00, 0x00, 0x00, 0xFF, 0xFF, 0x01, 0x00, 0x00,
    0x00, 0x00, 0x00, 0x00, 0x00, 0x00, 0xFF, 0xFF, 0x01, 0xBA, 0xBB, 0xBB, 0xBB, 0xBB, 0xBB, 0xBB,
    0xBB, 0xFF, 0xFF, 0x01, 0xFE, 0xFF, 0xFF, 0xFF, 0xFF, 0xFF, 0xFF, 0xFF, 0xFF, 0xFF, 0x01, 0xFE,
    0xFF, 0xFF, 0xFF, 0xFF, 0xFF, 0xFF, 0xFF, 0xFF, 0xFF, 0x01, 0xFE, 0xFF, 0xFF, 0xFF, 0xFF, 0xFF,
    0xFF, 0xFF, 0xFF, 0xFF, 0x01, 0xF1, 0xFF, 0xFF, 0x3F, 0x00, 0x00, 0x00, 0x00, 0x00, 0x00, 0x00,
    0x00, 0x00, 0x00, 0x30, 0xFF, 0xFF, 0xFF, 0x01, 0xF1, 0xFF, 0xFF, 0x9F, 0x00, 0x00, 0x00, 0x00,
    0x00, 0x00, 0x00, 0x00, 0x00, 0x00, 0x90, 0xFF, 0xFF, 0xFF, 0x01, 0xF1, 0xFF, 0xFF, 0xFF, 0x00,
    0x00, 0x00, 0x00, 0x00, 0x00, 0x00, 0x00, 0x00, 0x00, 0xF0, 0xFF, 0xFF, 0xFF, 0x01, 0xF1, 0xFF,
    0xFF, 0xFF, 0x05, 0x00, 0x00, 0x00, 0x00, 0x00, 0x00, 0x00, 0x00, 0x00, 0xF5, 0xFF, 0xFF, 0xFF,
    0x01, 0xF1, 0xFF, 0xFC, 0xFF, 0x0B, 0x00, 0x00, 0x00, 0x00, 0x00, 0x00, 0x00, 0x00, 0x00, 0xFB,
    0xFF, 0xFB, 0xFF, 0x01, 0xF1, 0xFF, 0x9C, 0xFF, 0x2F, 0x00, 0x00, 0x00, 0x00, 0x00, 0x00, 0x00,
    0x00, 0x10, 0xFF, 0xEF, 0xF8, 0xFF, 0x01, 0xF1, 0xFF, 0x3D, 0xFF, 0x8F, 0x00, 0x00, 0x00, 0x00,
    0x00, 0x00, 0x00, 0x00, 0x70, 0xFF, 0x8F, 0xF9, 0xFF, 0x01, 0xF1, 0xFF, 0x0E, 0xFD, 0xEF, 0x00,
    0x00, 0x00, 0x00, 0x00, 0x00, 0x00, 0x00, 0xD0, 0xFF, 0x2F, 0xF9, 0xFF, 0x01, 0xF1, 0xFF, 0x0E,
    0xF7, 0xFF, 0x04, 0x00, 0x00, 0x00, 0x00, 0x00, 0x00, 0x00, 0xF3, 0xFF, 0x0C, 0xFA, 0xFF, 0x01,
    0xF1, 0xFF, 0x0F, 0xF1, 0xFF, 0x0A, 0x00, 0x00, 0x00, 0x00, 0x00, 0x00, 0x00, 0xF9, 0xFF, 0x06,
    0xFA, 0xFF, 0x01, 0xF1, 0xFF, 0x0F, 0xB0, 0xFF, 0x1F, 0x00, 0x00, 0x00, 0x00, 0x00, 0x00, 0x00,
    0xFF, 0xFF, 0x00, 0xFB, 0xFF, 0x01, 0xF1, 0xFF, 0x0F, 0x50, 0xFF, 0x6F, 0x00, 0x00, 0x00, 0x00,
    0x00, 0x00, 0x60, 0xFF, 0xAF, 0x00, 0xFB, 0xFF, 0x01, 0xF1, 0xFF, 0x0F, 0x00, 0xFE, 0xCF, 0x00,
    0x00, 0x00, 0x00, 0x00, 0x00, 0xC0, 0xFF, 0x4F, 0x00, 0xFB, 0xFF, 0x01, 0xF1, 0xFF, 0x0F, 0x00,
    0xF8, 0xFF, 0x03, 0x00, 0x00, 0x00, 0x00, 0x00, 0xF2, 0xFF, 0x0E, 0x00, 0xFB, 0xFF, 0x01, 0xF1,
    0xFF, 0x0F, 0x00, 0xF2, 0xFF, 0x09, 0x00, 0x00, 0x00, 0x00, 0x00, 0xF8, 0xFF, 0x08, 0x00, 0xFB,
    0xFF, 0x01, 0xF1, 0xFF, 0x0F, 0x00, 0xC0, 0xFF, 0x0E, 0x00, 0x00, 0x00, 0x00, 0x00, 0xFE, 0xFF,
    0x02, 0x00, 0xFB, 0xFF, 0x01, 0xF1, 0xFF, 0x0F, 0x00, 0x60, 0xFF, 0x5F, 0x00, 0x00, 0x00, 0x00,
    0x40, 0xFF, 0xCF, 0x00, 0x00, 0xFB, 0xFF, 0x01, 0xF1, 0xFF, 0x0F, 0x00, 0x10, 0xFF, 0xBF, 0x00,
    0x00, 0x00, 0x00, 0xA0, 0xFF, 0x6F, 0x00, 0x00, 0xFB, 0xFF, 0x01, 0xF1, 0xFF, 0x0F, 0x00, 0x00,
    0xFA, 0xFF, 0x01, 0x00, 0x00, 0x00, 0xF0, 0xFF, 0x0F, 0x00, 0x00, 0xFB, 0xFF, 0x01, 0xF1, 0xFF,
    0x0F, 0x00, 0x00, 0xF4, 0xFF, 0x07, 0x00, 0x00, 0x00, 0xF6, 0xFF, 0x0A, 0x00, 0x00, 0xFB, 0xFF,
    0x01, 0xF1, 0xFF, 0x0F, 0x00, 0x00, 0xE0, 0xFF, 0x0D, 0x00, 0x00, 0x00, 0xFC, 0xFF, 0x04, 0x00,
    0x00, 0xFB, 0xFF, 0x01, 0xF1, 0xFF, 0x0F, 0x00, 0x00, 0x80, 0xFF, 0x4F, 0x00, 0x00, 0x20, 0xFF,
    0xDF, 0x00, 0x00, 0x00, 0xFB, 0xFF, 0x01, 0xF1, 0xFF, 0x0F, 0x00, 0x00, 0x20, 0xFF, 0xAF, 0x00,
    0x00, 0x80, 0xFF, 0x8F, 0x00, 0x00, 0x00, 0xFB, 0xFF, 0x01, 0xF1, 0xFF, 0x0F, 0x00, 0x00, 0x00,
    0xFB, 0xFF, 0x00, 0x00, 0xE0, 0xFF, 0x2F, 0x00, 0x00, 0x00, 0xFB, 0xFF, 0x01, 0xF1, 0xFF, 0x0F,
    0x00, 0x00, 0x00, 0xF5, 0xFF, 0x06, 0x00, 0xF4, 0xFF, 0x0C, 0x00, 0x00, 0x00, 0xFB, 0xFF, 0x01,
    0xF1, 0xFF, 0x0F, 0x00, 0x00, 0x00, 0xF0, 0xFF, 0x0C, 0x00, 0xFA, 0xFF, 0x06, 0x00, 0x00, 0x00,
    0xFB, 0xFF, 0x01, 0xF1, 0xFF, 0x0F, 0x00, 0x00, 0x00, 0x90, 0xFF, 0x2F, 0x10, 0xFF, 0xFF, 0x00,
    0x00, 0x00, 0x00, 0xFB, 0xFF, 0x01, 0xF1, 0xFF, 0x0F, 0x00, 0x00, 0x00, 0x30, 0xFF, 0x8F, 0x60,
    0xFF, 0x9F, 0x00, 0x00, 0x00, 0x00, 0xFB, 0xFF, 0x01, 0xF1, 0xFF, 0x0F, 0x00, 0x00, 0x00, 0x00,
    0xFD, 0xEF, 0xC0, 0xFF, 0x4F, 0x00, 0x00, 0x00, 0x00, 0xFB, 0xFF, 0x01, 0xF1, 0xFF, 0x0F, 0x00,
    0x00, 0x00, 0x00, 0xF7, 0xFF, 0xF8, 0xFF, 0x0D, 0x00, 0x00, 0x00, 0x00, 0xFB, 0xFF, 0x01, 0xF1,
    0xFF, 0x0F, 0x00, 0x00, 0x00, 0x00, 0xF1, 0xFF, 0xFF, 0xFF, 0x07, 0x00, 0x00, 0x00, 0x00, 0xFB,
    0xFF, 0x01, 0xF1, 0xFF, 0x0F, 0x00, 0x00, 0x00, 0x00, 0xB0, 0xFF, 0xFF, 0xFF, 0x01, 0x00, 0x00,
    0x00, 0x00, 0xFB, 0xFF, 0x01, 0xF1, 0xFF, 0x0F, 0x00, 0x00, 0x00, 0x00, 0x40, 0xFF, 0xFF, 0xBF,
    0x00, 0x00, 0x00, 0x00, 0x00, 0xFB, 0xFF, 0x01, 0xF1, 0xFF, 0x0F, 0x00, 0x00, 0x00, 0x00, 0x00,
    0xFE, 0xFF, 0x5F, 0x00, 0x00, 0x00, 0x00, 0x00, 0xFB, 0xFF, 0x01, 0xF1, 0xFF, 0x0F, 0x00, 0x00,
    0x00, 0x00, 0x00, 0xF8, 0xFF, 0x0F, 0x00, 0x00, 0x00, 0x00, 0x00, 0xFB, 0xFF, 0x01, 0xF1, 0xFF,
    0x0F, 0x00, 0x00, 0x00, 0x00, 0x00, 0xF2, 0xFF, 0x09, 0x00, 0x00, 0x00, 0x00, 0x00, 0xFB, 0xFF,
    0x01, 0xFC, 0xFF, 0x02, 0x00, 0x00, 0x00, 0x00, 0x00, 0x00, 0x00, 0x00, 0xE1, 0xFF, 0xFF, 0x01,
    0xFC, 0xFF, 0x02, 0x00, 0x00, 0x00, 0x00, 0x00, 0x00, 0x00, 0x00, 0xF9, 0xFF, 0xFF, 0x01, 0xFC,
    0xFF, 0x02, 0x00, 0x00, 0x00, 0x00, 0x00, 0x00, 0x00, 0x40, 0xFF, 0xFF, 0xFF, 0x01, 0xFC, 0xFF,
    0x02, 0x00, 0x00, 0x00, 0x00, 0x00, 0x00, 0x00, 0xD0, 0xFF, 0xFF, 0xFF, 0x01, 0xFC, 0xFF, 0x02,
    0x00, 0x00, 0x00, 0x00, 0x00, 0x00, 0x00, 0xF8, 0xFF, 0xFF, 0xFF, 0x01, 0xFC, 0xFF, 0x02, 0x00,
    0x00, 0x00, 0x00, 0x00, 0x00, 0x30, 0xFF, 0xFF, 0xFF, 0xFF, 0x01, 0xFC, 0xFF, 0x02, 0x00, 0x00,
    0x00, 0x00, 0x00, 0x00, 0xC0, 0xFF, 0xEF, 0xF7, 0xFF, 0x01, 0xFC, 0xFF, 0x02, 0x00, 0x00, 0x00,
    0x00, 0x00, 0x00, 0xF7, 0xFF, 0x5F, 0xF7, 0xFF, 0x01, 0xFC, 0xFF, 0x02, 0x00, 0x00, 0x00, 0x00,
    0x00, 0x20, 0xFF, 0xFF, 0x0B, 0xF8, 0xFF, 0x01, 0xFC, 0xFF, 0x02, 0x00, 0x00, 0x00, 0x00, 0x00,
    0xB0, 0xFF, 0xFF, 0x01, 0xF9, 0xFF, 0x01, 0xFC, 0xFF, 0x02, 0x00, 0x00, 0x00, 0x00, 0x00, 0xF6,
    0xFF, 0x6F, 0x00, 0xFA, 0xFF, 0x01, 0xFC, 0xFF, 0x02, 0x00, 0x00, 0x00, 0x00, 0x10, 0xFF, 0xFF,
    0x0C, 0x00, 0xFA, 0xFF, 0x01, 0xFC, 0xFF, 0x02, 0x00, 0x00, 0x00, 0x00, 0xA0, 0xFF, 0xFF, 0x02,
    0x00, 0xFB, 0xFF, 0x01, 0xFC, 0xFF, 0x02, 0x00, 0x00, 0x00, 0x00, 0xF5, 0xFF, 0x7F, 0x00, 0x00,
    0xFB, 0xFF, 0x01, 0xFC, 0xFF, 0x02, 0x00, 0x00, 0x00, 0x10, 0xFE, 0xFF, 0x0D, 0x00, 0x00, 0xFB,
    0xFF, 0x01, 0xFC, 0xFF, 0x02, 0x00, 0x00, 0x00, 0x90, 0xFF, 0xFF, 0x03, 0x00, 0x00, 0xFB, 0xFF,
    0x01, 0xFC, 0xFF, 0x02, 0x00, 0x00, 0x00, 0xF4, 0xFF, 0x8F, 0x00, 0x00, 0x00, 0xFB, 0xFF, 0x01,
    0xFC, 0xFF, 0x02, 0x00, 0x00, 0x00, 0xFD, 0xFF, 0x0D, 0x00, 0x00, 0x00, 0xFB, 0xFF, 0x01, 0xFC,
    0xFF, 0x02, 0x00, 0x00, 0x80, 0xFF, 0xFF, 0x04, 0x00, 0x00, 0x00, 0xFB, 0xFF, 0x01, 0xFC, 0xFF,
    0x02, 0x00, 0x00, 0xF3, 0xFF, 0x9F, 0x00, 0x00, 0x00, 0x00, 0xFB, 0xFF, 0x01, 0xFC, 0xFF, 0x02,
    0x00, 0x00, 0xFD, 0xFF, 0x1E, 0x00, 0x00, 0x00, 0x00, 0xFB, 0xFF, 0x01, 0xFC, 0xFF, 0x02, 0x00,
    0x70, 0xFF, 0xFF, 0x05, 0x00, 0x00, 0x00, 0x00, 0xFB, 0xFF, 0x01, 0xFC, 0xFF, 0x01, 0x00, 0xF2,
    0xFF, 0xAF, 0x00, 0x00, 0x00, 0x00, 0x00, 0xFB, 0xFF, 0x01, 0xFC, 0xFF, 0x01, 0x00, 0xFC, 0xFF,
    0x1F, 0x00, 0x00, 0x00, 0x00, 0x00, 0xFB, 0xFF, 0x01, 0xFC, 0xFF, 0x00, 0x60, 0xFF, 0xFF, 0x06,
    0x00, 0x00, 0x00, 0x00, 0x00, 0xFB, 0xFF, 0x01, 0xFC, 0xFF, 0x00, 0xF1, 0xFF, 0xCF, 0x00, 0x00,
    0x00, 0x00, 0x00, 0x00, 0xFB, 0xFF, 0x01, 0xFC, 0xFF, 0x00, 0xFB, 0xFF, 0x2F, 0x00, 0x00, 0x00,
    0x00, 0x00, 0x00, 0xFB, 0xFF, 0x01, 0xFC, 0xEF, 0x50, 0xFF, 0xFF, 0x07, 0x00, 0x00, 0x00, 0x00,
    0x00, 0x00, 0xFB, 0xFF, 0x01, 0xFC, 0xEF, 0xE1, 0xFF, 0xCF, 0x00, 0x00, 0x00, 0x00, 0x00, 0x00,
    0x00, 0xFB, 0xFF, 0x01, 0xFC, 0xDF, 0xF9, 0xFF, 0x3F, 0x00, 0x00, 0x00, 0x00, 0x00, 0x00, 0x00,
    0xFB, 0xFF, 0x01, 0xFC, 0xFF, 0xFF, 0xFF, 0x08, 0x00, 0x00, 0x00, 0x00, 0x00, 0x00, 0x00, 0xFB,
    0xFF, 0x01, 0xFC, 0xFF, 0xFF, 0xDF, 0x00, 0x00, 0x00, 0x00, 0x00, 0x00, 0x00, 0x00, 0xFB, 0xFF,
    0x01, 0xFC, 0xFF, 0xFF, 0x4F, 0x00, 0x00, 0x00, 0x00, 0x00, 0x00, 0x00, 0x00, 0xFB, 0xFF, 0x01,
    0xFC, 0xFF, 0xFF, 0x09, 0x00, 0x00, 0x00, 0x00, 0x00, 0x00, 0x00, 0x00, 0xFB, 0xFF, 0x01, 0xFC,
    0xFF, 0xEF, 0x01, 0x00, 0x00, 0x00, 0x00, 0x00, 0x00, 0x00, 0x00, 0xFB, 0xFF, 0x01, 0xFC, 0xFF,
    0x5F, 0x00, 0x00, 0x00, 0x00, 0x00, 0x00, 0x00, 0x00, 0x00, 0xFB, 0xFF, 0x01, 0x00, 0x00, 0x00,
    0x00, 0x00, 0x00, 0x42, 0x76, 0x77, 0x46, 0x02, 0x00, 0x00, 0x00, 0x00, 0x00, 0x00, 0x00, 0x00,
    0x00, 0x00, 0x30, 0xE9, 0xFF, 0xFF, 0xFF, 0xFF, 0xEF, 0x4A, 0x00, 0x00, 0x00, 0x00, 0x00, 0x00,
    0x00, 0x00, 0x30, 0xFC, 0xFF, 0xFF, 0xFF, 0xFF, 0xFF, 0xFF, 0xFF, 0x4D, 0x00, 0x00, 0x00, 0x00,
    0x00, 0x00, 0x00, 0xF7, 0xFF, 0xFF, 0xFF, 0xFF, 0xFF, 0xFF, 0xFF, 0xFF, 0xFF, 0x09, 0x00, 0x00,
    0x00, 0x00, 0x00, 0xA0, 0xFF, 0xFF, 0xFF, 0x6A, 0x34, 0x32, 0x74, 0xFB, 0xFF, 0xFF, 0xCF, 0x00,
    0x00, 0x00, 0x00, 0x00, 0xF9, 0xFF, 0xFF, 0x07, 0x00, 0x00, 0x00, 0x00, 0x10, 0xF8, 0xFF, 0xFF,
    0x0C, 0x00, 0x00, 0x00, 0x60, 0xFF, 0xFF, 0x2D, 0x00, 0x00, 0x00, 0x00, 0x00, 0x00, 0x20, 0xFD,
    0xFF, 0x9F, 0x00, 0x00, 0x00, 0xF1, 0xFF, 0xDF, 0x01, 0x00, 0x00, 0x00, 0x00, 0x00, 0x00, 0x00,
    0xD1, 0xFF, 0xFF, 0x03, 0x00, 0x00, 0xFA, 0xFF, 0x2F, 0x00, 0x00, 0x00, 0x00, 0x00, 0x00, 0x00,
    0x00, 0x20, 0xFF, 0xFF, 0x0C, 0x00, 0x10, 0xFF, 0xFF, 0x08, 0x00, 0x00, 0x00, 0x00, 0x00, 0x00,
    0x00, 0x00, 0x00, 0xF7, 0xFF, 0x3F, 0x00, 0x70, 0xFF, 0xFF, 0x01, 0x00, 0x00, 0x00, 0x00, 0x00,
    0x00, 0x00, 0x00, 0x00, 0xE0, 0xFF, 0x9F, 0x00, 0xD0, 0xFF, 0xAF, 0x00, 0x00, 0x00, 0x00, 0x00,
    0x00, 0x00, 0x00, 0x00, 0x00, 0x90, 0xFF, 0xEF, 0x00, 0xF1, 0xFF, 0x5F, 0x00, 0x00, 0x00, 0x00,
    0x00, 0x00, 0x00, 0x00, 0x00, 0x00, 0x30, 0xFF, 0xFF, 0x03, 0xF5, 0xFF, 0x1F, 0x00, 0x00, 0x00,
    0x00, 0x00, 0x00, 0x00, 0x00, 0x00, 0x00, 0x00, 0xFF, 0xFF, 0x07, 0xF8, 0xFF, 0x0E, 0x00, 0x00,
    0x00, 0x00, 0x00, 0x00, 0x00, 0x00, 0x00, 0x00, 0x00, 0xFC, 0xFF, 0x09, 0xFA, 0xFF, 0x0B, 0x00,
    0x00, 0x00, 0x00, 0x00, 0x00, 0x00, 0x00, 0x00, 0x00, 0x00, 0xFA, 0xFF, 0x0C, 0xFB, 0xFF, 0x0A,
    0x00, 0x00, 0x00, 0x00, 0x00, 0x00, 0x00, 0x00, 0x00, 0x00, 0x00, 0xF8, 0xFF, 0x0D, 0xFC, 0xFF,
    0x09, 0x00, 0x00, 0x00, 0x00, 0x00, 0x00, 0x00, 0x00, 0x00, 0x00, 0x00, 0xF7, 0xFF, 0x0E, 0xFD,
    0xFF, 0x08, 0x00, 0x00, 0x00, 0x00, 0x00, 0x00, 0x00, 0x00, 0x00, 0x00, 0x00, 0xF6, 0xFF, 0x0F,
    0xFD, 0xFF, 0x08, 0x00, 0x00, 0x00, 0x00, 0x00, 0x00, 0x00, 0x00, 0x00, 0x00, 0x00, 0xF6, 0xFF,
    0x0F, 0xFC, 0xFF, 0x09, 0x00, 0x00, 0x00, 0x00, 0x00, 0x00, 0x00, 0x00, 0x00, 0x00, 0x00, 0xF7,
    0xFF, 0x0E, 0xFB, 0xFF, 0x0A, 0x00, 0x00, 0x00, 0x00, 0x00, 0x00, 0x00, 0x00, 0x00, 0x00, 0x00,
    0xF8, 0xFF, 0x0D, 0xFA, 0xFF, 0x0C, 0x00, 0x00, 0x00, 0x00, 0x00, 0x00, 0x00, 0x00, 0x00, 0x00,
    0x00, 0xFA, 0xFF, 0x0C, 0xF7, 0xFF, 0x0E, 0x00, 0x00, 0x00, 0x00, 0x00, 0x00, 0x00, 0x00, 0x00,
    0x00, 0x00, 0xFC, 0xFF, 0x09, 0xF4, 0xFF, 0x1F, 0x00, 0x00, 0x00, 0x00, 0x00, 0x00, 0x00, 0x00,
    0x00, 0x00, 0x00, 0xFF, 0xFF, 0x06, 0xF1, 0xFF, 0x5F, 0x00, 0x00, 0x00, 0x00, 0x00, 0x00, 0x00,
    0x00, 0x00, 0x00, 0x30, 0xFF, 0xFF, 0x03, 0xC0, 0xFF, 0xAF, 0x00, 0x00, 0x00, 0x00, 0x00, 0x00,
    0x00, 0x00, 0x00, 0x00, 0x90, 0xFF, 0xEF, 0x00, 0x70, 0xFF, 0xFF, 0x01, 0x00, 0x00, 0x00, 0x00,
    0x00, 0x00, 0x00, 0x00, 0x00, 0xE0, 0xFF, 0x9F, 0x00, 0x10, 0xFF, 0xFF, 0x08, 0x00, 0x00, 0x00,
    0x00, 0x00, 0x00, 0x00, 0x00, 0x00, 0xF7, 0xFF, 0x3F, 0x00, 0x00, 0xF9, 0xFF, 0x2F, 0x00, 0x00,
    0x00, 0x00, 0x00, 0x00, 0x00, 0x00, 0x20, 0xFF, 0xFF, 0x0C, 0x00, 0x00, 0xE1, 0xFF, 0xDF, 0x01,
    0x00, 0x00, 0x00, 0x00, 0x00, 0x00, 0x00, 0xD0, 0xFF, 0xFF, 0x03, 0x00, 0x00, 0x50, 0xFF, 0xFF,
    0x2D, 0x00, 0x00, 0x00, 0x00, 0x00, 0x00, 0x10, 0xFC, 0xFF, 0x8F, 0x00, 0x00, 0x00, 0x00, 0xF9,
    0xFF, 0xFF, 0x06, 0x00, 0x00, 0x00, 0x00, 0x00, 0xE6, 0xFF, 0xFF, 0x0C, 0x00, 0x00, 0x00, 0x00,
    0x90, 0xFF, 0xFF, 0xEF, 0x59, 0x13, 0x11, 0x53, 0xE9, 0xFF, 0xFF, 0xCF, 0x00, 0x00, 0x00, 0x00,
    0x00, 0x00, 0xF7, 0xFF, 0xFF, 0xFF, 0xFF, 0xFF, 0xFF, 0xFF, 0xFF, 0xFF, 0x09, 0x00, 0x00, 0x00,
    0x00, 0x00, 0x00, 0x20, 0xFB, 0xFF, 0xFF, 0xFF, 0xFF, 0xFF, 0xFF, 0xFF, 0x4D, 0x00, 0x00, 0x00,
    0x00, 0x00, 0x00, 0x00, 0x00, 0x30, 0xE9, 0xFF, 0xFF, 0xFF, 0xFF, 0xEF, 0x4A, 0x00, 0x00, 0x00,
    0x00, 0x00, 0x00, 0x00, 0x00, 0x00, 0x00, 0x00, 0x41, 0x76, 0x78, 0x46, 0x02, 0x00, 0x00, 0x00,
    0x00, 0x00, 0x00, 0x00, 0x00, 0x00, 0x30, 0xA7, 0xED, 0xFF, 0xFF, 0xFF, 0xFF, 0xFF, 0x1F, 0x00,
    0x00, 0x60, 0xFD, 0xFF, 0xFF, 0xFF, 0xFF, 0xFF, 0xFF, 0xFF, 0x1F, 0x00, 0x20, 0xFD, 0xFF, 0xFF,
    0xFF, 0xFF, 0xFF, 0xFF, 0xFF, 0xFF, 0x1F, 0x00, 0xE2, 0xFF, 0xFF, 0xFF, 0xBD, 0x89, 0x88, 0x88,
    0xF8, 0xFF, 0x1F, 0x00, 0xFD, 0xFF, 0xEF, 0x28, 0x00, 0x00, 0x00, 0x00, 0xF0, 0xFF, 0x1F, 0x60,
    0xFF, 0xFF, 0x1C, 0x00, 0x00, 0x00, 0x00, 0x00, 0xF0, 0xFF, 0x1F, 0xD0, 0xFF, 0xEF, 0x01, 0x00,
    0x00, 0x00, 0x00, 0x00, 0xF0, 0xFF, 0x1F, 0xF2, 0xFF, 0x6F, 0x00, 0x00, 0x00, 0x00, 0x00, 0x00,
    0xF0, 0xFF, 0x1F, 0xF5, 0xFF, 0x1F, 0x00, 0x00, 0x00, 0x00, 0x00, 0x00, 0xF0, 0xFF, 0x1F, 0xF7,
    0xFF, 0x0E, 0x00, 0x00, 0x00, 0x00, 0x00, 0x00, 0xF0, 0xFF, 0x1F, 0xF7, 0xFF, 0x0D, 0x00, 0x00,
    0x00, 0x00, 0x00, 0x00, 0xF0, 0xFF, 0x1F, 0xF7, 0xFF, 0x0D, 0x00, 0x00, 0x00, 0x00, 0x00, 0x00,
    0xF0, 0xFF, 0x1F, 0xF5, 0xFF, 0x0F, 0x00, 0x00, 0x00, 0x00, 0x00, 0x00, 0xF0, 0xFF, 0x1F, 0xF2,
    0xFF, 0x2F, 0x00, 0x00, 0x00, 0x00, 0x00, 0x00, 0xF0, 0xFF, 0x1F, 0xE0, 0xFF, 0x8F, 0x00, 0x00,
    0x00, 0x00, 0x00, 0x00, 0xF0, 0xFF, 0x1F, 0x80, 0xFF, 0xFF, 0x03, 0x00, 0x00, 0x00, 0x00, 0x00,
    0xF0, 0xFF, 0x1F, 0x10, 0xFE, 0xFF, 0x4E, 0x00, 0x00, 0x00, 0x00, 0x00, 0xF0, 0xFF, 0x1F, 0x00,
    0xF5, 0xFF, 0xFF, 0x4A, 0x00, 0x00, 0x00, 0x00, 0xF0, 0xFF, 0x1F, 0x00, 0x70, 0xFF, 0xFF, 0xFF,
    0xDF, 0xAB, 0x99, 0x99, 0xF9, 0xFF, 0x1F, 0x00, 0x00, 0xE5, 0xFF, 0xFF, 0xFF, 0xFF, 0xFF, 0xFF,
    0xFF, 0xFF, 0x1F, 0x00, 0x00, 0x00, 0xE7, 0xFF, 0xFF, 0xFF, 0xFF, 0xFF, 0xFF, 0xFF, 0x1F, 0x00,
    0x00, 0x00, 0x00, 0x73, 0xDB, 0xFE, 0xFF, 0xFF, 0xFF, 0xFF, 0x1F, 0x00, 0x00, 0x00, 0x00, 0x00,
    0x00, 0x00, 0x00, 0x00, 0xF0, 0xFF, 0x1F, 0x00, 0x00, 0x00, 0x00, 0x00, 0x00, 0x00, 0x00, 0x00,
    0xF0, 0xFF, 0x1F, 0x00, 0x00, 0x00, 0x00, 0x00, 0x00, 0x00, 0x00, 0x00, 0xF0, 0xFF, 0x1F, 0x00,
    0x00, 0x00, 0x00, 0x00, 0x00, 0x00, 0x00, 0x00, 0xF0, 0xFF, 0x1F, 0x00, 0x00, 0x00, 0x00, 0x00,
    0x00, 0x00, 0x00, 0x00, 0xF0, 0xFF, 0x1F, 0x00, 0x00, 0x00, 0x00, 0x00, 0x00, 0x00, 0x00, 0x00,
    0xF0, 0xFF, 0x1F, 0x00, 0x00, 0x00, 0x00, 0x00, 0x00, 0x00, 0x00, 0x00, 0xF0, 0xFF, 0x1F, 0x00,
    0x00, 0x00, 0x00, 0x00, 0x00, 0x00, 0x00, 0x00, 0xF0, 0xFF, 0x1F, 0x00, 0x00, 0x00, 0x00, 0x00,
    0x00, 0x00, 0x00, 0x00, 0xF0, 0xFF, 0x1F, 0x00, 0x00, 0x00, 0x00, 0x00, 0x00, 0x00, 0x00, 0x00,
    0xF0, 0xFF, 0x1F, 0x00, 0x00, 0x00, 0x00, 0x00, 0x00, 0x00, 0x00, 0x00, 0xF0, 0xFF, 0x1F, 0x00,
    0x00, 0x00, 0x00, 0x00, 0x00, 0x00, 0x00, 0x00, 0xF0, 0xFF, 0x1F, 0x00, 0x00, 0x00, 0x00, 0x00,
    0x00, 0x00, 0x00, 0x00, 0xF0, 0xFF, 0x1F, 0x00, 0x00, 0x00, 0x00, 0x00, 0x00, 0x00, 0x00, 0x00,
    0xF0, 0xFF, 0x1F, 0x00, 0x00, 0x00, 0x00, 0x00, 0x00, 0x42, 0x76, 0x77, 0x46, 0x02, 0x00, 0x00,
    0x00, 0x00, 0x00, 0x00, 0x00, 0x00, 0x00, 0x00, 0x30, 0xE9, 0xFF, 0xFF, 0xFF, 0xFF, 0xEF, 0x4A,
    0x00, 0x00, 0x00, 0x00, 0x00, 0x00, 0x00, 0x00, 0x30, 0xFC, 0xFF, 0xFF, 0xFF, 0xFF, 0xFF, 0xFF,
    0xFF, 0x4D, 0x00, 0x00, 0x00, 0x00, 0x00, 0x00, 0x00, 0xF7, 0xFF, 0xFF, 0xFF, 0xFF, 0xFF, 0xFF,
    0xFF, 0xFF, 0xFF, 0x09, 0x00, 0x00, 0x00, 0x00, 0x00, 0xA0, 0xFF, 0xFF, 0xFF, 0x6A, 0x34, 0x32,
    0x74, 0xFB, 0xFF, 0xFF, 0xCF, 0x00, 0x00, 0x00, 0x00, 0x00, 0xF9, 0xFF, 0xFF, 0x07, 0x00, 0x00,
    0x00, 0x00, 0x10, 0xF8, 0xFF, 0xFF, 0x0C, 0x00, 0x00, 0x00, 0x60, 0xFF, 0xFF, 0x2D, 0x00, 0x00,
    0x00, 0x00, 0x00, 0x00, 0x20, 0xFD, 0xFF, 0x9F, 0x00, 0x00, 0x00, 0xF1, 0xFF, 0xDF, 0x01, 0x00,
    0x00, 0x00, 0x00, 0x00, 0x00, 0x00, 0xD1, 0xFF, 0xFF, 0x03, 0x00, 0x00, 0xFA, 0xFF, 0x2F, 0x00,
    0x00, 0x00, 0x00, 0x00, 0x00, 0x00, 0x00, 0x20, 0xFF, 0xFF, 0x0C, 0x00, 0x10, 0xFF, 0xFF, 0x08,
    0x00, 0x00, 0x00, 0x00, 0x00, 0x00, 0x00, 0x00, 0x00, 0xF7, 0xFF, 0x3F, 0x00, 0x70, 0xFF, 0xFF,
    0x01, 0x00, 0x00, 0x00, 0x00, 0x00, 0x00, 0x00, 0x00, 0x00, 0xE0, 0xFF, 0x9F, 0x00, 0xD0, 0xFF,
    0xAF, 0x00, 0x00, 0x00, 0x00, 0x00, 0x00, 0x00, 0x00, 0x00, 0x00, 0x90, 0xFF, 0xEF, 0x00, 0xF1,
    0xFF, 0x5F, 0x00, 0x00, 0x00, 0x00, 0x00, 0x00, 0x00, 0x00, 0x00, 0x00, 0x30, 0xFF, 0xFF, 0x03,
    0xF5, 0xFF, 0x1F, 0x00, 0x00, 0x00, 0x00, 0x00, 0x00, 0x00, 0x00, 0x00, 0x00, 0x00, 0xFF, 0xFF,
    0x07, 0xF8, 0xFF, 0x0E, 0x00, 0x00, 0x00, 0x00, 0x00, 0x00, 0x00, 0x00, 0x00, 0x00, 0x00, 0xFC,
    0xFF, 0x09, 0xFA, 0xFF, 0x0B, 0x00, 0x00, 0x00, 0x00, 0x00, 0x00, 0x00, 0x00, 0x00, 0x00, 0x00,
    0xFA, 0xFF, 0x0C, 0xFB, 0xFF, 0x0A, 0x00, 0x00, 0x00, 0x00, 0x00, 0x00, 0x00, 0x00, 0x00, 0x00,
    0x00, 0xF8, 0xFF, 0x0D, 0xFC, 0xFF, 0x09, 0x00, 0x00, 0x00, 0x00, 0x00, 0x00, 0x00, 0x00, 0x00,
    0x00, 0x00, 0xF7, 0xFF, 0x0E, 0xFD, 0xFF, 0x08, 0x00, 0x00, 0x00, 0x00, 0x00, 0x00, 0x00, 0x00,
    0x00, 0x00, 0x00, 0xF6, 0xFF, 0x0F, 0xFD, 0xFF, 0x08, 0x00, 0x00, 0x00, 0x00, 0x00, 0x00, 0x00,
    0x00, 0x00, 0x00, 0x00, 0xF6, 0xFF, 0x0F, 0xFC, 0xFF, 0x09, 0x00, 0x00, 0x00, 0x00, 0x00, 0x00,
    0x00, 0x00, 0x00, 0x00, 0x00, 0xF7, 0xFF, 0x0E, 0xFB, 0xFF, 0x0A, 0x00, 0x00, 0x00, 0x00, 0x00,
    0x00, 0x00, 0x00, 0x00, 0x00, 0x00, 0xF8, 0xFF, 0x0D, 0xFA, 0xFF, 0x0C, 0x00, 0x00, 0x00, 0x00,
    0x00, 0x00, 0x00, 0x00, 0x00, 0x00, 0x00, 0xFA, 0xFF, 0x0C, 0xF7, 0xFF, 0x0E, 0x00, 0x00, 0x00,
    0x00, 0x00, 0x00, 0x00, 0x00, 0x00, 0x00, 0x00, 0xFC, 0xFF, 0x09, 0xF5, 0xFF, 0x1F, 0x00, 0x00,
    0x00, 0x00, 0x00, 0x00, 0x00, 0x00, 0x00, 0x00, 0x00, 0xFF, 0xFF, 0x06, 0xF1, 0xFF, 0x5F, 0x00,
    0x00, 0x00, 0x00, 0x00, 0x00, 0x00, 0x00, 0x00, 0x00, 0x30, 0xFF, 0xFF, 0x03, 0xC0, 0xFF, 0xAF,
    0x00, 0x00, 0x00, 0x00, 0x00, 0x00, 0x00, 0x00, 0x00, 0x00, 0x90, 0xFF, 0xEF, 0x00, 0x70, 0xFF,
    0xFF, 0x01, 0x00, 0x00, 0x00, 0x00, 0x00, 0x00, 0x00, 0x00, 0x00, 0xE0, 0xFF, 0x9F, 0x00, 0x10,
    0xFF, 0xFF, 0x08, 0x00, 0x00, 0x00, 0x00, 0x00, 0x00, 0x00, 0x00, 0x00, 0xF7, 0xFF, 0x3F, 0x00,
    0x00, 0xF9, 0xFF, 0x2F, 0x00, 0x00, 0x00, 0x00, 0x00, 0x00, 0x00, 0x00, 0x20, 0xFF, 0xFF, 0x0C,
    0x00, 0x00, 0xF1, 0xFF, 0xDF, 0x01, 0x00, 0x00, 0x00, 0x00, 0x00, 0x00, 0x00, 0xD0, 0xFF, 0xFF,
    0x03, 0x00, 0x00, 0x60, 0xFF, 0xFF, 0x2D, 0x00, 0x00, 0x00, 0x00, 0x00, 0x00, 0x10, 0xFC, 0xFF,
    0x8F, 0x00, 0x00, 0x00, 0x00, 0xF9, 0xFF, 0xFF, 0x06, 0x00, 0x00, 0x00, 0x00, 0x00, 0xE6, 0xFF,
    0xFF, 0x0C, 0x00, 0x00, 0x00, 0x00, 0xA0, 0xFF, 0xFF, 0xEF, 0x59, 0x13, 0x11, 0x53, 0xE9, 0xFF,
    0xFF, 0xCF, 0x00, 0x00, 0x00, 0x00, 0x00, 0x00, 0xF8, 0xFF, 0xFF, 0xFF, 0xFF, 0xFF, 0xFF, 0xFF,
    0xFF, 0xFF, 0x09, 0x00, 0x00, 0x00, 0x00, 0x00, 0x00, 0x30, 0xFC, 0xFF, 0xFF, 0xFF, 0xFF, 0xFF,
    0xFF, 0xFF, 0x4D, 0x00, 0x00, 0x00, 0x00, 0x00, 0x00, 0x00, 0x00, 0x30, 0xFB, 0xFF, 0xFF, 0xFF,
    0xFF, 0xEF, 0x4A, 0x00, 0x00, 0x00, 0x00, 0x00, 0x00, 0x00, 0x00, 0x00, 0x10, 0xFD, 0xFF, 0x7F,
    0x77, 0x46, 0x02, 0x00, 0x00, 0x00, 0x00, 0x00, 0x00, 0x00, 0x00, 0x00, 0x00, 0xD1, 0xFF, 0xFF,
    0x05, 0x00, 0x00, 0x00, 0x00, 0x00, 0x00, 0x00, 0x00, 0x00, 0x00, 0x00, 0x00, 0x10, 0xFD, 0xFF,
    0x7F, 0x00, 0x00, 0x00, 0x00, 0x00, 0x00, 0x00, 0x00, 0x00, 0x00, 0x00, 0x00, 0x00, 0xC0, 0xFF,
    0xFF, 0x09, 0x00, 0x00, 0x00, 0x00, 0x00, 0x00, 0x00, 0x00, 0x00, 0x00, 0x00, 0x00, 0x00, 0xFC,
    0xFF, 0xBF, 0x00, 0x00, 0x00, 0x00, 0x00, 0x00, 0x00, 0x00, 0x00, 0x00, 0x00, 0x00, 0x00, 0xB0,
    0xFF, 0xFF, 0x1D, 0x00, 0x00, 0x00, 0x00, 0x00, 0x00, 0x00, 0x00, 0x00, 0x00, 0x00, 0x00, 0x00,
    0xFB, 0xFF, 0xEF, 0x02, 0x00, 0x00, 0x00, 0x00, 0x00, 0x00, 0x00, 0x00, 0x00, 0x00, 0x00, 0x00,
    0xA0, 0xFF, 0xFF, 0x3F, 0x00, 0x00, 0x00, 0x00, 0x00, 0x00, 0x00, 0x00, 0x00, 0x00, 0x00, 0x00,
    0x00, 0x83, 0x88, 0x88, 0x04, 0x00, 0x00, 0x00, 0x00, 0x00, 0x00, 0x00, 0x00, 0x00, 0x00, 0x00,
    0x00, 0x00, 0x00, 0x00, 0x00, 0x00, 0x84, 0xDB, 0xFE, 0xFF, 0xFF, 0xFF, 0xFF, 0xFF, 0x01, 0x00,
    0x00, 0x00, 0x10, 0xF9, 0xFF, 0xFF, 0xFF, 0xFF, 0xFF, 0xFF, 0xFF, 0xFF, 0x01, 0x00, 0x00, 0x00,
    0xF5, 0xFF, 0xFF, 0xFF, 0xFF, 0xFF, 0xFF, 0xFF, 0xFF, 0xFF, 0x01, 0x00, 0x00, 0x50, 0xFF, 0xFF,
    0xFF, 0xDF, 0x9B, 0x99, 0x99, 0x99, 0xFF, 0xFF, 0x01, 0x00, 0x00, 0xF2, 0xFF, 0xFF, 0x5C, 0x00,
    0x00, 0x00, 0x00, 0x00, 0xFF, 0xFF, 0x01, 0x00, 0x00, 0xF9, 0xFF, 0x8F, 0x00, 0x00, 0x00, 0x00,
    0x00, 0x00, 0xFF, 0xFF, 0x01, 0x00, 0x00, 0xFF, 0xFF, 0x0B, 0x00, 0x00, 0x00, 0x00, 0x00, 0x00,
    0xFF, 0xFF, 0x01, 0x00, 0x30, 0xFF, 0xFF, 0x04, 0x00, 0x00, 0x00, 0x00, 0x00, 0x00, 0xFF, 0xFF,
    0x01, 0x00, 0x60, 0xFF, 0xFF, 0x00, 0x00, 0x00, 0x00, 0x00, 0x00, 0x00, 0xFF, 0xFF, 0x01, 0x00,
    0x70, 0xFF, 0xDF, 0x00, 0x00, 0x00, 0x00, 0x00, 0x00, 0x00, 0xFF, 0xFF, 0x01, 0x00, 0x70, 0xFF,
    0xDF, 0x00, 0x00, 0x00, 0x00, 0x00, 0x00, 0x00, 0xFF, 0xFF, 0x01, 0x00, 0x60, 0xFF, 0xEF, 0x00,
    0x00, 0x00, 0x00, 0x00, 0x00, 0x00, 0xFF, 0xFF, 0x01, 0x00, 0x40, 0xFF, 0xFF, 0x01, 0x00, 0x00,
    0x00, 0x00, 0x00, 0x00, 0xFF, 0xFF, 0x01, 0x00, 0x00, 0xFF, 0xFF, 0x05, 0x00, 0x00, 0x00, 0x00,
    0x00, 0x00, 0xFF, 0xFF, 0x01, 0x00, 0x00, 0xFA, 0xFF, 0x0D, 0x00, 0x00, 0x00, 0x00, 0x00, 0x00,
    0xFF, 0xFF, 0x01, 0x00, 0x00, 0xF2, 0xFF, 0xBF, 0x00, 0x00, 0x00, 0x00, 0x00, 0x00, 0xFF, 0xFF,
    0x01, 0x00, 0x00, 0x60, 0xFF, 0xFF, 0x5D, 0x00, 0x00, 0x00, 0x00, 0x00, 0xFF, 0xFF, 0x01, 0x00,
    0x00, 0x00, 0xF6, 0xFF, 0xFF, 0xCF, 0x89, 0x88, 0x88, 0x88, 0xFF, 0xFF, 0x01, 0x00, 0x00, 0x00,
    0x30, 0xFD, 0xFF, 0xFF, 0xFF, 0xFF, 0xFF, 0xFF, 0xFF, 0xFF, 0x01, 0x00, 0x00, 0x00, 0x00, 0x50,
    0xFC, 0xFF, 0xFF, 0xFF, 0xFF, 0xFF, 0xFF, 0xFF, 0x01, 0x00, 0x00, 0x00, 0x00, 0x00, 0xF9, 0xFF,
    0xFF, 0xFF, 0xFF, 0xFF, 0xFF, 0xFF, 0x01, 0x00, 0x00, 0x00, 0x00, 0x30, 0xFF, 0xFF, 0x04, 0x00,
    0x00, 0x00, 0xFF, 0xFF, 0x01, 0x00, 0x00, 0x00, 0x00, 0xD0, 0xFF, 0xAF, 0x00, 0x00, 0x00, 0x00,
    0xFF, 0xFF, 0x01, 0x00, 0x00, 0x00, 0x00, 0xF7, 0xFF, 0x2F, 0x00, 0x00, 0x00, 0x00, 0xFF, 0xFF,
    0x01, 0x00, 0x00, 0x00, 0x10, 0xFF, 0xFF, 0x08, 0x00, 0x00, 0x00, 0x00, 0xFF, 0xFF, 0x01, 0x00,
    0x00, 0x00, 0xA0, 0xFF, 0xEF, 0x00, 0x00, 0x00, 0x00, 0x00, 0xFF, 0xFF, 0x01, 0x00, 0x00, 0x00,
    0xF4, 0xFF, 0x5F, 0x00, 0x00, 0x00, 0x00, 0x00, 0xFF, 0xFF, 0x01, 0x00, 0x00, 0x00, 0xFD, 0xFF,
    0x0C, 0x00, 0x00, 0x00, 0x00, 0x00, 0xFF, 0xFF, 0x01, 0x00, 0x00, 0x70, 0xFF, 0xFF, 0x02, 0x00,
    0x00, 0x00, 0x00, 0x00, 0xFF, 0xFF, 0x01, 0x00, 0x00, 0xF2, 0xFF, 0x9F, 0x00, 0x00, 0x00, 0x00,
    0x00, 0x00, 0xFF, 0xFF, 0x01, 0x00, 0x00, 0xFB, 0xFF, 0x1E, 0x00, 0x00, 0x00, 0x00, 0x00, 0x00,
    0xFF, 0xFF, 0x01, 0x00, 0x40, 0xFF, 0xFF, 0x06, 0x00, 0x00, 0x00, 0x00, 0x00, 0x00, 0xFF, 0xFF,
    0x01, 0x00, 0xD0, 0xFF, 0xDF, 0x00, 0x00, 0x00, 0x00, 0x00, 0x00, 0x00, 0xFF, 0xFF, 0x01, 0x00,
    0xF8, 0xFF, 0x4F, 0x00, 0x00, 0x00, 0x00, 0x00, 0x00, 0x00, 0xFF, 0xFF, 0x01, 0x20, 0xFF, 0xFF,
    0x0A, 0x00, 0x00, 0x00, 0x00, 0x00, 0x00, 0x00, 0xFF, 0xFF, 0x01, 0xB0, 0xFF, 0xFF, 0x02, 0x00,
    0x00, 0x00, 0x00, 0x00, 0x00, 0x00, 0xFF, 0xFF, 0x01, 0x00, 0x00, 0x00, 0x20, 0x65, 0x77, 0x67,
    0x14, 0x00, 0x00, 0x00, 0x00, 0x00, 0x20, 0xC7, 0xFF, 0xFF, 0xFF, 0xFF, 0xFF, 0x6C, 0x00, 0x00,
    0x00, 0x00, 0xFC, 0xFF, 0xFF, 0xFF, 0xFF, 0xFF, 0xFF, 0xFF, 0x4E, 0x00, 0x00, 0x00, 0xFC, 0xFF,
    0xFF, 0xFF, 0xFF, 0xFF, 0xFF, 0xFF, 0xFF, 0x06, 0x00, 0x00, 0xF6, 0xFF, 0xAE, 0x46, 0x23, 0x43,
    0xD7, 0xFF, 0xFF, 0x5F, 0x00, 0x00, 0xD1, 0x28, 0x00, 0x00, 0x00, 0x00, 0x00, 0xF5, 0xFF, 0xEF,
    0x00, 0x00, 0x00, 0x00, 0x00, 0x00, 0x00, 0x00, 0x00, 0x40, 0xFF, 0xFF, 0x06, 0x00, 0x00, 0x00,
    0x00, 0x00, 0x00, 0x00, 0x00, 0x00, 0xFA, 0xFF, 0x0B, 0x00, 0x00, 0x00, 0x00, 0x00, 0x00, 0x00,
    0x00, 0x00, 0xF5, 0xFF, 0x0E, 0x00, 0x00, 0x00, 0x00, 0x00, 0x00, 0x00, 0x00, 0x00, 0xF4, 0xFF,
    0x0F, 0x00, 0x00, 0x00, 0x00, 0x00, 0x00, 0x00, 0x00, 0x00, 0xF4, 0xFF, 0x0E, 0x00, 0x00, 0x00,
    0x00, 0x00, 0x00, 0x00, 0x00, 0x00, 0xF7, 0xFF, 0x0D, 0x00, 0x00, 0x00, 0x00, 0x00, 0x00, 0x00,
    0x00, 0x00, 0xFD, 0xFF, 0x0A, 0x00, 0x00, 0x00, 0x00, 0x00, 0x00, 0x00, 0x00, 0x80, 0xFF, 0xFF,
    0x05, 0x00, 0x00, 0x00, 0x00, 0x00, 0x00, 0x00, 0x00, 0xF9, 0xFF, 0xDF, 0x00, 0x00, 0x00, 0x00,
    0x00, 0x00, 0x00, 0x00, 0xE7, 0xFF, 0xFF, 0x4F, 0x00, 0x00, 0x00, 0x00, 0x00, 0x00, 0x20, 0xE8,
    0xFF, 0xFF, 0xFF, 0x06, 0x00, 0x00, 0x00, 0x00, 0x00, 0x60, 0xFC, 0xFF, 0xFF, 0xFF, 0x4E, 0x00,
    0x00, 0x00, 0x00, 0x00, 0x81, 0xFE, 0xFF, 0xFF, 0xFF, 0x9F, 0x01, 0x00, 0x00, 0x00, 0x00, 0x70,
    0xFE, 0xFF, 0xFF, 0xFF, 0x8E, 0x01, 0x00, 0x00, 0x00, 0x00, 0x10, 0xFC, 0xFF, 0xFF, 0xFF, 0x5B,
    0x00, 0x00, 0x00, 0x00, 0x00, 0x00, 0xD1, 0xFF, 0xFF, 0xEF, 0x18, 0x00, 0x00, 0x00, 0x00, 0x00,
    0x00, 0x00, 0xFB, 0xFF, 0xFF, 0x07, 0x00, 0x00, 0x00, 0x00, 0x00, 0x00, 0x00, 0x40, 0xFF, 0xFF,
    0x2D, 0x00, 0x00, 0x00, 0x00, 0x00, 0x00, 0x00, 0x00, 0xA0, 0xFF, 0xFF, 0x02, 0x00, 0x00, 0x00,
    0x00, 0x00, 0x00, 0x00, 0x00, 0xE0, 0xFF, 0x8F, 0x00, 0x00, 0x00, 0x00, 0x00, 0x00, 0x00, 0x00,
    0x00, 0xF0, 0xFF, 0x4F, 0x00, 0x00, 0x00, 0x00, 0x00, 0x00, 0x00, 0x00, 0x00, 0xF0, 0xFF, 0x2F,
    0x00, 0x00, 0x00, 0x00, 0x00, 0x00, 0x00, 0x00, 0x00, 0xF0, 0xFF, 0x2F, 0x00, 0x00, 0x00, 0x00,
    0x00, 0x00, 0x00, 0x00, 0x00, 0xD0, 0xFF, 0x5F, 0x00, 0x00, 0x00, 0x00, 0x00, 0x00, 0x00, 0x00,
    0x00, 0x90, 0xFF, 0xCF, 0x00, 0x00, 0x00, 0x00, 0x00, 0x00, 0x00, 0x00, 0x00, 0x30, 0xFF, 0xFF,
    0x06, 0x00, 0x00, 0x00, 0x00, 0x00, 0x00, 0x00, 0x00, 0x00, 0xFB, 0xFF, 0x8F, 0x00, 0x00, 0x00,
    0x00, 0x00, 0x00, 0x72, 0x7C, 0x00, 0xE1, 0xFF, 0xFF, 0x9F, 0x35, 0x11, 0x21, 0x64, 0xDA, 0xFF,
    0x7F, 0x00, 0x20, 0xFD, 0xFF, 0xFF, 0xFF, 0xFF, 0xFF, 0xFF, 0xFF, 0xFF, 0x7F, 0x00, 0x00, 0x90,
    0xFF, 0xFF, 0xFF, 0xFF, 0xFF, 0xFF, 0xFF, 0xFF, 0x6F, 0x00, 0x00, 0x00, 0x82, 0xFD, 0xFF, 0xFF,
    0xFF, 0xFF, 0xFF, 0x8C, 0x03, 0x00, 0x00, 0x00, 0x00, 0x10, 0x64, 0x77, 0x77, 0x46, 0x02, 0x00,
    0x00, 0xF0, 0xFF, 0xFF, 0xFF, 0xFF, 0xFF, 0xFF, 0xFF, 0xFF, 0xFF, 0xFF, 0xFF, 0xFF, 0x9F, 0xF0,
    0xFF, 0xFF, 0xFF, 0xFF, 0xFF, 0xFF, 0xFF, 0xFF, 0xFF, 0xFF, 0xFF, 0xFF, 0x9F, 0xF0, 0xFF, 0xFF,
    0xFF, 0xFF, 0xFF, 0xFF, 0xFF, 0xFF, 0xFF, 0xFF, 0xFF, 0xFF, 0x9F, 0xA0, 0xAA, 0xAA, 0xAA, 0xAA,
    0xAA, 0xFF, 0xFF, 0xAC, 0xAA, 0xAA, 0xAA, 0xAA, 0x5A, 0x00, 0x00, 0x00, 0x00, 0x00, 0x00, 0xFD,
    0xFF, 0x05, 0x00, 0x00, 0x00, 0x00, 0x00, 0x00, 0x00, 0x00, 0x00, 0x00, 0x00, 0xFD, 0xFF, 0x05,
    0x00, 0x00, 0x00, 0x00, 0x00, 0x00, 0x00, 0x00, 0x00, 0x00, 0x00, 0xFD, 0xFF, 0x05, 0x00, 0x00,
    0x00, 0x00, 0x00, 0x00, 0x00, 0x00, 0x00, 0x00, 0x00, 0xFD, 0xFF, 0x05, 0x00, 0x00, 0x00, 0x00,
    0x00, 0x00, 0x00, 0x00, 0x00, 0x00, 0x00, 0xFD, 0xFF, 0x05, 0x00, 0x00, 0x00, 0x00, 0x00, 0x00,
    0x00, 0x00, 0x00, 0x00, 0x00, 0xFD, 0xFF, 0x05, 0x00, 0x00, 0x00, 0x00, 0x00, 0x00, 0x00, 0x00,
    0x00, 0x00, 0x00, 0xFD, 0xFF, 0x05, 0x00, 0x00, 0x00, 0x00, 0x00, 0x00, 0x00, 0x00, 0x00, 0x00,
    0x00, 0xFD, 0xFF, 0x05, 0x00, 0x00, 0x00, 0x00, 0x00, 0x00, 0x00, 0x00, 0x00, 0x00, 0x00, 0xFD,
    0xFF, 0x05, 0x00, 0x00, 0x00, 0x00, 0x00, 0x00, 0x00, 0x00, 0x00, 0x00, 0x00, 0xFD, 0xFF, 0x05,
    0x00, 0x00, 0x00, 0x00, 0x00, 0x00, 0x00, 0x00, 0x00, 0x00, 0x00, 0xFD, 0xFF, 0x05, 0x00, 0x00,
    0x00, 0x00, 0x00, 0x00, 0x00, 0x00, 0x00, 0x00, 0x00, 0xFD, 0xFF, 0x05, 0x00, 0x00, 0x00, 0x00,
    0x00, 0x00, 0x00, 0x00, 0x00, 0x00, 0x00, 0xFD, 0xFF, 0x05, 0x00, 0x00, 0x00, 0x00, 0x00, 0x00,
    0x00, 0x00, 0x00, 0x00, 0x00, 0xFD, 0xFF, 0x05, 0x00, 0x00, 0x00, 0x00, 0x00, 0x00, 0x00, 0x00,
    0x00, 0x00, 0x00, 0xFD, 0xFF, 0x05, 0x00, 0x00, 0x00, 0x00, 0x00, 0x00, 0x00, 0x00, 0x00, 0x00,
    0x00, 0xFD, 0xFF, 0x05, 0x00, 0x00, 0x00, 0x00, 0x00, 0x00, 0x00, 0x00, 0x00, 0x00, 0x00, 0xFD,
    0xFF, 0x05, 0x00, 0x00, 0x00, 0x00, 0x00, 0x00, 0x00, 0x00, 0x00, 0x00, 0x00, 0xFD, 0xFF, 0x05,
    0x00, 0x00, 0x00, 0x00, 0x00, 0x00, 0x00, 0x00, 0x00, 0x00, 0x00, 0xFD, 0xFF, 0x05, 0x00, 0x00,
    0x00, 0x00, 0x00, 0x00, 0x00, 0x00, 0x00, 0x00, 0x00, 0xFD, 0xFF, 0x05, 0x00, 0x00, 0x00, 0x00,
    0x00, 0x00, 0x00, 0x00, 0x00, 0x00, 0x00, 0xFD, 0xFF, 0x05, 0x00, 0x00, 0x00, 0x00, 0x00, 0x00,
    0x00, 0x00, 0x00, 0x00, 0x00, 0xFD, 0xFF, 0x05, 0x00, 0x00, 0x00, 0x00, 0x00, 0x00, 0x00, 0x00,
    0x00, 0x00, 0x00, 0xFD, 0xFF, 0x05, 0x00, 0x00, 0x00, 0x00, 0x00, 0x00, 0x00, 0x00, 0x00, 0x00,
    0x00, 0xFD, 0xFF, 0x05, 0x00, 0x00, 0x00, 0x00, 0x00, 0x00, 0x00, 0x00, 0x00, 0x00, 0x00, 0xFD,
    0xFF, 0x05, 0x00, 0x00, 0x00, 0x00, 0x00, 0x00, 0x00, 0x00, 0x00, 0x00, 0x00, 0xFD, 0xFF, 0x05,
    0x00, 0x00, 0x00, 0x00, 0x00, 0x00, 0x00, 0x00, 0x00, 0x00, 0x00, 0xFD, 0xFF, 0x05, 0x00, 0x00,
    0x00, 0x00, 0x00, 0x00, 0x00, 0x00, 0x00, 0x00, 0x00, 0xFD, 0xFF, 0x05, 0x00, 0x00, 0x00, 0x00,
    0x00, 0x00, 0x00, 0x00, 0x00, 0x00, 0x00, 0xFD, 0xFF, 0x05, 0x00, 0x00, 0x00, 0x00, 0x00, 0x00,
    0x00, 0x00, 0x00, 0x00, 0x00, 0xFD, 0xFF, 0x05, 0x00, 0x00, 0x00, 0x00, 0x00, 0x00, 0x00, 0x00,
    0x00, 0x00, 0x00, 0xFD, 0xFF, 0x05, 0x00, 0x00, 0x00, 0x00, 0x00, 0x00, 0x00, 0x00, 0x00, 0x00,
    0x00, 0xFD, 0xFF, 0x05, 0x00, 0x00, 0x00, 0x00, 0x00, 0xFE, 0xFF, 0x03, 0x00, 0x00, 0x00, 0x00,
    0x00, 0x00, 0x00, 0x00, 0xB0, 0xFF, 0x7F, 0xFE, 0xFF, 0x03, 0x00, 0x00, 0x00, 0x00, 0x00, 0x00,
    0x00, 0x00, 0xB0, 0xFF, 0x7F, 0xFE, 0xFF, 0x03, 0x00, 0x00, 0x00, 0x00, 0x00, 0x00, 0x00, 0x00,
    0xB0, 0xFF, 0x7F, 0xFE, 0xFF, 0x03, 0x00, 0x00, 0x00, 0x00, 0x00, 0x00, 0x00, 0x00, 0xB0, 0xFF,
    0x7F, 0xFE, 0xFF, 0x03, 0x00, 0x00, 0x00, 0x00, 0x00, 0x00, 0x00, 0x00, 0xB0, 0xFF, 0x7F, 0xFE,
    0xFF, 0x03, 0x00, 0x00, 0x00, 0x00, 0x00, 0x00, 0x00, 0x00, 0xB0, 0xFF, 0x7F, 0xFE, 0xFF, 0x03,
    0x00, 0x00, 0x00, 0x00, 0x00, 0x00, 0x00, 0x00, 0xB0, 0xFF, 0x7F, 0xFE, 0xFF, 0x03, 0x00, 0x00,
    0x00, 0x00, 0x00, 0x00, 0x00, 0x00, 0xB0, 0xFF, 0x7F, 0xFE, 0xFF, 0x03, 0x00, 0x00, 0x00, 0x00,
    0x00, 0x00, 0x00, 0x00, 0xB0, 0xFF, 0x7F, 0xFE, 0xFF, 0x03, 0x00, 0x00, 0x00, 0x00, 0x00, 0x00,
    0x00, 0x00, 0xB0, 0xFF, 0x7F, 0xFE, 0xFF, 0x03, 0x00, 0x00, 0x00, 0x00, 0x00, 0x00, 0x00, 0x00,
    0xB0, 0xFF, 0x7F, 0xFE, 0xFF, 0x03, 0x00, 0x00, 0x00, 0x00, 0x00, 0x00, 0x00, 0x00, 0xB0, 0xFF,
    0x7F, 0xFE, 0xFF, 0x03, 0x00, 0x00, 0x00, 0x00, 0x00, 0x00, 0x00, 0x00, 0xB0, 0xFF, 0x7F, 0xFE,
    0xFF, 0x03, 0x00, 0x00, 0x00, 0x00, 0x00, 0x00, 0x00, 0x00, 0xB0, 0xFF, 0x7F, 0xFE, 0xFF, 0x03,
    0x00, 0x00, 0x00, 0x00, 0x00, 0x00, 0x00, 0x00, 0xB0, 0xFF, 0x7F, 0xFE, 0xFF, 0x03, 0x00, 0x00,
    0x00, 0x00, 0x00, 0x00, 0x00, 0x00, 0xB0, 0xFF, 0x7F, 0xFE, 0xFF, 0x03, 0x00, 0x00, 0x00, 0x00,
    0x00, 0x00, 0x00, 0x00, 0xB0, 0xFF, 0x7F, 0xFE, 0xFF, 0x03, 0x00, 0x00, 0x00, 0x00, 0x00, 0x00,
    0x00, 0x00, 0xB0, 0xFF, 0x7F, 0xFE, 0xFF, 0x03, 0x00, 0x00, 0x00, 0x00, 0x00, 0x00, 0x00, 0x00,
    0xB0, 0xFF, 0x7F, 0xFE, 0xFF, 0x03, 0x00, 0x00, 0x00, 0x00, 0x00, 0x00, 0x00, 0x00, 0xB0, 0xFF,
    0x7F, 0xFE, 0xFF, 0x03, 0x00, 0x00, 0x00, 0x00, 0x00, 0x00, 0x00, 0x00, 0xB0, 0xFF, 0x7F, 0xFE,
    0xFF, 0x03, 0x00, 0x00, 0x00, 0x00, 0x00, 0x00, 0x00, 0x00, 0xB0, 0xFF, 0x7F, 0xFE, 0xFF, 0x03,
    0x00, 0x00, 0x00, 0x00, 0x00, 0x00, 0x00, 0x00, 0xB0, 0xFF, 0x7F, 0xFE, 0xFF, 0x03, 0x00, 0x00,
    0x00, 0x00, 0x00, 0x00, 0x00, 0x00, 0xB0, 0xFF, 0x7F, 0xFD, 0xFF, 0x04, 0x00, 0x00, 0x00, 0x00,
    0x00, 0x00, 0x00, 0x00, 0xB0, 0xFF, 0x6F, 0xFC, 0xFF, 0x06, 0x00, 0x00, 0x00, 0x00, 0x00, 0x00,
    0x00, 0x00, 0xD0, 0xFF, 0x5F, 0xF9, 0xFF, 0x09, 0x00, 0x00, 0x00, 0x00, 0x00, 0x00, 0x00, 0x00,
    0xF0, 0xFF, 0x2F, 0xF5, 0xFF, 0x0E, 0x00, 0x00, 0x00, 0x00, 0x00, 0x00, 0x00, 0x00, 0xF5, 0xFF,
    0x0F, 0xF1, 0xFF, 0x5F, 0x00, 0x00, 0x00, 0x00, 0x00, 0x00, 0x00, 0x00, 0xFC, 0xFF, 0x0A, 0xA0,
    0xFF, 0xDF, 0x00, 0x00, 0x00, 0x00, 0x00, 0x00, 0x00, 0x50, 0xFF, 0xFF, 0x04, 0x20, 0xFF, 0xFF,
    0x0B, 0x00, 0x00, 0x00, 0x00, 0x00, 0x00, 0xF3, 0xFF, 0xCF, 0x00, 0x00, 0xF7, 0xFF, 0xDF, 0x03,
    0x00, 0x00, 0x00, 0x00, 0x70, 0xFF, 0xFF, 0x2F, 0x00, 0x00, 0xA0, 0xFF, 0xFF, 0xCF, 0x37, 0x12,
    0x21, 0x95, 0xFE, 0xFF, 0xFF, 0x05, 0x00, 0x00, 0x00, 0xF9, 0xFF, 0xFF, 0xFF, 0xFF, 0xFF, 0xFF,
    0xFF, 0xFF, 0x6F, 0x00, 0x00, 0x00, 0x00, 0x50, 0xFE, 0xFF, 0xFF, 0xFF, 0xFF, 0xFF, 0xFF, 0xCF,
    0x03, 0x00, 0x00, 0x00, 0x00, 0x00, 0x60, 0xFB, 0xFF, 0xFF, 0xFF, 0xFF, 0xAF, 0x04, 0x00, 0x00,
    0x00, 0x00, 0x00, 0x00, 0x00, 0x00, 0x53, 0x77, 0x77, 0x35, 0x00, 0x00, 0x00, 0x00, 0x00, 0xFA,
    0xFF, 0x0C, 0x00, 0x00, 0x00, 0x00, 0x00, 0x00, 0x00, 0x00, 0x00, 0x80, 0xFF, 0xDF, 0xF4, 0xFF,
    0x1F, 0x00, 0x00, 0x00, 0x00, 0x00, 0x00, 0x00, 0x00, 0x00, 0xD0, 0xFF, 0x7F, 0xE0, 0xFF, 0x7F,
    0x00, 0x00, 0x00, 0x00, 0x00, 0x00, 0x00, 0x00, 0x00, 0xF3, 0xFF, 0x1F, 0x90, 0xFF, 0xCF, 0x00,
    0x00, 0x00, 0x00, 0x00, 0x00, 0x00, 0x00, 0x00, 0xF9, 0xFF, 0x0C, 0x30, 0xFF, 0xFF, 0x02, 0x00,
    0x00, 0x00, 0x00, 0x00, 0x00, 0x00, 0x00, 0xFE, 0xFF, 0x06, 0x00, 0xFD, 0xFF, 0x08, 0x00, 0x00,
    0x00, 0x00, 0x00, 0x00, 0x00, 0x40, 0xFF, 0xFF, 0x01, 0x00, 0xF7, 0xFF, 0x0D, 0x00, 0x00, 0x00,
    0x00, 0x00, 0x00, 0x00, 0xA0, 0xFF, 0xBF, 0x00, 0x00, 0xF2, 0xFF, 0x3F, 0x00, 0x00, 0x00, 0x00,
    0x00, 0x00, 0x00, 0xF0, 0xFF, 0x5F, 0x00, 0x00, 0xC0, 0xFF, 0x9F, 0x00, 0x00, 0x00, 0x00, 0x00,
    0x00, 0x00, 0xF5, 0xFF, 0x0F, 0x00, 0x00, 0x60, 0xFF, 0xEF, 0x00, 0x00, 0x00, 0x00, 0x00, 0x00,
    0x00, 0xFB, 0xFF, 0x09, 0x00, 0x00, 0x10, 0xFF, 0xFF, 0x04, 0x00, 0x00, 0x00, 0x00, 0x00, 0x10,
    0xFF, 0xFF, 0x04, 0x00, 0x00, 0x00, 0xFB, 0xFF, 0x09, 0x00, 0x00, 0x00, 0x00, 0x00, 0x60, 0xFF,
    0xEF, 0x00, 0x00, 0x00, 0x00, 0xF5, 0xFF, 0x0F, 0x00, 0x00, 0x00, 0x00, 0x00, 0xB0, 0xFF, 0x8F,
    0x00, 0x00, 0x00, 0x00, 0xF0, 0xFF, 0x5F, 0x00, 0x00, 0x00, 0x00, 0x00, 0xF1, 0xFF, 0x3F, 0x00,
    0x00, 0x00, 0x00, 0xA0, 0xFF, 0xAF, 0x00, 0x00, 0x00, 0x00, 0x00, 0xF7, 0xFF, 0x0D, 0x00, 0x00,
    0x00, 0x00, 0x40, 0xFF, 0xFF, 0x00, 0x00, 0x00, 0x00, 0x00, 0xFC, 0xFF, 0x07, 0x00, 0x00, 0x00,
    0x00, 0x00, 0xFE, 0xFF, 0x06, 0x00, 0x00, 0x00, 0x20, 0xFF, 0xFF, 0x02, 0x00, 0x00, 0x00, 0x00,
    0x00, 0xF9, 0xFF, 0x0B, 0x00, 0x00, 0x00, 0x80, 0xFF, 0xCF, 0x00, 0x00, 0x00, 0x00, 0x00, 0x00,
    0xF3, 0xFF, 0x1F, 0x00, 0x00, 0x00, 0xD0, 0xFF, 0x6F, 0x00, 0x00, 0x00, 0x00, 0x00, 0x00, 0xD0,
    0xFF, 0x6F, 0x00, 0x00, 0x00, 0xF3, 0xFF, 0x1F, 0x00, 0x00, 0x00, 0x00, 0x00, 0x00, 0x80, 0xFF,
    0xCF, 0x00, 0x00, 0x00, 0xF9, 0xFF, 0x0B, 0x00, 0x00, 0x00, 0x00, 0x00, 0x00, 0x20, 0xFF, 0xFF,
    0x02, 0x00, 0x00, 0xFE, 0xFF, 0x05, 0x00, 0x00, 0x00, 0x00, 0x00, 0x00, 0x00, 0xFC, 0xFF, 0x07,
    0x00, 0x40, 0xFF, 0xFF, 0x00, 0x00, 0x00, 0x00, 0x00, 0x00, 0x00, 0x00, 0xF7, 0xFF, 0x0D, 0x00,
    0xA0, 0xFF, 0xAF, 0x00, 0x00, 0x00, 0x00, 0x00, 0x00, 0x00, 0x00, 0xF1, 0xFF, 0x2F, 0x00, 0xF0,
    0xFF, 0x4F, 0x00, 0x00, 0x00, 0x00, 0x00, 0x00, 0x00, 0x00, 0xB0, 0xFF, 0x8F, 0x00, 0xF4, 0xFF,
    0x0E, 0x00, 0x00, 0x00, 0x00, 0x00, 0x00, 0x00, 0x00, 0x60, 0xFF, 0xDF, 0x00, 0xFA, 0xFF, 0x09,
    0x00, 0x00, 0x00, 0x00, 0x00, 0x00, 0x00, 0x00, 0x00, 0xFF, 0xFF, 0x02, 0xFE, 0xFF, 0x03, 0x00,
    0x00, 0x00, 0x00, 0x00, 0x00, 0x00, 0x00, 0x00, 0xFA, 0xFF, 0x36, 0xFF, 0xDF, 0x00, 0x00, 0x00,
    0x00, 0x00, 0x00, 0x00, 0x00, 0x00, 0x00, 0xF5, 0xFF, 0x7B, 0xFF, 0x8F, 0x00, 0x00, 0x00, 0x00,
    0x00, 0x00, 0x00, 0x00, 0x00, 0x00, 0xE0, 0xFF, 0xBE, 0xFF, 0x2F, 0x00, 0x00, 0x00, 0x00, 0x00,
    0x00, 0x00, 0x00, 0x00, 0x00, 0x90, 0xFF, 0xFF, 0xFF, 0x0C, 0x00, 0x00, 0x00, 0x00, 0x00, 0x00,
    0x00, 0x00, 0x00, 0x00, 0x30, 0xFF, 0xFF, 0xFF, 0x06, 0x00, 0x00, 0x00, 0x00, 0x00, 0x00, 0x00,
    0x00, 0x00, 0x00, 0x00, 0xFE, 0xFF, 0xFF, 0x01, 0x00, 0x00, 0x00, 0x00, 0x00, 0x00, 0x00, 0x00,
    0x00, 0x00, 0x00, 0xF8, 0xFF, 0xBF, 0x00, 0x00, 0x00, 0x00, 0x00, 0x00, 0x00, 0x00, 0x00, 0x00,
    0x00, 0x00, 0xF2, 0xFF, 0x5F, 0x00, 0x00, 0x00, 0x00, 0x00, 0x00, 0xF4, 0xFF, 0x0F, 0x00, 0x00,
    0x00, 0x00, 0x00, 0x00, 0x00, 0xF3, 0xFF, 0x5F, 0x00, 0x00, 0x00, 0x00, 0x00, 0x00, 0x00, 0xF2,
    0xFF, 0x2F, 0xF0, 0xFF, 0x4F, 0x00, 0x00, 0x00, 0x00, 0x00, 0x00, 0x00, 0xF7, 0xFF, 0xAF, 0x00,
    0x00, 0x00, 0x00, 0x00, 0x00, 0x00, 0xF6, 0xFF, 0x0E, 0xC0, 0xFF, 0x8F, 0x00, 0x00, 0x00, 0x00,
    0x00, 0x00, 0x00, 0xFC, 0xFF, 0xEF, 0x00, 0x00, 0x00, 0x00, 0x00, 0x00, 0x00, 0xFB, 0xFF, 0x09,
    0x80, 0xFF, 0xCF, 0x00, 0x00, 0x00, 0x00, 0x00, 0x00, 0x10, 0xFF, 0xFF, 0xFF, 0x03, 0x00, 0x00,
    0x00, 0x00, 0x00, 0x00, 0xFE, 0xFF, 0x05, 0x30, 0xFF, 0xFF, 0x00, 0x00, 0x00, 0x00, 0x00, 0x00,
    0x60, 0xFF, 0xFF, 0xFF, 0x08, 0x00, 0x00, 0x00, 0x00, 0x00, 0x30, 0xFF, 0xFF, 0x01, 0x00, 0xFF,
    0xFF, 0x04, 0x00, 0x00, 0x00, 0x00, 0x00, 0xA0, 0xFF, 0xDF, 0xFF, 0x0C, 0x00, 0x00, 0x00, 0x00,
    0x00, 0x70, 0xFF, 0xDF, 0x00, 0x00, 0xFB, 0xFF, 0x09, 0x00, 0x00, 0x00, 0x00, 0x00, 0xF0, 0xFF,
    0x9C, 0xFF, 0x1F, 0x00, 0x00, 0x00, 0x00, 0x00, 0xB0, 0xFF, 0x8F, 0x00, 0x00, 0xF7, 0xFF, 0x0D,
    0x00, 0x00, 0x00, 0x00, 0x00, 0xF4, 0xFF, 0x68, 0xFF, 0x6F, 0x00, 0x00, 0x00, 0x00, 0x00, 0xF0,
    0xFF, 0x4F, 0x00, 0x00, 0xF2, 0xFF, 0x1F, 0x00, 0x00, 0x00, 0x00, 0x00, 0xF9, 0xFF, 0x24, 0xFF,
    0xAF, 0x00, 0x00, 0x00, 0x00, 0x00, 0xF3, 0xFF, 0x0F, 0x00, 0x00, 0xE0, 0xFF, 0x5F, 0x00, 0x00,
    0x00, 0x00, 0x00, 0xFD, 0xFF, 0x00, 0xFE, 0xFF, 0x00, 0x00, 0x00, 0x00, 0x00, 0xF7, 0xFF, 0x0C,
    0x00, 0x00, 0xA0, 0xFF, 0x9F, 0x00, 0x00, 0x00, 0x00, 0x20, 0xFF, 0xBF, 0x00, 0xF9, 0xFF, 0x03,
    0x00, 0x00, 0x00, 0x00, 0xFB, 0xFF, 0x08, 0x00, 0x00, 0x60, 0xFF, 0xDF, 0x00, 0x00, 0x00, 0x00,
    0x70, 0xFF, 0x7F, 0x00, 0xF5, 0xFF, 0x08, 0x00, 0x00, 0x00, 0x00, 0xFF, 0xFF, 0x03, 0x00, 0x00,
    0x20, 0xFF, 0xFF, 0x01, 0x00, 0x00, 0x00, 0xC0, 0xFF, 0x2F, 0x00, 0xF1, 0xFF, 0x0D, 0x00, 0x00,
    0x00, 0x30, 0xFF, 0xFF, 0x00, 0x00, 0x00, 0x00, 0xFD, 0xFF, 0x05, 0x00, 0x00, 0x00, 0xF1, 0xFF,
    0x0D, 0x00, 0xC0, 0xFF, 0x1F, 0x00, 0x00, 0x00, 0x70, 0xFF, 0xBF, 0x00, 0x00, 0x00, 0x00, 0xF9,
    0xFF, 0x09, 0x00, 0x00, 0x00, 0xF5, 0xFF, 0x09, 0x00, 0x70, 0xFF, 0x6F, 0x00, 0x00, 0x00, 0xB0,
    0xFF, 0x7F, 0x00, 0x00, 0x00, 0x00, 0xF5, 0xFF, 0x0D, 0x00, 0x00, 0x00, 0xFA, 0xFF, 0x04, 0x00,
    0x30, 0xFF, 0xAF, 0x00, 0x00, 0x00, 0xF0, 0xFF, 0x3F, 0x00, 0x00, 0x00, 0x00, 0xF1, 0xFF, 0x1F,
    0x00, 0x00, 0x00, 0xFE, 0xFF, 0x00, 0x00, 0x00, 0xFE, 0xFF, 0x00, 0x00, 0x00, 0xF4, 0xFF, 0x0E,
    0x00, 0x00, 0x00, 0x00, 0xC0, 0xFF, 0x5F, 0x00, 0x00, 0x40, 0xFF, 0xBF, 0x00, 0x00, 0x00, 0xFA,
    0xFF, 0x04, 0x00, 0x00, 0xF8, 0xFF, 0x0A, 0x00, 0x00, 0x00, 0x00, 0x80, 0xFF, 0x9F, 0x00, 0x00,
    0x80, 0xFF, 0x6F, 0x00, 0x00, 0x00, 0xF5, 0xFF, 0x08, 0x00, 0x00, 0xFC, 0xFF, 0x06, 0x00, 0x00,
    0x00, 0x00, 0x40, 0xFF, 0xDF, 0x00, 0x00, 0xD0, 0xFF, 0x1F, 0x00, 0x00, 0x00, 0xF1, 0xFF, 0x0D,
    0x00, 0x00, 0xFF, 0xFF, 0x02, 0x00, 0x00, 0x00, 0x00, 0x00, 0xFF, 0xFF, 0x02, 0x00, 0xF2, 0xFF,
    0x0D, 0x00, 0x00, 0x00, 0xC0, 0xFF, 0x1F, 0x00, 0x40, 0xFF, 0xEF, 0x00, 0x00, 0x00, 0x00, 0x00,
    0x00, 0xFB, 0xFF, 0x06, 0x00, 0xF7, 0xFF, 0x08, 0x00, 0x00, 0x00, 0x80, 0xFF, 0x6F, 0x00, 0x80,
    0xFF, 0x9F, 0x00, 0x00, 0x00, 0x00, 0x00, 0x00, 0xF7, 0xFF, 0x0A, 0x00, 0xFB, 0xFF, 0x03, 0x00,
    0x00, 0x00, 0x30, 0xFF, 0xBF, 0x00, 0xC0, 0xFF, 0x5F, 0x00, 0x00, 0x00, 0x00, 0x00, 0x00, 0xF3,
    0xFF, 0x0E, 0x00, 0xFF, 0xEF, 0x00, 0x00, 0x00, 0x00, 0x00, 0xFE, 0xFF, 0x00, 0xF0, 0xFF, 0x1F,
    0x00, 0x00, 0x00, 0x00, 0x00, 0x00, 0xE0, 0xFF, 0x1F, 0x40, 0xFF, 0xAF, 0x00, 0x00, 0x00, 0x00,
    0x00, 0xFA, 0xFF, 0x03, 0xF4, 0xFF, 0x0D, 0x00, 0x00, 0x00, 0x00, 0x00, 0x00, 0xA0, 0xFF, 0x5F,
    0x80, 0xFF, 0x5F, 0x00, 0x00, 0x00, 0x00, 0x00, 0xF5, 0xFF, 0x07, 0xF7, 0xFF, 0x08, 0x00, 0x00,
    0x00, 0x00, 0x00, 0x00, 0x60, 0xFF, 0x9F, 0xC0, 0xFF, 0x1F, 0x00, 0x00, 0x00, 0x00, 0x00, 0xF1,
    0xFF, 0x0B, 0xFB, 0xFF, 0x04, 0x00, 0x00, 0x00, 0x00, 0x00, 0x00, 0x20, 0xFF, 0xCF, 0xF0, 0xFF,
    0x0C, 0x00, 0x00, 0x00, 0x00, 0x00, 0xC0, 0xFF, 0x0E, 0xFE, 0xFF, 0x00, 0x00, 0x00, 0x00, 0x00,
    0x00, 0x00, 0x00, 0xFE, 0xFF, 0xF3, 0xFF, 0x07, 0x00, 0x00, 0x00, 0x00, 0x00, 0x80, 0xFF, 0x3F,
    0xFF, 0xCF, 0x00, 0x00, 0x00, 0x00, 0x00, 0x00, 0x00, 0x00, 0xF9, 0xFF, 0xF8, 0xFF, 0x02, 0x00,
    0x00, 0x00, 0x00, 0x00, 0x30, 0xFF, 0x9F, 0xFF, 0x8F, 0x00, 0x00, 0x00, 0x00, 0x00, 0x00, 0x00,
    0x00, 0xF5, 0xFF, 0xFE, 0xEF, 0x00, 0x00, 0x00, 0x00, 0x00, 0x00, 0x00, 0xFE, 0xEF, 0xFF, 0x3F,
    0x00, 0x00, 0x00, 0x00, 0x00, 0x00, 0x00, 0x00, 0xF1, 0xFF, 0xFF, 0x9F, 0x00, 0x00, 0x00, 0x00,
    0x00, 0x00, 0x00, 0xFA, 0xFF, 0xFF, 0x0F, 0x00, 0x00, 0x00, 0x00, 0x00, 0x00, 0x00, 0x00, 0xD0,
    0xFF, 0xFF, 0x4F, 0x00, 0x00, 0x00, 0x00, 0x00, 0x00, 0x00, 0xF5, 0xFF, 0xFF, 0x0B, 0x00, 0x00,
    0x00, 0x00, 0x00, 0x00, 0x00, 0x00, 0x80, 0xFF, 0xFF, 0x0F, 0x00, 0x00, 0x00, 0x00, 0x00, 0x00,
    0x00, 0xF1, 0xFF, 0xFF, 0x07, 0x00, 0x00, 0x00, 0x00, 0x00, 0x00, 0x00, 0x00, 0x40, 0xFF, 0xFF,
    0x0B, 0x00, 0x00, 0x00, 0x00, 0x00, 0x00, 0x00, 0xC0, 0xFF, 0xFF, 0x03, 0x00, 0x00, 0x00, 0x00,
    0x00, 0x00, 0x00, 0x00, 0x00, 0xFF, 0xFF, 0x06, 0x00, 0x00, 0x00, 0x00, 0x00, 0x00, 0x00, 0x80,
    0xFF, 0xEF, 0x00, 0x00, 0x00, 0x00, 0x00, 0x80, 0xFF, 0xDF, 0x00, 0x00, 0x00, 0x00, 0x00, 0x00,
    0x00, 0x00, 0xD0, 0xFF, 0xBF, 0x00, 0x00, 0xFD, 0xFF, 0x07, 0x00, 0x00, 0x00, 0x00, 0x00, 0x00,
    0x00, 0xF8, 0xFF, 0x1F, 0x00, 0x00, 0xF4, 0xFF, 0x2F, 0x00, 0x00, 0x00, 0x00, 0x00, 0x00, 0x20,
    0xFF, 0xFF, 0x06, 0x00, 0x00, 0x90, 0xFF, 0xBF, 0x00, 0x00, 0x00, 0x00, 0x00, 0x00, 0xC0, 0xFF,
    0xCF, 0x00, 0x00, 0x00, 0x10, 0xFE, 0xFF, 0x05, 0x00, 0x00, 0x00, 0x00, 0x00, 0xF6, 0xFF, 0x2F,
    0x00, 0x00, 0x00, 0x00, 0xF5, 0xFF, 0x1E, 0x00, 0x00, 0x00, 0x00, 0x10, 0xFE, 0xFF, 0x07, 0x00,
    0x00, 0x00, 0x00, 0xA0, 0xFF, 0x9F, 0x00, 0x00, 0x00, 0x00, 0xA0, 0xFF, 0xDF, 0x00, 0x00, 0x00,
    0x00, 0x00, 0x10, 0xFF, 0xFF, 0x03, 0x00, 0x00, 0x00, 0xF4, 0xFF, 0x3F, 0x00, 0x00, 0x00, 0x00,
    0x00, 0x00, 0xF6, 0xFF, 0x0D, 0x00, 0x00, 0x00, 0xFD, 0xFF, 0x09, 0x00, 0x00, 0x00, 0x00, 0x00,
    0x00, 0xB0, 0xFF, 0x7F, 0x00, 0x00, 0x70, 0xFF, 0xEF, 0x00, 0x00, 0x00, 0x00, 0x00, 0x00, 0x00,
    0x20, 0xFF, 0xFF, 0x02, 0x00, 0xF2, 0xFF, 0x4F, 0x00, 0x00, 0x00, 0x00, 0x00, 0x00, 0x00, 0x00,
    0xF7, 0xFF, 0x0B, 0x00, 0xFB, 0xFF, 0x0A, 0x00, 0x00, 0x00, 0x00, 0x00, 0x00, 0x00, 0x00, 0xC0,
    0xFF, 0x5F, 0x50, 0xFF, 0xEF, 0x01, 0x00, 0x00, 0x00, 0x00, 0x00, 0x00, 0x00, 0x00, 0x30, 0xFF,
    0xEF, 0xE2, 0xFF, 0x5F, 0x00, 0x00, 0x00, 0x00, 0x00, 0x00, 0x00, 0x00, 0x00, 0x00, 0xF8, 0xFF,
    0xFE, 0xFF, 0x0B, 0x00, 0x00, 0x00, 0x00, 0x00, 0x00, 0x00, 0x00, 0x00, 0x00, 0xD0, 0xFF, 0xFF,
    0xFF, 0x02, 0x00, 0x00, 0x00, 0x00, 0x00, 0x00, 0x00, 0x00, 0x00, 0x00, 0x40, 0xFF, 0xFF, 0x7F,
    0x00, 0x00, 0x00, 0x00, 0x00, 0x00, 0x00, 0x00, 0x00, 0x00, 0x00, 0x10, 0xFF, 0xFF, 0x2F, 0x00,
    0x00, 0x00, 0x00, 0x00, 0x00, 0x00, 0x00, 0x00, 0x00, 0x00, 0xA0, 0xFF, 0xFF, 0xCF, 0x00, 0x00,
    0x00, 0x00, 0x00, 0x00, 0x00, 0x00, 0x00, 0x00, 0x00, 0xF4, 0xFF, 0xFF, 0xFF, 0x06, 0x00, 0x00,
    0x00, 0x00, 0x00, 0x00, 0x00, 0x00, 0x00, 0x00, 0xFE, 0xFF, 0xF9, 0xFF, 0x1F, 0x00, 0x00, 0x00,
    0x00, 0x00, 0x00, 0x00, 0x00, 0x00, 0x90, 0xFF, 0xCF, 0x80, 0xFF, 0xAF, 0x00, 0x00, 0x00, 0x00,
    0x00, 0x00, 0x00, 0x00, 0x00, 0xF3, 0xFF, 0x3F, 0x00, 0xFD, 0xFF, 0x04, 0x00, 0x00, 0x00, 0x00,
    0x00, 0x00, 0x00, 0x00, 0xFD, 0xFF, 0x09, 0x00, 0xF4, 0xFF, 0x0E, 0x00, 0x00, 0x00, 0x00, 0x00,
    0x00, 0x00, 0x70, 0xFF, 0xEF, 0x01, 0x00, 0xA0, 0xFF, 0x9F, 0x00, 0x00, 0x00, 0x00, 0x00, 0x00,
    0x00, 0xF2, 0xFF, 0x6F, 0x00, 0x00, 0x10, 0xFF, 0xFF, 0x03, 0x00, 0x00, 0x00, 0x00, 0x00, 0x00,
    0xFB, 0xFF, 0x0C, 0x00, 0x00, 0x00, 0xF6, 0xFF, 0x0D, 0x00, 0x00, 0x00, 0x00, 0x00, 0x50, 0xFF,
    0xFF, 0x02, 0x00, 0x00, 0x00, 0xC0, 0xFF, 0x7F, 0x00, 0x00, 0x00, 0x00, 0x00, 0xE1, 0xFF, 0x9F,
    0x00, 0x00, 0x00, 0x00, 0x30, 0xFF, 0xFF, 0x02, 0x00, 0x00, 0x00, 0x00, 0xF9, 0xFF, 0x0E, 0x00,
    0x00, 0x00, 0x00, 0x00, 0xF9, 0xFF, 0x0B, 0x00, 0x00, 0x00, 0x40, 0xFF, 0xFF, 0x05, 0x00, 0x00,
    0x00, 0x00, 0x00, 0xE0, 0xFF, 0x6F, 0x00, 0x00, 0x00, 0xD0, 0xFF, 0xBF, 0x00, 0x00, 0x00, 0x00,
    0x00, 0x00, 0x50, 0xFF, 0xEF, 0x01, 0x00, 0x00, 0xF8, 0xFF, 0x2F, 0x00, 0x00, 0x00, 0x00, 0x00,
    0x00, 0x00, 0xFB, 0xFF, 0x0A, 0x00, 0x20, 0xFF, 0xFF, 0x08, 0x00, 0x00, 0x00, 0x00, 0x00, 0x00,
    0x00, 0xF2, 0xFF, 0x4F, 0x00, 0xC0, 0xFF, 0xEF, 0x00, 0x00, 0x00, 0x00, 0x00, 0x00, 0x00, 0x00,
    0x70, 0xFF, 0xDF, 0x00, 0xF6, 0xFF, 0x4F, 0x00, 0x00, 0x00, 0x00, 0x00, 0x00, 0x00, 0x00, 0x00,
    0xFD, 0xFF, 0x08, 0xFA, 0xFF, 0x0C, 0x00, 0x00, 0x00, 0x00, 0x00, 0x00, 0x00, 0x00, 0xC0, 0xFF,
    0xBF, 0xF2, 0xFF, 0x4F, 0x00, 0x00, 0x00, 0x00, 0x00, 0x00, 0x00, 0x00, 0xF5, 0xFF, 0x3F, 0x90,
    0xFF, 0xDF, 0x00, 0x00, 0x00, 0x00, 0x00, 0x00, 0x00, 0x00, 0xFD, 0xFF, 0x0A, 0x10, 0xFF, 0xFF,
    0x05, 0x00, 0x00, 0x00, 0x00, 0x00, 0x00, 0x60, 0xFF, 0xFF, 0x02, 0x00, 0xF8, 0xFF, 0x0D, 0x00,
    0x00, 0x00, 0x00, 0x00, 0x00, 0xE0, 0xFF, 0x9F, 0x00, 0x00, 0xE0, 0xFF, 0x6F, 0x00, 0x00, 0x00,
    0x00, 0x00, 0x00, 0xF6, 0xFF, 0x1F, 0x00, 0x00, 0x70, 0xFF, 0xEF, 0x00, 0x00, 0x00, 0x00, 0x00,
    0x00, 0xFE, 0xFF, 0x08, 0x00, 0x00, 0x00, 0xFE, 0xFF, 0x07, 0x00, 0x00, 0x00, 0x00, 0x70, 0xFF,
    0xEF, 0x00, 0x00, 0x00, 0x00, 0xF5, 0xFF, 0x1E, 0x00, 0x00, 0x00, 0x00, 0xE1, 0xFF, 0x7F, 0x00,
    0x00, 0x00, 0x00, 0xD0, 0xFF, 0x8F, 0x00, 0x00, 0x00, 0x00, 0xF8, 0xFF, 0x0E, 0x00, 0x00, 0x00,
    0x00, 0x40, 0xFF, 0xFF, 0x01, 0x00, 0x00, 0x10, 0xFF, 0xFF, 0x05, 0x00, 0x00, 0x00, 0x00, 0x00,
    0xFB, 0xFF, 0x09, 0x00, 0x00, 0x80, 0xFF, 0xDF, 0x00, 0x00, 0x00, 0x00, 0x00, 0x00, 0xF3, 0xFF,
    0x1F, 0x00, 0x00, 0xF1, 0xFF, 0x4F, 0x00, 0x00, 0x00, 0x00, 0x00, 0x00, 0xA0, 0xFF, 0x9F, 0x00,
    0x00, 0xF9, 0xFF, 0x0C, 0x00, 0x00, 0x00, 0x00, 0x00, 0x00, 0x20, 0xFF, 0xFF, 0x02, 0x20, 0xFF,
    0xFF, 0x03, 0x00, 0x00, 0x00, 0x00, 0x00, 0x00, 0x00, 0xF9, 0xFF, 0x0A, 0xA0, 0xFF, 0xBF, 0x00,
    0x00, 0x00, 0x00, 0x00, 0x00, 0x00, 0x00, 0xF1, 0xFF, 0x3F, 0xF2, 0xFF, 0x2F, 0x00, 0x00, 0x00,
    0x00, 0x00, 0x00, 0x00, 0x00, 0x80, 0xFF, 0xBF, 0xFB, 0xFF, 0x09, 0x00, 0x00, 0x00, 0x00, 0x00,
    0x00, 0x00, 0x00, 0x00, 0xFE, 0xFF, 0xFF, 0xFF, 0x01, 0x00, 0x00, 0x00, 0x00, 0x00, 0x00, 0x00,
    0x00, 0x00, 0xF6, 0xFF, 0xFF, 0x8F, 0x00, 0x00, 0x00, 0x00, 0x00, 0x00, 0x00, 0x00, 0x00, 0x00,
    0xD0, 0xFF, 0xFF, 0x1F, 0x00, 0x00, 0x00, 0x00, 0x00, 0x00, 0x00, 0x00, 0x00, 0x00, 0x50, 0xFF,
    0xFF, 0x07, 0x00, 0x00, 0x00, 0x00, 0x00, 0x00, 0x00, 0x00, 0x00, 0x00, 0x10, 0xFF, 0xFF, 0x01,
    0x00, 0x00, 0x00, 0x00, 0x00, 0x00, 0x00, 0x00, 0x00, 0x00, 0x10, 0xFF, 0xFF, 0x01, 0x00, 0x00,
    0x00, 0x00, 0x00, 0x00, 0x00, 0x00, 0x00, 0x00, 0x10, 0xFF, 0xFF, 0x01, 0x00, 0x00, 0x00, 0x00,
    0x00, 0x00, 0x00, 0x00, 0x00, 0x00, 0x10, 0xFF, 0xFF, 0x01, 0x00, 0x00, 0x00, 0x00, 0x00, 0x00,
    0x00, 0x00, 0x00, 0x00, 0x10, 0xFF, 0xFF, 0x01, 0x00, 0x00, 0x00, 0x00, 0x00, 0x00, 0x00, 0x00,
    0x00, 0x00, 0x10, 0xFF, 0xFF, 0x01, 0x00, 0x00, 0x00, 0x00, 0x00, 0x00, 0x00, 0x00, 0x00, 0x00,
    0x10, 0xFF, 0xFF, 0x01, 0x00, 0x00, 0x00, 0x00, 0x00, 0x00, 0x00, 0x00, 0x00, 0x00, 0x10, 0xFF,
    0xFF, 0x01, 0x00, 0x00, 0x00, 0x00, 0x00, 0x00, 0x00, 0x00, 0x00, 0x00, 0x10, 0xFF, 0xFF, 0x01,
    0x00, 0x00, 0x00, 0x00, 0x00, 0x00, 0x00, 0x00, 0x00, 0x00, 0x10, 0xFF, 0xFF, 0x01, 0x00, 0x00,
    0x00, 0x00, 0x00, 0x00, 0x00, 0x00, 0x00, 0x00, 0x10, 0xFF, 0xFF, 0x01, 0x00, 0x00, 0x00, 0x00,
    0x00, 0x00, 0x00, 0x00, 0x00, 0x00, 0x10, 0xFF, 0xFF, 0x01, 0x00, 0x00, 0x00, 0x00, 0x00, 0x00,
    0x00, 0x00, 0x00, 0x00, 0x10, 0xFF, 0xFF, 0x01, 0x00, 0x00, 0x00, 0x00, 0x00, 0x00, 0x00, 0x00,
    0x00, 0x00, 0x10, 0xFF, 0xFF, 0x01, 0x00, 0x00, 0x00, 0x00, 0x00, 0xF2, 0xFF, 0xFF, 0xFF, 0xFF,
    0xFF, 0xFF, 0xFF, 0xFF, 0xFF, 0xFF, 0xFF, 0x07, 0xF2, 0xFF, 0xFF, 0xFF, 0xFF, 0xFF, 0xFF, 0xFF,
    0xFF, 0xFF, 0xFF, 0xFF, 0x07, 0xF2, 0xFF, 0xFF, 0xFF, 0xFF, 0xFF, 0xFF, 0xFF, 0xFF, 0xFF, 0xFF,
    0xFF, 0x07, 0xE0, 0xFF, 0xFF, 0xBB, 0xBB, 0xBB, 0xBB, 0xBB, 0xBB, 0xBB, 0xBB, 0xBB, 0x04, 0x40,
    0xFF, 0xFF, 0x06, 0x00, 0x00, 0x00, 0x00, 0x00, 0x00, 0x00, 0x00, 0x00, 0x00, 0xF9, 0xFF, 0x1F,
    0x00, 0x00, 0x00, 0x00, 0x00, 0x00, 0x00, 0x00, 0x00, 0x00, 0xE0, 0xFF, 0xBF, 0x00, 0x00, 0x00,
    0x00, 0x00, 0x00, 0x00, 0x00, 0x00, 0x00, 0x40, 0xFF, 0xFF, 0x06, 0x00, 0x00, 0x00, 0x00, 0x00,
    0x00, 0x00, 0x00, 0x00, 0x00, 0xFA, 0xFF, 0x1F, 0x00, 0x00, 0x00, 0x00, 0x00, 0x00, 0x00, 0x00,
    0x00, 0x00, 0xE1, 0xFF, 0xBF, 0x00, 0x00, 0x00, 0x00, 0x00, 0x00, 0x00, 0x00, 0x00, 0x00, 0x50,
    0xFF, 0xFF, 0x05, 0x00, 0x00, 0x00, 0x00, 0x00, 0x00, 0x00, 0x00, 0x00, 0x00, 0xFA, 0xFF, 0x1E,
    0x00, 0x00, 0x00, 0x00, 0x00, 0x00, 0x00, 0x00, 0x00, 0x00, 0xE1, 0xFF, 0xAF, 0x00, 0x00, 0x00,
    0x00, 0x00, 0x00, 0x00, 0x00, 0x00, 0x00, 0x50, 0xFF, 0xFF, 0x05, 0x00, 0x00, 0x00, 0x00, 0x00,
    0x00, 0x00, 0x00, 0x00, 0x00, 0xFA, 0xFF, 0x1E, 0x00, 0x00, 0x00, 0x00, 0x00, 0x00, 0x00, 0x00,
    0x00, 0x00, 0xE1, 0xFF, 0xAF, 0x00, 0x00, 0x00, 0x00, 0x00, 0x00, 0x00, 0x00, 0x00, 0x00, 0x50,
    0xFF, 0xFF, 0x05, 0x00, 0x00, 0x00, 0x00, 0x00, 0x00, 0x00, 0x00, 0x00, 0x00, 0xFB, 0xFF, 0x1E,
    0x00, 0x00, 0x00, 0x00, 0x00, 0x00, 0x00, 0x00, 0x00, 0x00, 0xE1, 0xFF, 0xAF, 0x00, 0x00, 0x00,
    0x00, 0x00, 0x00, 0x00, 0x00, 0x00, 0x00, 0x50, 0xFF, 0xFF, 0x04, 0x00, 0x00, 0x00, 0x00, 0x00,
    0x00, 0x00, 0x00, 0x00, 0x00, 0xFB, 0xFF, 0x0E, 0x00, 0x00, 0x00, 0x00, 0x00, 0x00, 0x00, 0x00,
    0x00, 0x00, 0xF1, 0xFF, 0x9F, 0x00, 0x00, 0x00, 0x00, 0x00, 0x00, 0x00, 0x00, 0x00, 0x00, 0x60,
    0xFF, 0xFF, 0x04, 0x00, 0x00, 0x00, 0x00, 0x00, 0x00, 0x00, 0x00, 0x00, 0x00, 0xFB, 0xFF, 0x0D,
    0x00, 0x00, 0x00, 0x00, 0x00, 0x00, 0x00, 0x00, 0x00, 0x00, 0xF1, 0xFF, 0x9F, 0x00, 0x00, 0x00,
    0x00, 0x00, 0x00, 0x00, 0x00, 0x00, 0x00, 0x60, 0xFF, 0xFF, 0x03, 0x00, 0x00, 0x00, 0x00, 0x00,
    0x00, 0x00, 0x00, 0x00, 0x00, 0xFB, 0xFF, 0x0D, 0x00, 0x00, 0x00, 0x00, 0x00, 0x00, 0x00, 0x00,
    0x00, 0x00, 0xF2, 0xFF, 0x8F, 0x00, 0x00, 0x00, 0x00, 0x00, 0x00, 0x00, 0x00, 0x00, 0x00, 0x60,
    0xFF, 0xFF, 0x03, 0x00, 0x00, 0x00, 0x00, 0x00, 0x00, 0x00, 0x00, 0x00, 0x00, 0xFC, 0xFF, 0x0D,
    0x00, 0x00, 0x00, 0x00, 0x00, 0x00, 0x00, 0x00, 0x00, 0x00, 0xF2, 0xFF, 0x8F, 0x00, 0x00, 0x00,
    0x00, 0x00, 0x00, 0x00, 0x00, 0x00, 0x00, 0x70, 0xFF, 0xFF, 0x03, 0xB7, 0xBB, 0xBB, 0xBB, 0xBB,
    0xBB, 0xBB, 0xBB, 0xBB, 0xBB, 0xFF, 0xFF, 0x0D, 0xFB, 0xFF, 0xFF, 0xFF, 0xFF, 0xFF, 0xFF, 0xFF,
    0xFF, 0xFF, 0xFF, 0xFF, 0x1F, 0xFB, 0xFF, 0xFF, 0xFF, 0xFF, 0xFF, 0xFF, 0xFF, 0xFF, 0xFF, 0xFF,
    0xFF, 0x1F, 0xFB, 0xFF, 0xFF, 0xFF, 0xFF, 0xFF, 0xFF, 0xFF, 0xFF, 0xFF, 0xFF, 0xFF, 0x1F, 0xF1,
    0xFF, 0xFF, 0xFF, 0xFF, 0xFF, 0xF1, 0xFF, 0xFF, 0xFF, 0xFF, 0xFF, 0xF1, 0xFF, 0xFF, 0xFF, 0xFF,
    0xFF, 0x50, 0x55, 0x55, 0x55, 0xFF, 0xFF, 0x00, 0x00, 0x00, 0x00, 0xFF, 0xFF, 0x00, 0x00, 0x00,
    0x00, 0xFF, 0xFF, 0x00, 0x00, 0x00, 0x00, 0xFF, 0xFF, 0x00, 0x00, 0x00, 0x00, 0xFF, 0xFF, 0x00,
    0x00, 0x00, 0x00, 0xFF, 0xFF, 0x00, 0x00, 0x00, 0x00, 0xFF, 0xFF, 0x00, 0x00, 0x00, 0x00, 0xFF,
    0xFF, 0x00, 0x00, 0x00, 0x00, 0xFF, 0xFF, 0x00, 0x00, 0x00, 0x00, 0xFF, 0xFF, 0x00, 0x00, 0x00,
    0x00, 0xFF, 0xFF, 0x00, 0x00, 0x00, 0x00, 0xFF, 0xFF, 0x00, 0x00, 0x00, 0x00, 0xFF, 0xFF, 0x00,
    0x00, 0x00, 0x00, 0xFF, 0xFF, 0x00, 0x00, 0x00, 0x00, 0xFF, 0xFF, 0x00, 0x00, 0x00, 0x00, 0xFF,
    0xFF, 0x00, 0x00, 0x00, 0x00, 0xFF, 0xFF, 0x00, 0x00, 0x00, 0x00, 0xFF, 0xFF, 0x00, 0x00, 0x00,
    0x00, 0xFF, 0xFF, 0x00, 0x00, 0x00, 0x00, 0xFF, 0xFF, 0x00, 0x00, 0x00, 0x00, 0xFF, 0xFF, 0x00,
    0x00, 0x00, 0x00, 0xFF, 0xFF, 0x00, 0x00, 0x00, 0x00, 0xFF, 0xFF, 0x00, 0x00, 0x00, 0x00, 0xFF,
    0xFF, 0x00, 0x00, 0x00, 0x00, 0xFF, 0xFF, 0x00, 0x00, 0x00, 0x00, 0xFF, 0xFF, 0x00, 0x00, 0x00,
    0x00, 0xFF, 0xFF, 0x00, 0x00, 0x00, 0x00, 0xFF, 0xFF, 0x00, 0x00, 0x00, 0x00, 0xFF, 0xFF, 0x00,
    0x00, 0x00, 0x00, 0xFF, 0xFF, 0x00, 0x00, 0x00, 0x00, 0xFF, 0xFF, 0x00, 0x00, 0x00, 0x00, 0xFF,
    0xFF, 0x00, 0x00, 0x00, 0x00, 0xFF, 0xFF, 0x00, 0x00, 0x00, 0x00, 0xFF, 0xFF, 0x00, 0x00, 0x00,
    0x00, 0xFF, 0xFF, 0x00, 0x00, 0x00, 0x00, 0xFF, 0xFF, 0x00, 0x00, 0x00, 0x00, 0xFF, 0xFF, 0x50,
    0x55, 0x55, 0x55, 0xFF, 0xFF, 0xF1, 0xFF, 0xFF, 0xFF, 0xFF, 0xFF, 0xF1, 0xFF, 0xFF, 0xFF, 0xFF,
    0xFF, 0xF1, 0xFF, 0xFF, 0xFF, 0xFF, 0xFF, 0x00, 0x00, 0x00, 0x00, 0x00, 0x00, 0xB0, 0xFF, 0x4F,
    0x00, 0x00, 0x00, 0x00, 0x00, 0x00, 0xF1, 0xFF, 0x0E, 0x00, 0x00, 0x00, 0x00, 0x00, 0x00, 0xF7,
    0xFF, 0x09, 0x00, 0x00, 0x00, 0x00, 0x00, 0x00, 0xFD, 0xFF, 0x03, 0x00, 0x00, 0x00, 0x00, 0x00,
    0x20, 0xFF, 0xDF, 0x00, 0x00, 0x00, 0x00, 0x00, 0x00, 0x80, 0xFF, 0x7F, 0x00, 0x00, 0x00, 0x00,
    0x00, 0x00, 0xE0, 0xFF, 0x1F, 0x00, 0x00, 0x00, 0x00, 0x00, 0x00, 0xF4, 0xFF, 0x0B, 0x00, 0x00,
    0x00, 0x00, 0x00, 0x00, 0xFA, 0xFF, 0x05, 0x00, 0x00, 0x00, 0x00, 0x00, 0x10, 0xFF, 0xFF, 0x00,
    0x00, 0x00, 0x00, 0x00, 0x00, 0x60, 0xFF, 0x9F, 0x00, 0x00, 0x00, 0x00, 0x00, 0x00, 0xC0, 0xFF,
    0x3F, 0x00, 0x00, 0x00, 0x00, 0x00, 0x00, 0xF2, 0xFF, 0x0D, 0x00, 0x00, 0x00, 0x00, 0x00, 0x00,
    0xF8, 0xFF, 0x08, 0x00, 0x00, 0x00, 0x00, 0x00, 0x00, 0xFE, 0xFF, 0x02, 0x00, 0x00, 0x00, 0x00,
    0x00, 0x40, 0xFF, 0xCF, 0x00, 0x00, 0x00, 0x00, 0x00, 0x00, 0xA0, 0xFF, 0x6F, 0x00, 0x00, 0x00,
    0x00, 0x00, 0x00, 0xF0, 0xFF, 0x0F, 0x00, 0x00, 0x00, 0x00, 0x00, 0x00, 0xF5, 0xFF, 0x0A, 0x00,
    0x00, 0x00, 0x00, 0x00, 0x00, 0xFB, 0xFF, 0x04, 0x00, 0x00, 0x00, 0x00, 0x00, 0x10, 0xFF, 0xEF,
    0x00, 0x00, 0x00, 0x00, 0x00, 0x00, 0x70, 0xFF, 0x8F, 0x00, 0x00, 0x00, 0x00, 0x00, 0x00, 0xD0,
    0xFF, 0x2F, 0x00, 0x00, 0x00, 0x00, 0x00, 0x00, 0xF3, 0xFF, 0x0C, 0x00, 0x00, 0x00, 0x00, 0x00,
    0x00, 0xF9, 0xFF, 0x07, 0x00, 0x00, 0x00, 0x00, 0x00, 0x00, 0xFE, 0xFF, 0x01, 0x00, 0x00, 0x00,
    0x00, 0x00, 0x50, 0xFF, 0xBF, 0x00, 0x00, 0x00, 0x00, 0x00, 0x00, 0xB0, 0xFF, 0x5F, 0x00, 0x00,
    0x00, 0x00, 0x00, 0x00, 0xF1, 0xFF, 0x0E, 0x00, 0x00, 0x00, 0x00, 0x00, 0x00, 0xF7, 0xFF, 0x09,
    0x00, 0x00, 0x00, 0x00, 0x00, 0x00, 0xFD, 0xFF, 0x03, 0x00, 0x00, 0x00, 0x00, 0x00, 0x20, 0xFF,
    0xDF, 0x00, 0x00, 0x00, 0x00, 0x00, 0x00, 0x80, 0xFF, 0x7F, 0x00, 0x00, 0x00, 0x00, 0x00, 0x00,
    0xE0, 0xFF, 0x1F, 0x00, 0x00, 0x00, 0x00, 0x00, 0x00, 0xF4, 0xFF, 0x0B, 0x00, 0x00, 0x00, 0x00,
    0x00, 0x00, 0xFA, 0xFF, 0x06, 0x00, 0x00, 0x00, 0x00, 0x00, 0x00, 0xF5, 0xFF, 0xFF, 0xFF, 0xFF,
    0xCF, 0xF5, 0xFF, 0xFF, 0xFF, 0xFF, 0xCF, 0xF5, 0xFF, 0xFF, 0xFF, 0xFF, 0xCF, 0xF5, 0xFF, 0x5C,
    0x55, 0x55, 0x35, 0xF5, 0xFF, 0x0A, 0x00, 0x00, 0x00, 0xF5, 0xFF, 0x0A, 0x00, 0x00, 0x00, 0xF5,
    0xFF, 0x0A, 0x00, 0x00, 0x00, 0xF5, 0xFF, 0x0A, 0x00, 0x00, 0x00, 0xF5, 0xFF, 0x0A, 0x00, 0x00,
    0x00, 0xF5, 0xFF, 0x0A, 0x00, 0x00, 0x00, 0xF5, 0xFF, 0x0A, 0x00, 0x00, 0x00, 0xF5, 0xFF, 0x0A,
    0x00, 0x00, 0x00, 0xF5, 0xFF, 0x0A, 0x00, 0x00, 0x00, 0xF5, 0xFF, 0x0A, 0x00, 0x00, 0x00, 0xF5,
    0xFF, 0x0A, 0x00, 0x00, 0x00, 0xF5, 0xFF, 0x0A, 0x00, 0x00, 0x00, 0xF5, 0xFF, 0x0A, 0x00, 0x00,
    0x00, 0xF5, 0xFF, 0x0A, 0x00, 0x00, 0x00, 0xF5, 0xFF, 0x0A, 0x00, 0x00, 0x00, 0xF5, 0xFF, 0x0A,
    0x00, 0x00, 0x00, 0xF5, 0xFF, 0x0A, 0x00, 0x00, 0x00, 0xF5, 0xFF, 0x0A, 0x00, 0x00, 0x00, 0xF5,
    0xFF, 0x0A, 0x00, 0x00, 0x00, 0xF5, 0xFF, 0x0A, 0x00, 0x00, 0x00, 0xF5, 0xFF, 0x0A, 0x00, 0x00,
    0x00, 0xF5, 0xFF, 0x0A, 0x00, 0x00, 0x00, 0xF5, 0xFF, 0x0A, 0x00, 0x00, 0x00, 0xF5, 0xFF, 0x0A,
    0x00, 0x00, 0x00, 0xF5, 0xFF, 0x0A, 0x00, 0x00, 0x00, 0xF5, 0xFF, 0x0A, 0x00, 0x00, 0x00, 0xF5,
    0xFF, 0x0A, 0x00, 0x00, 0x00, 0xF5, 0xFF, 0x0A, 0x00, 0x00, 0x00, 0xF5, 0xFF, 0x0A, 0x00, 0x00,
    0x00, 0xF5, 0xFF, 0x0A, 0x00, 0x00, 0x00, 0xF5, 0xFF, 0x0A, 0x00, 0x00, 0x00, 0xF5, 0xFF, 0x0A,
    0x00, 0x00, 0x00, 0xF5, 0xFF, 0x0A, 0x00, 0x00, 0x00, 0xF5, 0xFF, 0x0A, 0x00, 0x00, 0x00, 0xF5,
    0xFF, 0x0A, 0x00, 0x00, 0x00, 0xF5, 0xFF, 0x0A, 0x00, 0x00, 0x00, 0xF5, 0xFF, 0x5C, 0x55, 0x55,
    0x45, 0xF5, 0xFF, 0xFF, 0xFF, 0xFF, 0xCF, 0xF5, 0xFF, 0xFF, 0xFF, 0xFF, 0xCF, 0xF5, 0xFF, 0xFF,
    0xFF, 0xFF, 0xCF, 0x00, 0x00, 0x00, 0x00, 0x00, 0x10, 0x88, 0x03, 0x00, 0x00, 0x00, 0x00, 0x00,
    0x00, 0x00, 0x00, 0x00, 0x00, 0x80, 0xFF, 0x0C, 0x00, 0x00, 0x00, 0x00, 0x00, 0x00, 0x00, 0x00,
    0x00, 0x00, 0xF1, 0xFF, 0x4F, 0x00, 0x00, 0x00, 0x00, 0x00, 0x00, 0x00, 0x00, 0x00, 0x00, 0xF8,
    0xFF, 0xBF, 0x00, 0x00, 0x00, 0x00, 0x00, 0x00, 0x00, 0x00, 0x00, 0x10, 0xFF, 0xFF, 0xFF, 0x03,
    0x00, 0x00, 0x00, 0x00, 0x00, 0x00, 0x00, 0x00, 0x80, 0xFF, 0xAD, 0xFF, 0x0A, 0x00, 0x00, 0x00,
    0x00, 0x00, 0x00, 0x00, 0x00, 0xF1, 0xFF, 0x35, 0xFF, 0x2F, 0x00, 0x00, 0x00, 0x00, 0x00, 0x00,
    0x00, 0x00, 0xF9, 0xDF, 0x00, 0xFB, 0x9F, 0x00, 0x00, 0x00, 0x00, 0x00, 0x00, 0x00, 0x10, 0xFF,
    0x5F, 0x00, 0xF4, 0xFF, 0x01, 0x00, 0x00, 0x00, 0x00, 0x00, 0x00, 0x90, 0xFF, 0x0D, 0x00, 0xD0,
    0xFF, 0x08, 0x00, 0x00, 0x00, 0x00, 0x00, 0x00, 0xF1, 0xFF, 0x06, 0x00, 0x60, 0xFF, 0x0F, 0x00,
    0x00, 0x00, 0x00, 0x00, 0x00, 0xF9, 0xDF, 0x00, 0x00, 0x00, 0xFE, 0x7F, 0x00, 0x00, 0x00, 0x00,
    0x00, 0x10, 0xFF, 0x6F, 0x00, 0x00, 0x00, 0xF8, 0xEF, 0x00, 0x00, 0x00, 0x00, 0x00, 0x90, 0xFF,
    0x0E, 0x00, 0x00, 0x00, 0xF1, 0xFF, 0x06, 0x00, 0x00, 0x00, 0x00, 0xF2, 0xFF, 0x06, 0x00, 0x00,
    0x00, 0x90, 0xFF, 0x0D, 0x00, 0x00, 0x00, 0x00, 0xF9, 0xEF, 0x00, 0x00, 0x00, 0x00, 0x20, 0xFF,
    0x5F, 0x00, 0x00, 0x00, 0x20, 0xFF, 0x6F, 0x00, 0x00, 0x00, 0x00, 0x00, 0xFB, 0xCF, 0x00, 0x00,
    0x00, 0x90, 0xFF, 0x0E, 0x00, 0x00, 0x00, 0x00, 0x00, 0xF4, 0xFF, 0x04, 0x00, 0x00, 0xF2, 0xFF,
    0x07, 0x00, 0x00, 0x00, 0x00, 0x00, 0xD0, 0xFF, 0x0B, 0x00, 0x00, 0xFA, 0xEF, 0x00, 0x00, 0x00,
    0x00, 0x00, 0x00, 0x60, 0xFF, 0x3F, 0x00, 0x20, 0xFF, 0x7F, 0x00, 0x00, 0x00, 0x00, 0x00, 0x00,
    0x00, 0xFE, 0xAF, 0x00, 0xA0, 0xFF, 0x0E, 0x00, 0x00, 0x00, 0x00, 0x00, 0x00, 0x00, 0xF7, 0xFF,
    0x02, 0xF2, 0xFF, 0x07, 0x00, 0x00, 0x00, 0x00, 0x00, 0x00, 0x00, 0xF1, 0xFF, 0x09, 0x84, 0x88,
    0x00, 0x00, 0x00, 0x00, 0x00, 0x00, 0x00, 0x00, 0x50, 0x88, 0x07, 0xFF, 0xFF, 0xFF, 0xFF, 0xFF,
    0xFF, 0xFF, 0xFF, 0xFF, 0xFF, 0xFF, 0x01, 0xFF, 0xFF, 0xFF, 0xFF, 0xFF, 0xFF, 0xFF, 0xFF, 0xFF,
    0xFF, 0xFF, 0x01, 0xFF, 0xFF, 0xFF, 0xFF, 0xFF, 0xFF, 0xFF, 0xFF, 0xFF, 0xFF, 0xFF, 0x01, 0x00,
    0x00, 0xF2, 0xFF, 0xEF, 0x00, 0x00, 0xFA, 0xFF, 0x4F, 0x00, 0x40, 0xFF, 0xFF, 0x06, 0x00, 0xE0,
    0xFF, 0x8F, 0x00, 0x00, 0xFA, 0xFF, 0x09, 0x00, 0x50, 0xFF, 0x9F, 0x00, 0x00, 0xF2, 0xFF, 0x09,
    0x00, 0x00, 0xFD, 0x7F, 0x00, 0x00, 0x00, 0x00, 0x00, 0x00, 0x53, 0x77, 0x67, 0x14, 0x00, 0x00,
    0x00, 0x00, 0x00, 0x10, 0xE8, 0xFF, 0xFF, 0xFF, 0xFF, 0x9D, 0x03, 0x00, 0x00, 0x00, 0xE3, 0xFF,
    0xFF, 0xFF, 0xFF, 0xFF, 0xFF, 0xDF, 0x05, 0x00, 0x20, 0xFF, 0xFF, 0xFF, 0xCE, 0xEC, 0xFF, 0xFF,
    0xFF, 0x07, 0x00, 0xB0, 0xFF, 0xFF, 0x2A, 0x00, 0x00, 0x40, 0xE9, 0xFF, 0x01, 0x00, 0xF1, 0xFF,
    0x8F, 0x00, 0x00, 0x00, 0x00, 0x00, 0x85, 0x00, 0x00, 0xF6, 0xFF, 0x0E, 0x00, 0x00, 0x00, 0x00,
    0x00, 0x00, 0x00, 0x00, 0xF9, 0xFF, 0x09, 0x00, 0x00, 0x00, 0x00, 0x00, 0x00, 0x00, 0x00, 0xFA,
    0xFF, 0x05, 0x00, 0x00, 0x00, 0x00, 0x00, 0x00, 0x00, 0x00, 0xFB, 0xFF, 0x04, 0x00, 0x00, 0x00,
    0x00, 0x00, 0x00, 0x00, 0x00, 0xFB, 0xFF, 0x04, 0x00, 0x00, 0x00, 0x00, 0x00, 0x00, 0x00, 0x00,
    0xFB, 0xFF, 0x04, 0x00, 0x00, 0x00, 0x00, 0x00, 0x00, 0x00, 0x00, 0xFB, 0xFF, 0xFF, 0xDE, 0xCD,
    0xAB, 0x58, 0x01, 0x00, 0x00, 0x00, 0xFB, 0xFF, 0xFF, 0xFF, 0xFF, 0xFF, 0xFF, 0xDF, 0x18, 0x00,
    0x00, 0xFB, 0xFF, 0xEE, 0xFF, 0xFF, 0xFF, 0xFF, 0xFF, 0xFF, 0x07, 0x00, 0xFB, 0xFF, 0x04, 0x00,
    0x10, 0x53, 0xC8, 0xFF, 0xFF, 0xAF, 0x00, 0xFB, 0xFF, 0x04, 0x00, 0x00, 0x00, 0x00, 0xB2, 0xFF,
    0xFF, 0x08, 0xFB, 0xFF, 0x04, 0x00, 0x00, 0x00, 0x00, 0x00, 0xFA, 0xFF, 0x1F, 0xFB, 0xFF, 0x05,
    0x00, 0x00, 0x00, 0x00, 0x00, 0xF0, 0xFF, 0x6F, 0xFB, 0xFF, 0x08, 0x00, 0x00, 0x00, 0x00, 0x00,
    0xA0, 0xFF, 0x9F, 0xFB, 0xFF, 0x0C, 0x00, 0x00, 0x00, 0x00, 0x00, 0x80, 0xFF, 0xBF, 0xFB, 0xFF,
    0x3F, 0x00, 0x00, 0x00, 0x00, 0x00, 0x90, 0xFF, 0xAF, 0xFB, 0xFF, 0xDF, 0x00, 0x00, 0x00, 0x00,
    0x00, 0xC0, 0xFF, 0x8F, 0xFB, 0xFF, 0xFF, 0x2C, 0x00, 0x00, 0x00, 0x00, 0xF5, 0xFF, 0x5F, 0xFB,
    0xFF, 0xF7, 0xFF, 0x39, 0x00, 0x00, 0x81, 0xFF, 0xFF, 0x0E, 0xFB, 0xBF, 0x80, 0xFF, 0xFF, 0xDF,
    0xEC, 0xFF, 0xFF, 0xFF, 0x04, 0xFB, 0x8F, 0x00, 0xF7, 0xFF, 0xFF, 0xFF, 0xFF, 0xFF, 0x6F, 0x00,
    0xFB, 0x5F, 0x00, 0x20, 0xFA, 0xFF, 0xFF, 0xFF, 0xBF, 0x02, 0x00, 0x00, 0x00, 0x00, 0x00, 0x00,
    0x64, 0x77, 0x46, 0x01, 0x00, 0x00, 0x00, 0x00, 0x00, 0x00, 0x00, 0x00, 0x00, 0x00, 0x00, 0x50,
    0xFF, 0xBF, 0x00, 0x00, 0x00, 0x00, 0x00, 0x00, 0x00, 0x00, 0x00, 0x50, 0xFF, 0xBF, 0x00, 0x00,
    0x00, 0x00, 0x00, 0x00, 0x00, 0x00, 0x00, 0x50, 0xFF, 0xBF, 0x00, 0x00, 0x00, 0x00, 0x00, 0x00,
    0x00, 0x00, 0x00, 0x50, 0xFF, 0xBF, 0x00, 0x00, 0x00, 0x00, 0x00, 0x00, 0x00, 0x00, 0x00, 0x50,
    0xFF, 0xBF, 0x00, 0x00, 0x00, 0x00, 0x00, 0x00, 0x00, 0x00, 0x00, 0x50, 0xFF, 0xBF, 0x00, 0x00,
    0x00, 0x00, 0x00, 0x00, 0x00, 0x00, 0x00, 0x50, 0xFF, 0xBF, 0x00, 0x00, 0x00, 0x00, 0x00, 0x00,
    0x00, 0x00, 0x00, 0x50, 0xFF, 0xBF, 0x00, 0x00, 0x00, 0x00, 0x00, 0x00, 0x00, 0x00, 0x00, 0x50,
    0xFF, 0xBF, 0x00, 0x00, 0x00, 0x00, 0x00, 0x00, 0x00, 0x00, 0x00, 0x50, 0xFF, 0xBF, 0x00, 0x00,
    0x00, 0x00, 0x63, 0x77, 0x47, 0x01, 0x00, 0x50, 0xFF, 0xBF, 0x00, 0x00, 0x10, 0xE8, 0xFF, 0xFF,
    0xFF, 0xBF, 0x03, 0x40, 0xFF, 0xBF, 0x00, 0x00, 0xE4, 0xFF, 0xFF, 0xFF, 0xFF, 0xFF, 0x9F, 0x30,
    0xFF, 0xBF, 0x00, 0x50, 0xFF, 0xFF, 0xFF, 0xEF, 0xFE, 0xFF, 0xFF, 0x3A, 0xFF, 0xBF, 0x00, 0xF3,
    0xFF, 0xFF, 0x39, 0x00, 0x00, 0x83, 0xFF, 0x9F, 0xFF, 0xBF, 0x00, 0xFD, 0xFF, 0x3F, 0x00, 0x00,
    0x00, 0x00, 0xD2, 0xFF, 0xFF, 0xBF, 0x50, 0xFF, 0xFF, 0x04, 0x00, 0x00, 0x00, 0x00, 0x10, 0xFF,
    0xFF, 0xBF, 0xC0, 0xFF, 0xBF, 0x00, 0x00, 0x00, 0x00, 0x00, 0x00, 0xF7, 0xFF, 0xBF, 0xF1, 0xFF,
    0x4F, 0x00, 0x00, 0x00, 0x00, 0x00, 0x00, 0xF1, 0xFF, 0xBF, 0xF5, 0xFF, 0x0E, 0x00, 0x00, 0x00,
    0x00, 0x00, 0x00, 0xC0, 0xFF, 0xBF, 0xF8, 0xFF, 0x0B, 0x00, 0x00, 0x00, 0x00, 0x00, 0x00, 0x90,
    0xFF, 0xBF, 0xFA, 0xFF, 0x09, 0x00, 0x00, 0x00, 0x00, 0x00, 0x00, 0x70, 0xFF, 0xBF, 0xFB, 0xFF,
    0x07, 0x00, 0x00, 0x00, 0x00, 0x00, 0x00, 0x60, 0xFF, 0xBF, 0xFC, 0xFF, 0x06, 0x00, 0x00, 0x00,
    0x00, 0x00, 0x00, 0x50, 0xFF, 0xBF, 0xFC, 0xFF, 0x06, 0x00, 0x00, 0x00, 0x00, 0x00, 0x00, 0x50,
    0xFF, 0xBF, 0xFC, 0xFF, 0x06, 0x00, 0x00, 0x00, 0x00, 0x00, 0x00, 0x50, 0xFF, 0xBF, 0xFB, 0xFF,
    0x07, 0x00, 0x00, 0x00, 0x00, 0x00, 0x00, 0x60, 0xFF, 0xBF, 0xFA, 0xFF, 0x09, 0x00, 0x00, 0x00,
    0x00, 0x00, 0x00, 0x70, 0xFF, 0xBF, 0xF7, 0xFF, 0x0C, 0x00, 0x00, 0x00, 0x00, 0x00, 0x00, 0xA0,
    0xFF, 0xBF, 0xF4, 0xFF, 0x0F, 0x00, 0x00, 0x00, 0x00, 0x00, 0x00, 0xD0, 0xFF, 0xBF, 0xF0, 0xFF,
    0x5F, 0x00, 0x00, 0x00, 0x00, 0x00, 0x00, 0xF2, 0xFF, 0xBF, 0xB0, 0xFF, 0xCF, 0x00, 0x00, 0x00,
    0x00, 0x00, 0x00, 0xF8, 0xFF, 0xBF, 0x40, 0xFF, 0xFF, 0x05, 0x00, 0x00, 0x00, 0x00, 0x20, 0xFF,
    0xFF, 0xBF, 0x00, 0xFC, 0xFF, 0x4F, 0x00, 0x00, 0x00, 0x00, 0xD1, 0xFF, 0xFF, 0xBF, 0x00, 0xF2,
    0xFF, 0xFF, 0x39, 0x00, 0x00, 0x82, 0xFE, 0xAF, 0xFF, 0xBF, 0x00, 0x40, 0xFF, 0xFF, 0xFF, 0xEF,
    0xFE, 0xFF, 0xFF, 0x0C, 0xFC, 0xBF, 0x00, 0x00, 0xE3, 0xFF, 0xFF, 0xFF, 0xFF, 0xFF, 0xAF, 0x00,
    0xF8, 0xBF, 0x00, 0x00, 0x00, 0xE7, 0xFF, 0xFF, 0xFF, 0xCF, 0x04, 0x00, 0xF5, 0xBF, 0x00, 0x00,
    0x00, 0x00, 0x52, 0x77, 0x57, 0x01, 0x00, 0x00, 0x00, 0x00, 0x00, 0x00, 0x63, 0x77, 0x67, 0x03,
    0x00, 0x00, 0x00, 0x00, 0x00, 0x60, 0xFC, 0xFF, 0xFF, 0xFF, 0xFF, 0x4B, 0x00, 0x00, 0x00, 0x00,
    0xF1, 0xFF, 0xFF, 0xFF, 0xFF, 0xFF, 0xFF, 0x2C, 0x00, 0x00, 0x00, 0xB0, 0xFF, 0xFF, 0xFF, 0xFF,
    0xFF, 0xFF, 0xFF, 0x04, 0x00, 0x00, 0x60, 0xCF, 0x48, 0x02, 0x31, 0xC6, 0xFF, 0xFF, 0x3F, 0x00,
    0x00, 0x00, 0x01, 0x00, 0x00, 0x00, 0x00, 0xF6, 0xFF, 0xEF, 0x00, 0x00, 0x00, 0x00, 0x00, 0x00,
    0x00, 0x00, 0x40, 0xFF, 0xFF, 0x08, 0x00, 0x00, 0x00, 0x00, 0x00, 0x00, 0x00, 0x00, 0xF8, 0xFF,
    0x0F, 0x00, 0x00, 0x00, 0x00, 0x00, 0x00, 0x00, 0x00, 0xF1, 0xFF, 0x5F, 0x00, 0x00, 0x00, 0x00,
    0x00, 0x00, 0x00, 0x00, 0xA0, 0xFF, 0xAF, 0x00, 0x00, 0x00, 0x00, 0x00, 0x00, 0x00, 0x00, 0x60,
    0xFF, 0xDF, 0x00, 0x00, 0x00, 0x00, 0x00, 0x00, 0x00, 0x00, 0x30, 0xFF, 0xFF, 0x00, 0x00, 0x00,
    0x00, 0x00, 0x00, 0x00, 0x00, 0x10, 0xFF, 0xFF, 0x02, 0x00, 0x00, 0x00, 0x00, 0x00, 0x00, 0x00,
    0x00, 0xFF, 0xFF, 0x03, 0x00, 0x00, 0x00, 0x00, 0x00, 0x00, 0x00, 0x00, 0xFF, 0xFF, 0x03, 0x00,
    0x00, 0x00, 0x00, 0x00, 0x00, 0x00, 0x00, 0xFF, 0xFF, 0x03, 0x00, 0x00, 0x00, 0x00, 0x00, 0x00,
    0x00, 0x10, 0xFF, 0xFF, 0x02, 0x00, 0x00, 0x00, 0x00, 0x00, 0x00, 0x00, 0x30, 0xFF, 0xFF, 0x00,
    0x00, 0x00, 0x00, 0x00, 0x00, 0x00, 0x00, 0x60, 0xFF, 0xEF, 0x00, 0x00, 0x00, 0x00, 0x00, 0x00,
    0x00, 0x00, 0xA0, 0xFF, 0xBF, 0x00, 0x00, 0x00, 0x00, 0x00, 0x00, 0x00, 0x00, 0xF0, 0xFF, 0x6F,
    0x00, 0x00, 0x00, 0x00, 0x00, 0x00, 0x00, 0x00, 0xF8, 0xFF, 0x1F, 0x00, 0x00, 0x00, 0x00, 0x00,
    0x00, 0x00, 0x30, 0xFF, 0xFF, 0x0A, 0x00, 0x50, 0x00, 0x00, 0x00, 0x00, 0x00, 0xF4, 0xFF, 0xFF,
    0x01, 0x00, 0xE0, 0xAF, 0x36, 0x01, 0x20, 0xB5, 0xFF, 0xFF, 0x5F, 0x00, 0x00, 0xE0, 0xFF, 0xFF,
    0xFF, 0xFF, 0xFF, 0xFF, 0xFF, 0x06, 0x00, 0x00, 0xE0, 0xFF, 0xFF, 0xFF, 0xFF, 0xFF, 0xFF, 0x4E,
    0x00, 0x00, 0x00, 0x40, 0xFA, 0xFF, 0xFF, 0xFF, 0xFF, 0x6D, 0x00, 0x00, 0x00, 0x00, 0x00, 0x00,
    0x53, 0x77, 0x67, 0x14, 0x00, 0x00, 0x00, 0x00, 0x00, 0xF4, 0xFF, 0x0C, 0x00, 0x00, 0x00, 0x00,
    0x00, 0x00, 0x00, 0x00, 0x00, 0x00, 0xF4, 0xFF, 0x0C, 0x00, 0x00, 0x00, 0x00, 0x00, 0x00, 0x00,
    0x00, 0x00, 0x00, 0xF4, 0xFF, 0x0C, 0x00, 0x00, 0x00, 0x00, 0x00, 0x00, 0x00, 0x00, 0x00, 0x00,
    0xF4, 0xFF, 0x0C, 0x00, 0x00, 0x00, 0x00, 0x00, 0x00, 0x00, 0x00, 0x00, 0x00, 0xF4, 0xFF, 0x0C,
    0x00, 0x00, 0x00, 0x00, 0x00, 0x00, 0x00, 0x00, 0x00, 0x00, 0xF4, 0xFF, 0x0C, 0x00, 0x00, 0x00,
    0x00, 0x00, 0x00, 0x00, 0x00, 0x00, 0x00, 0xF4, 0xFF, 0x0C, 0x00, 0x00, 0x00, 0x00, 0x00, 0x00,
    0x00, 0x00, 0x00, 0x00, 0xF4, 0xFF, 0x0C, 0x00, 0x00, 0x00, 0x00, 0x00, 0x00, 0x00, 0x00, 0x00,
    0x00, 0xF4, 0xFF, 0x0C, 0x00, 0x00, 0x00, 0x00, 0x00, 0x00, 0x00, 0x00, 0x00, 0x00, 0xF4, 0xFF,
    0x0C, 0x00, 0x00, 0x00, 0x00, 0x00, 0x00, 0x00, 0x00, 0x00, 0x00, 0xF4, 0xFF, 0x0C, 0x00, 0x00,
    0x63, 0x77, 0x46, 0x00, 0x00, 0x00, 0x00, 0x00, 0xF4, 0xFF, 0x0B, 0x10, 0xE8, 0xFF, 0xFF, 0xFF,
    0xAF, 0x02, 0x00, 0x00, 0x00, 0xF4, 0xFF, 0x0A, 0xE4, 0xFF, 0xFF, 0xFF, 0xFF, 0xFF, 0x8F, 0x00,
    0x00, 0x00, 0xF4, 0xFF, 0x49, 0xFF, 0xFF, 0xEF, 0xFE, 0xFF, 0xFF, 0xFF, 0x0A, 0x00, 0x00, 0xF4,
    0xFF, 0xFB, 0xFF, 0x5B, 0x01, 0x00, 0x71, 0xFE, 0xFF, 0x8F, 0x00, 0x00, 0xF4, 0xFF, 0xFF, 0x6F,
    0x00, 0x00, 0x00, 0x00, 0xD1, 0xFF, 0xFF, 0x03, 0x00, 0xF4, 0xFF, 0xFF, 0x08, 0x00, 0x00, 0x00,
    0x00, 0x10, 0xFE, 0xFF, 0x0B, 0x00, 0xF4, 0xFF, 0xEF, 0x00, 0x00, 0x00, 0x00, 0x00, 0x00, 0xF7,
    0xFF, 0x2F, 0x00, 0xF4, 0xFF, 0x8F, 0x00, 0x00, 0x00, 0x00, 0x00, 0x00, 0xF0, 0xFF, 0x7F, 0x00,
    0xF4, 0xFF, 0x4F, 0x00, 0x00, 0x00, 0x00, 0x00, 0x00, 0xA0, 0xFF, 0xBF, 0x00, 0xF4, 0xFF, 0x0F,
    0x00, 0x00, 0x00, 0x00, 0x00, 0x00, 0x60, 0xFF, 0xEF, 0x00, 0xF4, 0xFF, 0x0E, 0x00, 0x00, 0x00,
    0x00, 0x00, 0x00, 0x30, 0xFF, 0xFF, 0x00, 0xF4, 0xFF, 0x0C, 0x00, 0x00, 0x00, 0x00, 0x00, 0x00,
    0x10, 0xFF, 0xFF, 0x02, 0xF4, 0xFF, 0x0B, 0x00, 0x00, 0x00, 0x00, 0x00, 0x00, 0x00, 0xFF, 0xFF,
    0x03, 0xF4, 0xFF, 0x0B, 0x00, 0x00, 0x00, 0x00, 0x00, 0x00, 0x00, 0xFF, 0xFF, 0x03, 0xF4, 0xFF,
    0x0B, 0x00, 0x00, 0x00, 0x00, 0x00, 0x00, 0x00, 0xFF, 0xFF, 0x03, 0xF4, 0xFF, 0x0B, 0x00, 0x00,
    0x00, 0x00, 0x00, 0x00, 0x00, 0xFF, 0xFF, 0x02, 0xF4, 0xFF, 0x0D, 0x00, 0x00, 0x00, 0x00, 0x00,
    0x00, 0x20, 0xFF, 0xFF, 0x01, 0xF4, 0xFF, 0x0F, 0x00, 0x00, 0x00, 0x00, 0x00, 0x00, 0x50, 0xFF,
    0xEF, 0x00, 0xF4, 0xFF, 0x2F, 0x00, 0x00, 0x00, 0x00, 0x00, 0x00, 0x80, 0xFF, 0xBF, 0x00, 0xF4,
    0xFF, 0x6F, 0x00, 0x00, 0x00, 0x00, 0x00, 0x00, 0xD0, 0xFF, 0x8F, 0x00, 0xF4, 0xFF, 0xDF, 0x00,
    0x00, 0x00, 0x00, 0x00, 0x00, 0xF4, 0xFF, 0x3F, 0x00, 0xF4, 0xFF, 0xFF, 0x06, 0x00, 0x00, 0x00,
    0x00, 0x00, 0xFD, 0xFF, 0x0C, 0x00, 0xF4, 0xFF, 0xFF, 0x5F, 0x00, 0x00, 0x00, 0x00, 0xB0, 0xFF,
    0xFF, 0x04, 0x00, 0xF4, 0xFF, 0xEA, 0xFF, 0x4A, 0x00, 0x00, 0x61, 0xFE, 0xFF, 0xAF, 0x00, 0x00,
    0xF4, 0xFF, 0x46, 0xFF, 0xFF, 0xEF, 0xED, 0xFF, 0xFF, 0xFF, 0x0B, 0x00, 0x00, 0xF4, 0xFF, 0x03,
    0xE3, 0xFF, 0xFF, 0xFF, 0xFF, 0xFF, 0x9F, 0x00, 0x00, 0x00, 0xF4, 0xFF, 0x01, 0x10, 0xE8, 0xFF,
    0xFF, 0xFF, 0xBF, 0x03, 0x00, 0x00, 0x00, 0x00, 0x00, 0x00, 0x00, 0x00, 0x63, 0x77, 0x46, 0x01,
    0x00, 0x00, 0x00, 0x00, 0x00, 0x00, 0x00, 0x00, 0x52, 0x77, 0x57, 0x02, 0x00, 0x00, 0x00, 0x00,
    0x00, 0x00, 0x00, 0xE7, 0xFF, 0xFF, 0xFF, 0xDF, 0x06, 0x00, 0x00, 0x00, 0x00, 0x00, 0xE4, 0xFF,
    0xFF, 0xFF, 0xFF, 0xFF, 0xDF, 0x03, 0x00, 0x00, 0x00, 0x50, 0xFF, 0xFF, 0xFF, 0xDE, 0xFE, 0xFF,
    0xFF, 0x4F, 0x00, 0x00, 0x00, 0xF2, 0xFF, 0xEF, 0x16, 0x00, 0x10, 0xE6, 0xFF, 0xFF, 0x03, 0x00,
    0x00, 0xFC, 0xFF, 0x1D, 0x00, 0x00, 0x00, 0x10, 0xFB, 0xFF, 0x0D, 0x00, 0x40, 0xFF, 0xFF, 0x02,
    0x00, 0x00, 0x00, 0x00, 0xD0, 0xFF, 0x7F, 0x00, 0xB0, 0xFF, 0x9F, 0x00, 0x00, 0x00, 0x00, 0x00,
    0x30, 0xFF, 0xEF, 0x00, 0xF0, 0xFF, 0x3F, 0x00, 0x00, 0x00, 0x00, 0x00, 0x00, 0xFC, 0xFF, 0x04,
    0xF3, 0xFF, 0x0F, 0x00, 0x00, 0x00, 0x00, 0x00, 0x00, 0xF7, 0xFF, 0x09, 0xF5, 0xFF, 0x0D, 0x00,
    0x00, 0x00, 0x00, 0x00, 0x00, 0xF3, 0xFF, 0x0D, 0xF7, 0xFF, 0x4D, 0x44, 0x44, 0x44, 0x44, 0x44,
    0x44, 0xF5, 0xFF, 0x0F, 0xF7, 0xFF, 0xFF, 0xFF, 0xFF, 0xFF, 0xFF, 0xFF, 0xFF, 0xFF, 0xFF, 0x1F,
    0xF7, 0xFF, 0xFF, 0xFF, 0xFF, 0xFF, 0xFF, 0xFF, 0xFF, 0xFF, 0xFF, 0x2F, 0xF7, 0xFF, 0xFF, 0xFF,
    0xFF, 0xFF, 0xFF, 0xFF, 0xFF, 0xFF, 0xFF, 0x3F, 0x00, 0x00, 0x00, 0x00, 0x00, 0x00, 0x00, 0x00,
    0x00, 0xF0, 0xFF, 0x3F, 0x00, 0x00, 0x00, 0x00, 0x00, 0x00, 0x00, 0x00, 0x00, 0xF1, 0xFF, 0x2F,
    0x00, 0x00, 0x00, 0x00, 0x00, 0x00, 0x00, 0x00, 0x00, 0xF3, 0xFF, 0x0F, 0x00, 0x00, 0x00, 0x00,
    0x00, 0x00, 0x00, 0x00, 0x00, 0xF6, 0xFF, 0x0E, 0x00, 0x00, 0x00, 0x00, 0x00, 0x00, 0x00, 0x00,
    0x00, 0xFA, 0xFF, 0x0A, 0x00, 0x00, 0x00, 0x00, 0x00, 0x00, 0x00, 0x00, 0x10, 0xFF, 0xFF, 0x05,
    0x00, 0x00, 0x00, 0x00, 0x00, 0x00, 0x00, 0x00, 0x90, 0xFF, 0xEF, 0x00, 0x00, 0x00, 0x00, 0x00,
    0x00, 0x00, 0x00, 0x00, 0xF6, 0xFF, 0x7F, 0x00, 0x30, 0x17, 0x00, 0x00, 0x00, 0x00, 0x00, 0x70,
    0xFF, 0xFF, 0x0D, 0x00, 0x40, 0xFF, 0x8C, 0x24, 0x00, 0x00, 0x73, 0xFD, 0xFF, 0xFF, 0x02, 0x00,
    0x40, 0xFF, 0xFF, 0xFF, 0xFF, 0xFF, 0xFF, 0xFF, 0xFF, 0x3E, 0x00, 0x00, 0x30, 0xFF, 0xFF, 0xFF,
    0xFF, 0xFF, 0xFF, 0xFF, 0xBF, 0x01, 0x00, 0x00, 0x00, 0x71, 0xFC, 0xFF, 0xFF, 0xFF, 0xFF, 0xAF,
    0x04, 0x00, 0x00, 0x00, 0x00, 0x00, 0x00, 0x53, 0x76, 0x77, 0x36, 0x00, 0x00, 0x00, 0x00, 0x00,
    0x50, 0xC9, 0xFE, 0xEF, 0x7B, 0x01, 0x00, 0x00, 0x00, 0x00, 0xE0, 0xFF, 0xFF, 0xFF, 0xFF, 0x7F,
    0x00, 0x00, 0x00, 0x00, 0x80, 0xFF, 0xFF, 0xFF, 0xFF, 0xFF, 0x09, 0x00, 0x00, 0x00, 0x30, 0xAE,
    0x57, 0x86, 0xFE, 0xFF, 0x4F, 0x00, 0x00, 0x00, 0x00, 0x00, 0x00, 0x00, 0xD1, 0xFF, 0xCF, 0x00,
    0x00, 0x00, 0x00, 0x00, 0x00, 0x00, 0x30, 0xFF, 0xFF, 0x01, 0x00, 0x00, 0x00, 0x00, 0x00, 0x00,
    0x00, 0xFD, 0xFF, 0x05, 0x00, 0x00, 0x00, 0x00, 0x00, 0x00, 0x00, 0xFA, 0xFF, 0x07, 0x00, 0x00,
    0x00, 0x00, 0x00, 0x00, 0x00, 0xF8, 0xFF, 0x08, 0x00, 0x00, 0x00, 0x00, 0x00, 0x00, 0x00, 0xF8,
    0xFF, 0x08, 0x00, 0x00, 0x00, 0x00, 0x00, 0x00, 0x00, 0xF8, 0xFF, 0x08, 0x00, 0x00, 0x00, 0x30,
    0xFF, 0xFF, 0xFF, 0xFF, 0xFF, 0xDF, 0x48, 0x00, 0x00, 0x30, 0xFF, 0xFF, 0xFF, 0xFF, 0xFF, 0xFF,
    0xFF, 0x3F, 0x00, 0x30, 0xFF, 0xFF, 0xFF, 0xFF, 0xFF, 0xFF, 0xFF, 0x4F, 0x00, 0x00, 0x33, 0x33,
    0x33, 0xF9, 0xFF, 0x39, 0x33, 0x03, 0x00, 0x00, 0x00, 0x00, 0x00, 0xF8, 0xFF, 0x08, 0x00, 0x00,
    0x00, 0x00, 0x00, 0x00, 0x00, 0xF8, 0xFF, 0x08, 0x00, 0x00, 0x00, 0x00, 0x00, 0x00, 0x00, 0xF8,
    0xFF, 0x08, 0x00, 0x00, 0x00, 0x00, 0x00, 0x00, 0x00, 0xF8, 0xFF, 0x08, 0x00, 0x00, 0x00, 0x00,
    0x00, 0x00, 0x00, 0xF8, 0xFF, 0x08, 0x00, 0x00, 0x00, 0x00, 0x00, 0x00, 0x00, 0xF8, 0xFF, 0x08,
    0x00, 0x00, 0x00, 0x00, 0x00, 0x00, 0x00, 0xF8, 0xFF, 0x08, 0x00, 0x00, 0x00, 0x00, 0x00, 0x00,
    0x00, 0xF8, 0xFF, 0x08, 0x00, 0x00, 0x00, 0x00, 0x00, 0x00, 0x00, 0xF8, 0xFF, 0x08, 0x00, 0x00,
    0x00, 0x00, 0x00, 0x00, 0x00, 0xF8, 0xFF, 0x08, 0x00, 0x00, 0x00, 0x00, 0x00, 0x00, 0x00, 0xF8,
    0xFF, 0x08, 0x00, 0x00, 0x00, 0x00, 0x00, 0x00, 0x00, 0xF8, 0xFF, 0x08, 0x00, 0x00, 0x00, 0x00,
    0x00, 0x00, 0x00, 0xF8, 0xFF, 0x08, 0x00, 0x00, 0x00, 0x00, 0x00, 0x00, 0x00, 0xF8, 0xFF, 0x08,
    0x00, 0x00, 0x00, 0x00, 0x00, 0x00, 0x00, 0xF8, 0xFF, 0x08, 0x00, 0x00, 0x00, 0x00, 0x00, 0x00,
    0x00, 0xF8, 0xFF, 0x08, 0x00, 0x00, 0x00, 0x00, 0x00, 0x00, 0x00, 0xF8, 0xFF, 0x08, 0x00, 0x00,
    0x00, 0x00, 0x00, 0x00, 0x00, 0xF8, 0xFF, 0x08, 0x00, 0x00, 0x00, 0x00, 0x00, 0x00, 0x00, 0xF8,
    0xFF, 0x08, 0x00, 0x00, 0x00, 0x00, 0x00, 0x00, 0x00, 0xF8, 0xFF, 0x08, 0x00, 0x00, 0x00, 0x00,
    0x00, 0x00, 0x00, 0xF8, 0xFF, 0x08, 0x00, 0x00, 0x00, 0x00, 0x00, 0x00, 0x00, 0xF8, 0xFF, 0x08,
    0x00, 0x00, 0x00, 0x00, 0x00, 0x00, 0x00, 0xF8, 0xFF, 0x08, 0x00, 0x00, 0x00, 0x00, 0x00, 0x00,
    0x00, 0x52, 0x76, 0x67, 0x14, 0x00, 0x00, 0x00, 0x00, 0x00, 0xF2, 0xFF, 0xFF, 0xFF, 0xFF, 0xFF,
    0xFF, 0xFF, 0xFF, 0x5C, 0x00, 0x00, 0x00, 0x00, 0xF2, 0xFF, 0xFF, 0xFF, 0xFF, 0xFF, 0xFF, 0xFF,
    0xFF, 0xFF, 0x1C, 0x00, 0x00, 0x00, 0xB1, 0xFD, 0xFF, 0xFF, 0xFF, 0xEF, 0x8A, 0xA8, 0xFE, 0xFF,
    0xDF, 0x01, 0x00, 0x00, 0x00, 0x00, 0x81, 0xFF, 0xFF, 0x07, 0x00, 0x00, 0x60, 0xFF, 0xFF, 0x0B,
    0x00, 0x00, 0x00, 0x00, 0xE0, 0xFF, 0x6F, 0x00, 0x00, 0x00, 0x00, 0xF5, 0xFF, 0x4F, 0x00, 0x00,
    0x00, 0x00, 0xF6, 0xFF, 0x0D, 0x00, 0x00, 0x00, 0x00, 0xB0, 0xFF, 0xAF, 0x00, 0x00, 0x00, 0x00,
    0xFA, 0xFF, 0x08, 0x00, 0x00, 0x00, 0x00, 0x60, 0xFF, 0xEF, 0x00, 0x00, 0x00, 0x00, 0xFD, 0xFF,
    0x05, 0x00, 0x00, 0x00, 0x00, 0x20, 0xFF, 0xFF, 0x00, 0x00, 0x00, 0x00, 0xFE, 0xFF, 0x04, 0x00,
    0x00, 0x00, 0x00, 0x10, 0xFF, 0xFF, 0x02, 0x00, 0x00, 0x00, 0xFE, 0xFF, 0x04, 0x00, 0x00, 0x00,
    0x00, 0x10, 0xFF, 0xFF, 0x02, 0x00, 0x00, 0x00, 0xFC, 0xFF, 0x06, 0x00, 0x00, 0x00, 0x00, 0x30,
    0xFF, 0xFF, 0x00, 0x00, 0x00, 0x00, 0xF9, 0xFF, 0x09, 0x00, 0x00, 0x00, 0x00, 0x70, 0xFF, 0xDF,
    0x00, 0x00, 0x00, 0x00, 0xF4, 0xFF, 0x1F, 0x00, 0x00, 0x00, 0x00, 0xD0, 0xFF, 0x8F, 0x00, 0x00,
    0x00, 0x00, 0xC0, 0xFF, 0xBF, 0x00, 0x00, 0x00, 0x00, 0xFA, 0xFF, 0x2F, 0x00, 0x00, 0x00, 0x00,
    0x20, 0xFF, 0xFF, 0x5D, 0x01, 0x10, 0xC5, 0xFF, 0xFF, 0x08, 0x00, 0x00, 0x00, 0x00, 0x00, 0xF4,
    0xFF, 0xFF, 0xFF, 0xFF, 0xFF, 0xFF, 0xAF, 0x00, 0x00, 0x00, 0x00, 0x00, 0x00, 0x20, 0xFB, 0xFF,
    0xFF, 0xFF, 0xFF, 0xFF, 0x07, 0x00, 0x00, 0x00, 0x00, 0x00, 0x00, 0x00, 0x20, 0xC8, 0xFE, 0xEF,
    0xFE, 0xDF, 0x03, 0x00, 0x00, 0x00, 0x00, 0x00, 0x00, 0x00, 0x00, 0x00, 0x00, 0x00, 0x60, 0xFF,
    0x5F, 0x00, 0x00, 0x00, 0x00, 0x00, 0x00, 0x00, 0x00, 0x00, 0x00, 0x00, 0x00, 0xF7, 0xFF, 0x02,
    0x00, 0x00, 0x00, 0x00, 0x00, 0x00, 0x00, 0x00, 0x00, 0x00, 0x00, 0xF1, 0xFF, 0x09, 0x00, 0x00,
    0x00, 0x00, 0x00, 0x00, 0x00, 0x00, 0x00, 0x00, 0x00, 0xF2, 0xFF, 0x0B, 0x00, 0x00, 0x00, 0x00,
    0x00, 0x00, 0x00, 0x00, 0x00, 0x00, 0x51, 0xFD, 0xFF, 0x0A, 0x00, 0x00, 0x00, 0x00, 0x40, 0xC9,
    0xFE, 0xFF, 0xFF, 0xFF, 0xFF, 0xFF, 0xFF, 0x03, 0x00, 0x00, 0x00, 0x30, 0xFD, 0xFF, 0xFF, 0xFF,
    0xFF, 0xFF, 0xFF, 0xFF, 0x5F, 0x00, 0x00, 0x00, 0x00, 0xF4, 0xFF, 0xFF, 0xFF, 0xFF, 0xFF, 0xFF,
    0xFF, 0xFF, 0x6C, 0x01, 0x00, 0x00, 0x00, 0xFE, 0xFF, 0xFF, 0xEF, 0xCC, 0xCC, 0xCC, 0xDC, 0xFF,
    0xFF, 0x7F, 0x00, 0x00, 0x60, 0xFF, 0xFF, 0x3B, 0x00, 0x00, 0x00, 0x00, 0x00, 0x60, 0xFE, 0xFF,
    0x09, 0x00, 0xA0, 0xFF, 0xBF, 0x00, 0x00, 0x00, 0x00, 0x00, 0x00, 0x00, 0xD1, 0xFF, 0x5F, 0x00,
    0xC0, 0xFF, 0x5F, 0x00, 0x00, 0x00, 0x00, 0x00, 0x00, 0x00, 0x30, 0xFF, 0xDF, 0x00, 0xC0, 0xFF,
    0x4F, 0x00, 0x00, 0x00, 0x00, 0x00, 0x00, 0x00, 0x00, 0xFE, 0xFF, 0x02, 0xA0, 0xFF, 0x6F, 0x00,
    0x00, 0x00, 0x00, 0x00, 0x00, 0x00, 0x00, 0xFD, 0xFF, 0x03, 0x70, 0xFF, 0xCF, 0x00, 0x00, 0x00,
    0x00, 0x00, 0x00, 0x00, 0x00, 0xFE, 0xFF, 0x03, 0x10, 0xFF, 0xFF, 0x08, 0x00, 0x00, 0x00, 0x00,
    0x00, 0x00, 0x50, 0xFF, 0xFF, 0x00, 0x00, 0xF7, 0xFF, 0xBF, 0x03, 0x00, 0x00, 0x00, 0x00, 0x00,
    0xF5, 0xFF, 0xAF, 0x00, 0x00, 0xA0, 0xFF, 0xFF, 0xDF, 0x69, 0x34, 0x22, 0x53, 0xD8, 0xFF, 0xFF,
    0x2E, 0x00, 0x00, 0x00, 0xF7, 0xFF, 0xFF, 0xFF, 0xFF, 0xFF, 0xFF, 0xFF, 0xFF, 0xEF, 0x03, 0x00,
    0x00, 0x00, 0x10, 0xE8, 0xFF, 0xFF, 0xFF, 0xFF, 0xFF, 0xFF, 0xFF, 0x19, 0x00, 0x00, 0x00, 0x00,
    0x00, 0x00, 0x73, 0xCA, 0xFE, 0xFF, 0xEF, 0x9C, 0x15, 0x00, 0x00, 0x00, 0x00, 0x00, 0x00, 0x00,
    0x00, 0x00, 0x00, 0x00, 0x00, 0xF5, 0xFF, 0x0B, 0x00, 0x00, 0x00, 0x00, 0x00, 0x00, 0x00, 0x00,
    0x00, 0xF5, 0xFF, 0x0B, 0x00, 0x00, 0x00, 0x00, 0x00, 0x00, 0x00, 0x00, 0x00, 0xF5, 0xFF, 0x0B,
    0x00, 0x00, 0x00, 0x00, 0x00, 0x00, 0x00, 0x00, 0x00, 0xF5, 0xFF, 0x0B, 0x00, 0x00, 0x00, 0x00,
    0x00, 0x00, 0x00, 0x00, 0x00, 0xF5, 0xFF, 0x0B, 0x00, 0x00, 0x00, 0x00, 0x00, 0x00, 0x00, 0x00,
    0x00, 0xF5, 0xFF, 0x0B, 0x00, 0x00, 0x00, 0x00, 0x00, 0x00, 0x00, 0x00, 0x00, 0xF5, 0xFF, 0x0B,
    0x00, 0x00, 0x00, 0x00, 0x00, 0x00, 0x00, 0x00, 0x00, 0xF5, 0xFF, 0x0B, 0x00, 0x00, 0x00, 0x00,
    0x00, 0x00, 0x00, 0x00, 0x00, 0xF5, 0xFF, 0x0B, 0x00, 0x00, 0x00, 0x00, 0x00, 0x00, 0x00, 0x00,
    0x00, 0xF5, 0xFF, 0x0B, 0x00, 0x00, 0x00, 0x41, 0x76, 0x67, 0x04, 0x00, 0x00, 0xF5, 0xFF, 0x0B,
    0x00, 0x00, 0xC5, 0xFF, 0xFF, 0xFF, 0xFF, 0x3A, 0x00, 0xF5, 0xFF, 0x0B, 0x00, 0xA0, 0xFF, 0xFF,
    0xFF, 0xFF, 0xFF, 0xFF, 0x08, 0xF4, 0xFF, 0x0B, 0x00, 0xFB, 0xFF, 0xFF, 0xFF, 0xEE, 0xFF, 0xFF,
    0xAF, 0xF4, 0xFF, 0x0B, 0x50, 0xFF, 0xFF, 0x7F, 0x01, 0x00, 0x30, 0xF9, 0xFF, 0xF9, 0xFF, 0x0B,
    0xD0, 0xFF, 0xEF, 0x02, 0x00, 0x00, 0x00, 0x20, 0xFD, 0xFF, 0xFF, 0x0B, 0xF2, 0xFF, 0x4F, 0x00,
    0x00, 0x00, 0x00, 0x00, 0xF2, 0xFF, 0xFF, 0x0B, 0xF5, 0xFF, 0x0D, 0x00, 0x00, 0x00, 0x00, 0x00,
    0x70, 0xFF, 0xFF, 0x0B, 0xF7, 0xFF, 0x09, 0x00, 0x00, 0x00, 0x00, 0x00, 0x10, 0xFF, 0xFF, 0x0B,
    0xF9, 0xFF, 0x07, 0x00, 0x00, 0x00, 0x00, 0x00, 0x00, 0xFC, 0xFF, 0x0B, 0xF9, 0xFF, 0x06, 0x00,
    0x00, 0x00, 0x00, 0x00, 0x00, 0xF9, 0xFF, 0x0B, 0xF9, 0xFF, 0x06, 0x00, 0x00, 0x00, 0x00, 0x00,
    0x00, 0xF7, 0xFF, 0x0B, 0xF9, 0xFF, 0x06, 0x00, 0x00, 0x00, 0x00, 0x00, 0x00, 0xF5, 0xFF, 0x0B,
    0xF9, 0xFF, 0x06, 0x00, 0x00, 0x00, 0x00, 0x00, 0x00, 0xF5, 0xFF, 0x0B, 0xF9, 0xFF, 0x06, 0x00,
    0x00, 0x00, 0x00, 0x00, 0x00, 0xF5, 0xFF, 0x0B, 0xF9, 0xFF, 0x06, 0x00, 0x00, 0x00, 0x00, 0x00,
    0x00, 0xF5, 0xFF, 0x0B, 0xF9, 0xFF, 0x06, 0x00, 0x00, 0x00, 0x00, 0x00, 0x00, 0xF5, 0xFF, 0x0B,
    0xF9, 0xFF, 0x06, 0x00, 0x00, 0x00, 0x00, 0x00, 0x00, 0xF5, 0xFF, 0x0B, 0xF9, 0xFF, 0x06, 0x00,
    0x00, 0x00, 0x00, 0x00, 0x00, 0xF5, 0xFF, 0x0B, 0xF9, 0xFF, 0x06, 0x00, 0x00, 0x00, 0x00, 0x00,
    0x00, 0xF5, 0xFF, 0x0B, 0xF9, 0xFF, 0x06, 0x00, 0x00, 0x00, 0x00, 0x00, 0x00, 0xF5, 0xFF, 0x0B,
    0xF9, 0xFF, 0x06, 0x00, 0x00, 0x00, 0x00, 0x00, 0x00, 0xF5, 0xFF, 0x0B, 0xF9, 0xFF, 0x06, 0x00,
    0x00, 0x00, 0x00, 0x00, 0x00, 0xF5, 0xFF, 0x0B, 0xF9, 0xFF, 0x06, 0x00, 0x00, 0x00, 0x00, 0x00,
    0x00, 0xF5, 0xFF, 0x0B, 0xF9, 0xFF, 0x06, 0x00, 0x00, 0x00, 0x00, 0x00, 0x00, 0xF5, 0xFF, 0x0B,
    0xF9, 0xFF, 0x06, 0x00, 0x00, 0x00, 0x00, 0x00, 0x00, 0xF5, 0xFF, 0x0B, 0xF9, 0xFF, 0x06, 0x00,
    0x00, 0x00, 0x00, 0x00, 0x00, 0xF5, 0xFF, 0x0B, 0xF9, 0xFF, 0x06, 0x00, 0x00, 0x00, 0x00, 0x00,
    0x00, 0xF5, 0xFF, 0x0B, 0x10, 0x24, 0x00, 0xF3, 0xFF, 0x07, 0xFB, 0xFF, 0x0F, 0xFC, 0xFF, 0x1F,
    0xF9, 0xFF, 0x0E, 0xB1, 0xDF, 0x04, 0x00, 0x00, 0x00, 0x00, 0x00, 0x00, 0x00, 0x00, 0x00, 0x00,
    0x00, 0x00, 0x00, 0x00, 0x00, 0xF5, 0xFF, 0x0B, 0xF5, 0xFF, 0x0B, 0xF5, 0xFF, 0x0B, 0xF5, 0xFF,
    0x0B, 0xF5, 0xFF, 0x0B, 0xF5, 0xFF, 0x0B, 0xF5, 0xFF, 0x0B, 0xF5, 0xFF, 0x0B, 0xF5, 0xFF, 0x0B,
    0xF5, 0xFF, 0x0B, 0xF5, 0xFF, 0x0B, 0xF5, 0xFF, 0x0B, 0xF5, 0xFF, 0x0B, 0xF5, 0xFF, 0x0B, 0xF5,
    0xFF, 0x0B, 0xF5, 0xFF, 0x0B, 0xF5, 0xFF, 0x0B, 0xF5, 0xFF, 0x0B, 0xF5, 0xFF, 0x0B, 0xF5, 0xFF,
    0x0B, 0xF5, 0xFF, 0x0B, 0xF5, 0xFF, 0x0B, 0xF5, 0xFF, 0x0B, 0xF5, 0xFF, 0x0B, 0xF5, 0xFF, 0x0B,
    0xF5, 0xFF, 0x0B, 0xF5, 0xFF, 0x0B, 0x10, 0x24, 0x00, 0x00, 0x00, 0x00, 0xF3, 0xFF, 0x07, 0x00,
    0x00, 0x00, 0xFB, 0xFF, 0x0F, 0x00, 0x00, 0x00, 0xFC, 0xFF, 0x1F, 0x00, 0x00, 0x00, 0xF9, 0xFF,
    0x0E, 0x00, 0x00, 0x00, 0xB1, 0xDF, 0x04, 0x00, 0x00, 0x00, 0x00, 0x00, 0x00, 0x00, 0x00, 0x00,
    0x00, 0x00, 0x00, 0x00, 0x00, 0x00, 0x00, 0x00, 0x00, 0x00, 0x00, 0x00, 0x00, 0x00, 0x00, 0x00,
    0x00, 0x00, 0x00, 0x00, 0x00, 0x00, 0x00, 0x00, 0xF5, 0xFF, 0x0B, 0x00, 0x00, 0x00, 0xF5, 0xFF,
    0x0B, 0x00, 0x00, 0x00, 0xF5, 0xFF, 0x0B, 0x00, 0x00, 0x00, 0xF5, 0xFF, 0x0B, 0x00, 0x00, 0x00,
    0xF5, 0xFF, 0x0B, 0x00, 0x00, 0x00, 0xF5, 0xFF, 0x0B, 0x00, 0x00, 0x00, 0xF5, 0xFF, 0x0B, 0x00,
    0x00, 0x00, 0xF5, 0xFF, 0x0B, 0x00, 0x00, 0x00, 0xF5, 0xFF, 0x0B, 0x00, 0x00, 0x00, 0xF5, 0xFF,
    0x0B, 0x00, 0x00, 0x00, 0xF5, 0xFF, 0x0B, 0x00, 0x00, 0x00, 0xF5, 0xFF, 0x0B, 0x00, 0x00, 0x00,
    0xF5, 0xFF, 0x0B, 0x00, 0x00, 0x00, 0xF5, 0xFF, 0x0B, 0x00, 0x00, 0x00, 0xF5, 0xFF, 0x0B, 0x00,
    0x00, 0x00, 0xF5, 0xFF, 0x0B, 0x00, 0x00, 0x00, 0xF5, 0xFF, 0x0B, 0x00, 0x00, 0x00, 0xF5, 0xFF,
    0x0B, 0x00, 0x00, 0x00, 0xF5, 0xFF, 0x0B, 0x00, 0x00, 0x00, 0xF5, 0xFF, 0x0B, 0x00, 0x00, 0x00,
    0xF5, 0xFF, 0x0B, 0x00, 0x00, 0x00, 0xF5, 0xFF, 0x0B, 0x00, 0x00, 0x00, 0xF5, 0xFF, 0x0B, 0x00,
    0x00, 0x00, 0xF5, 0xFF, 0x0B, 0x00, 0x00, 0x00, 0xF5, 0xFF, 0x0B, 0x00, 0x00, 0x00, 0xF5, 0xFF,
    0x0B, 0x00, 0x00, 0x00, 0xF5, 0xFF, 0x0B, 0x00, 0x00, 0x00, 0xF5, 0xFF, 0x0B, 0x00, 0x00, 0x00,
    0xF5, 0xFF, 0x0B, 0x00, 0x00, 0x00, 0xF5, 0xFF, 0x0B, 0x00, 0x00, 0x00, 0xF5, 0xFF, 0x0B, 0x00,
    0x00, 0x00, 0xF5, 0xFF, 0x0B, 0x00, 0x00, 0x00, 0xF4, 0xFF, 0x0D, 0x00, 0x00, 0x00, 0xF1, 0xFF,
    0x1F, 0x00, 0x00, 0x00, 0xD0, 0xFF, 0xAF, 0x00, 0x00, 0x00, 0x70, 0xFF, 0xFF, 0x7D, 0x76, 0x99,
    0x00, 0xFD, 0xFF, 0xFF, 0xFF, 0xBF, 0x00, 0xD1, 0xFF, 0xFF, 0xFF, 0xBF, 0x00, 0x00, 0xB6, 0xFE,
    0xEF, 0x5B, 0x00, 0x00, 0x00, 0x00, 0x00, 0x00, 0x00, 0x00, 0x40, 0xFF, 0xBF, 0x00, 0x00, 0x00,
    0x00, 0x00, 0x00, 0x00, 0x00, 0x40, 0xFF, 0xBF, 0x00, 0x00, 0x00, 0x00, 0x00, 0x00, 0x00, 0x00,
    0x40, 0xFF, 0xBF, 0x00, 0x00, 0x00, 0x00, 0x00, 0x00, 0x00, 0x00, 0x40, 0xFF, 0xBF, 0x00, 0x00,
    0x00, 0x00, 0x00, 0x00, 0x00, 0x00, 0x40, 0xFF, 0xBF, 0x00, 0x00, 0x00, 0x00, 0x00, 0x00, 0x00,
    0x00, 0x40, 0xFF, 0xBF, 0x00, 0x00, 0x00, 0x00, 0x00, 0x00, 0x00, 0x00, 0x40, 0xFF, 0xBF, 0x00,
    0x00, 0x00, 0x00, 0x00, 0x00, 0x00, 0x00, 0x40, 0xFF, 0xBF, 0x00, 0x00, 0x00, 0x00, 0x00, 0x00,
    0x00, 0x00, 0x40, 0xFF, 0xBF, 0x00, 0x00, 0x00, 0x00, 0x00, 0x00, 0x00, 0x00, 0x40, 0xFF, 0xBF,
    0x00, 0x00, 0x00, 0x00, 0x00, 0x00, 0x00, 0x00, 0x40, 0xFF, 0xBF, 0x90, 0xFF, 0xFF, 0x02, 0x00,
    0x00, 0x00, 0x00, 0x40, 0xFF, 0xBF, 0x00, 0xFA, 0xFF, 0x2E, 0x00, 0x00, 0x00, 0x00, 0x40, 0xFF,
    0xBF, 0x00, 0xB0, 0xFF, 0xEF, 0x01, 0x00, 0x00, 0x00, 0x40, 0xFF, 0xBF, 0x00, 0x00, 0xFC, 0xFF,
    0x1D, 0x00, 0x00, 0x00, 0x40, 0xFF, 0xBF, 0x00, 0x00, 0xD1, 0xFF, 0xCF, 0x00, 0x00, 0x00, 0x40,
    0xFF, 0xBF, 0x00, 0x00, 0x10, 0xFD, 0xFF, 0x0B, 0x00, 0x00, 0x40, 0xFF, 0xBF, 0x00, 0x00, 0x00,
    0xE2, 0xFF, 0xBF, 0x00, 0x00, 0x40, 0xFF, 0xBF, 0x00, 0x00, 0x00, 0x20, 0xFE, 0xFF, 0x0A, 0x00,
    0x40, 0xFF, 0xBF, 0x00, 0x00, 0x00, 0x00, 0xF3, 0xFF, 0x8F, 0x00, 0x40, 0xFF, 0xBF, 0x00, 0x00,
    0x00, 0x00, 0x40, 0xFF, 0xFF, 0x07, 0x40, 0xFF, 0xBF, 0x00, 0x00, 0x00, 0x00, 0x00, 0xF4, 0xFF,
    0x5F, 0x40, 0xFF, 0xBF, 0x00, 0x00, 0x00, 0x00, 0x00, 0x80, 0xFF, 0xFF, 0x33, 0xFF, 0xBF, 0x00,
    0x00, 0x00, 0x00, 0x00, 0xE1, 0xFF, 0xFF, 0x3E, 0xFF, 0xBF, 0x00, 0x00, 0x00, 0x00, 0x00, 0xFC,
    0xFF, 0xFF, 0xDF, 0xFF, 0xBF, 0x00, 0x00, 0x00, 0x00, 0x80, 0xFF, 0xFF, 0xF8, 0xFF, 0xFF, 0xBF,
    0x00, 0x00, 0x00, 0x00, 0xF4, 0xFF, 0x8F, 0x30, 0xFE, 0xFF, 0xBF, 0x00, 0x00, 0x00, 0x10, 0xFE,
    0xFF, 0x0C, 0x00, 0xE2, 0xFF, 0xBF, 0x00, 0x00, 0x00, 0xC0, 0xFF, 0xEF, 0x01, 0x00, 0x50, 0xFF,
    0xBF, 0x00, 0x00, 0x00, 0xF8, 0xFF, 0x4F, 0x00, 0x00, 0x40, 0xFF, 0xBF, 0x00, 0x00, 0x40, 0xFF,
    0xFF, 0x08, 0x00, 0x00, 0x40, 0xFF, 0xBF, 0x00, 0x00, 0xE1, 0xFF, 0xCF, 0x00, 0x00, 0x00, 0x40,
    0xFF, 0xBF, 0x00, 0x00, 0xFC, 0xFF, 0x2F, 0x00, 0x00, 0x00, 0x40, 0xFF, 0xBF, 0x00, 0x80, 0xFF,
    0xFF, 0x05, 0x00, 0x00, 0x00, 0x40, 0xFF, 0xBF, 0x00, 0xF4, 0xFF, 0x9F, 0x00, 0x00, 0x00, 0x00,
    0x40, 0xFF, 0xBF, 0x10, 0xFE, 0xFF, 0x0D, 0x00, 0x00, 0x00, 0x00, 0x40, 0xFF, 0xBF, 0xB0, 0xFF,
    0xFF, 0x02, 0x00, 0x00, 0x00, 0x00, 0x40, 0xFF, 0xBF, 0xF8, 0xFF, 0x5F, 0x00, 0x00, 0x00, 0x00,
    0x00, 0x40, 0xFF, 0xBF, 0xF5, 0xFF, 0x0B, 0xF5, 0xFF, 0x0B, 0xF5, 0xFF, 0x0B, 0xF5, 0xFF, 0x0B,
    0xF5, 0xFF, 0x0B, 0xF5, 0xFF, 0x0B, 0xF5, 0xFF, 0x0B, 0xF5, 0xFF, 0x0B, 0xF5, 0xFF, 0x0B, 0xF5,
    0xFF, 0x0B, 0xF5, 0xFF, 0x0B, 0xF5, 0xFF, 0x0B, 0xF5, 0xFF, 0x0B, 0xF5, 0xFF, 0x0B, 0xF5, 0xFF,
    0x0B, 0xF5, 0xFF, 0x0B, 0xF5, 0xFF, 0x0B, 0xF5, 0xFF, 0x0B, 0xF5, 0xFF, 0x0B, 0xF5, 0xFF, 0x0B,
    0xF5, 0xFF, 0x0B, 0xF5, 0xFF, 0x0B, 0xF5, 0xFF, 0x0B, 0xF5, 0xFF, 0x0B, 0xF5, 0xFF, 0x0B, 0xF5,
    0xFF, 0x0B, 0xF5, 0xFF, 0x0B, 0xF5, 0xFF, 0x0B, 0xF5, 0xFF, 0x0B, 0xF5, 0xFF, 0x0B, 0xF5, 0xFF,
    0x0B, 0xF5, 0xFF, 0x0B, 0xF5, 0xFF, 0x0B, 0xF5, 0xFF, 0x0B, 0xF5, 0xFF, 0x0B, 0xF5, 0xFF, 0x0B,
    0xF5, 0xFF, 0x0B, 0xF5, 0xFF, 0x0B, 0x00, 0x00, 0x00, 0x51, 0x77, 0x57, 0x02, 0x00, 0x00, 0x00,
    0x00, 0x20, 0x75, 0x77, 0x15, 0x00, 0x00, 0x00, 0x00, 0x00, 0x00, 0x00, 0xC5, 0xFF, 0xFF, 0xFF,
    0xDF, 0x07, 0x00, 0x00, 0x50, 0xFC, 0xFF, 0xFF, 0xFF, 0x4C, 0x00, 0xA0, 0xFF, 0x0B, 0x00, 0x90,
    0xFF, 0xFF, 0xFF, 0xFF, 0xFF, 0xDF, 0x03, 0x00, 0xFA, 0xFF, 0xFF, 0xFF, 0xFF, 0xFF, 0x09, 0xC0,
    0xFF, 0x0B, 0x00, 0xF8, 0xFF, 0xFF, 0xFF, 0xFE, 0xFF, 0xFF, 0x3F, 0x90, 0xFF, 0xFF, 0xFF, 0xEF,
    0xFF, 0xFF, 0xBF, 0xF0, 0xFF, 0x0B, 0x20, 0xFF, 0xFF, 0x8F, 0x02, 0x00, 0x62, 0xFE, 0xEF, 0xF3,
    0xFF, 0xFF, 0x28, 0x00, 0x20, 0xE7, 0xFF, 0xF9, 0xFF, 0x0B, 0x80, 0xFF, 0xFF, 0x04, 0x00, 0x00,
    0x00, 0xA0, 0xFF, 0xFF, 0xFF, 0x4F, 0x00, 0x00, 0x00, 0x10, 0xFC, 0xFF, 0xFF, 0x0B, 0xD0, 0xFF,
    0x9F, 0x00, 0x00, 0x00, 0x00, 0x00, 0xFC, 0xFF, 0xFF, 0x08, 0x00, 0x00, 0x00, 0x00, 0xE1, 0xFF,
    0xFF, 0x0B, 0xF0, 0xFF, 0x2F, 0x00, 0x00, 0x00, 0x00, 0x00, 0xF4, 0xFF, 0xFF, 0x02, 0x00, 0x00,
    0x00, 0x00, 0x60, 0xFF, 0xFF, 0x0B, 0xF2, 0xFF, 0x0E, 0x00, 0x00, 0x00, 0x00, 0x00, 0xD0, 0xFF,
    0xEF, 0x00, 0x00, 0x00, 0x00, 0x00, 0x00, 0xFF, 0xFF, 0x0B, 0xF3, 0xFF, 0x0C, 0x00, 0x00, 0x00,
    0x00, 0x00, 0x90, 0xFF, 0xCF, 0x00, 0x00, 0x00, 0x00, 0x00, 0x00, 0xFB, 0xFF, 0x0B, 0xF3, 0xFF,
    0x0C, 0x00, 0x00, 0x00, 0x00, 0x00, 0x60, 0xFF, 0xCF, 0x00, 0x00, 0x00, 0x00, 0x00, 0x00, 0xF8,
    0xFF, 0x0B, 0xF3, 0xFF, 0x0C, 0x00, 0x00, 0x00, 0x00, 0x00, 0x50, 0xFF, 0xCF, 0x00, 0x00, 0x00,
    0x00, 0x00, 0x00, 0xF7, 0xFF, 0x0B, 0xF3, 0xFF, 0x0C, 0x00, 0x00, 0x00, 0x00, 0x00, 0x40, 0xFF,
    0xCF, 0x00, 0x00, 0x00, 0x00, 0x00, 0x00, 0xF5, 0xFF, 0x0B, 0xF3, 0xFF, 0x0C, 0x00, 0x00, 0x00,
    0x00, 0x00, 0x40, 0xFF, 0xCF, 0x00, 0x00, 0x00, 0x00, 0x00, 0x00, 0xF5, 0xFF, 0x0B, 0xF3, 0xFF,
    0x0C, 0x00, 0x00, 0x00, 0x00, 0x00, 0x40, 0xFF, 0xCF, 0x00, 0x00, 0x00, 0x00, 0x00, 0x00, 0xF5,
    0xFF, 0x0B, 0xF3, 0xFF, 0x0C, 0x00, 0x00, 0x00, 0x00, 0x00, 0x40, 0xFF, 0xCF, 0x00, 0x00, 0x00,
    0x00, 0x00, 0x00, 0xF5, 0xFF, 0x0B, 0xF3, 0xFF, 0x0C, 0x00, 0x00, 0x00, 0x00, 0x00, 0x40, 0xFF,
    0xCF, 0x00, 0x00, 0x00, 0x00, 0x00, 0x00, 0xF5, 0xFF, 0x0B, 0xF3, 0xFF, 0x0C, 0x00, 0x00, 0x00,
    0x00, 0x00, 0x40, 0xFF, 0xCF, 0x00, 0x00, 0x00, 0x00, 0x00, 0x00, 0xF5, 0xFF, 0x0B, 0xF3, 0xFF,
    0x0C, 0x00, 0x00, 0x00, 0x00, 0x00, 0x40, 0xFF, 0xCF, 0x00, 0x00, 0x00, 0x00, 0x00, 0x00, 0xF5,
    0xFF, 0x0B, 0xF3, 0xFF, 0x0C, 0x00, 0x00, 0x00, 0x00, 0x00, 0x40, 0xFF, 0xCF, 0x00, 0x00, 0x00,
    0x00, 0x00, 0x00, 0xF5, 0xFF, 0x0B, 0xF3, 0xFF, 0x0C, 0x00, 0x00, 0x00, 0x00, 0x00, 0x40, 0xFF,
    0xCF, 0x00, 0x00, 0x00, 0x00, 0x00, 0x00, 0xF5, 0xFF, 0x0B, 0xF3, 0xFF, 0x0C, 0x00, 0x00, 0x00,
    0x00, 0x00, 0x40, 0xFF, 0xCF, 0x00, 0x00, 0x00, 0x00, 0x00, 0x00, 0xF5, 0xFF, 0x0B, 0xF3, 0xFF,
    0x0C, 0x00, 0x00, 0x00, 0x00, 0x00, 0x40, 0xFF, 0xCF, 0x00, 0x00, 0x00, 0x00, 0x00, 0x00, 0xF5,
    0xFF, 0x0B, 0xF3, 0xFF, 0x0C, 0x00, 0x00, 0x00, 0x00, 0x00, 0x40, 0xFF, 0xCF, 0x00, 0x00, 0x00,
    0x00, 0x00, 0x00, 0xF5, 0xFF, 0x0B, 0xF3, 0xFF, 0x0C, 0x00, 0x00, 0x00, 0x00, 0x00, 0x40, 0xFF,
    0xCF, 0x00, 0x00, 0x00, 0x00, 0x00, 0x00, 0xF5, 0xFF, 0x0B, 0xF3, 0xFF, 0x0C, 0x00, 0x00, 0x00,
    0x00, 0x00, 0x40, 0xFF, 0xCF, 0x00, 0x00, 0x00, 0x00, 0x00, 0x00, 0xF5, 0xFF, 0x0B, 0xF3, 0xFF,
    0x0C, 0x00, 0x00, 0x00, 0x00, 0x00, 0x40, 0xFF, 0xCF, 0x00, 0x00, 0x00, 0x00, 0x00, 0x00, 0xF5,
    0xFF, 0x0B, 0xF3, 0xFF, 0x0C, 0x00, 0x00, 0x00, 0x00, 0x00, 0x40, 0xFF, 0xCF, 0x00, 0x00, 0x00,
    0x00, 0x00, 0x00, 0xF5, 0xFF, 0x0B, 0x00, 0x00, 0x00, 0x41, 0x76, 0x67, 0x03, 0x00, 0x00, 0x00,
    0x00, 0x00, 0x00, 0x00, 0xC5, 0xFF, 0xFF, 0xFF, 0xFF, 0x2A, 0x00, 0xA0, 0xFF, 0x0B, 0x00, 0xA0,
    0xFF, 0xFF, 0xFF, 0xFF, 0xFF, 0xFF, 0x07, 0xC0, 0xFF, 0x0B, 0x00, 0xFB, 0xFF, 0xFF, 0xFF, 0xFE,
    0xFF, 0xFF, 0x9F, 0xF0, 0xFF, 0x0B, 0x50, 0xFF, 0xFF, 0x8F, 0x02, 0x00, 0x41, 0xF9, 0xFF, 0xF8,
    0xFF, 0x0B, 0xD0, 0xFF, 0xEF, 0x02, 0x00, 0x00, 0x00, 0x20, 0xFE, 0xFF, 0xFF, 0x0B, 0xF2, 0xFF,
    0x5F, 0x00, 0x00, 0x00, 0x00, 0x00, 0xF2, 0xFF, 0xFF, 0x0B, 0xF5, 0xFF, 0x0E, 0x00, 0x00, 0x00,
    0x00, 0x00, 0x80, 0xFF, 0xFF, 0x0B, 0xF7, 0xFF, 0x09, 0x00, 0x00, 0x00, 0x00, 0x00, 0x10, 0xFF,
    0xFF, 0x0B, 0xF9, 0xFF, 0x07, 0x00, 0x00, 0x00, 0x00, 0x00, 0x00, 0xFC, 0xFF, 0x0B, 0xF9, 0xFF,
    0x06, 0x00, 0x00, 0x00, 0x00, 0x00, 0x00, 0xF9, 0xFF, 0x0B, 0xF9, 0xFF, 0x06, 0x00, 0x00, 0x00,
    0x00, 0x00, 0x00, 0xF7, 0xFF, 0x0B, 0xF9, 0xFF, 0x06, 0x00, 0x00, 0x00, 0x00, 0x00, 0x00, 0xF5,
    0xFF, 0x0B, 0xF9, 0xFF, 0x06, 0x00, 0x00, 0x00, 0x00, 0x00, 0x00, 0xF5, 0xFF, 0x0B, 0xF9, 0xFF,
    0x06, 0x00, 0x00, 0x00, 0x00, 0x00, 0x00, 0xF5, 0xFF, 0x0B, 0xF9, 0xFF, 0x06, 0x00, 0x00, 0x00,
    0x00, 0x00, 0x00, 0xF5, 0xFF, 0x0B, 0xF9, 0xFF, 0x06, 0x00, 0x00, 0x00, 0x00, 0x00, 0x00, 0xF5,
    0xFF, 0x0B, 0xF9, 0xFF, 0x06, 0x00, 0x00, 0x00, 0x00, 0x00, 0x00, 0xF5, 0xFF, 0x0B, 0xF9, 0xFF,
    0x06, 0x00, 0x00, 0x00, 0x00, 0x00, 0x00, 0xF5, 0xFF, 0x0B, 0xF9, 0xFF, 0x06, 0x00, 0x00, 0x00,
    0x00, 0x00, 0x00, 0xF5, 0xFF, 0x0B, 0xF9, 0xFF, 0x06, 0x00, 0x00, 0x00, 0x00, 0x00, 0x00, 0xF5,
    0xFF, 0x0B, 0xF9, 0xFF, 0x06, 0x00, 0x00, 0x00, 0x00, 0x00, 0x00, 0xF5, 0xFF, 0x0B, 0xF9, 0xFF,
    0x06, 0x00, 0x00, 0x00, 0x00, 0x00, 0x00, 0xF5, 0xFF, 0x0B, 0xF9, 0xFF, 0x06, 0x00, 0x00, 0x00,
    0x00, 0x00, 0x00, 0xF5, 0xFF, 0x0B, 0xF9, 0xFF, 0x06, 0x00, 0x00, 0x00, 0x00, 0x00, 0x00, 0xF5,
    0xFF, 0x0B, 0xF9, 0xFF, 0x06, 0x00, 0x00, 0x00, 0x00, 0x00, 0x00, 0xF5, 0xFF, 0x0B, 0xF9, 0xFF,
    0x06, 0x00, 0x00, 0x00, 0x00, 0x00, 0x00, 0xF5, 0xFF, 0x0B, 0xF9, 0xFF, 0x06, 0x00, 0x00, 0x00,
    0x00, 0x00, 0x00, 0xF5, 0xFF, 0x0B, 0x00, 0x00, 0x00, 0x00, 0x10, 0x64, 0x77, 0x46, 0x01, 0x00,
    0x00, 0x00, 0x00, 0x00, 0x00, 0x00, 0x60, 0xFC, 0xFF, 0xFF, 0xFF, 0xCF, 0x05, 0x00, 0x00, 0x00,
    0x00, 0x00, 0x30, 0xFD, 0xFF, 0xFF, 0xFF, 0xFF, 0xFF, 0xDF, 0x02, 0x00, 0x00, 0x00, 0x00, 0xF5,
    0xFF, 0xFF, 0xFF, 0xFF, 0xFF, 0xFF, 0xFF, 0x4F, 0x00, 0x00, 0x00, 0x40, 0xFF, 0xFF, 0x9F, 0x03,
    0x00, 0x40, 0xF9, 0xFF, 0xFF, 0x03, 0x00, 0x00, 0xE1, 0xFF, 0xDF, 0x02, 0x00, 0x00, 0x00, 0x20,
    0xFE, 0xFF, 0x0E, 0x00, 0x00, 0xF9, 0xFF, 0x1E, 0x00, 0x00, 0x00, 0x00, 0x00, 0xF2, 0xFF, 0x8F,
    0x00, 0x10, 0xFF, 0xFF, 0x05, 0x00, 0x00, 0x00, 0x00, 0x00, 0x70, 0xFF, 0xFF, 0x00, 0x70, 0xFF,
    0xDF, 0x00, 0x00, 0x00, 0x00, 0x00, 0x00, 0x00, 0xFF, 0xFF, 0x05, 0xC0, 0xFF, 0x8F, 0x00, 0x00,
    0x00, 0x00, 0x00, 0x00, 0x00, 0xFA, 0xFF, 0x0A, 0xF0, 0xFF, 0x4F, 0x00, 0x00, 0x00, 0x00, 0x00,
    0x00, 0x00, 0xF6, 0xFF, 0x0D, 0xF2, 0xFF, 0x1F, 0x00, 0x00, 0x00, 0x00, 0x00, 0x00, 0x00, 0xF3,
    0xFF, 0x0F, 0xF4, 0xFF, 0x0F, 0x00, 0x00, 0x00, 0x00, 0x00, 0x00, 0x00, 0xF1, 0xFF, 0x2F, 0xF5,
    0xFF, 0x0E, 0x00, 0x00, 0x00, 0x00, 0x00, 0x00, 0x00, 0xF0, 0xFF, 0x3F, 0xF5, 0xFF, 0x0D, 0x00,
    0x00, 0x00, 0x00, 0x00, 0x00, 0x00, 0xF0, 0xFF, 0x3F, 0xF4, 0xFF, 0x0E, 0x00, 0x00, 0x00, 0x00,
    0x00, 0x00, 0x00, 0xF0, 0xFF, 0x2F, 0xF3, 0xFF, 0x0F, 0x00, 0x00, 0x00, 0x00, 0x00, 0x00, 0x00,
    0xF1, 0xFF, 0x1F, 0xF2, 0xFF, 0x1F, 0x00, 0x00, 0x00, 0x00, 0x00, 0x00, 0x00, 0xF3, 0xFF, 0x0F,
    0xF0, 0xFF, 0x4F, 0x00, 0x00, 0x00, 0x00, 0x00, 0x00, 0x00, 0xF6, 0xFF, 0x0D, 0xB0, 0xFF, 0x8F,
    0x00, 0x00, 0x00, 0x00, 0x00, 0x00, 0x00, 0xFA, 0xFF, 0x09, 0x70, 0xFF, 0xDF, 0x00, 0x00, 0x00,
    0x00, 0x00, 0x00, 0x00, 0xFF, 0xFF, 0x04, 0x10, 0xFF, 0xFF, 0x05, 0x00, 0x00, 0x00, 0x00, 0x00,
    0x70, 0xFF, 0xEF, 0x00, 0x00, 0xF9, 0xFF, 0x1E, 0x00, 0x00, 0x00, 0x00, 0x00, 0xF2, 0xFF, 0x6F,
    0x00, 0x00, 0xE1, 0xFF, 0xDF, 0x02, 0x00, 0x00, 0x00, 0x20, 0xFE, 0xFF, 0x0C, 0x00, 0x00, 0x40,
    0xFF, 0xFF, 0x8F, 0x02, 0x00, 0x30, 0xF9, 0xFF, 0xEF, 0x02, 0x00, 0x00, 0x00, 0xF5, 0xFF, 0xFF,
    0xFF, 0xEE, 0xFF, 0xFF, 0xFF, 0x3E, 0x00, 0x00, 0x00, 0x00, 0x30, 0xFD, 0xFF, 0xFF, 0xFF, 0xFF,
    0xFF, 0xBF, 0x01, 0x00, 0x00, 0x00, 0x00, 0x00, 0x60, 0xFC, 0xFF, 0xFF, 0xFF, 0xBF, 0x04, 0x00,
    0x00, 0x00, 0x00, 0x00, 0x00, 0x00, 0x10, 0x64, 0x77, 0x46, 0x00, 0x00, 0x00, 0x00, 0x00, 0x00,
    0x00, 0x00, 0x00, 0x63, 0x77, 0x46, 0x01, 0x00, 0x00, 0x00, 0x00, 0x00, 0x00, 0x10, 0xE8, 0xFF,
    0xFF, 0xFF, 0xBF, 0x03, 0x00, 0xFB, 0xBF, 0x00, 0x00, 0xE4, 0xFF, 0xFF, 0xFF, 0xFF, 0xFF, 0x7F,
    0x00, 0xFD, 0xBF, 0x00, 0x60, 0xFF, 0xFF, 0xFF, 0xFF, 0xFF, 0xFF, 0xFF, 0x08, 0xFF, 0xBF, 0x00,
    0xF3, 0xFF, 0xFF, 0x4A, 0x00, 0x00, 0x93, 0xFF, 0x7F, 0xFF, 0xBF, 0x00, 0xFD, 0xFF, 0x5F, 0x00,
    0x00, 0x00, 0x00, 0xE2, 0xFF, 0xFF, 0xBF, 0x60, 0xFF, 0xFF, 0x06, 0x00, 0x00, 0x00, 0x00, 0x20,
    0xFF, 0xFF, 0xBF, 0xC0, 0xFF, 0xCF, 0x00, 0x00, 0x00, 0x00, 0x00, 0x00, 0xF8, 0xFF, 0xBF, 0xF1,
    0xFF, 0x5F, 0x00, 0x00, 0x00, 0x00, 0x00, 0x00, 0xF1, 0xFF, 0xBF, 0xF5, 0xFF, 0x0F, 0x00, 0x00,
    0x00, 0x00, 0x00, 0x00, 0xD0, 0xFF, 0xBF, 0xF8, 0xFF, 0x0B, 0x00, 0x00, 0x00, 0x00, 0x00, 0x00,
    0x90, 0xFF, 0xBF, 0xFA, 0xFF, 0x09, 0x00, 0x00, 0x00, 0x00, 0x00, 0x00, 0x70, 0xFF, 0xBF, 0xFB,
    0xFF, 0x07, 0x00, 0x00, 0x00, 0x00, 0x00, 0x00, 0x60, 0xFF, 0xBF, 0xFC, 0xFF, 0x06, 0x00, 0x00,
    0x00, 0x00, 0x00, 0x00, 0x50, 0xFF, 0xBF, 0xFC, 0xFF, 0x05, 0x00, 0x00, 0x00, 0x00, 0x00, 0x00,
    0x50, 0xFF, 0xBF, 0xFC, 0xFF, 0x06, 0x00, 0x00, 0x00, 0x00, 0x00, 0x00, 0x50, 0xFF, 0xBF, 0xFB,
    0xFF, 0x07, 0x00, 0x00, 0x00, 0x00, 0x00, 0x00, 0x60, 0xFF, 0xBF, 0xFA, 0xFF, 0x09, 0x00, 0x00,
    0x00, 0x00, 0x00, 0x00, 0x80, 0xFF, 0xBF, 0xF7, 0xFF, 0x0C, 0x00, 0x00, 0x00, 0x00, 0x00, 0x00,
    0xA0, 0xFF, 0xBF, 0xF4, 0xFF, 0x1F, 0x00, 0x00, 0x00, 0x00, 0x00, 0x00, 0xE0, 0xFF, 0xBF, 0xF0,
    0xFF, 0x6F, 0x00, 0x00, 0x00, 0x00, 0x00, 0x00, 0xF2, 0xFF, 0xBF, 0xB0, 0xFF, 0xDF, 0x00, 0x00,
    0x00, 0x00, 0x00, 0x00, 0xF9, 0xFF, 0xBF, 0x40, 0xFF, 0xFF, 0x07, 0x00, 0x00, 0x00, 0x00, 0x30,
    0xFF, 0xFF, 0xBF, 0x00, 0xFC, 0xFF, 0x6F, 0x00, 0x00, 0x00, 0x00, 0xE2, 0xFF, 0xFF, 0xBF, 0x00,
    0xF2, 0xFF, 0xFF, 0x3A, 0x00, 0x00, 0x93, 0xFF, 0xAF, 0xFF, 0xBF, 0x00, 0x40, 0xFF, 0xFF, 0xFF,
    0xDF, 0xFE, 0xFF, 0xFF, 0x2B, 0xFF, 0xBF, 0x00, 0x00, 0xE3, 0xFF, 0xFF, 0xFF, 0xFF, 0xFF, 0x9F,
    0x30, 0xFF, 0xBF, 0x00, 0x00, 0x00, 0xE7, 0xFF, 0xFF, 0xFF, 0xBF, 0x04, 0x40, 0xFF, 0xBF, 0x00,
    0x00, 0x00, 0x00, 0x63, 0x77, 0x47, 0x01, 0x00, 0x50, 0xFF, 0xBF, 0x00, 0x00, 0x00, 0x00, 0x00,
    0x00, 0x00, 0x00, 0x00, 0x50, 0xFF, 0xBF, 0x00, 0x00, 0x00, 0x00, 0x00, 0x00, 0x00, 0x00, 0x00,
    0x50, 0xFF, 0xBF, 0x00, 0x00, 0x00, 0x00, 0x00, 0x00, 0x00, 0x00, 0x00, 0x50, 0xFF, 0xBF, 0x00,
    0x00, 0x00, 0x00, 0x00, 0x00, 0x00, 0x00, 0x00, 0x50, 0xFF, 0xBF, 0x00, 0x00, 0x00, 0x00, 0x00,
    0x00, 0x00, 0x00, 0x00, 0x50, 0xFF, 0xBF, 0x00, 0x00, 0x00, 0x00, 0x00, 0x00, 0x00, 0x00, 0x00,
    0x50, 0xFF, 0xBF, 0x00, 0x00, 0x00, 0x00, 0x00, 0x00, 0x00, 0x00, 0x00, 0x50, 0xFF, 0xBF, 0x00,
    0x00, 0x00, 0x00, 0x00, 0x00, 0x00, 0x00, 0x00, 0x50, 0xFF, 0xBF, 0x00, 0x00, 0x00, 0x00, 0x00,
    0x00, 0x00, 0x00, 0x00, 0x50, 0xFF, 0xBF, 0x00, 0x00, 0x00, 0x00, 0x00, 0x00, 0x00, 0x00, 0x00,
    0x50, 0xFF, 0xBF, 0x00, 0x00, 0x00, 0x00, 0x00, 0x00, 0x00, 0x00, 0x00, 0x50, 0xFF, 0xBF, 0x00,
    0x00, 0x00, 0x00, 0x00, 0x63, 0x77, 0x46, 0x00, 0x00, 0x00, 0x00, 0x00, 0xF4, 0xFF, 0x00, 0x10,
    0xF8, 0xFF, 0xFF, 0xFF, 0xAF, 0x02, 0x00, 0x00, 0x00, 0xF4, 0xFF, 0x03, 0xE3, 0xFF, 0xFF, 0xFF,
    0xFF, 0xFF, 0x8F, 0x00, 0x00, 0x00, 0xF4, 0xFF, 0x35, 0xFF, 0xFF, 0xFF, 0xEE, 0xFF, 0xFF, 0xFF,
    0x0A, 0x00, 0x00, 0xF4, 0xFF, 0xE9, 0xFF, 0x5C, 0x01, 0x00, 0x61, 0xFE, 0xFF, 0x8F, 0x00, 0x00,
    0xF4, 0xFF, 0xFF, 0x7F, 0x00, 0x00, 0x00, 0x00, 0xC1, 0xFF, 0xFF, 0x02, 0x00, 0xF4, 0xFF, 0xFF,
    0x09, 0x00, 0x00, 0x00, 0x00, 0x10, 0xFE, 0xFF, 0x0B, 0x00, 0xF4, 0xFF, 0xFF, 0x00, 0x00, 0x00,
    0x00, 0x00, 0x00, 0xF6, 0xFF, 0x2F, 0x00, 0xF4, 0xFF, 0x9F, 0x00, 0x00, 0x00, 0x00, 0x00, 0x00,
    0xE0, 0xFF, 0x7F, 0x00, 0xF4, 0xFF, 0x4F, 0x00, 0x00, 0x00, 0x00, 0x00, 0x00, 0x90, 0xFF, 0xBF,
    0x00, 0xF4, 0xFF, 0x1F, 0x00, 0x00, 0x00, 0x00, 0x00, 0x00, 0x50, 0xFF, 0xEF, 0x00, 0xF4, 0xFF,
    0x0E, 0x00, 0x00, 0x00, 0x00, 0x00, 0x00, 0x20, 0xFF, 0xFF, 0x00, 0xF4, 0xFF, 0x0D, 0x00, 0x00,
    0x00, 0x00, 0x00, 0x00, 0x00, 0xFF, 0xFF, 0x02, 0xF4, 0xFF, 0x0C, 0x00, 0x00, 0x00, 0x00, 0x00,
    0x00, 0x00, 0xFF, 0xFF, 0x03, 0xF4, 0xFF, 0x0B, 0x00, 0x00, 0x00, 0x00, 0x00, 0x00, 0x00, 0xFF,
    0xFF, 0x03, 0xF4, 0xFF, 0x0B, 0x00, 0x00, 0x00, 0x00, 0x00, 0x00, 0x00, 0xFF, 0xFF, 0x03, 0xF4,
    0xFF, 0x0C, 0x00, 0x00, 0x00, 0x00, 0x00, 0x00, 0x00, 0xFF, 0xFF, 0x02, 0xF4, 0xFF, 0x0D, 0x00,
    0x00, 0x00, 0x00, 0x00, 0x00, 0x20, 0xFF, 0xFF, 0x01, 0xF4, 0xFF, 0x0F, 0x00, 0x00, 0x00, 0x00,
    0x00, 0x00, 0x40, 0xFF, 0xFF, 0x00, 0xF4, 0xFF, 0x3F, 0x00, 0x00, 0x00, 0x00, 0x00, 0x00, 0x80,
    0xFF, 0xCF, 0x00, 0xF4, 0xFF, 0x7F, 0x00, 0x00, 0x00, 0x00, 0x00, 0x00, 0xD0, 0xFF, 0x8F, 0x00,
    0xF4, 0xFF, 0xDF, 0x00, 0x00, 0x00, 0x00, 0x00, 0x00, 0xF4, 0xFF, 0x3F, 0x00, 0xF4, 0xFF, 0xFF,
    0x07, 0x00, 0x00, 0x00, 0x00, 0x00, 0xFD, 0xFF, 0x0C, 0x00, 0xF4, 0xFF, 0xFF, 0x6F, 0x00, 0x00,
    0x00, 0x00, 0xB0, 0xFF, 0xFF, 0x04, 0x00, 0xF4, 0xFF, 0xEB, 0xFF, 0x4B, 0x00, 0x00, 0x61, 0xFD,
    0xFF, 0xAF, 0x00, 0x00, 0xF4, 0xFF, 0x3B, 0xFF, 0xFF, 0xEF, 0xED, 0xFF, 0xFF, 0xFF, 0x0B, 0x00,
    0x00, 0xF4, 0xFF, 0x0B, 0xD2, 0xFF, 0xFF, 0xFF, 0xFF, 0xFF, 0x9F, 0x00, 0x00, 0x00, 0xF4, 0xFF,
    0x0C, 0x00, 0xE8, 0xFF, 0xFF, 0xFF, 0xBF, 0x04, 0x00, 0x00, 0x00, 0xF4, 0xFF, 0x0C, 0x00, 0x00,
    0x63, 0x77, 0x47, 0x01, 0x00, 0x00, 0x00, 0x00, 0xF4, 0xFF, 0x0C, 0x00, 0x00, 0x00, 0x00, 0x00,
    0x00, 0x00, 0x00, 0x00, 0x00, 0xF4, 0xFF, 0x0C, 0x00, 0x00, 0x00, 0x00, 0x00, 0x00, 0x00, 0x00,
    0x00, 0x00, 0xF4, 0xFF, 0x0C, 0x00, 0x00, 0x00, 0x00, 0x00, 0x00, 0x00, 0x00, 0x00, 0x00, 0xF4,
    0xFF, 0x0C, 0x00, 0x00, 0x00, 0x00, 0x00, 0x00, 0x00, 0x00, 0x00, 0x00, 0xF4, 0xFF, 0x0C, 0x00,
    0x00, 0x00, 0x00, 0x00, 0x00, 0x00, 0x00, 0x00, 0x00, 0xF4, 0xFF, 0x0C, 0x00, 0x00, 0x00, 0x00,
    0x00, 0x00, 0x00, 0x00, 0x00, 0x00, 0xF4, 0xFF, 0x0C, 0x00, 0x00, 0x00, 0x00, 0x00, 0x00, 0x00,
    0x00, 0x00, 0x00, 0xF4, 0xFF, 0x0C, 0x00, 0x00, 0x00, 0x00, 0x00, 0x00, 0x00, 0x00, 0x00, 0x00,
    0xF4, 0xFF, 0x0C, 0x00, 0x00, 0x00, 0x00, 0x00, 0x00, 0x00, 0x00, 0x00, 0x00, 0xF4, 0xFF, 0x0C,
    0x00, 0x00, 0x00, 0x00, 0x00, 0x00, 0x00, 0x00, 0x00, 0x00, 0xF4, 0xFF, 0x0C, 0x00, 0x00, 0x00,
    0x00, 0x00, 0x00, 0x00, 0x00, 0x00, 0x00, 0x52, 0x77, 0x47, 0x00, 0x00, 0x00, 0x00, 0x00, 0xF9,
    0xFF, 0xFF, 0x8F, 0x00, 0x00, 0xFB, 0xBF, 0xF7, 0xFF, 0xFF, 0xFF, 0x2D, 0x00, 0xFC, 0xBF, 0xF5,
    0xFF, 0xFF, 0xFF, 0xEF, 0x01, 0xFD, 0xBF, 0x71, 0x34, 0x64, 0xFB, 0xFF, 0x0C, 0xFF, 0xBF, 0x00,
    0x00, 0x00, 0x30, 0xFD, 0x8F, 0xFF, 0xBF, 0x00, 0x00, 0x00, 0x00, 0xD1, 0xFF, 0xFF, 0xBF, 0x00,
    0x00, 0x00, 0x00, 0x20, 0xFF, 0xFF, 0xBF, 0x00, 0x00, 0x00, 0x00, 0x00, 0xF7, 0xFF, 0xBF, 0x00,
    0x00, 0x00, 0x00, 0x00, 0xF1, 0xFF, 0xBF, 0x00, 0x00, 0x00, 0x00, 0x00, 0xB0, 0xFF, 0xBF, 0x00,
    0x00, 0x00, 0x00, 0x00, 0x80, 0xFF, 0xBF, 0x00, 0x00, 0x00, 0x00, 0x00, 0x60, 0xFF, 0xBF, 0x00,
    0x00, 0x00, 0x00, 0x00, 0x50, 0xFF, 0xBF, 0x00, 0x00, 0x00, 0x00, 0x00, 0x50, 0xFF, 0xBF, 0x00,
    0x00, 0x00, 0x00, 0x00, 0x50, 0xFF, 0xBF, 0x00, 0x00, 0x00, 0x00, 0x00, 0x50, 0xFF, 0xBF, 0x00,
    0x00, 0x00, 0x00, 0x00, 0x50, 0xFF, 0xBF, 0x00, 0x00, 0x00, 0x00, 0x00, 0x50, 0xFF, 0xBF, 0x00,
    0x00, 0x00, 0x00, 0x00, 0x50, 0xFF, 0xBF, 0x00, 0x00, 0x00, 0x00, 0x00, 0x50, 0xFF, 0xBF, 0x00,
    0x00, 0x00, 0x00, 0x00, 0x50, 0xFF, 0xBF, 0x00, 0x00, 0x00, 0x00, 0x00, 0x50, 0xFF, 0xBF, 0x00,
    0x00, 0x00, 0x00, 0x00, 0x50, 0xFF, 0xBF, 0x00, 0x00, 0x00, 0x00, 0x00, 0x50, 0xFF, 0xBF, 0x00,
    0x00, 0x00, 0x00, 0x00, 0x50, 0xFF, 0xBF, 0x00, 0x00, 0x00, 0x00, 0x00, 0x50, 0xFF, 0xBF, 0x00,
    0x00, 0x00, 0x00, 0x00, 0x50, 0xFF, 0xBF, 0x00, 0x00, 0x20, 0x64, 0x77, 0x67, 0x03, 0x00, 0x00,
    0x00, 0x00, 0xA5, 0xFE, 0xFF, 0xFF, 0xFF, 0xFF, 0x5B, 0x00, 0x00, 0xC0, 0xFF, 0xFF, 0xFF, 0xFF,
    0xFF, 0xFF, 0xFF, 0x1C, 0x00, 0x70, 0xFF, 0xFF, 0xFF, 0xDE, 0xFD, 0xFF, 0xFF, 0xEF, 0x01, 0x10,
    0xFF, 0x7B, 0x02, 0x00, 0x00, 0x72, 0xFF, 0xFF, 0x0B, 0x00, 0x14, 0x00, 0x00, 0x00, 0x00, 0x00,
    0xF2, 0xFF, 0x2F, 0x00, 0x00, 0x00, 0x00, 0x00, 0x00, 0x00, 0x90, 0xFF, 0x5F, 0x00, 0x00, 0x00,
    0x00, 0x00, 0x00, 0x00, 0x70, 0xFF, 0x6F, 0x00, 0x00, 0x00, 0x00, 0x00, 0x00, 0x00, 0xA0, 0xFF,
    0x6F, 0x00, 0x00, 0x00, 0x00, 0x00, 0x00, 0x00, 0xF4, 0xFF, 0x3F, 0x00, 0x00, 0x00, 0x00, 0x00,
    0x00, 0x81, 0xFF, 0xFF, 0x0D, 0x00, 0x00, 0x00, 0x00, 0x00, 0x82, 0xFF, 0xFF, 0xFF, 0x03, 0x00,
    0x00, 0x00, 0x00, 0xB5, 0xFF, 0xFF, 0xFF, 0x4E, 0x00, 0x00, 0x00, 0x10, 0xE8, 0xFF, 0xFF, 0xFF,
    0xAF, 0x01, 0x00, 0x00, 0x10, 0xF9, 0xFF, 0xFF, 0xFF, 0x9F, 0x02, 0x00, 0x00, 0x00, 0xE3, 0xFF,
    0xFF, 0xFF, 0x6D, 0x01, 0x00, 0x00, 0x00, 0x30, 0xFF, 0xFF, 0xFF, 0x3A, 0x00, 0x00, 0x00, 0x00,
    0x00, 0xD0, 0xFF, 0xFF, 0x2A, 0x00, 0x00, 0x00, 0x00, 0x00, 0x00, 0xF4, 0xFF, 0x7F, 0x00, 0x00,
    0x00, 0x00, 0x00, 0x00, 0x00, 0xF7, 0xFF, 0x0B, 0x00, 0x00, 0x00, 0x00, 0x00, 0x00, 0x00, 0xF9,
    0xFF, 0x06, 0x00, 0x00, 0x00, 0x00, 0x00, 0x00, 0x00, 0xF8, 0xFF, 0x06, 0x00, 0x00, 0x00, 0x00,
    0x00, 0x00, 0x00, 0xF5, 0xFF, 0x0A, 0x00, 0x00, 0x00, 0x00, 0x00, 0x00, 0x00, 0xF1, 0xFF, 0x5F,
    0x00, 0x00, 0x00, 0x00, 0x00, 0x10, 0x67, 0x90, 0xFF, 0xFF, 0x39, 0x00, 0x00, 0x00, 0x73, 0xFB,
    0x7F, 0x00, 0xFC, 0xFF, 0xFF, 0xDF, 0xDC, 0xFE, 0xFF, 0xFF, 0x7F, 0x00, 0xA0, 0xFF, 0xFF, 0xFF,
    0xFF, 0xFF, 0xFF, 0xFF, 0x7F, 0x00, 0x00, 0xA3, 0xFF, 0xFF, 0xFF, 0xFF, 0xFF, 0xAE, 0x04, 0x00,
    0x00, 0x00, 0x20, 0x75, 0x77, 0x67, 0x24, 0x00, 0x00, 0x00, 0x00, 0x00, 0x00, 0xFA, 0x0E, 0x00,
    0x00, 0x00, 0x00, 0x00, 0x00, 0x00, 0xFA, 0x3F, 0x00, 0x00, 0x00, 0x00, 0x00, 0x00, 0x00, 0xFA,
    0x8F, 0x00, 0x00, 0x00, 0x00, 0x00, 0x00, 0x00, 0xFA, 0xCF, 0x00, 0x00, 0x00, 0x00, 0x00, 0x00,
    0x00, 0xFA, 0xFF, 0x01, 0x00, 0x00, 0x00, 0x00, 0x00, 0x00, 0xFA, 0xFF, 0x08, 0x00, 0x00, 0xF8,
    0xFF, 0xFF, 0xFF, 0xFF, 0xFF, 0xEF, 0x18, 0x00, 0xF8, 0xFF, 0xFF, 0xFF, 0xFF, 0xFF, 0xFF, 0xFF,
    0x02, 0xF8, 0xFF, 0xFF, 0xFF, 0xFF, 0xFF, 0xFF, 0xFF, 0x03, 0x31, 0x33, 0x33, 0x33, 0xFB, 0xFF,
    0x38, 0x33, 0x00, 0x00, 0x00, 0x00, 0x00, 0xFA, 0xFF, 0x06, 0x00, 0x00, 0x00, 0x00, 0x00, 0x00,
    0xFA, 0xFF, 0x06, 0x00, 0x00, 0x00, 0x00, 0x00, 0x00, 0xFA, 0xFF, 0x06, 0x00, 0x00, 0x00, 0x00,
    0x00, 0x00, 0xFA, 0xFF, 0x06, 0x00, 0x00, 0x00, 0x00, 0x00, 0x00, 0xFA, 0xFF, 0x06, 0x00, 0x00,
    0x00, 0x00, 0x00, 0x00, 0xFA, 0xFF, 0x06, 0x00, 0x00, 0x00, 0x00, 0x00, 0x00, 0xFA, 0xFF, 0x06,
    0x00, 0x00, 0x00, 0x00, 0x00, 0x00, 0xFA, 0xFF, 0x06, 0x00, 0x00, 0x00, 0x00, 0x00, 0x00, 0xFA,
    0xFF, 0x06, 0x00, 0x00, 0x00, 0x00, 0x00, 0x00, 0xFA, 0xFF, 0x06, 0x00, 0x00, 0x00, 0x00, 0x00,
    0x00, 0xFA, 0xFF, 0x06, 0x00, 0x00, 0x00, 0x00, 0x00, 0x00, 0xFA, 0xFF, 0x06, 0x00, 0x00, 0x00,
    0x00, 0x00, 0x00, 0xFA, 0xFF, 0x06, 0x00, 0x00, 0x00, 0x00, 0x00, 0x00, 0xFA, 0xFF, 0x06, 0x00,
    0x00, 0x00, 0x00, 0x00, 0x00, 0xFA, 0xFF, 0x06, 0x00, 0x00, 0x00, 0x00, 0x00, 0x00, 0xFA, 0xFF,
    0x06, 0x00, 0x00, 0x00, 0x00, 0x00, 0x00, 0xFC, 0xFF, 0x05, 0x00, 0x00, 0x00, 0x00, 0x00, 0x00,
    0xFF, 0xFF, 0x03, 0x00, 0x00, 0x00, 0x00, 0x00, 0x80, 0xFF, 0xFF, 0x00, 0x00, 0x00, 0x13, 0x00,
    0x00, 0xF8, 0xFF, 0xBF, 0x00, 0x00, 0x00, 0xFA, 0xDE, 0xFD, 0xFF, 0xFF, 0x3F, 0x00, 0x00, 0x00,
    0xFA, 0xFF, 0xFF, 0xFF, 0xFF, 0x06, 0x00, 0x00, 0x00, 0xF9, 0xFF, 0xFF, 0xFF, 0x4C, 0x00, 0x00,
    0x00, 0x00, 0x10, 0x64, 0x77, 0x15, 0x00, 0x00, 0x00, 0x00, 0x00, 0xF6, 0xFF, 0x0B, 0x00, 0x00,
    0x00, 0x00, 0x00, 0x00, 0xF1, 0xFF, 0x0F, 0xF6, 0xFF, 0x0B, 0x00, 0x00, 0x00, 0x00, 0x00, 0x00,
    0xF1, 0xFF, 0x0F, 0xF6, 0xFF, 0x0B, 0x00, 0x00, 0x00, 0x00, 0x00, 0x00, 0xF1, 0xFF, 0x0F, 0xF6,
    0xFF, 0x0B, 0x00, 0x00, 0x00, 0x00, 0x00, 0x00, 0xF1, 0xFF, 0x0F, 0xF6, 0xFF, 0x0B, 0x00, 0x00,
    0x00, 0x00, 0x00, 0x00, 0xF1, 0xFF, 0x0F, 0xF6, 0xFF, 0x0B, 0x00, 0x00, 0x00, 0x00, 0x00, 0x00,
    0xF1, 0xFF, 0x0F, 0xF6, 0xFF, 0x0B, 0x00, 0x00, 0x00, 0x00, 0x00, 0x00, 0xF1, 0xFF, 0x0F, 0xF6,
    0xFF, 0x0B, 0x00, 0x00, 0x00, 0x00, 0x00, 0x00, 0xF1, 0xFF, 0x0F, 0xF6, 0xFF, 0x0B, 0x00, 0x00,
    0x00, 0x00, 0x00, 0x00, 0xF1, 0xFF, 0x0F, 0xF6, 0xFF, 0x0B, 0x00, 0x00, 0x00, 0x00, 0x00, 0x00,
    0xF1, 0xFF, 0x0F, 0xF6, 0xFF, 0x0B, 0x00, 0x00, 0x00, 0x00, 0x00, 0x00, 0xF1, 0xFF, 0x0F, 0xF6,
    0xFF, 0x0B, 0x00, 0x00, 0x00, 0x00, 0x00, 0x00, 0xF1, 0xFF, 0x0F, 0xF6, 0xFF, 0x0B, 0x00, 0x00,
    0x00, 0x00, 0x00, 0x00, 0xF1, 0xFF, 0x0F, 0xF6, 0xFF, 0x0B, 0x00, 0x00, 0x00, 0x00, 0x00, 0x00,
    0xF1, 0xFF, 0x0F, 0xF6, 0xFF, 0x0B, 0x00, 0x00, 0x00, 0x00, 0x00, 0x00, 0xF1, 0xFF, 0x0F, 0xF6,
    0xFF, 0x0B, 0x00, 0x00, 0x00, 0x00, 0x00, 0x00, 0xF1, 0xFF, 0x0F, 0xF6, 0xFF, 0x0D, 0x00, 0x00,
    0x00, 0x00, 0x00, 0x00, 0xF1, 0xFF, 0x0F, 0xF6, 0xFF, 0x0F, 0x00, 0x00, 0x00, 0x00, 0x00, 0x00,
    0xF1, 0xFF, 0x0F, 0xF6, 0xFF, 0x2F, 0x00, 0x00, 0x00, 0x00, 0x00, 0x00, 0xF2, 0xFF, 0x0F, 0xF6,
    0xFF, 0x7F, 0x00, 0x00, 0x00, 0x00, 0x00, 0x00, 0xF4, 0xFF, 0x0E, 0xF6, 0xFF, 0xDF, 0x00, 0x00,
    0x00, 0x00, 0x00, 0x00, 0xF8, 0xFF, 0x0C, 0xF6, 0xFF, 0xFF, 0x07, 0x00, 0x00, 0x00, 0x00, 0x00,
    0xFE, 0xFF, 0x09, 0xF6, 0xFF, 0xFF, 0x6F, 0x00, 0x00, 0x00, 0x00, 0xA0, 0xFF, 0xFF, 0x04, 0xF6,
    0xFF, 0xFA, 0xFF, 0x5B, 0x01, 0x00, 0x40, 0xFC, 0xFF, 0xCF, 0x00, 0xF6, 0xFF, 0x55, 0xFF, 0xFF,
    0xEF, 0xED, 0xFF, 0xFF, 0xFF, 0x2F, 0x00, 0xF6, 0xFF, 0x02, 0xE4, 0xFF, 0xFF, 0xFF, 0xFF, 0xFF,
    0xEF, 0x04, 0x00, 0xF6, 0xFF, 0x00, 0x10, 0xE8, 0xFF, 0xFF, 0xFF, 0xEF, 0x18, 0x00, 0x00, 0x00,
    0x00, 0x00, 0x00, 0x00, 0x52, 0x77, 0x57, 0x03, 0x00, 0x00, 0x00, 0xFC, 0xFF, 0x08, 0x00, 0x00,
    0x00, 0x00, 0x00, 0x00, 0x00, 0xF8, 0xFF, 0x0D, 0xF6, 0xFF, 0x0E, 0x00, 0x00, 0x00, 0x00, 0x00,
    0x00, 0x00, 0xFE, 0xFF, 0x07, 0xF1, 0xFF, 0x4F, 0x00, 0x00, 0x00, 0x00, 0x00, 0x00, 0x30, 0xFF,
    0xFF, 0x01, 0xA0, 0xFF, 0xAF, 0x00, 0x00, 0x00, 0x00, 0x00, 0x00, 0x90, 0xFF, 0xAF, 0x00, 0x40,
    0xFF, 0xFF, 0x00, 0x00, 0x00, 0x00, 0x00, 0x00, 0xF0, 0xFF, 0x5F, 0x00, 0x00, 0xFE, 0xFF, 0x05,
    0x00, 0x00, 0x00, 0x00, 0x00, 0xF5, 0xFF, 0x0E, 0x00, 0x00, 0xF8, 0xFF, 0x0B, 0x00, 0x00, 0x00,
    0x00, 0x00, 0xFB, 0xFF, 0x08, 0x00, 0x00, 0xF2, 0xFF, 0x1F, 0x00, 0x00, 0x00, 0x00, 0x10, 0xFF,
    0xFF, 0x02, 0x00, 0x00, 0xC0, 0xFF, 0x6F, 0x00, 0x00, 0x00, 0x00, 0x60, 0xFF, 0xCF, 0x00, 0x00,
    0x00, 0x60, 0xFF, 0xCF, 0x00, 0x00, 0x00, 0x00, 0xC0, 0xFF, 0x6F, 0x00, 0x00, 0x00, 0x00, 0xFF,
    0xFF, 0x02, 0x00, 0x00, 0x00, 0xF2, 0xFF, 0x1F, 0x00, 0x00, 0x00, 0x00, 0xFA, 0xFF, 0x08, 0x00,
    0x00, 0x00, 0xF7, 0xFF, 0x0A, 0x00, 0x00, 0x00, 0x00, 0xF4, 0xFF, 0x0D, 0x00, 0x00, 0x00, 0xFD,
    0xFF, 0x04, 0x00, 0x00, 0x00, 0x00, 0xD0, 0xFF, 0x3F, 0x00, 0x00, 0x30, 0xFF, 0xEF, 0x00, 0x00,
    0x00, 0x00, 0x00, 0x80, 0xFF, 0x9F, 0x00, 0x00, 0x90, 0xFF, 0x8F, 0x00, 0x00, 0x00, 0x00, 0x00,
    0x20, 0xFF, 0xEF, 0x00, 0x00, 0xE0, 0xFF, 0x2F, 0x00, 0x00, 0x00, 0x00, 0x00, 0x00, 0xFC, 0xFF,
    0x04, 0x00, 0xF4, 0xFF, 0x0C, 0x00, 0x00, 0x00, 0x00, 0x00, 0x00, 0xF6, 0xFF, 0x0A, 0x00, 0xFA,
    0xFF, 0x06, 0x00, 0x00, 0x00, 0x00, 0x00, 0x00, 0xF0, 0xFF, 0x0F, 0x00, 0xFF, 0xFF, 0x01, 0x00,
    0x00, 0x00, 0x00, 0x00, 0x00, 0xA0, 0xFF, 0x5F, 0x40, 0xFF, 0xAF, 0x00, 0x00, 0x00, 0x00, 0x00,
    0x00, 0x00, 0x40, 0xFF, 0xAF, 0x90, 0xFF, 0x4F, 0x00, 0x00, 0x00, 0x00, 0x00, 0x00, 0x00, 0x00,
    0xFD, 0xFF, 0xE0, 0xFF, 0x0E, 0x00, 0x00, 0x00, 0x00, 0x00, 0x00, 0x00, 0x00, 0xF7, 0xFF, 0xF7,
    0xFF, 0x08, 0x00, 0x00, 0x00, 0x00, 0x00, 0x00, 0x00, 0x00, 0xF1, 0xFF, 0xFF, 0xFF, 0x02, 0x00,
    0x00, 0x00, 0x00, 0x00, 0x00, 0x00, 0x00, 0xB0, 0xFF, 0xFF, 0xCF, 0x00, 0x00, 0x00, 0x00, 0x00,
    0x00, 0x00, 0x00, 0x00, 0x50, 0xFF, 0xFF, 0x6F, 0x00, 0x00, 0x00, 0x00, 0x00, 0x00, 0x00, 0x00,
    0x00, 0x00, 0xFF, 0xFF, 0x1F, 0x00, 0x00, 0x00, 0x00, 0x00, 0xF0, 0xFF, 0x1F, 0x00, 0x00, 0x00,
    0x00, 0x00, 0xC0, 0xFF, 0xEF, 0x00, 0x00, 0x00, 0x00, 0x00, 0x00, 0xFE, 0xFF, 0x04, 0xB0, 0xFF,
    0x5F, 0x00, 0x00, 0x00, 0x00, 0x00, 0xF1, 0xFF, 0xFF, 0x03, 0x00, 0x00, 0x00, 0x00, 0x20, 0xFF,
    0xFF, 0x00, 0x70, 0xFF, 0xAF, 0x00, 0x00, 0x00, 0x00, 0x00, 0xF6, 0xFF, 0xFF, 0x08, 0x00, 0x00,
    0x00, 0x00, 0x60, 0xFF, 0xBF, 0x00, 0x30, 0xFF, 0xEF, 0x00, 0x00, 0x00, 0x00, 0x00, 0xFB, 0xFF,
    0xFF, 0x0D, 0x00, 0x00, 0x00, 0x00, 0xB0, 0xFF, 0x7F, 0x00, 0x00, 0xFE, 0xFF, 0x02, 0x00, 0x00,
    0x00, 0x00, 0xFF, 0xDF, 0xFF, 0x2F, 0x00, 0x00, 0x00, 0x00, 0xE0, 0xFF, 0x2F, 0x00, 0x00, 0xFA,
    0xFF, 0x06, 0x00, 0x00, 0x00, 0x50, 0xFF, 0x5F, 0xFF, 0x7F, 0x00, 0x00, 0x00, 0x00, 0xF3, 0xFF,
    0x0E, 0x00, 0x00, 0xF6, 0xFF, 0x0A, 0x00, 0x00, 0x00, 0xA0, 0xFF, 0x0F, 0xFD, 0xCF, 0x00, 0x00,
    0x00, 0x00, 0xF7, 0xFF, 0x0A, 0x00, 0x00, 0xF1, 0xFF, 0x0E, 0x00, 0x00, 0x00, 0xE0, 0xFF, 0x0C,
    0xF9, 0xFF, 0x01, 0x00, 0x00, 0x00, 0xFB, 0xFF, 0x05, 0x00, 0x00, 0xD0, 0xFF, 0x3F, 0x00, 0x00,
    0x00, 0xF3, 0xFF, 0x08, 0xF5, 0xFF, 0x06, 0x00, 0x00, 0x00, 0xFF, 0xFF, 0x01, 0x00, 0x00, 0x80,
    0xFF, 0x7F, 0x00, 0x00, 0x00, 0xF8, 0xFF, 0x04, 0xF1, 0xFF, 0x0B, 0x00, 0x00, 0x30, 0xFF, 0xDF,
    0x00, 0x00, 0x00, 0x40, 0xFF, 0xBF, 0x00, 0x00, 0x00, 0xFD, 0xEF, 0x00, 0xC0, 0xFF, 0x0F, 0x00,
    0x00, 0x80, 0xFF, 0x8F, 0x00, 0x00, 0x00, 0x00, 0xFF, 0xFF, 0x00, 0x00, 0x20, 0xFF, 0xAF, 0x00,
    0x70, 0xFF, 0x5F, 0x00, 0x00, 0xC0, 0xFF, 0x4F, 0x00, 0x00, 0x00, 0x00, 0xFB, 0xFF, 0x03, 0x00,
    0x70, 0xFF, 0x5F, 0x00, 0x20, 0xFF, 0xAF, 0x00, 0x00, 0xF0, 0xFF, 0x0F, 0x00, 0x00, 0x00, 0x00,
    0xF7, 0xFF, 0x08, 0x00, 0xC0, 0xFF, 0x0F, 0x00, 0x00, 0xFD, 0xFF, 0x00, 0x00, 0xF4, 0xFF, 0x0B,
    0x00, 0x00, 0x00, 0x00, 0xF3, 0xFF, 0x0C, 0x00, 0xF1, 0xFF, 0x0B, 0x00, 0x00, 0xF8, 0xFF, 0x04,
    0x00, 0xF8, 0xFF, 0x07, 0x00, 0x00, 0x00, 0x00, 0xE0, 0xFF, 0x0F, 0x00, 0xF6, 0xFF, 0x06, 0x00,
    0x00, 0xF2, 0xFF, 0x09, 0x00, 0xFC, 0xFF, 0x02, 0x00, 0x00, 0x00, 0x00, 0xA0, 0xFF, 0x4F, 0x00,
    0xFA, 0xFF, 0x02, 0x00, 0x00, 0xD0, 0xFF, 0x0E, 0x00, 0xFF, 0xEF, 0x00, 0x00, 0x00, 0x00, 0x00,
    0x50, 0xFF, 0x8F, 0x00, 0xFF, 0xDF, 0x00, 0x00, 0x00, 0x80, 0xFF, 0x3F, 0x40, 0xFF, 0xAF, 0x00,
    0x00, 0x00, 0x00, 0x00, 0x10, 0xFF, 0xCF, 0x30, 0xFF, 0x8F, 0x00, 0x00, 0x00, 0x30, 0xFF, 0x7F,
    0x80, 0xFF, 0x5F, 0x00, 0x00, 0x00, 0x00, 0x00, 0x00, 0xFD, 0xFF, 0x80, 0xFF, 0x3F, 0x00, 0x00,
    0x00, 0x00, 0xFE, 0xBF, 0xC0, 0xFF, 0x1F, 0x00, 0x00, 0x00, 0x00, 0x00, 0x00, 0xF8, 0xFF, 0xC3,
    0xFF, 0x0E, 0x00, 0x00, 0x00, 0x00, 0xF9, 0xEF, 0xF0, 0xFF, 0x0D, 0x00, 0x00, 0x00, 0x00, 0x00,
    0x00, 0xF4, 0xFF, 0xF7, 0xFF, 0x09, 0x00, 0x00, 0x00, 0x00, 0xF4, 0xFF, 0xF5, 0xFF, 0x08, 0x00,
    0x00, 0x00, 0x00, 0x00, 0x00, 0xF0, 0xFF, 0xFC, 0xFF, 0x05, 0x00, 0x00, 0x00, 0x00, 0xF0, 0xFF,
    0xFC, 0xFF, 0x04, 0x00, 0x00, 0x00, 0x00, 0x00, 0x00, 0xB0, 0xFF, 0xFF, 0xFF, 0x00, 0x00, 0x00,
    0x00, 0x00, 0xA0, 0xFF, 0xFF, 0xFF, 0x00, 0x00, 0x00, 0x00, 0x00, 0x00, 0x00, 0x70, 0xFF, 0xFF,
    0xBF, 0x00, 0x00, 0x00, 0x00, 0x00, 0x50, 0xFF, 0xFF, 0xBF, 0x00, 0x00, 0x00, 0x00, 0x00, 0x00,
    0x00, 0x20, 0xFF, 0xFF, 0x6F, 0x00, 0x00, 0x00, 0x00, 0x00, 0x00, 0xFF, 0xFF, 0x7F, 0x00, 0x00,
    0x00, 0x00, 0x00, 0x00, 0x00, 0x00, 0xFE, 0xFF, 0x1F, 0x00, 0x00, 0x00, 0x00, 0x00, 0x00, 0xFB,
    0xFF, 0x2F, 0x00, 0x00, 0x00, 0x00, 0x50, 0xFF, 0xFF, 0x03, 0x00, 0x00, 0x00, 0x00, 0x00, 0x50,
    0xFF, 0xFF, 0x04, 0x00, 0xFA, 0xFF, 0x0D, 0x00, 0x00, 0x00, 0x00, 0x00, 0xF1, 0xFF, 0x8F, 0x00,
    0x00, 0xE1, 0xFF, 0x9F, 0x00, 0x00, 0x00, 0x00, 0x00, 0xFB, 0xFF, 0x0D, 0x00, 0x00, 0x40, 0xFF,
    0xFF, 0x04, 0x00, 0x00, 0x00, 0x60, 0xFF, 0xFF, 0x02, 0x00, 0x00, 0x00, 0xF8, 0xFF, 0x0E, 0x00,
    0x00, 0x00, 0xF2, 0xFF, 0x7F, 0x00, 0x00, 0x00, 0x00, 0xD0, 0xFF, 0x9F, 0x00, 0x00, 0x00, 0xFC,
    0xFF, 0x0B, 0x00, 0x00, 0x00, 0x00, 0x20, 0xFF, 0xFF, 0x04, 0x00, 0x70, 0xFF, 0xFF, 0x01, 0x00,
    0x00, 0x00, 0x00, 0x00, 0xF7, 0xFF, 0x1E, 0x00, 0xF2, 0xFF, 0x5F, 0x00, 0x00, 0x00, 0x00, 0x00,
    0x00, 0xB0, 0xFF, 0xAF, 0x00, 0xFC, 0xFF, 0x0A, 0x00, 0x00, 0x00, 0x00, 0x00, 0x00, 0x10, 0xFE,
    0xFF, 0x74, 0xFF, 0xEF, 0x01, 0x00, 0x00, 0x00, 0x00, 0x00, 0x00, 0x00, 0xF5, 0xFF, 0xFE, 0xFF,
    0x4F, 0x00, 0x00, 0x00, 0x00, 0x00, 0x00, 0x00, 0x00, 0xA0, 0xFF, 0xFF, 0xFF, 0x08, 0x00, 0x00,
    0x00, 0x00, 0x00, 0x00, 0x00, 0x00, 0x00, 0xFE, 0xFF, 0xDF, 0x00, 0x00, 0x00, 0x00, 0x00, 0x00,
    0x00, 0x00, 0x00, 0x00, 0xFB, 0xFF, 0x9F, 0x00, 0x00, 0x00, 0x00, 0x00, 0x00, 0x00, 0x00, 0x00,
    0x60, 0xFF, 0xFF, 0xFF, 0x04, 0x00, 0x00, 0x00, 0x00, 0x00, 0x00, 0x00, 0x00, 0xF2, 0xFF, 0xFF,
    0xFF, 0x1E, 0x00, 0x00, 0x00, 0x00, 0x00, 0x00, 0x00, 0x00, 0xFC, 0xFF, 0xB9, 0xFF, 0xAF, 0x00,
    0x00, 0x00, 0x00, 0x00, 0x00, 0x00, 0x80, 0xFF, 0xDF, 0x10, 0xFF, 0xFF, 0x06, 0x00, 0x00, 0x00,
    0x00, 0x00, 0x00, 0xF3, 0xFF, 0x3F, 0x00, 0xF5, 0xFF, 0x2F, 0x00, 0x00, 0x00, 0x00, 0x00, 0x00,
    0xFD, 0xFF, 0x08, 0x00, 0xA0, 0xFF, 0xCF, 0x00, 0x00, 0x00, 0x00, 0x00, 0x90, 0xFF, 0xDF, 0x00,
    0x00, 0x10, 0xFE, 0xFF, 0x07, 0x00, 0x00, 0x00, 0x00, 0xF5, 0xFF, 0x2F, 0x00, 0x00, 0x00, 0xF5,
    0xFF, 0x3F, 0x00, 0x00, 0x00, 0x10, 0xFE, 0xFF, 0x07, 0x00, 0x00, 0x00, 0xA0, 0xFF, 0xDF, 0x00,
    0x00, 0x00, 0xB0, 0xFF, 0xCF, 0x00, 0x00, 0x00, 0x00, 0x10, 0xFE, 0xFF, 0x09, 0x00, 0x00, 0xF7,
    0xFF, 0x2F, 0x00, 0x00, 0x00, 0x00, 0x00, 0xF4, 0xFF, 0x4F, 0x00, 0x20, 0xFF, 0xFF, 0x07, 0x00,
    0x00, 0x00, 0x00, 0x00, 0x90, 0xFF, 0xEF, 0x01, 0xD0, 0xFF, 0xCF, 0x00, 0x00, 0x00, 0x00, 0x00,
    0x00, 0x00, 0xFD, 0xFF, 0x0B, 0xD0, 0xFF, 0x8F, 0x00, 0x00, 0x00, 0x00, 0x00, 0x00, 0x00, 0x90,
    0xFF, 0xCF, 0x70, 0xFF, 0xDF, 0x00, 0x00, 0x00, 0x00, 0x00, 0x00, 0x00, 0xE0, 0xFF, 0x5F, 0x10,
    0xFF, 0xFF, 0x03, 0x00, 0x00, 0x00, 0x00, 0x00, 0x00, 0xF5, 0xFF, 0x0E, 0x00, 0xFB, 0xFF, 0x09,
    0x00, 0x00, 0x00, 0x00, 0x00, 0x00, 0xFB, 0xFF, 0x08, 0x00, 0xF5, 0xFF, 0x0E, 0x00, 0x00, 0x00,
    0x00, 0x00, 0x10, 0xFF, 0xFF, 0x02, 0x00, 0xF0, 0xFF, 0x4F, 0x00, 0x00, 0x00, 0x00, 0x00, 0x70,
    0xFF, 0xCF, 0x00, 0x00, 0x90, 0xFF, 0xAF, 0x00, 0x00, 0x00, 0x00, 0x00, 0xD0, 0xFF, 0x5F, 0x00,
    0x00, 0x30, 0xFF, 0xFF, 0x00, 0x00, 0x00, 0x00, 0x00, 0xF3, 0xFF, 0x0F, 0x00, 0x00, 0x00, 0xFD,
    0xFF, 0x05, 0x00, 0x00, 0x00, 0x00, 0xF9, 0xFF, 0x09, 0x00, 0x00, 0x00, 0xF7, 0xFF, 0x0B, 0x00,
    0x00, 0x00, 0x00, 0xFF, 0xFF, 0x02, 0x00, 0x00, 0x00, 0xF1, 0xFF, 0x1F, 0x00, 0x00, 0x00, 0x50,
    0xFF, 0xCF, 0x00, 0x00, 0x00, 0x00, 0xB0, 0xFF, 0x7F, 0x00, 0x00, 0x00, 0xB0, 0xFF, 0x6F, 0x00,
    0x00, 0x00, 0x00, 0x50, 0xFF, 0xCF, 0x00, 0x00, 0x00, 0xF2, 0xFF, 0x0F, 0x00, 0x00, 0x00, 0x00,
    0x00, 0xFE, 0xFF, 0x02, 0x00, 0x00, 0xF8, 0xFF, 0x09, 0x00, 0x00, 0x00, 0x00, 0x00, 0xF9, 0xFF,
    0x08, 0x00, 0x00, 0xFD, 0xFF, 0x03, 0x00, 0x00, 0x00, 0x00, 0x00, 0xF3, 0xFF, 0x0D, 0x00, 0x40,
    0xFF, 0xCF, 0x00, 0x00, 0x00, 0x00, 0x00, 0x00, 0xD0, 0xFF, 0x3F, 0x00, 0xA0, 0xFF, 0x6F, 0x00,
    0x00, 0x00, 0x00, 0x00, 0x00, 0x70, 0xFF, 0x9F, 0x00, 0xF0, 0xFF, 0x0F, 0x00, 0x00, 0x00, 0x00,
    0x00, 0x00, 0x10, 0xFF, 0xEF, 0x00, 0xF5, 0xFF, 0x09, 0x00, 0x00, 0x00, 0x00, 0x00, 0x00, 0x00,
    0xFB, 0xFF, 0x03, 0xFA, 0xFF, 0x03, 0x00, 0x00, 0x00, 0x00, 0x00, 0x00, 0x00, 0xF5, 0xFF, 0x08,
    0xFF, 0xCF, 0x00, 0x00, 0x00, 0x00, 0x00, 0x00, 0x00, 0x00, 0xE0, 0xFF, 0x4D, 0xFF, 0x6F, 0x00,
    0x00, 0x00, 0x00, 0x00, 0x00, 0x00, 0x00, 0x80, 0xFF, 0xAF, 0xFF, 0x0F, 0x00, 0x00, 0x00, 0x00,
    0x00, 0x00, 0x00, 0x00, 0x20, 0xFF, 0xFF, 0xFF, 0x09, 0x00, 0x00, 0x00, 0x00, 0x00, 0x00, 0x00,
    0x00, 0x00, 0xFC, 0xFF, 0xFF, 0x03, 0x00, 0x00, 0x00, 0x00, 0x00, 0x00, 0x00, 0x00, 0x00, 0xF6,
    0xFF, 0xDF, 0x00, 0x00, 0x00, 0x00, 0x00, 0x00, 0x00, 0x00, 0x00, 0x00, 0xF1, 0xFF, 0x6F, 0x00,
    0x00, 0x00, 0x00, 0x00, 0x00, 0x00, 0x00, 0x00, 0x00, 0xA0, 0xFF, 0x7F, 0x00, 0x00, 0x00, 0x00,
    0x00, 0x00, 0x00, 0x00, 0x00, 0x00, 0x40, 0xFF, 0xDF, 0x00, 0x00, 0x00, 0x00, 0x00, 0x00, 0x00,
    0x00, 0x00, 0x00, 0x00, 0xFE, 0xFF, 0x03, 0x00, 0x00, 0x00, 0x00, 0x00, 0x00, 0x00, 0x00, 0x00,
    0x00, 0xF8, 0xFF, 0x09, 0x00, 0x00, 0x00, 0x00, 0x00, 0x00, 0x00, 0x00, 0x00, 0x00, 0xF2, 0xFF,
    0x1F, 0x00, 0x00, 0x00, 0x00, 0x00, 0x00, 0x00, 0x00, 0x00, 0x00, 0xB0, 0xFF, 0x8F, 0x00, 0x00,
    0x00, 0x00, 0x00, 0x00, 0x00, 0x00, 0x00, 0x00, 0x30, 0xFF, 0xFF, 0x03, 0x00, 0x00, 0x00, 0x00,
    0x00, 0x00, 0x00, 0x00, 0x00, 0x00, 0xFA, 0xFF, 0x4E, 0x00, 0x00, 0x00, 0x00, 0x00, 0x00, 0x00,
    0x00, 0x00, 0x00, 0xE1, 0xFF, 0xFF, 0x7B, 0x65, 0x58, 0x00, 0x00, 0x00, 0x00, 0x00, 0x00, 0x00,
    0x30, 0xFF, 0xFF, 0xFF, 0xFF, 0x8F, 0x00, 0x00, 0x00, 0x00, 0x00, 0x00, 0x00, 0x00, 0xD2, 0xFF,
    0xFF, 0xFF, 0x8F, 0x00, 0x00, 0x00, 0x00, 0x00, 0x00, 0x00, 0x00, 0x00, 0xB5, 0xFE, 0xEF, 0x5C,
    0xF2, 0xFF, 0xFF, 0xFF, 0xFF, 0xFF, 0xFF, 0xFF, 0xFF, 0x2F, 0x00, 0xF2, 0xFF, 0xFF, 0xFF, 0xFF,
    0xFF, 0xFF, 0xFF, 0xFF, 0x2F, 0x00, 0xF2, 0xFF, 0xFF, 0xFF, 0xFF, 0xFF, 0xFF, 0xFF, 0xFF, 0x2F,
    0x00, 0xC0, 0xFF, 0xBF, 0x33, 0x33, 0x33, 0x33, 0x33, 0x33, 0x03, 0x00, 0x20, 0xFF, 0xFF, 0x04,
    0x00, 0x00, 0x00, 0x00, 0x00, 0x00, 0x00, 0x00, 0xF6, 0xFF, 0x1E, 0x00, 0x00, 0x00, 0x00, 0x00,
    0x00, 0x00, 0x00, 0xB0, 0xFF, 0xAF, 0x00, 0x00, 0x00, 0x00, 0x00, 0x00, 0x00, 0x00, 0x10, 0xFE,
    0xFF, 0x05, 0x00, 0x00, 0x00, 0x00, 0x00, 0x00, 0x00, 0x00, 0xF5, 0xFF, 0x2F, 0x00, 0x00, 0x00,
    0x00, 0x00, 0x00, 0x00, 0x00, 0xA0, 0xFF, 0xCF, 0x00, 0x00, 0x00, 0x00, 0x00, 0x00, 0x00, 0x00,
    0x00, 0xFE, 0xFF, 0x07, 0x00, 0x00, 0x00, 0x00, 0x00, 0x00, 0x00, 0x00, 0xF4, 0xFF, 0x2F, 0x00,
    0x00, 0x00, 0x00, 0x00, 0x00, 0x00, 0x00, 0x80, 0xFF, 0xDF, 0x00, 0x00, 0x00, 0x00, 0x00, 0x00,
    0x00, 0x00, 0x00, 0xFD, 0xFF, 0x08, 0x00, 0x00, 0x00, 0x00, 0x00, 0x00, 0x00, 0x00, 0xF3, 0xFF,
    0x3F, 0x00, 0x00, 0x00, 0x00, 0x00, 0x00, 0x00, 0x00, 0x70, 0xFF, 0xEF, 0x00, 0x00, 0x00, 0x00,
    0x00, 0x00, 0x00, 0x00, 0x00, 0xFC, 0xFF, 0x09, 0x00, 0x00, 0x00, 0x00, 0x00, 0x00, 0x00, 0x00,
    0xF2, 0xFF, 0x5F, 0x00, 0x00, 0x00, 0x00, 0x00, 0x00, 0x00, 0x00, 0x60, 0xFF, 0xEF, 0x01, 0x00,
    0x00, 0x00, 0x00, 0x00, 0x00, 0x00, 0x00, 0xFB, 0xFF, 0x0B, 0x00, 0x00, 0x00, 0x00, 0x00, 0x00,
    0x00, 0x00, 0xE1, 0xFF, 0x6F, 0x00, 0x00, 0x00, 0x00, 0x00, 0x00, 0x00, 0x00, 0x40, 0xFF, 0xFF,
    0x02, 0x00, 0x00, 0x00, 0x00, 0x00, 0x00, 0x00, 0x00, 0xF9, 0xFF, 0x0C, 0x00, 0x21, 0x22, 0x22,
    0x22, 0x22, 0x22, 0x22, 0xE3, 0xFF, 0x7F, 0x00, 0xF7, 0xFF, 0xFF, 0xFF, 0xFF, 0xFF, 0xFF, 0xFF,
    0xFF, 0xFF, 0x00, 0xF7, 0xFF, 0xFF, 0xFF, 0xFF, 0xFF, 0xFF, 0xFF, 0xFF, 0xFF, 0x00, 0xF7, 0xFF,
    0xFF, 0xFF, 0xFF, 0xFF, 0xFF, 0xFF, 0xFF, 0xFF, 0x00, 0xF2, 0xCE, 0x49, 0x00, 0x00, 0x00, 0x00,
    0x00, 0x00, 0xF2, 0xFF, 0xFF, 0x4D, 0x00, 0x00, 0x00, 0x00, 0x00, 0xF2, 0xFF, 0xFF, 0xFF, 0x07,
    0x00, 0x00, 0x00, 0x00, 0x50, 0xB7, 0xFF, 0xFF, 0x5F, 0x00, 0x00, 0x00, 0x00, 0x00, 0x00, 0xD2,
    0xFF, 0xEF, 0x00, 0x00, 0x00, 0x00, 0x00, 0x00, 0x20, 0xFF, 0xFF, 0x04, 0x00, 0x00, 0x00, 0x00,
    0x00, 0x00, 0xFA, 0xFF, 0x07, 0x00, 0x00, 0x00, 0x00, 0x00, 0x00, 0xF7, 0xFF, 0x09, 0x00, 0x00,
    0x00, 0x00, 0x00, 0x00, 0xF6, 0xFF, 0x09, 0x00, 0x00, 0x00, 0x00, 0x00, 0x00, 0xF6, 0xFF, 0x09,
    0x00, 0x00, 0x00, 0x00, 0x00, 0x00, 0xF6, 0xFF, 0x09, 0x00, 0x00, 0x00, 0x00, 0x00, 0x00, 0xF6,
    0xFF, 0x09, 0x00, 0x00, 0x00, 0x00, 0x00, 0x00, 0xF6, 0xFF, 0x09, 0x00, 0x00, 0x00, 0x00, 0x00,
    0x00, 0xF6, 0xFF, 0x09, 0x00, 0x00, 0x00, 0x00, 0x00, 0x00, 0xF6, 0xFF, 0x09, 0x00, 0x00, 0x00,
    0x00, 0x00, 0x00, 0xF6, 0xFF, 0x09, 0x00, 0x00, 0x00, 0x00, 0x00, 0x00, 0xF6, 0xFF, 0x0A, 0x00,
    0x00, 0x00, 0x00, 0x00, 0x00, 0xF4, 0xFF, 0x0D, 0x00, 0x00, 0x00, 0x00, 0x00, 0x00, 0xF0, 0xFF,
    0x3F, 0x00, 0x00, 0x00, 0x00, 0x00, 0x00, 0x80, 0xFF, 0xEF, 0x04, 0x00, 0x00, 0x00, 0x00, 0x00,
    0x00, 0xFA, 0xFF, 0xDF, 0x69, 0x03, 0x00, 0x00, 0x00, 0x00, 0x50, 0xFC, 0xFF, 0xFF, 0x09, 0x00,
    0x00, 0x00, 0x00, 0x00, 0x93, 0xFF, 0xFF, 0x09, 0x00, 0x00, 0x00, 0x00, 0xD3, 0xFF, 0xFF, 0xFF,
    0x09, 0x00, 0x00, 0x00, 0x30, 0xFF, 0xFF, 0x6D, 0x02, 0x00, 0x00, 0x00, 0x00, 0xD0, 0xFF, 0xBF,
    0x00, 0x00, 0x00, 0x00, 0x00, 0x00, 0xF2, 0xFF, 0x1F, 0x00, 0x00, 0x00, 0x00, 0x00, 0x00, 0xF5,
    0xFF, 0x0B, 0x00, 0x00, 0x00, 0x00, 0x00, 0x00, 0xF6, 0xFF, 0x09, 0x00, 0x00, 0x00, 0x00, 0x00,
    0x00, 0xF6, 0xFF, 0x09, 0x00, 0x00, 0x00, 0x00, 0x00, 0x00, 0xF6, 0xFF, 0x09, 0x00, 0x00, 0x00,
    0x00, 0x00, 0x00, 0xF6, 0xFF, 0x09, 0x00, 0x00, 0x00, 0x00, 0x00, 0x00, 0xF6, 0xFF, 0x09, 0x00,
    0x00, 0x00, 0x00, 0x00, 0x00, 0xF6, 0xFF, 0x09, 0x00, 0x00, 0x00, 0x00, 0x00, 0x00, 0xF6, 0xFF,
    0x09, 0x00, 0x00, 0x00, 0x00, 0x00, 0x00, 0xF6, 0xFF, 0x09, 0x00, 0x00, 0x00, 0x00, 0x00, 0x00,
    0xF7, 0xFF, 0x09, 0x00, 0x00, 0x00, 0x00, 0x00, 0x00, 0xFA, 0xFF, 0x07, 0x00, 0x00, 0x00, 0x00,
    0x00, 0x10, 0xFF, 0xFF, 0x04, 0x00, 0x00, 0x00, 0x00, 0x00, 0xD2, 0xFF, 0xEF, 0x00, 0x00, 0x00,
    0x00, 0x60, 0xB8, 0xFF, 0xFF, 0x6F, 0x00, 0x00, 0x00, 0x00, 0xF2, 0xFF, 0xFF, 0xFF, 0x09, 0x00,
    0x00, 0x00, 0x00, 0xF2, 0xFF, 0xFF, 0x6E, 0x00, 0x00, 0x00, 0x00, 0x00, 0xF2, 0xCE, 0x49, 0x00,
    0x00, 0x00, 0x00, 0x00, 0x00, 0xF6, 0xFF, 0xF6, 0xFF, 0xF6, 0xFF, 0xF6, 0xFF, 0xF6, 0xFF, 0xF6,
    0xFF, 0xF6, 0xFF, 0xF6, 0xFF, 0xF6, 0xFF, 0xF6, 0xFF, 0xF6, 0xFF, 0xF6, 0xFF, 0xF6, 0xFF, 0xF6,
    0xFF, 0xF6, 0xFF, 0xF6, 0xFF, 0xF6, 0xFF, 0xF6, 0xFF, 0xF6, 0xFF, 0xF6, 0xFF, 0xF6, 0xFF, 0xF6,
    0xFF, 0xF6, 0xFF, 0xF6, 0xFF, 0xF6, 0xFF, 0xF6, 0xFF, 0xF6, 0xFF, 0xF6, 0xFF, 0xF6, 0xFF, 0xF6,
    0xFF, 0xF6, 0xFF, 0xF6, 0xFF, 0xF6, 0xFF, 0xF6, 0xFF, 0xF6, 0xFF, 0xF6, 0xFF, 0xF6, 0xFF, 0xF6,
    0xFF, 0xF6, 0xFF, 0xF6, 0xFF, 0xF6, 0xFF, 0xF6, 0xFF, 0xF6, 0xFF, 0xF6, 0xFF, 0xF6, 0xFF, 0xF6,
    0xFF, 0xF6, 0xFF, 0xF6, 0xFF, 0xF6, 0xFF, 0xF6, 0xFF, 0x00, 0x00, 0x00, 0x00, 0x00, 0x30, 0xB8,
    0xFE, 0x05, 0x00, 0x00, 0x00, 0x00, 0x30, 0xFC, 0xFF, 0xFF, 0x05, 0x00, 0x00, 0x00, 0x00, 0xF5,
    0xFF, 0xFF, 0xFF, 0x05, 0x00, 0x00, 0x00, 0x20, 0xFF, 0xFF, 0xCF, 0x58, 0x01, 0x00, 0x00, 0x00,
    0xA0, 0xFF, 0xFF, 0x04, 0x00, 0x00, 0x00, 0x00, 0x00, 0xF0, 0xFF, 0x5F, 0x00, 0x00, 0x00, 0x00,
    0x00, 0x00, 0xF3, 0xFF, 0x0E, 0x00, 0x00, 0x00, 0x00, 0x00, 0x00, 0xF4, 0xFF, 0x0B, 0x00, 0x00,
    0x00, 0x00, 0x00, 0x00, 0xF5, 0xFF, 0x0A, 0x00, 0x00, 0x00, 0x00, 0x00, 0x00, 0xF5, 0xFF, 0x0A,
    0x00, 0x00, 0x00, 0x00, 0x00, 0x00, 0xF5, 0xFF, 0x0A, 0x00, 0x00, 0x00, 0x00, 0x00, 0x00, 0xF5,
    0xFF, 0x0A, 0x00, 0x00, 0x00, 0x00, 0x00, 0x00, 0xF5, 0xFF, 0x0A, 0x00, 0x00, 0x00, 0x00, 0x00,
    0x00, 0xF5, 0xFF, 0x0A, 0x00, 0x00, 0x00, 0x00, 0x00, 0x00, 0xF5, 0xFF, 0x0A, 0x00, 0x00, 0x00,
    0x00, 0x00, 0x00, 0xF5, 0xFF, 0x0A, 0x00, 0x00, 0x00, 0x00, 0x00, 0x00, 0xF6, 0xFF, 0x0A, 0x00,
    0x00, 0x00, 0x00, 0x00, 0x00, 0xF9, 0xFF, 0x08, 0x00, 0x00, 0x00, 0x00, 0x00, 0x10, 0xFE, 0xFF,
    0x04, 0x00, 0x00, 0x00, 0x00, 0x00, 0xC2, 0xFF, 0xCF, 0x00, 0x00, 0x00, 0x00, 0x62, 0xB8, 0xFF,
    0xFF, 0x2E, 0x00, 0x00, 0x00, 0x00, 0xF6, 0xFF, 0xFF, 0x8E, 0x01, 0x00, 0x00, 0x00, 0x00, 0xF6,
    0xFF, 0xCF, 0x04, 0x00, 0x00, 0x00, 0x00, 0x00, 0xF6, 0xFF, 0xFF, 0xEF, 0x04, 0x00, 0x00, 0x00,
    0x00, 0x00, 0x52, 0xFB, 0xFF, 0x5F, 0x00, 0x00, 0x00, 0x00, 0x00, 0x00, 0x70, 0xFF, 0xFF, 0x01,
    0x00, 0x00, 0x00, 0x00, 0x00, 0x00, 0xFC, 0xFF, 0x06, 0x00, 0x00, 0x00, 0x00, 0x00, 0x00, 0xF7,
    0xFF, 0x09, 0x00, 0x00, 0x00, 0x00, 0x00, 0x00, 0xF5, 0xFF, 0x0A, 0x00, 0x00, 0x00, 0x00, 0x00,
    0x00, 0xF5, 0xFF, 0x0A, 0x00, 0x00, 0x00, 0x00, 0x00, 0x00, 0xF5, 0xFF, 0x0A, 0x00, 0x00, 0x00,
    0x00, 0x00, 0x00, 0xF5, 0xFF, 0x0A, 0x00, 0x00, 0x00, 0x00, 0x00, 0x00, 0xF5, 0xFF, 0x0A, 0x00,
    0x00, 0x00, 0x00, 0x00, 0x00, 0xF5, 0xFF, 0x0A, 0x00, 0x00, 0x00, 0x00, 0x00, 0x00, 0xF5, 0xFF,
    0x0A, 0x00, 0x00, 0x00, 0x00, 0x00, 0x00, 0xF5, 0xFF, 0x0A, 0x00, 0x00, 0x00, 0x00, 0x00, 0x00,
    0xF5, 0xFF, 0x0B, 0x00, 0x00, 0x00, 0x00, 0x00, 0x00, 0xF3, 0xFF, 0x0E, 0x00, 0x00, 0x00, 0x00,
    0x00, 0x00, 0xF0, 0xFF, 0x5F, 0x00, 0x00, 0x00, 0x00, 0x00, 0x00, 0xB0, 0xFF, 0xFF, 0x05, 0x00,
    0x00, 0x00, 0x00, 0x00, 0x20, 0xFF, 0xFF, 0xDF, 0x69, 0x02, 0x00, 0x00, 0x00, 0x00, 0xF4, 0xFF,
    0xFF, 0xFF, 0x05, 0x00, 0x00, 0x00, 0x00, 0x20, 0xFC, 0xFF, 0xFF, 0x05, 0x00, 0x00, 0x00, 0x00,
    0x00, 0x30, 0xC8, 0xFE, 0x05, 0x09, 0x00, 0x00, 0x00, 0x00, 0x00, 0x72, 0xDB, 0xFF, 0xCE, 0x17,
    0x00, 0xCF, 0x03, 0x00, 0x00, 0x10, 0xC6, 0xFF, 0xFF, 0xFF, 0xFF, 0xFF, 0x07, 0xFF, 0xCF, 0x57,
    0x75, 0xFB, 0xFF, 0xFF, 0xFF, 0xFF, 0xFF, 0xFF, 0x6F, 0xFE, 0xFF, 0xFF, 0xFF, 0xFF, 0xFF, 0xFF,
    0x9D, 0x56, 0x96, 0xFF, 0x7F, 0xC1, 0xFF, 0xFF, 0xFF, 0xFF, 0xEF, 0x29, 0x00, 0x00, 0x00, 0x81,
    0x7F, 0x00, 0xA4, 0xFE, 0xEF, 0x9C, 0x04, 0x00, 0x00, 0x00, 0x00, 0x00, 0x63,
};
const GFXglyph OpenSans24Glyphs[] = {
    { 0, 0, 13, 13, 0, 0, 0}, //  
    { 7, 37, 13, 3, 36, 148, 0}, // !
    { 14, 13, 20, 3, 36, 91, 148}, // "
    { 30, 36, 32, 1, 36, 540, 239}, // #
    { 23, 41, 29, 3, 38, 492, 779}, // $
    { 37, 38, 41, 2, 37, 722, 1271}, // %
    { 35, 38, 36, -1, 37, 684, 1993}, // &
    { 5, 13, 11, 3, 36, 39, 2677}, // '
    { 12, 44, 15, 1, 36, 264, 2716}, // (
    { 12, 44, 15, 2, 36, 264, 2980}, // )
    { 24, 22, 28, 2, 38, 264, 3244}, // *
    { 24, 25, 29, 3, 30, 300, 3508}, // +
    { 8, 12, 13, 3, 6, 48, 3808}, // ,
    { 13, 4, 16, 1, 16, 28, 3856}, // -
    { 7, 7, 13, 3, 6, 28, 3884}, // .
    { 18, 36, 18, 0, 36, 324, 3912}, // /
    { 25, 38, 29, 2, 37, 494, 4236}, // 0
    { 14, 36, 29, 11, 36, 252, 4730}, // 1
    { 24, 37, 29, 3, 37, 444, 4982}, // 2
    { 24, 38, 29, 3, 37, 456, 5426}, // 3
    { 27, 36, 29, 1, 36, 504, 5882}, // 4
    { 23, 37, 29, 3, 36, 444, 6386}, // 5
    { 25, 38, 29, 2, 37, 494, 6830}, // 6
    { 25, 36, 29, 2, 36, 468, 7324}, // 7
    { 24, 38, 29, 3, 37, 456, 7792}, // 8
    { 24, 38, 29, 3, 37, 456, 8248}, // 9
    { 7, 29, 13, 3, 28, 116, 8704}, // :
    { 9, 34, 13, 3, 28, 170, 8820}, // ;
    { 24, 24, 29, 3, 30, 288, 8990}, // <
    { 24, 15, 29, 3, 25, 180, 9278}, // =
    { 24, 24, 29, 3, 30, 288, 9458}, // >
    { 21, 38, 22, 1, 37, 418, 9746}, // ?
    { 40, 42, 45, 3, 37, 840, 10164}, // @
    { 32, 36, 32, 0, 36, 576, 11004}, // A
    { 26, 36, 32, 2, 36, 468, 11580}, // B
    { 27, 38, 32, 2, 37, 532, 12048}, // C
    { 30, 36, 36, 2, 36, 540, 12580}, // D
    { 21, 36, 28, 3, 36, 396, 13120}, // E
    { 21, 36, 26, 1, 36, 396, 13516}, // F
    { 30, 38, 36, 3, 37, 570, 13912}, // G
    { 28, 36, 37, 5, 36, 504, 14482}, // H
    { 6, 36, 14, 4, 36, 108, 14986}, // I
    { 13, 45, 13, 4, 36, 315, 15094}, // J
    { 27, 36, 31, 0, 36, 504, 15409}, // K
    { 21, 36, 26, 1, 36, 396, 15913}, // L
    { 37, 36, 45, 4, 36, 684, 16309}, // M
    { 29, 36, 38, 5, 36, 540, 16993}, // N
    { 33, 38, 39, 3, 37, 646, 17533}, // O
    { 24, 36, 30, 2, 36, 432, 18179}, // P
    { 33, 46, 39, 3, 37, 782, 18611}, // Q
    { 27, 36, 31, 0, 36, 504, 19393}, // R
    { 24, 38, 27, 1, 37, 456, 19897}, // S
    { 28, 36, 28, 0, 36, 504, 20353}, // T
    { 28, 37, 36, 4, 36, 518, 20857}, // U
    { 30, 36, 30, 0, 36, 540, 21375}, // V
    { 46, 36, 46, 0, 36, 828, 21915}, // W
    { 29, 36, 29, 0, 36, 540, 22743}, // X
    { 28, 36, 28, 0, 36, 504, 23283}, // Y
    { 26, 36, 29, 2, 36, 468, 23787}, // Z
    { 12, 44, 16, 0, 36, 264, 24255}, // [
    { 18, 36, 18, 0, 36, 324, 24519}, // <backslash>
    { 12, 44, 16, 3, 36, 264, 24843}, // ]
    { 26, 24, 29, 2, 37, 312, 25107}, // ^
    { 23, 3, 22, 0, -5, 36, 25419}, // _
    { 10, 8, 14, 2, 38, 40, 25455}, // `
    { 22, 29, 28, 4, 28, 319, 25495}, // a
    { 24, 39, 31, 3, 38, 468, 25814}, // b
    { 21, 29, 24, 1, 28, 319, 26282}, // c
    { 25, 39, 31, 4, 38, 507, 26601}, // d
    { 24, 29, 28, 2, 28, 348, 27108}, // e
    { 20, 38, 17, -3, 38, 380, 27456}, // f
    { 27, 40, 27, 0, 28, 560, 27836}, // g
    { 23, 38, 31, 4, 38, 456, 28396}, // h
    { 6, 38, 13, 4, 38, 114, 28852}, // i
    { 12, 50, 13, 4, 38, 300, 28966}, // j
    { 22, 38, 26, 0, 38, 418, 29266}, // k
    { 5, 38, 13, 4, 38, 114, 29684}, // l
    { 39, 28, 46, 3, 28, 560, 29798}, // m
    { 23, 28, 31, 4, 28, 336, 30358}, // n
    { 26, 29, 30, 2, 28, 377, 30694}, // o
    { 24, 40, 31, 3, 28, 480, 31071}, // p
    { 25, 40, 31, 4, 28, 520, 31551}, // q
    { 16, 28, 20, 0, 28, 224, 32071}, // r
    { 20, 29, 24, 2, 28, 290, 32295}, // s
    { 17, 34, 18, 1, 33, 306, 32585}, // t
    { 24, 28, 31, 4, 27, 336, 32891}, // u
    { 25, 27, 25, 0, 27, 351, 33227}, // v
    { 39, 27, 39, 0, 27, 540, 33578}, // w
    { 26, 27, 26, 0, 27, 351, 34118}, // x
    { 26, 39, 25, -1, 27, 507, 34469}, // y
    { 21, 27, 23, 1, 27, 297, 34976}, // z
    { 17, 44, 19, 1, 36, 396, 35273}, // {
    { 4, 50, 27, 11, 38, 100, 35669}, // |
    { 17, 44, 19, 1, 36, 396, 35769}, // }
    { 24, 6, 29, 3, 20, 72, 36165}, // ~
};
const UnicodeInterval OpenSans24Intervals[] = {
    { 0x20, 0x7E, 0x0 },
};
const GFXfont OpenSans24 = {
    (uint8_t*)OpenSans24Bitmaps,
    (GFXglyph*)OpenSans24Glyphs,
    (UnicodeInterval*)OpenSans24Intervals,
    1,
    0,
    68,
    54,
    -15,
};
