#pragma once
#include "epd_driver.h"
const uint8_t OpenSans18Bitmaps[20680] = {
    0xD0, 0xFF, 0x0D, 0xD0, 0xFF, 0x0C, 0xC0, 0xFF, 0x0B, 0xB0, 0xFF, 0x0A, 0xA0, 0xFF, 0x0A, 0xA0,
    0xFF, 0x09, 0x90, 0xFF, 0x08, 0x80, 0xFF, 0x07, 0x70, 0xFF, 0x07, 0x70, 0xFF, 0x06, 0x60, 0xFF,
    0x05, 0x50, 0xFF, 0x04, 0x40, 0xFF, 0x03, 0x30, 0xFF, 0x03, 0x30, 0xFF, 0x02, 0x20, 0xFF, 0x01,
    0x10, 0xFF, 0x00, 0x00, 0xFF, 0x00, 0x00, 0x00, 0x00, 0x00, 0x00, 0x00, 0x00, 0x00, 0x00, 0x00,
    0x00, 0x00, 0x40, 0xCC, 0x05, 0xF1, 0xFF, 0x1F, 0xF3, 0xFF, 0x3F, 0xF1, 0xFF, 0x1F, 0x60, 0xEE,
    0x07, 0xF9, 0xAF, 0x00, 0xC0, 0xFF, 0x07, 0xF8, 0x9F, 0x00, 0xB0, 0xFF, 0x06, 0xF7, 0x8F, 0x00,
    0xA0, 0xFF, 0x05, 0xF6, 0x7F, 0x00, 0x90, 0xFF, 0x04, 0xF5, 0x6F, 0x00, 0x80, 0xFF, 0x03, 0xF4,
    0x4F, 0x00, 0x70, 0xFF, 0x01, 0xF3, 0x3F, 0x00, 0x60, 0xFF, 0x00, 0xF2, 0x2F, 0x00, 0x50, 0xFF,
    0x00, 0xF0, 0x1F, 0x00, 0x30, 0xEF, 0x00, 0xF0, 0x0F, 0x00, 0x20, 0xDF, 0x00, 0x00, 0x10, 0xFF,
    0x05, 0x00, 0x00, 0xFF, 0x09, 0x00, 0x00, 0x00, 0x00, 0x00, 0x00, 0xFE, 0x08, 0x00, 0x00, 0xFC,
    0x0C, 0x00, 0x00, 0x00, 0x00, 0x00, 0x00, 0xFB, 0x0B, 0x00, 0x00, 0xF9, 0x0F, 0x00, 0x00, 0x00,
    0x00, 0x00, 0x00, 0xF9, 0x0E, 0x00, 0x00, 0xF6, 0x2F, 0x00, 0x00, 0x00, 0x00, 0x00, 0x00, 0xF6,
    0x0F, 0x00, 0x00, 0xF3, 0x4F, 0x00, 0x00, 0x00, 0x00, 0x00, 0x00, 0xF3, 0x3F, 0x00, 0x00, 0xF1,
    0x7F, 0x00, 0x00, 0x00, 0x00, 0x00, 0x00, 0xF0, 0x6F, 0x00, 0x00, 0xE0, 0xAF, 0x00, 0x00, 0x00,
    0x00, 0x00, 0x00, 0xD0, 0x9F, 0x00, 0x00, 0xB0, 0xDF, 0x00, 0x00, 0x00, 0x00, 0x52, 0x55, 0xC5,
    0xDF, 0x55, 0x55, 0xB5, 0xFF, 0x55, 0x55, 0x35, 0x00, 0xF9, 0xFF, 0xFF, 0xFF, 0xFF, 0xFF, 0xFF,
    0xFF, 0xFF, 0xFF, 0xAF, 0x00, 0xF9, 0xFF, 0xFF, 0xFF, 0xFF, 0xFF, 0xFF, 0xFF, 0xFF, 0xFF, 0xAF,
    0x00, 0x00, 0x00, 0x10, 0xFF, 0x06, 0x00, 0x00, 0xFE, 0x09, 0x00, 0x00, 0x00, 0x00, 0x00, 0x00,
    0xFE, 0x0A, 0x00, 0x00, 0xFB, 0x0C, 0x00, 0x00, 0x00, 0x00, 0x00, 0x00, 0xFA, 0x0D, 0x00, 0x00,
    0xF8, 0x0F, 0x00, 0x00, 0x00, 0x00, 0x00, 0x00, 0xF7, 0x0F, 0x00, 0x00, 0xF4, 0x3F, 0x00, 0x00,
    0x00, 0x00, 0x00, 0x00, 0xF4, 0x3F, 0x00, 0x00, 0xF1, 0x6F, 0x00, 0x00, 0x00, 0x00, 0x00, 0x00,
    0xF1, 0x7F, 0x00, 0x00, 0xE0, 0x9F, 0x00, 0x00, 0x00, 0x30, 0xFF, 0xFF, 0xFF, 0xFF, 0xFF, 0xFF,
    0xFF, 0xFF, 0xFF, 0xFF, 0x0F, 0x30, 0xFF, 0xFF, 0xFF, 0xFF, 0xFF, 0xFF, 0xFF, 0xFF, 0xFF, 0xFF,
    0x0F, 0x10, 0x55, 0x55, 0xA5, 0xFF, 0x56, 0x55, 0x85, 0xFF, 0x58, 0x55, 0x05, 0x00, 0x00, 0x00,
    0x40, 0xFF, 0x03, 0x00, 0x10, 0xFF, 0x06, 0x00, 0x00, 0x00, 0x00, 0x00, 0x10, 0xFF, 0x06, 0x00,
    0x00, 0xFE, 0x09, 0x00, 0x00, 0x00, 0x00, 0x00, 0x00, 0xFD, 0x0A, 0x00, 0x00, 0xFB, 0x0C, 0x00,
    0x00, 0x00, 0x00, 0x00, 0x00, 0xFA, 0x0D, 0x00, 0x00, 0xF8, 0x0F, 0x00, 0x00, 0x00, 0x00, 0x00,
    0x00, 0xF7, 0x0F, 0x00, 0x00, 0xF5, 0x2F, 0x00, 0x00, 0x00, 0x00, 0x00, 0x00, 0xF3, 0x4F, 0x00,
    0x00, 0xF2, 0x5F, 0x00, 0x00, 0x00, 0x00, 0x00, 0x00, 0xF0, 0x7F, 0x00, 0x00, 0xE0, 0x8F, 0x00,
    0x00, 0x00, 0x00, 0x00, 0x00, 0xFE, 0x06, 0x00, 0x00, 0x00, 0x00, 0x00, 0x00, 0x00, 0xFE, 0x06,
    0x00, 0x00, 0x00, 0x00, 0x00, 0x00, 0x00, 0xFE, 0x06, 0x00, 0x00, 0x00, 0x00, 0x50, 0xC9, 0xFE,
    0xFF, 0xEF, 0x6B, 0x00, 0x00, 0x40, 0xFF, 0xFF, 0xFF, 0xFF, 0xFF, 0xFF, 0x5E, 0x00, 0x10, 0xFF,
    0xFF, 0xBD, 0xFF, 0xDD, 0xFF, 0xFF, 0x05, 0x00, 0x9A, 0x04, 0x00, 0xFE, 0x06, 0xA2, 0xFF, 0x1F,
    0x00, 0x00, 0x00, 0x00, 0xFE, 0x06, 0x00, 0xFC, 0x6F, 0x00, 0x00, 0x00, 0x00, 0xFE, 0x06, 0x00,
    0xF6, 0x9F, 0x00, 0x00, 0x00, 0x00, 0xFE, 0x06, 0x00, 0xF6, 0xAF, 0x00, 0x00, 0x00, 0x00, 0xFE,
    0x06, 0x00, 0xFA, 0x8F, 0x00, 0x00, 0x00, 0x00, 0xFE, 0x06, 0x60, 0xFF, 0x3F, 0x00, 0x00, 0x00,
    0x00, 0xFE, 0x67, 0xFC, 0xFF, 0x0B, 0x00, 0x00, 0x00, 0x10, 0xFE, 0xFF, 0xFF, 0xCF, 0x01, 0x00,
    0x00, 0x50, 0xFB, 0xFF, 0xFF, 0xEF, 0x07, 0x00, 0x00, 0x70, 0xFE, 0xFF, 0xFF, 0xBF, 0x06, 0x00,
    0x00, 0x00, 0xFC, 0xFF, 0xFF, 0xFF, 0x06, 0x00, 0x00, 0x00, 0xA0, 0xFF, 0xCF, 0x05, 0xFE, 0x06,
    0x00, 0x00, 0x00, 0xF2, 0xFF, 0x07, 0x00, 0xFE, 0x06, 0x00, 0x00, 0x00, 0xF5, 0xCF, 0x00, 0x00,
    0xFE, 0x06, 0x00, 0x00, 0x00, 0xF6, 0x9F, 0x00, 0x00, 0xFE, 0x06, 0x00, 0x00, 0x00, 0xF5, 0xBF,
    0x00, 0x00, 0xFE, 0x06, 0x00, 0x00, 0x00, 0xF1, 0xFF, 0x04, 0x00, 0xFE, 0x06, 0x00, 0x00, 0x10,
    0x90, 0xFF, 0x8F, 0x02, 0xFE, 0x06, 0x00, 0x84, 0xAD, 0x00, 0xFB, 0xFF, 0xFF, 0xFF, 0xCD, 0xFE,
    0xFF, 0xAF, 0x00, 0x70, 0xFE, 0xFF, 0xFF, 0xFF, 0xFF, 0xFF, 0x8F, 0x00, 0x00, 0x50, 0xC9, 0xFF,
    0xFF, 0xCE, 0x69, 0x02, 0x00, 0x00, 0x00, 0x00, 0xFE, 0x06, 0x00, 0x00, 0x00, 0x00, 0x00, 0x00,
    0x00, 0xFE, 0x06, 0x00, 0x00, 0x00, 0x00, 0x00, 0x00, 0x00, 0xFE, 0x06, 0x00, 0x00, 0x00, 0x00,
    0x00, 0x00, 0x00, 0xFE, 0x06, 0x00, 0x00, 0x00, 0x00, 0x00, 0x40, 0xFF, 0x06, 0x00, 0x00, 0x00,
    0x00, 0x10, 0xE9, 0xEF, 0x2A, 0x00, 0x00, 0x00, 0x00, 0x00, 0xFB, 0x0E, 0x00, 0x00, 0x00, 0x00,
    0xE2, 0xFF, 0xFF, 0xFF, 0x03, 0x00, 0x00, 0x00, 0x00, 0xF3, 0x8F, 0x00, 0x00, 0x00, 0x00, 0xFC,
    0x7F, 0x63, 0xFF, 0x0E, 0x00, 0x00, 0x00, 0x00, 0xA0, 0xFF, 0x01, 0x00, 0x00, 0x40, 0xFF, 0x06,
    0x00, 0xF5, 0x5F, 0x00, 0x00, 0x00, 0x00, 0x10, 0xFF, 0x0A, 0x00, 0x00, 0x90, 0xFF, 0x00, 0x00,
    0xE0, 0xAF, 0x00, 0x00, 0x00, 0x00, 0x00, 0xF8, 0x3F, 0x00, 0x00, 0xD0, 0xCF, 0x00, 0x00, 0xB0,
    0xEF, 0x00, 0x00, 0x00, 0x00, 0x00, 0xE0, 0xBF, 0x00, 0x00, 0xF0, 0x9F, 0x00, 0x00, 0x90, 0xFF,
    0x00, 0x00, 0x00, 0x00, 0x00, 0x60, 0xFF, 0x04, 0x00, 0xF0, 0x8F, 0x00, 0x00, 0x80, 0xFF, 0x01,
    0x00, 0x00, 0x00, 0x00, 0x00, 0xFD, 0x0D, 0x00, 0xF0, 0x8F, 0x00, 0x00, 0x70, 0xFF, 0x01, 0x00,
    0x00, 0x00, 0x00, 0x00, 0xF4, 0x6F, 0x00, 0xF0, 0x8F, 0x00, 0x00, 0x80, 0xFF, 0x01, 0x00, 0x40,
    0xFC, 0xDF, 0x07, 0xB0, 0xEF, 0x00, 0xF0, 0x9F, 0x00, 0x00, 0x90, 0xFF, 0x00, 0x00, 0xF7, 0xFF,
    0xFF, 0xBF, 0x20, 0xFF, 0x08, 0xD0, 0xCF, 0x00, 0x00, 0xB0, 0xDF, 0x00, 0x30, 0xFF, 0x5C, 0xA4,
    0xFF, 0x07, 0xF9, 0x1F, 0x90, 0xFF, 0x00, 0x00, 0xE0, 0xAF, 0x00, 0xB0, 0xEF, 0x01, 0x00, 0xFC,
    0x0E, 0xF1, 0xAF, 0x40, 0xFF, 0x07, 0x00, 0xF5, 0x4F, 0x00, 0xF0, 0x8F, 0x00, 0x00, 0xF6, 0x3F,
    0x70, 0xFF, 0x03, 0xFC, 0x7F, 0x63, 0xFF, 0x0D, 0x00, 0xF4, 0x4F, 0x00, 0x00, 0xF2, 0x6F, 0x00,
    0xFE, 0x0C, 0xE2, 0xFF, 0xFF, 0xEF, 0x02, 0x00, 0xF6, 0x2F, 0x00, 0x00, 0xF0, 0x8F, 0x00, 0xF6,
    0x5F, 0x10, 0xE9, 0xEF, 0x2A, 0x00, 0x00, 0xF7, 0x1F, 0x00, 0x00, 0xF0, 0xAF, 0x00, 0xD0, 0xDF,
    0x00, 0x00, 0x00, 0x00, 0x00, 0x00, 0xF8, 0x1F, 0x00, 0x00, 0xF0, 0xAF, 0x00, 0x40, 0xFF, 0x06,
    0x00, 0x00, 0x00, 0x00, 0x00, 0xF7, 0x1F, 0x00, 0x00, 0xF0, 0xAF, 0x00, 0x00, 0xFB, 0x1E, 0x00,
    0x00, 0x00, 0x00, 0x00, 0xF6, 0x2F, 0x00, 0x00, 0xF0, 0x8F, 0x00, 0x00, 0xF2, 0x8F, 0x00, 0x00,
    0x00, 0x00, 0x00, 0xF4, 0x4F, 0x00, 0x00, 0xF2, 0x6F, 0x00, 0x00, 0x90, 0xFF, 0x02, 0x00, 0x00,
    0x00, 0x00, 0xF1, 0x8F, 0x00, 0x00, 0xF6, 0x2F, 0x00, 0x00, 0x10, 0xFF, 0x0A, 0x00, 0x00, 0x00,
    0x00, 0xB0, 0xEF, 0x01, 0x00, 0xFD, 0x0D, 0x00, 0x00, 0x00, 0xF7, 0x3F, 0x00, 0x00, 0x00, 0x00,
    0x40, 0xFF, 0x5D, 0xB4, 0xFF, 0x06, 0x00, 0x00, 0x00, 0xE0, 0xCF, 0x00, 0x00, 0x00, 0x00, 0x00,
    0xF8, 0xFF, 0xFF, 0xAF, 0x00, 0x00, 0x00, 0x00, 0x50, 0xFF, 0x05, 0x00, 0x00, 0x00, 0x00, 0x50,
    0xFC, 0xDF, 0x06, 0x00, 0x00, 0x00, 0x00, 0x00, 0xFC, 0x0D, 0x00, 0x00, 0x00, 0x00, 0x00, 0x00,
    0x00, 0x00, 0x00, 0x81, 0xFC, 0xFF, 0x8C, 0x01, 0x00, 0x00, 0x00, 0x00, 0x00, 0x00, 0x00, 0x40,
    0xFF, 0xFF, 0xFF, 0xFF, 0x6F, 0x00, 0x00, 0x00, 0x00, 0x00, 0x00, 0x00, 0xF2, 0xFF, 0xAF, 0xA8,
    0xFE, 0xFF, 0x05, 0x00, 0x00, 0x00, 0x00, 0x00, 0x00, 0xFA, 0xDF, 0x01, 0x00, 0xA0, 0xFF, 0x0E,
    0x00, 0x00, 0x00, 0x00, 0x00, 0x00, 0xFE, 0x4F, 0x00, 0x00, 0x00, 0xFE, 0x3F, 0x00, 0x00, 0x00,
    0x00, 0x00, 0x00, 0xFF, 0x0F, 0x00, 0x00, 0x00, 0xFA, 0x5F, 0x00, 0x00, 0x00, 0x00, 0x00, 0x00,
    0xFF, 0x0F, 0x00, 0x00, 0x00, 0xFB, 0x5F, 0x00, 0x00, 0x00, 0x00, 0x00, 0x00, 0xFC, 0x5F, 0x00,
    0x00, 0x00, 0xFF, 0x2F, 0x00, 0x00, 0x00, 0x00, 0x00, 0x00, 0xF6, 0xEF, 0x01, 0x00, 0x70, 0xFF,
    0x0C, 0x00, 0x00, 0x00, 0x00, 0x00, 0x00, 0xC0, 0xFF, 0x2D, 0x00, 0xF3, 0xFF, 0x04, 0x00, 0x00,
    0x00, 0x00, 0x00, 0x00, 0x00, 0xFB, 0xFF, 0x37, 0xFE, 0x9F, 0x00, 0x00, 0x00, 0x00, 0x00, 0x00,
    0x00, 0x00, 0x90, 0xFF, 0xFF, 0xFF, 0x0C, 0x00, 0x00, 0x00, 0x00, 0x00, 0x00, 0x00, 0x00, 0x00,
    0xD4, 0xFF, 0xFF, 0x05, 0x00, 0x00, 0x00, 0x00, 0x00, 0x00, 0x00, 0x00, 0x00, 0xF4, 0xFF, 0xFF,
    0xBF, 0x01, 0x00, 0x00, 0xFC, 0x5F, 0x00, 0x00, 0x00, 0x50, 0xFF, 0xDF, 0xF8, 0xFF, 0x4E, 0x00,
    0x00, 0xF7, 0xAF, 0x00, 0x00, 0x00, 0xF6, 0xFF, 0x1C, 0x20, 0xFC, 0xFF, 0x04, 0x00, 0xF2, 0xFF,
    0x00, 0x00, 0x70, 0xFF, 0xBF, 0x00, 0x00, 0xA0, 0xFF, 0x1F, 0x00, 0xB0, 0xFF, 0x07, 0x00, 0xF8,
    0xFF, 0x0A, 0x00, 0x00, 0x00, 0xFD, 0x8F, 0x00, 0x30, 0xFF, 0x1E, 0x90, 0xFF, 0x8F, 0x00, 0x00,
    0x00, 0x00, 0xF7, 0xCF, 0x00, 0x00, 0xFB, 0xBF, 0xFB, 0xFF, 0x07, 0x00, 0x00, 0x00, 0x00, 0xF4,
    0xEF, 0x00, 0x00, 0xE1, 0xFF, 0xFF, 0x6F, 0x00, 0x00, 0x00, 0x00, 0x00, 0xF5, 0xEF, 0x00, 0x00,
    0x40, 0xFF, 0xFF, 0x05, 0x00, 0x00, 0x00, 0x00, 0x00, 0xF9, 0xCF, 0x00, 0x00, 0xD1, 0xFF, 0xFF,
    0x3D, 0x00, 0x00, 0x00, 0x00, 0x30, 0xFF, 0x8F, 0x00, 0x10, 0xFD, 0xEF, 0xFD, 0xFF, 0x5B, 0x00,
    0x00, 0x00, 0xF7, 0xFF, 0x1F, 0x00, 0xD1, 0xFF, 0x3E, 0xA1, 0xFF, 0xFF, 0xDF, 0xBC, 0xFD, 0xFF,
    0xFF, 0x05, 0x10, 0xFD, 0xFF, 0x03, 0x00, 0xC4, 0xFF, 0xFF, 0xFF, 0xFF, 0xFF, 0x4E, 0x00, 0xD1,
    0xFF, 0x3F, 0x00, 0x00, 0x00, 0x83, 0xEC, 0xFF, 0xDF, 0x5A, 0x00, 0x00, 0xFC, 0x7F, 0xFB, 0x6F,
    0xFA, 0x5F, 0xF9, 0x4F, 0xF8, 0x3F, 0xF7, 0x1F, 0xF6, 0x0F, 0xF5, 0x0F, 0xF3, 0x0E, 0xF2, 0x0D,
    0xB0, 0xFF, 0x04, 0x00, 0x00, 0x10, 0xFE, 0x1E, 0x00, 0x00, 0x00, 0xF6, 0xBF, 0x00, 0x00, 0x00,
    0xC0, 0xFF, 0x04, 0x00, 0x00, 0x50, 0xFF, 0x0C, 0x00, 0x00, 0x00, 0xFD, 0x4F, 0x00, 0x00, 0x00,
    0xF7, 0xAF, 0x00, 0x00, 0x00, 0xF1, 0xFF, 0x01, 0x00, 0x00, 0xC0, 0xFF, 0x05, 0x00, 0x00, 0x80,
    0xFF, 0x0A, 0x00, 0x00, 0x40, 0xFF, 0x0D, 0x00, 0x00, 0x10, 0xFF, 0x0F, 0x00, 0x00, 0x00, 0xFF,
    0x3F, 0x00, 0x00, 0x00, 0xFD, 0x5F, 0x00, 0x00, 0x00, 0xFB, 0x6F, 0x00, 0x00, 0x00, 0xFA, 0x7F,
    0x00, 0x00, 0x00, 0xFA, 0x7F, 0x00, 0x00, 0x00, 0xFA, 0x7F, 0x00, 0x00, 0x00, 0xFB, 0x6F, 0x00,
    0x00, 0x00, 0xFC, 0x5F, 0x00, 0x00, 0x00, 0xFE, 0x3F, 0x00, 0x00, 0x10, 0xFF, 0x1F, 0x00, 0x00,
    0x40, 0xFF, 0x0E, 0x00, 0x00, 0x80, 0xFF, 0x0A, 0x00, 0x00, 0xC0, 0xFF, 0x06, 0x00, 0x00, 0xF1,
    0xFF, 0x01, 0x00, 0x00, 0xF7, 0xBF, 0x00, 0x00, 0x00, 0xFD, 0x5F, 0x00, 0x00, 0x40, 0xFF, 0x0D,
    0x00, 0x00, 0xC0, 0xFF, 0x05, 0x00, 0x00, 0xF5, 0xBF, 0x00, 0x00, 0x10, 0xFE, 0x1E, 0x00, 0x00,
    0xA0, 0xFF, 0x04, 0x00, 0x00, 0x00, 0x00, 0x70, 0xFF, 0x07, 0x00, 0x00, 0xF4, 0xCF, 0x00, 0x00,
    0x00, 0xFE, 0x2F, 0x00, 0x00, 0x80, 0xFF, 0x09, 0x00, 0x00, 0xF1, 0xFF, 0x02, 0x00, 0x00, 0xF7,
    0xAF, 0x00, 0x00, 0x00, 0xFE, 0x4F, 0x00, 0x00, 0x40, 0xFF, 0x0E, 0x00, 0x00, 0x90, 0xFF, 0x09,
    0x00, 0x00, 0xD0, 0xFF, 0x05, 0x00, 0x00, 0xF1, 0xFF, 0x01, 0x00, 0x00, 0xF4, 0xEF, 0x00, 0x00,
    0x00, 0xF6, 0xBF, 0x00, 0x00, 0x00, 0xF8, 0x9F, 0x00, 0x00, 0x00, 0xF9, 0x8F, 0x00, 0x00, 0x00,
    0xFA, 0x7F, 0x00, 0x00, 0x00, 0xFA, 0x7F, 0x00, 0x00, 0x00, 0xFA, 0x7F, 0x00, 0x00, 0x00, 0xF9,
    0x8F, 0x00, 0x00, 0x00, 0xF8, 0x9F, 0x00, 0x00, 0x00, 0xF7, 0xBF, 0x00, 0x00, 0x00, 0xF4, 0xDF,
    0x00, 0x00, 0x00, 0xF1, 0xFF, 0x01, 0x00, 0x00, 0xE0, 0xFF, 0x04, 0x00, 0x00, 0x90, 0xFF, 0x09,
    0x00, 0x00, 0x40, 0xFF, 0x0E, 0x00, 0x00, 0x00, 0xFE, 0x3F, 0x00, 0x00, 0x00, 0xF8, 0xAF, 0x00,
    0x00, 0x00, 0xF1, 0xFF, 0x01, 0x00, 0x00, 0x80, 0xFF, 0x09, 0x00, 0x00, 0x00, 0xFE, 0x2F, 0x00,
    0x00, 0x00, 0xF4, 0xCF, 0x00, 0x00, 0x00, 0x80, 0xFF, 0x07, 0x00, 0x00, 0x00, 0x00, 0xFF, 0x4F,
    0x00, 0x00, 0x00, 0x00, 0x00, 0x00, 0x00, 0x00, 0xFF, 0x2F, 0x00, 0x00, 0x00, 0x00, 0x00, 0x00,
    0x00, 0x00, 0xFD, 0x1F, 0x00, 0x00, 0x00, 0x00, 0x00, 0x00, 0x00, 0x00, 0xFB, 0x0F, 0x00, 0x00,
    0x00, 0x00, 0x00, 0x00, 0x00, 0x00, 0xFA, 0x0E, 0x00, 0x00, 0x00, 0x00, 0x70, 0x16, 0x00, 0x00,
    0xF8, 0x0C, 0x00, 0x10, 0x85, 0x00, 0xE0, 0xFF, 0x7C, 0x03, 0xF7, 0x0B, 0x72, 0xFB, 0xFF, 0x00,
    0xF0, 0xFF, 0xFF, 0xEF, 0xFC, 0xDD, 0xFF, 0xFF, 0xFF, 0x02, 0x91, 0xDB, 0xFE, 0xFF, 0xFF, 0xFF,
    0xFF, 0xDE, 0x9B, 0x02, 0x00, 0x00, 0x00, 0x82, 0xFF, 0xBF, 0x02, 0x00, 0x00, 0x00, 0x00, 0x00,
    0x00, 0xF2, 0xCF, 0xFF, 0x04, 0x00, 0x00, 0x00, 0x00, 0x00, 0x00, 0xFC, 0x1F, 0xFC, 0x1E, 0x00,
    0x00, 0x00, 0x00, 0x00, 0x90, 0xFF, 0x09, 0xF5, 0xCF, 0x00, 0x00, 0x00, 0x00, 0x00, 0xF5, 0xFF,
    0x01, 0xD0, 0xFF, 0x08, 0x00, 0x00, 0x00, 0x20, 0xFF, 0x9F, 0x00, 0x60, 0xFF, 0x3F, 0x00, 0x00,
    0x00, 0x50, 0xFE, 0x1F, 0x00, 0x00, 0xFE, 0x7F, 0x00, 0x00, 0x00, 0x00, 0x81, 0x08, 0x00, 0x00,
    0x97, 0x01, 0x00, 0x00, 0x00, 0x00, 0x00, 0x00, 0x66, 0x02, 0x00, 0x00, 0x00, 0x00, 0x00, 0x00,
    0x00, 0x10, 0xFF, 0x07, 0x00, 0x00, 0x00, 0x00, 0x00, 0x00, 0x00, 0x10, 0xFF, 0x07, 0x00, 0x00,
    0x00, 0x00, 0x00, 0x00, 0x00, 0x10, 0xFF, 0x07, 0x00, 0x00, 0x00, 0x00, 0x00, 0x00, 0x00, 0x10,
    0xFF, 0x07, 0x00, 0x00, 0x00, 0x00, 0x00, 0x00, 0x00, 0x10, 0xFF, 0x07, 0x00, 0x00, 0x00, 0x00,
    0x00, 0x00, 0x00, 0x10, 0xFF, 0x07, 0x00, 0x00, 0x00, 0x00, 0x00, 0x00, 0x00, 0x10, 0xFF, 0x07,
    0x00, 0x00, 0x00, 0x00, 0x86, 0x88, 0x88, 0x98, 0xFF, 0x8B, 0x88, 0x88, 0x88, 0x00, 0xFC, 0xFF,
    0xFF, 0xFF, 0xFF, 0xFF, 0xFF, 0xFF, 0xFF, 0x01, 0xFC, 0xFF, 0xFF, 0xFF, 0xFF, 0xFF, 0xFF, 0xFF,
    0xFF, 0x01, 0x00, 0x00, 0x00, 0x10, 0xFF, 0x07, 0x00, 0x00, 0x00, 0x00, 0x00, 0x00, 0x00, 0x10,
    0xFF, 0x07, 0x00, 0x00, 0x00, 0x00, 0x00, 0x00, 0x00, 0x10, 0xFF, 0x07, 0x00, 0x00, 0x00, 0x00,
    0x00, 0x00, 0x00, 0x10, 0xFF, 0x07, 0x00, 0x00, 0x00, 0x00, 0x00, 0x00, 0x00, 0x10, 0xFF, 0x07,
    0x00, 0x00, 0x00, 0x00, 0x00, 0x00, 0x00, 0x10, 0xFF, 0x07, 0x00, 0x00, 0x00, 0x00, 0x00, 0x00,
    0x00, 0x10, 0xFF, 0x07, 0x00, 0x00, 0x00, 0x00, 0x00, 0x00, 0x00, 0x10, 0xEE, 0x06, 0x00, 0x00,
    0x00, 0x00, 0xE0, 0xFF, 0x09, 0x00, 0xB0, 0xFF, 0x0C, 0x00, 0x60, 0xFF, 0x0F, 0x00, 0x10, 0xFF,
    0x2F, 0x00, 0x00, 0xFB, 0x6F, 0x00, 0x00, 0xF5, 0x9F, 0x00, 0x00, 0xE0, 0xDF, 0x00, 0x00, 0x80,
    0xFF, 0x01, 0x00, 0x10, 0xFF, 0x05, 0xC8, 0xCC, 0xCC, 0xCC, 0x5C, 0xFB, 0xFF, 0xFF, 0xFF, 0x7F,
    0xFB, 0xFF, 0xFF, 0xFF, 0x7F, 0x40, 0xCC, 0x05, 0xF0, 0xFF, 0x1F, 0xF3, 0xFF, 0x3F, 0xF1, 0xFF,
    0x1F, 0x60, 0xEE, 0x07, 0xF5, 0xBF, 0x00, 0x00, 0x00, 0x00, 0x00, 0xF0, 0xFF, 0x01, 0x00, 0x00,
    0x00, 0x00, 0x90, 0xFF, 0x07, 0x00, 0x00, 0x00, 0x00, 0x30, 0xFF, 0x0D, 0x00, 0x00, 0x00, 0x00,
    0x00, 0xFD, 0x3F, 0x00, 0x00, 0x00, 0x00, 0x00, 0xF7, 0x9F, 0x00, 0x00, 0x00, 0x00, 0x00, 0xF1,
    0xEF, 0x00, 0x00, 0x00, 0x00, 0x00, 0xB0, 0xFF, 0x05, 0x00, 0x00, 0x00, 0x00, 0x50, 0xFF, 0x0A,
    0x00, 0x00, 0x00, 0x00, 0x00, 0xFF, 0x1F, 0x00, 0x00, 0x00, 0x00, 0x00, 0xF9, 0x6F, 0x00, 0x00,
    0x00, 0x00, 0x00, 0xF3, 0xDF, 0x00, 0x00, 0x00, 0x00, 0x00, 0xD0, 0xFF, 0x02, 0x00, 0x00, 0x00,
    0x00, 0x70, 0xFF, 0x08, 0x00, 0x00, 0x00, 0x00, 0x10, 0xFF, 0x0E, 0x00, 0x00, 0x00, 0x00, 0x00,
    0xFB, 0x4F, 0x00, 0x00, 0x00, 0x00, 0x00, 0xF5, 0xAF, 0x00, 0x00, 0x00, 0x00, 0x00, 0xF0, 0xFF,
    0x01, 0x00, 0x00, 0x00, 0x00, 0x90, 0xFF, 0x06, 0x00, 0x00, 0x00, 0x00, 0x30, 0xFF, 0x0C, 0x00,
    0x00, 0x00, 0x00, 0x00, 0xFD, 0x2F, 0x00, 0x00, 0x00, 0x00, 0x00, 0xF8, 0x8F, 0x00, 0x00, 0x00,
    0x00, 0x00, 0xF2, 0xEF, 0x00, 0x00, 0x00, 0x00, 0x00, 0xC0, 0xFF, 0x04, 0x00, 0x00, 0x00, 0x00,
    0x60, 0xFF, 0x0A, 0x00, 0x00, 0x00, 0x00, 0x00, 0xFF, 0x1F, 0x00, 0x00, 0x00, 0x00, 0x00, 0xFA,
    0x6F, 0x00, 0x00, 0x30, 0xDA, 0xFF, 0xBE, 0x06, 0x00, 0x00, 0x00, 0x00, 0x00, 0xFA, 0xFF, 0xFF,
    0xFF, 0xEF, 0x04, 0x00, 0x00, 0x00, 0xC0, 0xFF, 0xDF, 0xAA, 0xFC, 0xFF, 0x4F, 0x00, 0x00, 0x00,
    0xF8, 0xEF, 0x04, 0x00, 0x20, 0xFC, 0xEF, 0x01, 0x00, 0x20, 0xFF, 0x3F, 0x00, 0x00, 0x00, 0xD0,
    0xFF, 0x08, 0x00, 0x90, 0xFF, 0x09, 0x00, 0x00, 0x00, 0x40, 0xFF, 0x0E, 0x00, 0xE0, 0xFF, 0x02,
    0x00, 0x00, 0x00, 0x00, 0xFD, 0x4F, 0x00, 0xF2, 0xEF, 0x00, 0x00, 0x00, 0x00, 0x00, 0xF9, 0x8F,
    0x00, 0xF6, 0xBF, 0x00, 0x00, 0x00, 0x00, 0x00, 0xF6, 0xBF, 0x00, 0xF8, 0x8F, 0x00, 0x00, 0x00,
    0x00, 0x00, 0xF3, 0xDF, 0x00, 0xFA, 0x6F, 0x00, 0x00, 0x00, 0x00, 0x00, 0xF2, 0xFF, 0x00, 0xFB,
    0x5F, 0x00, 0x00, 0x00, 0x00, 0x00, 0xF1, 0xFF, 0x00, 0xFC, 0x5F, 0x00, 0x00, 0x00, 0x00, 0x00,
    0xF0, 0xFF, 0x01, 0xFC, 0x5F, 0x00, 0x00, 0x00, 0x00, 0x00, 0xF0, 0xFF, 0x01, 0xFC, 0x5F, 0x00,
    0x00, 0x00, 0x00, 0x00, 0xF0, 0xFF, 0x01, 0xFB, 0x5F, 0x00, 0x00, 0x00, 0x00, 0x00, 0xF1, 0xFF,
    0x00, 0xFA, 0x6F, 0x00, 0x00, 0x00, 0x00, 0x00, 0xF2, 0xFF, 0x00, 0xF9, 0x8F, 0x00, 0x00, 0x00,
    0x00, 0x00, 0xF3, 0xDF, 0x00, 0xF6, 0xBF, 0x00, 0x00, 0x00, 0x00, 0x00, 0xF6, 0xAF, 0x00, 0xF3,
    0xEF, 0x00, 0x00, 0x00, 0x00, 0x00, 0xF9, 0x7F, 0x00, 0xF0, 0xFF, 0x02, 0x00, 0x00, 0x00, 0x00,
    0xFD, 0x3F, 0x00, 0xA0, 0xFF, 0x09, 0x00, 0x00, 0x00, 0x40, 0xFF, 0x0D, 0x00, 0x30, 0xFF, 0x3F,
    0x00, 0x00, 0x00, 0xD0, 0xFF, 0x06, 0x00, 0x00, 0xFA, 0xEF, 0x04, 0x00, 0x20, 0xFC, 0xDF, 0x00,
    0x00, 0x00, 0xD1, 0xFF, 0xDF, 0xAA, 0xFC, 0xFF, 0x2E, 0x00, 0x00, 0x00, 0x10, 0xFB, 0xFF, 0xFF,
    0xFF, 0xDF, 0x02, 0x00, 0x00, 0x00, 0x00, 0x40, 0xDA, 0xFF, 0xBE, 0x06, 0x00, 0x00, 0x00, 0xF5,
    0xCF, 0x01, 0x00, 0x00, 0x00, 0xF5, 0xFF, 0x3E, 0x00, 0x00, 0x00, 0xF5, 0xFF, 0xFF, 0x05, 0x00,
    0x00, 0xF5, 0xCF, 0xFF, 0x9F, 0x00, 0x00, 0xF5, 0x9F, 0xE3, 0xFF, 0x1B, 0x00, 0xF5, 0xAF, 0x20,
    0xFD, 0xDF, 0x02, 0xF5, 0xAF, 0x00, 0xB1, 0xFF, 0x02, 0xF5, 0xAF, 0x00, 0x00, 0x59, 0x00, 0xF5,
    0xAF, 0x00, 0x00, 0x00, 0x00, 0xF5, 0xAF, 0x00, 0x00, 0x00, 0x00, 0xF5, 0xAF, 0x00, 0x00, 0x00,
    0x00, 0xF5, 0xAF, 0x00, 0x00, 0x00, 0x00, 0xF5, 0xAF, 0x00, 0x00, 0x00, 0x00, 0xF5, 0xAF, 0x00,
    0x00, 0x00, 0x00, 0xF5, 0xAF, 0x00, 0x00, 0x00, 0x00, 0xF5, 0xAF, 0x00, 0x00, 0x00, 0x00, 0xF5,
    0xAF, 0x00, 0x00, 0x00, 0x00, 0xF5, 0xAF, 0x00, 0x00, 0x00, 0x00, 0xF5, 0xAF, 0x00, 0x00, 0x00,
    0x00, 0xF5, 0xAF, 0x00, 0x00, 0x00, 0x00, 0xF5, 0xAF, 0x00, 0x00, 0x00, 0x00, 0xF5, 0xAF, 0x00,
    0x00, 0x00, 0x00, 0xF5, 0xAF, 0x00, 0x00, 0x00, 0x00, 0xF5, 0xAF, 0x00, 0x00, 0x00, 0x00, 0xF5,
    0xAF, 0x00, 0x00, 0x00, 0x00, 0xF5, 0xAF, 0x00, 0x00, 0x00, 0x00, 0xF5, 0xAF, 0x00, 0x00, 0x00,
    0x00, 0x00, 0x00, 0x30, 0xD9, 0xFF, 0xDF, 0x5A, 0x00, 0x00, 0x00, 0x00, 0x10, 0xFB, 0xFF, 0xFF,
    0xFF, 0xFF, 0x6E, 0x00, 0x00, 0x00, 0xD1, 0xFF, 0xFF, 0xAB, 0xDB, 0xFF, 0xFF, 0x2C, 0x00, 0x00,
    0xFA, 0xFF, 0x07, 0x00, 0x00, 0x82, 0xFF, 0x7F, 0x00, 0x10, 0xFF, 0x7F, 0x00, 0x00, 0x00, 0x00,
    0xC2, 0x0A, 0x00, 0x50, 0xFF, 0x0E, 0x00, 0x00, 0x00, 0x00, 0x00, 0x00, 0x00, 0x70, 0xFF, 0x0B,
    0x00, 0x00, 0x00, 0x00, 0x00, 0x00, 0x00, 0x80, 0xFF, 0x0A, 0x00, 0x00, 0x00, 0x00, 0x00, 0x00,
    0x00, 0x60, 0xFF, 0x0B, 0x00, 0x00, 0x00, 0x00, 0x00, 0x00, 0x00, 0x30, 0xFF, 0x0F, 0x00, 0x00,
    0x00, 0x00, 0x00, 0x00, 0x00, 0x00, 0xFD, 0x5F, 0x00, 0x00, 0x00, 0x00, 0x00, 0x00, 0x00, 0x00,
    0xF6, 0xDF, 0x00, 0x00, 0x00, 0x00, 0x00, 0x00, 0x00, 0x00, 0xC0, 0xFF, 0x08, 0x00, 0x00, 0x00,
    0x00, 0x00, 0x00, 0x00, 0x20, 0xFF, 0x5F, 0x00, 0x00, 0x00, 0x00, 0x00, 0x00, 0x00, 0x00, 0xF5,
    0xFF, 0x04, 0x00, 0x00, 0x00, 0x00, 0x00, 0x00, 0x00, 0x60, 0xFF, 0x3F, 0x00, 0x00, 0x00, 0x00,
    0x00, 0x00, 0x00, 0x00, 0xF7, 0xFF, 0x03, 0x00, 0x00, 0x00, 0x00, 0x00, 0x00, 0x00, 0x80, 0xFF,
    0x3E, 0x00, 0x00, 0x00, 0x00, 0x00, 0x00, 0x00, 0x00, 0xF7, 0xFF, 0x03, 0x00, 0x00, 0x00, 0x00,
    0x00, 0x00, 0x00, 0x70, 0xFF, 0x3F, 0x00, 0x00, 0x00, 0x00, 0x00, 0x00, 0x00, 0x00, 0xF6, 0xFF,
    0x03, 0x00, 0x00, 0x00, 0x00, 0x00, 0x00, 0x00, 0x60, 0xFF, 0x3F, 0x00, 0x00, 0x00, 0x00, 0x00,
    0x00, 0x00, 0x00, 0xF6, 0xFF, 0x03, 0x00, 0x00, 0x00, 0x00, 0x00, 0x00, 0x00, 0x50, 0xFF, 0x3F,
    0x00, 0xD8, 0xDD, 0xDD, 0xDD, 0xDD, 0xDD, 0xDD, 0xFF, 0xFF, 0x01, 0xFA, 0xFF, 0xFF, 0xFF, 0xFF,
    0xFF, 0xFF, 0xFF, 0xFF, 0x02, 0xFA, 0xFF, 0xFF, 0xFF, 0xFF, 0xFF, 0xFF, 0xFF, 0xFF, 0x02, 0x00,
    0x00, 0x50, 0xDA, 0xFF, 0xEF, 0x7B, 0x02, 0x00, 0x00, 0x00, 0x40, 0xFE, 0xFF, 0xFF, 0xFF, 0xFF,
    0xBF, 0x03, 0x00, 0x00, 0xF4, 0xFF, 0xEF, 0x9A, 0xCA, 0xFF, 0xFF, 0x9F, 0x00, 0x00, 0xFE, 0xEF,
    0x04, 0x00, 0x00, 0x40, 0xFB, 0x9F, 0x00, 0x60, 0xFF, 0x2F, 0x00, 0x00, 0x00, 0x00, 0x40, 0x0B,
    0x00, 0x90, 0xFF, 0x0A, 0x00, 0x00, 0x00, 0x00, 0x00, 0x00, 0x00, 0xA0, 0xFF, 0x08, 0x00, 0x00,
    0x00, 0x00, 0x00, 0x00, 0x00, 0x80, 0xFF, 0x0A, 0x00, 0x00, 0x00, 0x00, 0x00, 0x00, 0x00, 0x40,
    0xFF, 0x1E, 0x00, 0x00, 0x00, 0x00, 0x00, 0x00, 0x00, 0x00, 0xFC, 0xBF, 0x00, 0x00, 0x00, 0x00,
    0x00, 0x00, 0x00, 0x00, 0xD1, 0xFF, 0x5D, 0x00, 0x00, 0x00, 0x00, 0x00, 0x00, 0x00, 0x00, 0xF9,
    0xFF, 0xCF, 0xAA, 0xAA, 0x01, 0x00, 0x00, 0x00, 0x00, 0x30, 0xFA, 0xFF, 0xFF, 0xFF, 0x02, 0x00,
    0x00, 0x00, 0x60, 0xFD, 0xFF, 0xFF, 0xFF, 0xFF, 0x02, 0x00, 0x00, 0x00, 0xFB, 0xFF, 0x7D, 0x13,
    0x00, 0x00, 0x00, 0x00, 0x00, 0x80, 0xFF, 0x6F, 0x00, 0x00, 0x00, 0x00, 0x00, 0x00, 0x00, 0xF1,
    0xFF, 0x06, 0x00, 0x00, 0x00, 0x00, 0x00, 0x00, 0x00, 0xF5, 0xFF, 0x00, 0x00, 0x00, 0x00, 0x00,
    0x00, 0x00, 0x00, 0xF7, 0xCF, 0x00, 0x00, 0x00, 0x00, 0x00, 0x00, 0x00, 0x00, 0xF7, 0xCF, 0x00,
    0x00, 0x00, 0x00, 0x00, 0x00, 0x00, 0x00, 0xF5, 0xFF, 0x00, 0x00, 0x00, 0x00, 0x00, 0x00, 0x00,
    0x00, 0xF1, 0xFF, 0x05, 0x00, 0x00, 0x00, 0x00, 0x00, 0x00, 0x00, 0xB0, 0xFF, 0x1E, 0x00, 0x00,
    0x00, 0x00, 0x00, 0x10, 0x01, 0x20, 0xFF, 0xEF, 0x06, 0x00, 0x00, 0x00, 0x51, 0xFA, 0x04, 0x00,
    0xF4, 0xFF, 0xFF, 0xAC, 0xA9, 0xDB, 0xFF, 0xFF, 0x04, 0x00, 0x20, 0xFB, 0xFF, 0xFF, 0xFF, 0xFF,
    0xFF, 0xDF, 0x02, 0x00, 0x00, 0x20, 0xB7, 0xFD, 0xFF, 0xDF, 0x7B, 0x03, 0x00, 0x00, 0x00, 0xFF,
    0x9F, 0x00, 0x00, 0x00, 0x00, 0x00, 0x00, 0x00, 0x00, 0x00, 0xFF, 0xFF, 0x05, 0x00, 0x00, 0x00,
    0x00, 0x00, 0x00, 0x00, 0x00, 0xFF, 0xFF, 0x1E, 0x00, 0x00, 0x00, 0x00, 0x00, 0x00, 0x00, 0x00,
    0xFF, 0xDE, 0xBF, 0x00, 0x00, 0x00, 0x00, 0x00, 0x00, 0x00, 0x00, 0xFF, 0x5E, 0xFF, 0x06, 0x00,
    0x00, 0x00, 0x00, 0x00, 0x00, 0x00, 0xFF, 0x0F, 0xFC, 0x2F, 0x00, 0x00, 0x00, 0x00, 0x00, 0x00,
    0x00, 0xFF, 0x0F, 0xF2, 0xCF, 0x00, 0x00, 0x00, 0x00, 0x00, 0x00, 0x00, 0xFF, 0x0F, 0x70, 0xFF,
    0x08, 0x00, 0x00, 0x00, 0x00, 0x00, 0x00, 0xFF, 0x1F, 0x00, 0xFB, 0x3F, 0x00, 0x00, 0x00, 0x00,
    0x00, 0x00, 0xFF, 0x1F, 0x00, 0xE1, 0xEF, 0x00, 0x00, 0x00, 0x00, 0x00, 0x00, 0xFF, 0x1F, 0x00,
    0x50, 0xFF, 0x0A, 0x00, 0x00, 0x00, 0x00, 0x00, 0xFF, 0x1F, 0x00, 0x00, 0xF9, 0x5F, 0x00, 0x00,
    0x00, 0x00, 0x00, 0xFF, 0x1F, 0x00, 0x00, 0xD0, 0xEF, 0x01, 0x00, 0x00, 0x00, 0x00, 0xFF, 0x1F,
    0x00, 0x00, 0x30, 0xFF, 0x0B, 0x00, 0x00, 0x00, 0x00, 0xFF, 0x1F, 0x00, 0x00, 0x00, 0xF8, 0x7F,
    0x00, 0x00, 0x00, 0x00, 0xFF, 0x1F, 0x00, 0x00, 0x00, 0xC0, 0xFF, 0x02, 0x00, 0x00, 0x00, 0xFF,
    0x1F, 0x00, 0x00, 0x00, 0x20, 0xFF, 0x0D, 0x00, 0x00, 0x00, 0xFF, 0x1F, 0x00, 0x00, 0x00, 0x00,
    0xF6, 0x8F, 0x00, 0xCC, 0xCC, 0xFF, 0xCF, 0xCC, 0xCC, 0xCC, 0xCC, 0xFC, 0xFF, 0x02, 0xFF, 0xFF,
    0xFF, 0xFF, 0xFF, 0xFF, 0xFF, 0xFF, 0xFF, 0xFF, 0x03, 0xFF, 0xFF, 0xFF, 0xFF, 0xFF, 0xFF, 0xFF,
    0xFF, 0xFF, 0xFF, 0x03, 0x00, 0x00, 0xFF, 0x1F, 0x00, 0x00, 0x00, 0x00, 0x00, 0x00, 0x00, 0x00,
    0x00, 0xFF, 0x1F, 0x00, 0x00, 0x00, 0x00, 0x00, 0x00, 0x00, 0x00, 0x00, 0xFF, 0x1F, 0x00, 0x00,
    0x00, 0x00, 0x00, 0x00, 0x00, 0x00, 0x00, 0xFF, 0x1F, 0x00, 0x00, 0x00, 0x00, 0x00, 0x00, 0x00,
    0x00, 0x00, 0xFF, 0x1F, 0x00, 0x00, 0x00, 0x00, 0x00, 0x00, 0x00, 0x00, 0x00, 0xFF, 0x1F, 0x00,
    0x00, 0x00, 0x00, 0x00, 0x00, 0x00, 0x00, 0xFA, 0xFF, 0xFF, 0xFF, 0xFF, 0xFF, 0xEF, 0x00, 0x00,
    0xFA, 0xFF, 0xFF, 0xFF, 0xFF, 0xFF, 0xFF, 0x00, 0x00, 0xD8, 0xDD, 0xDD, 0xDD, 0xDD, 0xFD, 0xFF,
    0x00, 0x00, 0x00, 0x00, 0x00, 0x00, 0x00, 0xB0, 0xFF, 0x02, 0x00, 0x00, 0x00, 0x00, 0x00, 0x00,
    0xA0, 0xFF, 0x03, 0x00, 0x00, 0x00, 0x00, 0x00, 0x00, 0x80, 0xFF, 0x05, 0x00, 0x00, 0x00, 0x00,
    0x00, 0x00, 0x70, 0xFF, 0x06, 0x00, 0x00, 0x00, 0x00, 0x00, 0x00, 0x60, 0xFF, 0x07, 0x00, 0x00,
    0x00, 0x00, 0x00, 0x00, 0x40, 0xFF, 0x09, 0x00, 0x00, 0x00, 0x00, 0x00, 0x00, 0x30, 0xFF, 0x0A,
    0x00, 0x00, 0x50, 0xDA, 0xFF, 0xEF, 0xAC, 0xFF, 0x0B, 0x00, 0x50, 0xFE, 0xFF, 0xFF, 0xFF, 0xFF,
    0xFF, 0x0D, 0x00, 0xF7, 0xFF, 0xFF, 0xAC, 0xAA, 0xEC, 0xFF, 0x06, 0x40, 0xFF, 0xEF, 0x05, 0x00,
    0x00, 0x00, 0x10, 0x00, 0xD0, 0xFF, 0x1D, 0x00, 0x00, 0x00, 0x00, 0x00, 0x00, 0xF3, 0xFF, 0x03,
    0x00, 0x00, 0x00, 0x00, 0x00, 0x00, 0xF6, 0xDF, 0x00, 0x00, 0x00, 0x00, 0x00, 0x00, 0x00, 0xF8,
    0xBF, 0x00, 0x00, 0x00, 0x00, 0x00, 0x00, 0x00, 0xF8, 0xAF, 0x00, 0x00, 0x00, 0x00, 0x00, 0x00,
    0x00, 0xF6, 0xBF, 0x00, 0x00, 0x00, 0x00, 0x00, 0x00, 0x00, 0xF3, 0xFF, 0x00, 0x00, 0x00, 0x00,
    0x00, 0x00, 0x00, 0xE0, 0xFF, 0x06, 0x00, 0x00, 0x00, 0x00, 0x00, 0x00, 0x70, 0xFF, 0x3F, 0x00,
    0x00, 0x00, 0x00, 0x00, 0x20, 0x00, 0xFD, 0xFF, 0x18, 0x00, 0x00, 0x00, 0x73, 0x8D, 0x00, 0xD1,
    0xFF, 0xFF, 0xBD, 0xAA, 0xFC, 0xFF, 0x8F, 0x00, 0x00, 0xF9, 0xFF, 0xFF, 0xFF, 0xFF, 0xFF, 0x5F,
    0x00, 0x00, 0x10, 0xB6, 0xFD, 0xFF, 0xCE, 0x59, 0x01, 0x00, 0xEA, 0xFF, 0xEF, 0x8B, 0x03, 0x00,
    0x00, 0x00, 0x00, 0xFD, 0xFF, 0xFF, 0xFF, 0xBF, 0x03, 0x00, 0x00, 0x00, 0xBB, 0x89, 0xB9, 0xFE,
    0xFF, 0x6F, 0x00, 0x00, 0x00, 0x00, 0x00, 0x00, 0x30, 0xFB, 0xFF, 0x06, 0x00, 0x00, 0x00, 0x00,
    0x00, 0x00, 0x70, 0xFF, 0x3F, 0x00, 0x00, 0x00, 0x00, 0x00, 0x00, 0x00, 0xF8, 0xDF, 0x00, 0x00,
    0x00, 0x00, 0x00, 0x00, 0x00, 0xD0, 0xFF, 0x04, 0x00, 0x00, 0x00, 0x00, 0x00, 0x00, 0x50, 0xFF,
    0x0B, 0x00, 0x00, 0x00, 0x00, 0x00, 0x00, 0x00, 0xFF, 0x0F, 0x00, 0x00, 0x00, 0x00, 0x00, 0x00,
    0x00, 0xFC, 0x4F, 0x00, 0x00, 0xA5, 0xFE, 0xEF, 0x5A, 0x00, 0xF8, 0x7F, 0x00, 0xD2, 0xFF, 0xFF,
    0xFF, 0xFF, 0x1C, 0xF6, 0x9F, 0x20, 0xFE, 0xFF, 0x8B, 0x76, 0xFA, 0xDF, 0xF6, 0xBF, 0xC0, 0xFF,
    0x2D, 0x00, 0x00, 0x10, 0xF9, 0xFE, 0xCF, 0xF4, 0xFF, 0x02, 0x00, 0x00, 0x00, 0x80, 0xFF, 0xDF,
    0xF9, 0x9F, 0x00, 0x00, 0x00, 0x00, 0x00, 0xFC, 0xDF, 0xFC, 0x4F, 0x00, 0x00, 0x00, 0x00, 0x00,
    0xF6, 0xDF, 0xFD, 0x2F, 0x00, 0x00, 0x00, 0x00, 0x00, 0xF4, 0xBF, 0xFE, 0x2F, 0x00, 0x00, 0x00,
    0x00, 0x00, 0xF5, 0x9F, 0xFC, 0x4F, 0x00, 0x00, 0x00, 0x00, 0x00, 0xF9, 0x6F, 0xFA, 0x7F, 0x00,
    0x00, 0x00, 0x00, 0x00, 0xFE, 0x2F, 0xF6, 0xCF, 0x00, 0x00, 0x00, 0x00, 0x60, 0xFF, 0x0C, 0xF0,
    0xFF, 0x06, 0x00, 0x00, 0x00, 0xF2, 0xFF, 0x04, 0x60, 0xFF, 0x8F, 0x00, 0x00, 0x50, 0xFE, 0xAF,
    0x00, 0x00, 0xFA, 0xFF, 0xBF, 0xAA, 0xFE, 0xFF, 0x0C, 0x00, 0x00, 0x80, 0xFF, 0xFF, 0xFF, 0xFF,
    0x9F, 0x00, 0x00, 0x00, 0x00, 0x82, 0xEC, 0xFF, 0x9D, 0x02, 0x00, 0x00, 0xFD, 0xFF, 0xFF, 0xFF,
    0xFF, 0xFF, 0xFF, 0xFF, 0xFF, 0x04, 0xFD, 0xFF, 0xFF, 0xFF, 0xFF, 0xFF, 0xFF, 0xFF, 0xFF, 0x04,
    0xFB, 0xEF, 0xDD, 0xDD, 0xDD, 0xDD, 0xDD, 0xDD, 0xDD, 0x03, 0xF4, 0xCF, 0x00, 0x00, 0x00, 0x00,
    0x00, 0x00, 0x00, 0x00, 0xD0, 0xFF, 0x04, 0x00, 0x00, 0x00, 0x00, 0x00, 0x00, 0x00, 0x60, 0xFF,
    0x0B, 0x00, 0x00, 0x00, 0x00, 0x00, 0x00, 0x00, 0x00, 0xFE, 0x3F, 0x00, 0x00, 0x00, 0x00, 0x00,
    0x00, 0x00, 0x00, 0xF8, 0xAF, 0x00, 0x00, 0x00, 0x00, 0x00, 0x00, 0x00, 0x00, 0xF1, 0xFF, 0x01,
    0x00, 0x00, 0x00, 0x00, 0x00, 0x00, 0x00, 0x90, 0xFF, 0x09, 0x00, 0x00, 0x00, 0x00, 0x00, 0x00,
    0x00, 0x20, 0xFF, 0x1F, 0x00, 0x00, 0x00, 0x00, 0x00, 0x00, 0x00, 0x00, 0xFB, 0x7F, 0x00, 0x00,
    0x00, 0x00, 0x00, 0x00, 0x00, 0x00, 0xF4, 0xEF, 0x00, 0x00, 0x00, 0x00, 0x00, 0x00, 0x00, 0x00,
    0xD0, 0xFF, 0x06, 0x00, 0x00, 0x00, 0x00, 0x00, 0x00, 0x00, 0x50, 0xFF, 0x0D, 0x00, 0x00, 0x00,
    0x00, 0x00, 0x00, 0x00, 0x00, 0xFE, 0x5F, 0x00, 0x00, 0x00, 0x00, 0x00, 0x00, 0x00, 0x00, 0xF7,
    0xCF, 0x00, 0x00, 0x00, 0x00, 0x00, 0x00, 0x00, 0x00, 0xF1, 0xFF, 0x04, 0x00, 0x00, 0x00, 0x00,
    0x00, 0x00, 0x00, 0x90, 0xFF, 0x0B, 0x00, 0x00, 0x00, 0x00, 0x00, 0x00, 0x00, 0x20, 0xFF, 0x2F,
    0x00, 0x00, 0x00, 0x00, 0x00, 0x00, 0x00, 0x00, 0xFA, 0xAF, 0x00, 0x00, 0x00, 0x00, 0x00, 0x00,
    0x00, 0x00, 0xF3, 0xFF, 0x01, 0x00, 0x00, 0x00, 0x00, 0x00, 0x00, 0x00, 0xC0, 0xFF, 0x08, 0x00,
    0x00, 0x00, 0x00, 0x00, 0x00, 0x00, 0x50, 0xFF, 0x1F, 0x00, 0x00, 0x00, 0x00, 0x00, 0x00, 0x00,
    0x00, 0xFD, 0x7F, 0x00, 0x00, 0x00, 0x00, 0x00, 0x00, 0x00, 0x00, 0xF7, 0xEF, 0x00, 0x00, 0x00,
    0x00, 0x00, 0x00, 0x00, 0x00, 0xF0, 0xFF, 0x06, 0x00, 0x00, 0x00, 0x00, 0x71, 0xEB, 0xFF, 0xCE,
    0x28, 0x00, 0x00, 0x00, 0x00, 0x70, 0xFF, 0xFF, 0xFF, 0xFF, 0xFF, 0x1A, 0x00, 0x00, 0x00, 0xF9,
    0xFF, 0xBF, 0x88, 0xEA, 0xFF, 0xDF, 0x00, 0x00, 0x40, 0xFF, 0x9F, 0x00, 0x00, 0x00, 0xF5, 0xFF,
    0x09, 0x00, 0xA0, 0xFF, 0x0A, 0x00, 0x00, 0x00, 0x50, 0xFF, 0x0F, 0x00, 0xD0, 0xFF, 0x04, 0x00,
    0x00, 0x00, 0x00, 0xFE, 0x2F, 0x00, 0xE0, 0xFF, 0x03, 0x00, 0x00, 0x00, 0x00, 0xFD, 0x3F, 0x00,
    0xC0, 0xFF, 0x05, 0x00, 0x00, 0x00, 0x00, 0xFF, 0x1F, 0x00, 0x60, 0xFF, 0x0B, 0x00, 0x00, 0x00,
    0x60, 0xFF, 0x0D, 0x00, 0x00, 0xFD, 0x8F, 0x00, 0x00, 0x00, 0xF4, 0xFF, 0x05, 0x00, 0x00, 0xD1,
    0xFF, 0x2B, 0x00, 0x91, 0xFF, 0x8F, 0x00, 0x00, 0x00, 0x00, 0xFA, 0xFF, 0xAA, 0xFF, 0xFF, 0x07,
    0x00, 0x00, 0x00, 0x00, 0x30, 0xFE, 0xFF, 0xFF, 0x2C, 0x00, 0x00, 0x00, 0x00, 0x00, 0xD5, 0xFF,
    0xFF, 0xFF, 0x8F, 0x00, 0x00, 0x00, 0x00, 0xA1, 0xFF, 0xFF, 0x39, 0xE7, 0xFF, 0x3E, 0x00, 0x00,
    0x10, 0xFD, 0xFF, 0x07, 0x00, 0x00, 0xF9, 0xFF, 0x04, 0x00, 0xC0, 0xFF, 0x2D, 0x00, 0x00, 0x00,
    0x60, 0xFF, 0x2F, 0x00, 0xF5, 0xEF, 0x01, 0x00, 0x00, 0x00, 0x00, 0xF9, 0x9F, 0x00, 0xF9, 0x8F,
    0x00, 0x00, 0x00, 0x00, 0x00, 0xF2, 0xEF, 0x00, 0xFB, 0x4F, 0x00, 0x00, 0x00, 0x00, 0x00, 0xF0,
    0xFF, 0x01, 0xFB, 0x5F, 0x00, 0x00, 0x00, 0x00, 0x00, 0xF0, 0xFF, 0x01, 0xF9, 0x9F, 0x00, 0x00,
    0x00, 0x00, 0x00, 0xF3, 0xFF, 0x00, 0xF4, 0xFF, 0x02, 0x00, 0x00, 0x00, 0x00, 0xFB, 0xAF, 0x00,
    0xB0, 0xFF, 0x4E, 0x00, 0x00, 0x00, 0xB1, 0xFF, 0x3F, 0x00, 0x10, 0xFD, 0xFF, 0x9D, 0x77, 0xB8,
    0xFF, 0xFF, 0x06, 0x00, 0x00, 0xA1, 0xFF, 0xFF, 0xFF, 0xFF, 0xFF, 0x4E, 0x00, 0x00, 0x00, 0x00,
    0x82, 0xEC, 0xFF, 0xDF, 0x59, 0x00, 0x00, 0x00, 0x00, 0x00, 0x20, 0xC8, 0xFF, 0xCF, 0x28, 0x00,
    0x00, 0x00, 0x00, 0x00, 0xF8, 0xFF, 0xFF, 0xFF, 0xFF, 0x09, 0x00, 0x00, 0x00, 0xA0, 0xFF, 0xEF,
    0x9B, 0xEB, 0xFF, 0xCF, 0x00, 0x00, 0x00, 0xF8, 0xFF, 0x07, 0x00, 0x00, 0xF6, 0xFF, 0x09, 0x00,
    0x20, 0xFF, 0x4F, 0x00, 0x00, 0x00, 0x40, 0xFF, 0x2F, 0x00, 0x90, 0xFF, 0x09, 0x00, 0x00, 0x00,
    0x00, 0xFA, 0x9F, 0x00, 0xF0, 0xFF, 0x01, 0x00, 0x00, 0x00, 0x00, 0xF4, 0xDF, 0x00, 0xF4, 0xCF,
    0x00, 0x00, 0x00, 0x00, 0x00, 0xF1, 0xFF, 0x00, 0xF7, 0x8F, 0x00, 0x00, 0x00, 0x00, 0x00, 0xF0,
    0xFF, 0x01, 0xF9, 0x7F, 0x00, 0x00, 0x00, 0x00, 0x00, 0xF0, 0xFF, 0x01, 0xFA, 0x9F, 0x00, 0x00,
    0x00, 0x00, 0x00, 0xF2, 0xFF, 0x00, 0xFA, 0xEF, 0x00, 0x00, 0x00, 0x00, 0x00, 0xF6, 0xCF, 0x00,
    0xFA, 0xFF, 0x0A, 0x00, 0x00, 0x00, 0x00, 0xFD, 0x7F, 0x00, 0xFA, 0xEF, 0xBF, 0x02, 0x00, 0x00,
    0xB1, 0xFF, 0x1E, 0x00, 0xF8, 0x8F, 0xFB, 0xBF, 0x78, 0xA7, 0xFF, 0xFF, 0x04, 0x00, 0xF7, 0x9F,
    0xA0, 0xFF, 0xFF, 0xFF, 0xFF, 0x4E, 0x00, 0x00, 0xF4, 0xBF, 0x00, 0x93, 0xFD, 0xEF, 0x7B, 0x00,
    0x00, 0x00, 0xF1, 0xEF, 0x00, 0x00, 0x00, 0x00, 0x00, 0x00, 0x00, 0x00, 0xD0, 0xFF, 0x03, 0x00,
    0x00, 0x00, 0x00, 0x00, 0x00, 0x00, 0x80, 0xFF, 0x08, 0x00, 0x00, 0x00, 0x00, 0x00, 0x00, 0x00,
    0x20, 0xFF, 0x1F, 0x00, 0x00, 0x00, 0x00, 0x00, 0x00, 0x00, 0x00, 0xFA, 0xAF, 0x00, 0x00, 0x00,
    0x00, 0x00, 0x00, 0x00, 0x00, 0xE1, 0xFF, 0x09, 0x00, 0x00, 0x00, 0x00, 0x00, 0x00, 0x00, 0x40,
    0xFF, 0xCF, 0x04, 0x00, 0x00, 0x00, 0x00, 0x00, 0x00, 0x00, 0xE4, 0xFF, 0xEF, 0x9B, 0x98, 0xEB,
    0x02, 0x00, 0x00, 0x00, 0x10, 0xFA, 0xFF, 0xFF, 0xFF, 0xFF, 0x02, 0x00, 0x00, 0x00, 0x00, 0x20,
    0xB7, 0xFD, 0xFF, 0xCE, 0x01, 0x00, 0x70, 0xFE, 0x07, 0xF1, 0xFF, 0x1F, 0xF3, 0xFF, 0x3F, 0xF0,
    0xFF, 0x1F, 0x40, 0xCC, 0x04, 0x00, 0x00, 0x00, 0x00, 0x00, 0x00, 0x00, 0x00, 0x00, 0x00, 0x00,
    0x00, 0x00, 0x00, 0x00, 0x00, 0x00, 0x00, 0x00, 0x00, 0x00, 0x00, 0x00, 0x00, 0x00, 0x00, 0x00,
    0x00, 0x00, 0x00, 0x40, 0xCC, 0x05, 0xF0, 0xFF, 0x1F, 0xF3, 0xFF, 0x3F, 0xF1, 0xFF, 0x1F, 0x60,
    0xEE, 0x07, 0x60, 0xFE, 0x08, 0x00, 0xF0, 0xFF, 0x2F, 0x00, 0xF1, 0xFF, 0x4F, 0x00, 0xE0, 0xFF,
    0x2F, 0x00, 0x40, 0xCC, 0x05, 0x00, 0x00, 0x00, 0x00, 0x00, 0x00, 0x00, 0x00, 0x00, 0x00, 0x00,
    0x00, 0x00, 0x00, 0x00, 0x00, 0x00, 0x00, 0x00, 0x00, 0x00, 0x00, 0x00, 0x00, 0x00, 0x00, 0x00,
    0x00, 0x00, 0x00, 0x00, 0x00, 0x00, 0x00, 0x00, 0x00, 0x00, 0x00, 0x00, 0x00, 0x00, 0x00, 0x00,
    0x00, 0x00, 0x90, 0xFF, 0x0E, 0x00, 0x60, 0xFF, 0x1F, 0x00, 0x10, 0xFF, 0x4F, 0x00, 0x00, 0xFC,
    0x7F, 0x00, 0x00, 0xF6, 0xBF, 0x00, 0x00, 0xF0, 0xEF, 0x00, 0x00, 0x90, 0xFF, 0x02, 0x00, 0x30,
    0xFF, 0x06, 0x00, 0x00, 0xFC, 0x0A, 0x59, 0x00, 0x00, 0x00, 0x00, 0x00, 0x00, 0x00, 0x00, 0x00,
    0xFC, 0x5D, 0x00, 0x00, 0x00, 0x00, 0x00, 0x00, 0x00, 0x00, 0xFB, 0xFF, 0x5D, 0x00, 0x00, 0x00,
    0x00, 0x00, 0x00, 0x00, 0x50, 0xFD, 0xFF, 0x4C, 0x00, 0x00, 0x00, 0x00, 0x00, 0x00, 0x00, 0x50,
    0xFD, 0xFF, 0x4C, 0x00, 0x00, 0x00, 0x00, 0x00, 0x00, 0x00, 0x50, 0xFD, 0xFF, 0x4C, 0x00, 0x00,
    0x00, 0x00, 0x00, 0x00, 0x00, 0x50, 0xFC, 0xFF, 0x4C, 0x00, 0x00, 0x00, 0x00, 0x00, 0x00, 0x00,
    0x40, 0xFC, 0xFF, 0x3C, 0x00, 0x00, 0x00, 0x00, 0x00, 0x00, 0x00, 0x40, 0xFC, 0xFF, 0x3B, 0x00,
    0x00, 0x00, 0x00, 0x00, 0x00, 0x00, 0x40, 0xFC, 0xFF, 0x01, 0x00, 0x00, 0x00, 0x00, 0x00, 0x00,
    0x92, 0xFF, 0xFF, 0x01, 0x00, 0x00, 0x00, 0x00, 0x00, 0xB4, 0xFF, 0xFF, 0x29, 0x00, 0x00, 0x00,
    0x00, 0x00, 0xD6, 0xFF, 0xEF, 0x18, 0x00, 0x00, 0x00, 0x00, 0x10, 0xE7, 0xFF, 0xDF, 0x06, 0x00,
    0x00, 0x00, 0x00, 0x20, 0xF9, 0xFF, 0xCF, 0x05, 0x00, 0x00, 0x00, 0x00, 0x40, 0xFB, 0xFF, 0xBF,
    0x03, 0x00, 0x00, 0x00, 0x00, 0x00, 0xFA, 0xFF, 0x9F, 0x02, 0x00, 0x00, 0x00, 0x00, 0x00, 0x00,
    0xFC, 0x8E, 0x01, 0x00, 0x00, 0x00, 0x00, 0x00, 0x00, 0x00, 0x6A, 0x00, 0x00, 0x00, 0x00, 0x00,
    0x00, 0x00, 0x00, 0x00, 0x84, 0x88, 0x88, 0x88, 0x88, 0x88, 0x88, 0x88, 0x68, 0xF8, 0xFF, 0xFF,
    0xFF, 0xFF, 0xFF, 0xFF, 0xFF, 0xDF, 0xF8, 0xFF, 0xFF, 0xFF, 0xFF, 0xFF, 0xFF, 0xFF, 0xDF, 0x00,
    0x00, 0x00, 0x00, 0x00, 0x00, 0x00, 0x00, 0x00, 0x00, 0x00, 0x00, 0x00, 0x00, 0x00, 0x00, 0x00,
    0x00, 0x00, 0x00, 0x00, 0x00, 0x00, 0x00, 0x00, 0x00, 0x00, 0x00, 0x00, 0x00, 0x00, 0x00, 0x00,
    0x00, 0x00, 0x00, 0x00, 0x00, 0x00, 0x00, 0x00, 0x00, 0x00, 0x00, 0x00, 0xF8, 0xFF, 0xFF, 0xFF,
    0xFF, 0xFF, 0xFF, 0xFF, 0xDF, 0xF8, 0xFF, 0xFF, 0xFF, 0xFF, 0xFF, 0xFF, 0xFF, 0xDF, 0x84, 0x88,
    0x88, 0x88, 0x88, 0x88, 0x88, 0x88, 0x78, 0x00, 0x00, 0x00, 0x00, 0x00, 0x00, 0x00, 0x00, 0xB3,
    0x01, 0x00, 0x00, 0x00, 0x00, 0x00, 0x00, 0x00, 0xB2, 0xFF, 0x01, 0x00, 0x00, 0x00, 0x00, 0x00,
    0x00, 0xA2, 0xFF, 0xFF, 0x01, 0x00, 0x00, 0x00, 0x00, 0x00, 0xA2, 0xFF, 0xFF, 0x18, 0x00, 0x00,
    0x00, 0x00, 0x00, 0xA2, 0xFF, 0xFF, 0x18, 0x00, 0x00, 0x00, 0x00, 0x00, 0x92, 0xFF, 0xEF, 0x18,
    0x00, 0x00, 0x00, 0x00, 0x00, 0x91, 0xFF, 0xEF, 0x07, 0x00, 0x00, 0x00, 0x00, 0x00, 0x91, 0xFF,
    0xEF, 0x07, 0x00, 0x00, 0x00, 0x00, 0x00, 0x91, 0xFF, 0xEF, 0x07, 0x00, 0x00, 0x00, 0x00, 0x00,
    0x00, 0xFC, 0xEF, 0x06, 0x00, 0x00, 0x00, 0x00, 0x00, 0x00, 0x00, 0xFC, 0xFF, 0x4B, 0x00, 0x00,
    0x00, 0x00, 0x00, 0x00, 0x00, 0x70, 0xFE, 0xFF, 0x6D, 0x00, 0x00, 0x00, 0x00, 0x00, 0x00, 0x00,
    0x50, 0xFD, 0xFF, 0x7E, 0x01, 0x00, 0x00, 0x00, 0x00, 0x00, 0x00, 0x40, 0xFB, 0xFF, 0x9F, 0x02,
    0x00, 0x00, 0x00, 0x00, 0x00, 0x00, 0x30, 0xFA, 0xFF, 0xBF, 0x04, 0x00, 0x00, 0x00, 0x00, 0x00,
    0x00, 0x10, 0xF8, 0xFF, 0xDF, 0x06, 0x00, 0x00, 0x00, 0x00, 0x00, 0x00, 0x00, 0xE7, 0xFF, 0xEF,
    0x01, 0x00, 0x00, 0x00, 0x00, 0x00, 0x00, 0x00, 0xD5, 0xFF, 0x01, 0x00, 0x00, 0x00, 0x00, 0x00,
    0x00, 0x00, 0x00, 0xB4, 0x01, 0x00, 0x00, 0xB6, 0xFE, 0xFF, 0xAD, 0x16, 0x00, 0x00, 0xE3, 0xFF,
    0xFF, 0xFF, 0xFF, 0xFF, 0x1A, 0x30, 0xFF, 0xFF, 0xBE, 0xCB, 0xFE, 0xFF, 0x2F, 0xC0, 0xFF, 0x4E,
    0x00, 0x00, 0x20, 0xE8, 0x0B, 0xF2, 0xFF, 0x02, 0x00, 0x00, 0x00, 0x00, 0x01, 0xF4, 0xBF, 0x00,
    0x00, 0x00, 0x00, 0x00, 0x00, 0xF5, 0x9F, 0x00, 0x00, 0x00, 0x00, 0x00, 0x00, 0xF4, 0xBF, 0x00,
    0x00, 0x00, 0x00, 0x00, 0x00, 0xF0, 0xFF, 0x01, 0x00, 0x00, 0x00, 0x00, 0x00, 0x90, 0xFF, 0x0A,
    0x00, 0x00, 0x00, 0x00, 0x00, 0x00, 0xFD, 0xAF, 0x00, 0x00, 0x00, 0x00, 0x00, 0x00, 0xD1, 0xFF,
    0x1C, 0x00, 0x00, 0x00, 0x00, 0x00, 0x00, 0xFB, 0xEF, 0x03, 0x00, 0x00, 0x00, 0x00, 0x00, 0x80,
    0xFF, 0x3F, 0x00, 0x00, 0x00, 0x00, 0x00, 0x00, 0xF6, 0xDF, 0x00, 0x00, 0x00, 0x00, 0x00, 0x00,
    0x90, 0xFF, 0x05, 0x00, 0x00, 0x00, 0x00, 0x00, 0x10, 0xFF, 0x08, 0x00, 0x00, 0x00, 0x00, 0x00,
    0x00, 0xFD, 0x0A, 0x00, 0x00, 0x00, 0x00, 0x00, 0x00, 0xFD, 0x0A, 0x00, 0x00, 0x00, 0x00, 0x00,
    0x00, 0x00, 0x00, 0x00, 0x00, 0x00, 0x00, 0x00, 0x00, 0x00, 0x00, 0x00, 0x00, 0x00, 0x00, 0x00,
    0x00, 0x00, 0x00, 0x00, 0x00, 0x00, 0x00, 0x00, 0x20, 0xDB, 0x08, 0x00, 0x00, 0x00, 0x00, 0x00,
    0xB0, 0xFF, 0x4F, 0x00, 0x00, 0x00, 0x00, 0x00, 0xE0, 0xFF, 0x7F, 0x00, 0x00, 0x00, 0x00, 0x00,
    0xC0, 0xFF, 0x5F, 0x00, 0x00, 0x00, 0x00, 0x00, 0x30, 0xFD, 0x0A, 0x00, 0x00, 0x00, 0x00, 0x00,
    0x00, 0x73, 0xDB, 0xFF, 0xEF, 0xAD, 0x26, 0x00, 0x00, 0x00, 0x00, 0x00, 0x00, 0x00, 0x00, 0xC5,
    0xFF, 0xFF, 0xFF, 0xFF, 0xFF, 0xFF, 0x5C, 0x00, 0x00, 0x00, 0x00, 0x00, 0x00, 0xB1, 0xFF, 0xFF,
    0x8B, 0x56, 0x76, 0xC9, 0xFF, 0xFF, 0x2C, 0x00, 0x00, 0x00, 0x00, 0x20, 0xFE, 0xDF, 0x05, 0x00,
    0x00, 0x00, 0x00, 0x50, 0xFC, 0xFF, 0x05, 0x00, 0x00, 0x00, 0xE1, 0xFF, 0x08, 0x00, 0x00, 0x00,
    0x00, 0x00, 0x00, 0x50, 0xFE, 0x6F, 0x00, 0x00, 0x00, 0xFC, 0x5F, 0x00, 0x00, 0x00, 0x00, 0x00,
    0x00, 0x00, 0x00, 0xD2, 0xFF, 0x05, 0x00, 0x60, 0xFF, 0x08, 0x00, 0x00, 0x00, 0x00, 0x00, 0x00,
    0x00, 0x00, 0x10, 0xFE, 0x2F, 0x00, 0xD0, 0xDF, 0x00, 0x00, 0x61, 0xCA, 0xFE, 0xEF, 0x6B, 0x00,
    0x00, 0x00, 0xF3, 0xAF, 0x00, 0xF3, 0x6F, 0x00, 0x00, 0xF8, 0xFF, 0xFF, 0xFF, 0xFF, 0x3D, 0x00,
    0x00, 0x80, 0xFF, 0x03, 0xF8, 0x1F, 0x00, 0x00, 0xF7, 0xAF, 0x46, 0x64, 0xFB, 0xFF, 0x03, 0x00,
    0x10, 0xFF, 0x0A, 0xFB, 0x0D, 0x00, 0x00, 0xF6, 0x3F, 0x00, 0x00, 0x60, 0xFF, 0x0D, 0x00, 0x00,
    0xFA, 0x0F, 0xFD, 0x0A, 0x00, 0x00, 0xF5, 0x4F, 0x00, 0x00, 0x00, 0xF8, 0x7F, 0x00, 0x00, 0xF5,
    0x4F, 0xFE, 0x09, 0x00, 0x00, 0xF5, 0x5F, 0x00, 0x00, 0x00, 0xF1, 0xDF, 0x00, 0x00, 0xF1, 0x7F,
    0xFE, 0x09, 0x00, 0x00, 0xF4, 0x5F, 0x00, 0x00, 0x00, 0xC0, 0xFF, 0x00, 0x00, 0xE0, 0xAF, 0xFC,
    0x0A, 0x00, 0x00, 0xF3, 0x7F, 0x00, 0x00, 0x00, 0x90, 0xFF, 0x02, 0x00, 0xC0, 0xBF, 0xFA, 0x0D,
    0x00, 0x00, 0xF2, 0x8F, 0x00, 0x00, 0x00, 0x90, 0xFF, 0x03, 0x00, 0xC0, 0xCF, 0xF6, 0x1F, 0x00,
    0x00, 0xF2, 0xCF, 0x00, 0x00, 0x00, 0xA0, 0xFF, 0x01, 0x00, 0xB0, 0xCF, 0xF1, 0x7F, 0x00, 0x00,
    0xF3, 0xFF, 0x02, 0x00, 0x00, 0xE0, 0xEF, 0x00, 0x00, 0xC0, 0xCF, 0xA0, 0xEF, 0x01, 0x00, 0xF7,
    0xFE, 0x0B, 0x00, 0x00, 0xF6, 0x9F, 0x00, 0x00, 0xE0, 0xAF, 0x10, 0xFE, 0x5D, 0x73, 0xFF, 0xB5,
    0xCF, 0x35, 0x94, 0xFF, 0x2F, 0x00, 0x00, 0xF1, 0x8F, 0x00, 0xE3, 0xFF, 0xFF, 0xCF, 0x00, 0xFC,
    0xFF, 0xFF, 0xFF, 0x04, 0x00, 0x00, 0xF5, 0x5F, 0x00, 0x10, 0xE9, 0xEF, 0x09, 0x00, 0x60, 0xFC,
    0xEF, 0x29, 0x00, 0x00, 0x00, 0xFB, 0x0F, 0x00, 0x00, 0x00, 0x00, 0x00, 0x00, 0x00, 0x00, 0x00,
    0x00, 0x00, 0x00, 0x20, 0xFF, 0x0A, 0x00, 0x00, 0x00, 0x00, 0x00, 0x00, 0x00, 0x00, 0x00, 0x00,
    0x00, 0x00, 0xC0, 0xFF, 0x02, 0x00, 0x00, 0x00, 0x00, 0x00, 0x00, 0x00, 0x00, 0x00, 0x00, 0x00,
    0x00, 0xF9, 0x9F, 0x00, 0x00, 0x00, 0x00, 0x00, 0x00, 0x00, 0x00, 0x00, 0x00, 0x00, 0x00, 0xB1,
    0xFF, 0x0C, 0x00, 0x00, 0x00, 0x00, 0x70, 0x59, 0x00, 0x00, 0x00, 0x00, 0x00, 0x71, 0xFE, 0xCF,
    0x01, 0x00, 0x00, 0x00, 0x00, 0x80, 0xFF, 0xCF, 0x79, 0x56, 0x75, 0xC9, 0xFF, 0xFF, 0x09, 0x00,
    0x00, 0x00, 0x00, 0x00, 0x40, 0xFD, 0xFF, 0xFF, 0xFF, 0xFF, 0xFF, 0xFF, 0x3B, 0x00, 0x00, 0x00,
    0x00, 0x00, 0x00, 0x00, 0x20, 0x96, 0xEC, 0xFF, 0xEF, 0xAC, 0x16, 0x00, 0x00, 0x00, 0x00, 0x00,
    0x00, 0x00, 0x00, 0x00, 0xFA, 0x9F, 0x00, 0x00, 0x00, 0x00, 0x00, 0x00, 0x00, 0x00, 0x00, 0x10,
    0xFF, 0xFF, 0x00, 0x00, 0x00, 0x00, 0x00, 0x00, 0x00, 0x00, 0x00, 0x60, 0xFF, 0xFF, 0x06, 0x00,
    0x00, 0x00, 0x00, 0x00, 0x00, 0x00, 0x00, 0xD0, 0xEF, 0xFE, 0x0C, 0x00, 0x00, 0x00, 0x00, 0x00,
    0x00, 0x00, 0x00, 0xF3, 0x9F, 0xF9, 0x2F, 0x00, 0x00, 0x00, 0x00, 0x00, 0x00, 0x00, 0x00, 0xF9,
    0x4F, 0xF5, 0x8F, 0x00, 0x00, 0x00, 0x00, 0x00, 0x00, 0x00, 0x00, 0xFF, 0x0E, 0xF0, 0xEF, 0x00,
    0x00, 0x00, 0x00, 0x00, 0x00, 0x00, 0x60, 0xFF, 0x08, 0x90, 0xFF, 0x05, 0x00, 0x00, 0x00, 0x00,
    0x00, 0x00, 0xC0, 0xFF, 0x02, 0x30, 0xFF, 0x0B, 0x00, 0x00, 0x00, 0x00, 0x00, 0x00, 0xF2, 0xCF,
    0x00, 0x00, 0xFD, 0x2F, 0x00, 0x00, 0x00, 0x00, 0x00, 0x00, 0xF8, 0x6F, 0x00, 0x00, 0xF6, 0x8F,
    0x00, 0x00, 0x00, 0x00, 0x00, 0x00, 0xFE, 0x0F, 0x00, 0x00, 0xF1, 0xEF, 0x00, 0x00, 0x00, 0x00,
    0x00, 0x50, 0xFF, 0x09, 0x00, 0x00, 0xA0, 0xFF, 0x04, 0x00, 0x00, 0x00, 0x00, 0xB0, 0xFF, 0x03,
    0x00, 0x00, 0x40, 0xFF, 0x0B, 0x00, 0x00, 0x00, 0x00, 0xF1, 0xDF, 0x00, 0x00, 0x00, 0x00, 0xFD,
    0x1F, 0x00, 0x00, 0x00, 0x00, 0xF8, 0xEF, 0xCC, 0xCC, 0xCC, 0xCC, 0xFE, 0x7F, 0x00, 0x00, 0x00,
    0x00, 0xFE, 0xFF, 0xFF, 0xFF, 0xFF, 0xFF, 0xFF, 0xDF, 0x00, 0x00, 0x00, 0x40, 0xFF, 0xFF, 0xFF,
    0xFF, 0xFF, 0xFF, 0xFF, 0xFF, 0x04, 0x00, 0x00, 0xA0, 0xFF, 0x06, 0x00, 0x00, 0x00, 0x00, 0x50,
    0xFF, 0x0A, 0x00, 0x00, 0xF1, 0xFF, 0x01, 0x00, 0x00, 0x00, 0x00, 0x00, 0xFE, 0x1F, 0x00, 0x00,
    0xF7, 0xBF, 0x00, 0x00, 0x00, 0x00, 0x00, 0x00, 0xF9, 0x7F, 0x00, 0x00, 0xFD, 0x5F, 0x00, 0x00,
    0x00, 0x00, 0x00, 0x00, 0xF3, 0xDF, 0x00, 0x30, 0xFF, 0x0E, 0x00, 0x00, 0x00, 0x00, 0x00, 0x00,
    0xD0, 0xFF, 0x03, 0x90, 0xFF, 0x09, 0x00, 0x00, 0x00, 0x00, 0x00, 0x00, 0x70, 0xFF, 0x0A, 0xF0,
    0xFF, 0x03, 0x00, 0x00, 0x00, 0x00, 0x00, 0x00, 0x10, 0xFF, 0x0F, 0xF6, 0xDF, 0x00, 0x00, 0x00,
    0x00, 0x00, 0x00, 0x00, 0x00, 0xFB, 0x6F, 0xFC, 0x7F, 0x00, 0x00, 0x00, 0x00, 0x00, 0x00, 0x00,
    0x00, 0xF6, 0xCF, 0x00, 0x00, 0x30, 0xB7, 0xED, 0xFF, 0xFF, 0xFF, 0xFF, 0x4F, 0x00, 0x30, 0xFC,
    0xFF, 0xFF, 0xFF, 0xFF, 0xFF, 0xFF, 0x4F, 0x00, 0xF4, 0xFF, 0xFF, 0xCE, 0xBB, 0xBB, 0xBB, 0xFF,
    0x4F, 0x00, 0xFE, 0xFF, 0x29, 0x00, 0x00, 0x00, 0x00, 0xFD, 0x4F, 0x50, 0xFF, 0x6F, 0x00, 0x00,
    0x00, 0x00, 0x00, 0xFD, 0x4F, 0x80, 0xFF, 0x0E, 0x00, 0x00, 0x00, 0x00, 0x00, 0xFD, 0x4F, 0x90,
    0xFF, 0x0B, 0x00, 0x00, 0x00, 0x00, 0x00, 0xFD, 0x4F, 0x80, 0xFF, 0x0B, 0x00, 0x00, 0x00, 0x00,
    0x00, 0xFD, 0x4F, 0x40, 0xFF, 0x0E, 0x00, 0x00, 0x00, 0x00, 0x00, 0xFD, 0x4F, 0x00, 0xFD, 0x6F,
    0x00, 0x00, 0x00, 0x00, 0x00, 0xFD, 0x4F, 0x00, 0xF3, 0xFF, 0x17, 0x00, 0x00, 0x00, 0x00, 0xFD,
    0x4F, 0x00, 0x20, 0xFB, 0xFF, 0xBD, 0xAA, 0xAA, 0xAA, 0xFF, 0x4F, 0x00, 0x00, 0x40, 0xFD, 0xFF,
    0xFF, 0xFF, 0xFF, 0xFF, 0x4F, 0x00, 0x50, 0xFD, 0xFF, 0xFF, 0xFF, 0xFF, 0xFF, 0xFF, 0x4F, 0x00,
    0xFA, 0xFF, 0x5B, 0x02, 0x00, 0x00, 0x00, 0xFD, 0x4F, 0x80, 0xFF, 0x4F, 0x00, 0x00, 0x00, 0x00,
    0x00, 0xFD, 0x4F, 0xF1, 0xFF, 0x07, 0x00, 0x00, 0x00, 0x00, 0x00, 0xFD, 0x4F, 0xF5, 0xFF, 0x01,
    0x00, 0x00, 0x00, 0x00, 0x00, 0xFD, 0x4F, 0xF7, 0xEF, 0x00, 0x00, 0x00, 0x00, 0x00, 0x00, 0xFD,
    0x4F, 0xF7, 0xEF, 0x00, 0x00, 0x00, 0x00, 0x00, 0x00, 0xFD, 0x4F, 0xF6, 0xFF, 0x01, 0x00, 0x00,
    0x00, 0x00, 0x00, 0xFD, 0x4F, 0xF3, 0xFF, 0x06, 0x00, 0x00, 0x00, 0x00, 0x00, 0xFD, 0x4F, 0xD0,
    0xFF, 0x2E, 0x00, 0x00, 0x00, 0x00, 0x00, 0xFD, 0x4F, 0x40, 0xFF, 0xEF, 0x06, 0x00, 0x00, 0x00,
    0x00, 0xFD, 0x4F, 0x00, 0xF7, 0xFF, 0xFF, 0xBD, 0xBB, 0xBB, 0xBB, 0xFF, 0x4F, 0x00, 0x40, 0xFD,
    0xFF, 0xFF, 0xFF, 0xFF, 0xFF, 0xFF, 0x4F, 0x00, 0x00, 0x40, 0xC9, 0xFE, 0xFF, 0xFF, 0xFF, 0xFF,
    0x4F, 0x00, 0x84, 0xEB, 0xFF, 0xEF, 0x8C, 0x04, 0x00, 0x00, 0x00, 0x00, 0xE6, 0xFF, 0xFF, 0xFF,
    0xFF, 0xFF, 0xEF, 0x06, 0x00, 0x00, 0x00, 0xF5, 0xFF, 0xFF, 0xCD, 0xED, 0xFF, 0xFF, 0xCF, 0x01,
    0x00, 0x00, 0xD0, 0x7D, 0x03, 0x00, 0x00, 0x72, 0xFE, 0xFF, 0x2E, 0x00, 0x00, 0x10, 0x00, 0x00,
    0x00, 0x00, 0x00, 0x80, 0xFF, 0xDF, 0x00, 0x00, 0x00, 0x00, 0x00, 0x00, 0x00, 0x00, 0x00, 0xF6,
    0xFF, 0x09, 0x00, 0x00, 0x00, 0x00, 0x00, 0x00, 0x00, 0x00, 0x90, 0xFF, 0x2F, 0x00, 0x00, 0x00,
    0x00, 0x00, 0x00, 0x00, 0x00, 0x00, 0xFE, 0x9F, 0x00, 0x00, 0x00, 0x00, 0x00, 0x00, 0x00, 0x00,
    0x00, 0xF8, 0xFF, 0x00, 0x00, 0x00, 0x00, 0x00, 0x00, 0x00, 0x00, 0x00, 0xF2, 0xFF, 0x03, 0x00,
    0x00, 0x00, 0x00, 0x00, 0x00, 0x00, 0x00, 0xE0, 0xFF, 0x07, 0x00, 0x00, 0x00, 0x00, 0x00, 0x00,
    0x00, 0x00, 0xC0, 0xFF, 0x09, 0x00, 0x00, 0x00, 0x00, 0x00, 0x00, 0x00, 0x00, 0xA0, 0xFF, 0x0A,
    0x00, 0x00, 0x00, 0x00, 0x00, 0x00, 0x00, 0x00, 0xA0, 0xFF, 0x0A, 0x00, 0x00, 0x00, 0x00, 0x00,
    0x00, 0x00, 0x00, 0xA0, 0xFF, 0x0A, 0x00, 0x00, 0x00, 0x00, 0x00, 0x00, 0x00, 0x00, 0xC0, 0xFF,
    0x09, 0x00, 0x00, 0x00, 0x00, 0x00, 0x00, 0x00, 0x00, 0xE0, 0xFF, 0x07, 0x00, 0x00, 0x00, 0x00,
    0x00, 0x00, 0x00, 0x00, 0xF2, 0xFF, 0x04, 0x00, 0x00, 0x00, 0x00, 0x00, 0x00, 0x00, 0x00, 0xF7,
    0xFF, 0x01, 0x00, 0x00, 0x00, 0x00, 0x00, 0x00, 0x00, 0x00, 0xFD, 0xCF, 0x00, 0x00, 0x00, 0x00,
    0x00, 0x00, 0x00, 0x00, 0x70, 0xFF, 0x5F, 0x00, 0x00, 0x00, 0x00, 0x00, 0x00, 0x00, 0x00, 0xF4,
    0xFF, 0x0D, 0x00, 0x00, 0x00, 0x00, 0x00, 0x00, 0x00, 0x50, 0xFF, 0xFF, 0x03, 0x00, 0x90, 0x47,
    0x00, 0x00, 0x00, 0x51, 0xFC, 0xFF, 0x6F, 0x00, 0x00, 0xC0, 0xFF, 0xEF, 0xCC, 0xEC, 0xFF, 0xFF,
    0xFF, 0x05, 0x00, 0x00, 0xC0, 0xFF, 0xFF, 0xFF, 0xFF, 0xFF, 0xFF, 0x2A, 0x00, 0x00, 0x00, 0x00,
    0x95, 0xEC, 0xFF, 0xFF, 0xBD, 0x27, 0x00, 0x00, 0x00, 0x00, 0x00, 0x00, 0x00, 0x00, 0x62, 0xDA,
    0xFE, 0xFF, 0xFF, 0xFF, 0xFF, 0x04, 0x00, 0x00, 0x00, 0xB3, 0xFF, 0xFF, 0xFF, 0xFF, 0xFF, 0xFF,
    0xFF, 0x04, 0x00, 0x00, 0x90, 0xFF, 0xFF, 0xFF, 0xBD, 0xBB, 0xBB, 0xFB, 0xFF, 0x04, 0x00, 0x00,
    0xFB, 0xFF, 0x9F, 0x03, 0x00, 0x00, 0x00, 0xD0, 0xFF, 0x04, 0x00, 0xA0, 0xFF, 0xBF, 0x01, 0x00,
    0x00, 0x00, 0x00, 0xD0, 0xFF, 0x04, 0x00, 0xF5, 0xFF, 0x09, 0x00, 0x00, 0x00, 0x00, 0x00, 0xD0,
    0xFF, 0x04, 0x00, 0xFD, 0xCF, 0x00, 0x00, 0x00, 0x00, 0x00, 0x00, 0xD0, 0xFF, 0x04, 0x50, 0xFF,
    0x3F, 0x00, 0x00, 0x00, 0x00, 0x00, 0x00, 0xD0, 0xFF, 0x04, 0xA0, 0xFF, 0x0C, 0x00, 0x00, 0x00,
    0x00, 0x00, 0x00, 0xD0, 0xFF, 0x04, 0xE0, 0xFF, 0x08, 0x00, 0x00, 0x00, 0x00, 0x00, 0x00, 0xD0,
    0xFF, 0x04, 0xF1, 0xFF, 0x04, 0x00, 0x00, 0x00, 0x00, 0x00, 0x00, 0xD0, 0xFF, 0x04, 0xF2, 0xFF,
    0x02, 0x00, 0x00, 0x00, 0x00, 0x00, 0x00, 0xD0, 0xFF, 0x04, 0xF3, 0xFF, 0x01, 0x00, 0x00, 0x00,
    0x00, 0x00, 0x00, 0xD0, 0xFF, 0x04, 0xF3, 0xFF, 0x01, 0x00, 0x00, 0x00, 0x00, 0x00, 0x00, 0xD0,
    0xFF, 0x04, 0xF3, 0xFF, 0x01, 0x00, 0x00, 0x00, 0x00, 0x00, 0x00, 0xD0, 0xFF, 0x04, 0xF2, 0xFF,
    0x03, 0x00, 0x00, 0x00, 0x00, 0x00, 0x00, 0xD0, 0xFF, 0x04, 0xF0, 0xFF, 0x05, 0x00, 0x00, 0x00,
    0x00, 0x00, 0x00, 0xD0, 0xFF, 0x04, 0xC0, 0xFF, 0x09, 0x00, 0x00, 0x00, 0x00, 0x00, 0x00, 0xD0,
    0xFF, 0x04, 0x80, 0xFF, 0x0E, 0x00, 0x00, 0x00, 0x00, 0x00, 0x00, 0xD0, 0xFF, 0x04, 0x30, 0xFF,
    0x6F, 0x00, 0x00, 0x00, 0x00, 0x00, 0x00, 0xD0, 0xFF, 0x04, 0x00, 0xFC, 0xEF, 0x01, 0x00, 0x00,
    0x00, 0x00, 0x00, 0xD0, 0xFF, 0x04, 0x00, 0xF3, 0xFF, 0x1C, 0x00, 0x00, 0x00, 0x00, 0x00, 0xD0,
    0xFF, 0x04, 0x00, 0x70, 0xFF, 0xDF, 0x03, 0x00, 0x00, 0x00, 0x00, 0xD0, 0xFF, 0x04, 0x00, 0x00,
    0xF8, 0xFF, 0xBF, 0x15, 0x00, 0x00, 0x00, 0xD0, 0xFF, 0x04, 0x00, 0x00, 0x60, 0xFF, 0xFF, 0xFF,
    0xCE, 0xBB, 0xBB, 0xFB, 0xFF, 0x04, 0x00, 0x00, 0x00, 0x91, 0xFF, 0xFF, 0xFF, 0xFF, 0xFF, 0xFF,
    0xFF, 0x04, 0x00, 0x00, 0x00, 0x00, 0x40, 0xB8, 0xFD, 0xFF, 0xFF, 0xFF, 0xFF, 0x04, 0xFD, 0xFF,
    0xFF, 0xFF, 0xFF, 0xFF, 0xFF, 0x4F, 0xFD, 0xFF, 0xFF, 0xFF, 0xFF, 0xFF, 0xFF, 0x4F, 0xCA, 0xCC,
    0xCC, 0xCC, 0xCC, 0xCC, 0xFF, 0x4F, 0x00, 0x00, 0x00, 0x00, 0x00, 0x00, 0xFD, 0x4F, 0x00, 0x00,
    0x00, 0x00, 0x00, 0x00, 0xFD, 0x4F, 0x00, 0x00, 0x00, 0x00, 0x00, 0x00, 0xFD, 0x4F, 0x00, 0x00,
    0x00, 0x00, 0x00, 0x00, 0xFD, 0x4F, 0x00, 0x00, 0x00, 0x00, 0x00, 0x00, 0xFD, 0x4F, 0x00, 0x00,
    0x00, 0x00, 0x00, 0x00, 0xFD, 0x4F, 0x00, 0x00, 0x00, 0x00, 0x00, 0x00, 0xFD, 0x4F, 0x00, 0x00,
    0x00, 0x00, 0x00, 0x00, 0xFD, 0x4F, 0xB1, 0xBB, 0xBB, 0xBB, 0xBB, 0xBB, 0xFF, 0x4F, 0xF2, 0xFF,
    0xFF, 0xFF, 0xFF, 0xFF, 0xFF, 0x4F, 0xF2, 0xFF, 0xFF, 0xFF, 0xFF, 0xFF, 0xFF, 0x4F, 0x00, 0x00,
    0x00, 0x00, 0x00, 0x00, 0xFD, 0x4F, 0x00, 0x00, 0x00, 0x00, 0x00, 0x00, 0xFD, 0x4F, 0x00, 0x00,
    0x00, 0x00, 0x00, 0x00, 0xFD, 0x4F, 0x00, 0x00, 0x00, 0x00, 0x00, 0x00, 0xFD, 0x4F, 0x00, 0x00,
    0x00, 0x00, 0x00, 0x00, 0xFD, 0x4F, 0x00, 0x00, 0x00, 0x00, 0x00, 0x00, 0xFD, 0x4F, 0x00, 0x00,
    0x00, 0x00, 0x00, 0x00, 0xFD, 0x4F, 0x00, 0x00, 0x00, 0x00, 0x00, 0x00, 0xFD, 0x4F, 0x00, 0x00,
    0x00, 0x00, 0x00, 0x00, 0xFD, 0x4F, 0x00, 0x00, 0x00, 0x00, 0x00, 0x00, 0xFD, 0x4F, 0xCA, 0xCC,
    0xCC, 0xCC, 0xCC, 0xCC, 0xFF, 0x4F, 0xFD, 0xFF, 0xFF, 0xFF, 0xFF, 0xFF, 0xFF, 0x4F, 0xFD, 0xFF,
    0xFF, 0xFF, 0xFF, 0xFF, 0xFF, 0x4F, 0xFD, 0xFF, 0xFF, 0xFF, 0xFF, 0xFF, 0xFF, 0x4F, 0xFD, 0xFF,
    0xFF, 0xFF, 0xFF, 0xFF, 0xFF, 0x4F, 0xCA, 0xCC, 0xCC, 0xCC, 0xCC, 0xCC, 0xFF, 0x4F, 0x00, 0x00,
    0x00, 0x00, 0x00, 0x00, 0xFD, 0x4F, 0x00, 0x00, 0x00, 0x00, 0x00, 0x00, 0xFD, 0x4F, 0x00, 0x00,
    0x00, 0x00, 0x00, 0x00, 0xFD, 0x4F, 0x00, 0x00, 0x00, 0x00, 0x00, 0x00, 0xFD, 0x4F, 0x00, 0x00,
    0x00, 0x00, 0x00, 0x00, 0xFD, 0x4F, 0x00, 0x00, 0x00, 0x00, 0x00, 0x00, 0xFD, 0x4F, 0x00, 0x00,
    0x00, 0x00, 0x00, 0x00, 0xFD, 0x4F, 0x00, 0x00, 0x00, 0x00, 0x00, 0x00, 0xFD, 0x4F, 0x00, 0x00,
    0x00, 0x00, 0x00, 0x00, 0xFD, 0x4F, 0xC1, 0xCC, 0xCC, 0xCC, 0xCC, 0xCC, 0xFF, 0x4F, 0xF1, 0xFF,
    0xFF, 0xFF, 0xFF, 0xFF, 0xFF, 0x4F, 0xF1, 0xFF, 0xFF, 0xFF, 0xFF, 0xFF, 0xFF, 0x4F, 0x00, 0x00,
    0x00, 0x00, 0x00, 0x00, 0xFD, 0x4F, 0x00, 0x00, 0x00, 0x00, 0x00, 0x00, 0xFD, 0x4F, 0x00, 0x00,
    0x00, 0x00, 0x00, 0x00, 0xFD, 0x4F, 0x00, 0x00, 0x00, 0x00, 0x00, 0x00, 0xFD, 0x4F, 0x00, 0x00,
    0x00, 0x00, 0x00, 0x00, 0xFD, 0x4F, 0x00, 0x00, 0x00, 0x00, 0x00, 0x00, 0xFD, 0x4F, 0x00, 0x00,
    0x00, 0x00, 0x00, 0x00, 0xFD, 0x4F, 0x00, 0x00, 0x00, 0x00, 0x00, 0x00, 0xFD, 0x4F, 0x00, 0x00,
    0x00, 0x00, 0x00, 0x00, 0xFD, 0x4F, 0x00, 0x00, 0x00, 0x00, 0x00, 0x00, 0xFD, 0x4F, 0x00, 0x00,
    0x00, 0x00, 0x00, 0x00, 0xFD, 0x4F, 0x00, 0x00, 0x00, 0x00, 0x00, 0x00, 0xFD, 0x4F, 0x00, 0x61,
    0xC9, 0xFE, 0xFF, 0xCE, 0x6A, 0x01, 0x00, 0x00, 0x00, 0x00, 0xC2, 0xFF, 0xFF, 0xFF, 0xFF, 0xFF,
    0xFF, 0xAF, 0x02, 0x00, 0x00, 0x00, 0xF1, 0xFF, 0xFF, 0xDF, 0xCC, 0xFD, 0xFF, 0xFF, 0x8F, 0x00,
    0x00, 0x00, 0x90, 0xBF, 0x26, 0x00, 0x00, 0x00, 0x94, 0xFF, 0xFF, 0x0B, 0x00, 0x00, 0x10, 0x01,
    0x00, 0x00, 0x00, 0x00, 0x00, 0xB1, 0xFF, 0xBF, 0x00, 0x00, 0x00, 0x00, 0x00, 0x00, 0x00, 0x00,
    0x00, 0x00, 0xF9, 0xFF, 0x07, 0x00, 0x00, 0x00, 0x00, 0x00, 0x00, 0x00, 0x00, 0x00, 0xB0, 0xFF,
    0x1F, 0x00, 0x00, 0x00, 0x00, 0x00, 0x00, 0x00, 0x00, 0x00, 0x10, 0xFF, 0x8F, 0x00, 0x00, 0x00,
    0x00, 0x00, 0x00, 0x00, 0x00, 0x00, 0x00, 0xF8, 0xEF, 0x00, 0x00, 0x00, 0x00, 0x00, 0x00, 0x00,
    0x00, 0x00, 0x00, 0xF2, 0xFF, 0x03, 0x00, 0x00, 0x00, 0x00, 0x00, 0x00, 0x00, 0x00, 0x00, 0xE0,
    0xFF, 0x06, 0x00, 0x00, 0x00, 0x00, 0x00, 0x00, 0x00, 0x00, 0x00, 0xB0, 0xFF, 0x09, 0x00, 0x00,
    0x00, 0x00, 0x00, 0x00, 0x00, 0x00, 0x00, 0xA0, 0xFF, 0x0A, 0xFC, 0xFF, 0xFF, 0xFF, 0xBF, 0x00,
    0x00, 0x00, 0x00, 0x90, 0xFF, 0x0A, 0xFC, 0xFF, 0xFF, 0xFF, 0xBF, 0x00, 0x00, 0x00, 0x00, 0xA0,
    0xFF, 0x0A, 0xFC, 0xEF, 0xDD, 0xDD, 0x9D, 0x00, 0x00, 0x00, 0x00, 0xB0, 0xFF, 0x09, 0xFC, 0x5F,
    0x00, 0x00, 0x00, 0x00, 0x00, 0x00, 0x00, 0xE0, 0xFF, 0x07, 0xFC, 0x5F, 0x00, 0x00, 0x00, 0x00,
    0x00, 0x00, 0x00, 0xF1, 0xFF, 0x04, 0xFC, 0x5F, 0x00, 0x00, 0x00, 0x00, 0x00, 0x00, 0x00, 0xF6,
    0xFF, 0x00, 0xFC, 0x5F, 0x00, 0x00, 0x00, 0x00, 0x00, 0x00, 0x00, 0xFD, 0xBF, 0x00, 0xFC, 0x5F,
    0x00, 0x00, 0x00, 0x00, 0x00, 0x00, 0x70, 0xFF, 0x4F, 0x00, 0xFC, 0x5F, 0x00, 0x00, 0x00, 0x00,
    0x00, 0x00, 0xF4, 0xFF, 0x0B, 0x00, 0xFC, 0x5F, 0x00, 0x00, 0x00, 0x00, 0x00, 0x70, 0xFF, 0xEF,
    0x02, 0x00, 0xFC, 0x9F, 0x02, 0x00, 0x00, 0x00, 0x72, 0xFD, 0xFF, 0x3F, 0x00, 0x00, 0xFC, 0xFF,
    0xFF, 0xCD, 0xCB, 0xEC, 0xFF, 0xFF, 0xDF, 0x03, 0x00, 0x00, 0xF9, 0xFF, 0xFF, 0xFF, 0xFF, 0xFF,
    0xFF, 0xEF, 0x07, 0x00, 0x00, 0x00, 0x00, 0x74, 0xCA, 0xFE, 0xFF, 0xEF, 0x9C, 0x05, 0x00, 0x00,
    0x00, 0x00, 0xF4, 0xEF, 0x00, 0x00, 0x00, 0x00, 0x00, 0x00, 0x00, 0xFD, 0x4F, 0xF4, 0xEF, 0x00,
    0x00, 0x00, 0x00, 0x00, 0x00, 0x00, 0xFD, 0x4F, 0xF4, 0xEF, 0x00, 0x00, 0x00, 0x00, 0x00, 0x00,
    0x00, 0xFD, 0x4F, 0xF4, 0xEF, 0x00, 0x00, 0x00, 0x00, 0x00, 0x00, 0x00, 0xFD, 0x4F, 0xF4, 0xEF,
    0x00, 0x00, 0x00, 0x00, 0x00, 0x00, 0x00, 0xFD, 0x4F, 0xF4, 0xEF, 0x00, 0x00, 0x00, 0x00, 0x00,
    0x00, 0x00, 0xFD, 0x4F, 0xF4, 0xEF, 0x00, 0x00, 0x00, 0x00, 0x00, 0x00, 0x00, 0xFD, 0x4F, 0xF4,
    0xEF, 0x00, 0x00, 0x00, 0x00, 0x00, 0x00, 0x00, 0xFD, 0x4F, 0xF4, 0xEF, 0x00, 0x00, 0x00, 0x00,
    0x00, 0x00, 0x00, 0xFD, 0x4F, 0xF4, 0xEF, 0x00, 0x00, 0x00, 0x00, 0x00, 0x00, 0x00, 0xFD, 0x4F,
    0xF4, 0xEF, 0x00, 0x00, 0x00, 0x00, 0x00, 0x00, 0x00, 0xFD, 0x4F, 0xF4, 0xFF, 0xCC, 0xCC, 0xCC,
    0xCC, 0xCC, 0xCC, 0xCC, 0xFF, 0x4F, 0xF4, 0xFF, 0xFF, 0xFF, 0xFF, 0xFF, 0xFF, 0xFF, 0xFF, 0xFF,
    0x4F, 0xF4, 0xFF, 0xFF, 0xFF, 0xFF, 0xFF, 0xFF, 0xFF, 0xFF, 0xFF, 0x4F, 0xF4, 0xEF, 0x00, 0x00,
    0x00, 0x00, 0x00, 0x00, 0x00, 0xFD, 0x4F, 0xF4, 0xEF, 0x00, 0x00, 0x00, 0x00, 0x00, 0x00, 0x00,
    0xFD, 0x4F, 0xF4, 0xEF, 0x00, 0x00, 0x00, 0x00, 0x00, 0x00, 0x00, 0xFD, 0x4F, 0xF4, 0xEF, 0x00,
    0x00, 0x00, 0x00, 0x00, 0x00, 0x00, 0xFD, 0x4F, 0xF4, 0xEF, 0x00, 0x00, 0x00, 0x00, 0x00, 0x00,
    0x00, 0xFD, 0x4F, 0xF4, 0xEF, 0x00, 0x00, 0x00, 0x00, 0x00, 0x00, 0x00, 0xFD, 0x4F, 0xF4, 0xEF,
    0x00, 0x00, 0x00, 0x00, 0x00, 0x00, 0x00, 0xFD, 0x4F, 0xF4, 0xEF, 0x00, 0x00, 0x00, 0x00, 0x00,
    0x00, 0x00, 0xFD, 0x4F, 0xF4, 0xEF, 0x00, 0x00, 0x00, 0x00, 0x00, 0x00, 0x00, 0xFD, 0x4F, 0xF4,
    0xEF, 0x00, 0x00, 0x00, 0x00, 0x00, 0x00, 0x00, 0xFD, 0x4F, 0xF4, 0xEF, 0x00, 0x00, 0x00, 0x00,
    0x00, 0x00, 0x00, 0xFD, 0x4F, 0xF4, 0xEF, 0x00, 0x00, 0x00, 0x00, 0x00, 0x00, 0x00, 0xFD, 0x4F,
    0xF4, 0xEF, 0x00, 0x00, 0x00, 0x00, 0x00, 0x00, 0x00, 0xFD, 0x4F, 0xFD, 0x4F, 0xFD, 0x4F, 0xFD,
    0x4F, 0xFD, 0x4F, 0xFD, 0x4F, 0xFD, 0x4F, 0xFD, 0x4F, 0xFD, 0x4F, 0xFD, 0x4F, 0xFD, 0x4F, 0xFD,
    0x4F, 0xFD, 0x4F, 0xFD, 0x4F, 0xFD, 0x4F, 0xFD, 0x4F, 0xFD, 0x4F, 0xFD, 0x4F, 0xFD, 0x4F, 0xFD,
    0x4F, 0xFD, 0x4F, 0xFD, 0x4F, 0xFD, 0x4F, 0xFD, 0x4F, 0xFD, 0x4F, 0xFD, 0x4F, 0xFD, 0x4F, 0xFD,
    0x4F, 0xFB, 0x7F, 0x00, 0x00, 0x00, 0x00, 0xFB, 0x7F, 0x00, 0x00, 0x00, 0x00, 0xFB, 0x7F, 0x00,
    0x00, 0x00, 0x00, 0xFB, 0x7F, 0x00, 0x00, 0x00, 0x00, 0xFB, 0x7F, 0x00, 0x00, 0x00, 0x00, 0xFB,
    0x7F, 0x00, 0x00, 0x00, 0x00, 0xFB, 0x7F, 0x00, 0x00, 0x00, 0x00, 0xFB, 0x7F, 0x00, 0x00, 0x00,
    0x00, 0xFB, 0x7F, 0x00, 0x00, 0x00, 0x00, 0xFB, 0x7F, 0x00, 0x00, 0x00, 0x00, 0xFB, 0x7F, 0x00,
    0x00, 0x00, 0x00, 0xFB, 0x7F, 0x00, 0x00, 0x00, 0x00, 0xFB, 0x7F, 0x00, 0x00, 0x00, 0x00, 0xFB,
    0x7F, 0x00, 0x00, 0x00, 0x00, 0xFB, 0x7F, 0x00, 0x00, 0x00, 0x00, 0xFB, 0x7F, 0x00, 0x00, 0x00,
    0x00, 0xFB, 0x7F, 0x00, 0x00, 0x00, 0x00, 0xFB, 0x7F, 0x00, 0x00, 0x00, 0x00, 0xFB, 0x7F, 0x00,
    0x00, 0x00, 0x00, 0xFB, 0x7F, 0x00, 0x00, 0x00, 0x00, 0xFB, 0x7F, 0x00, 0x00, 0x00, 0x00, 0xFB,
    0x7F, 0x00, 0x00, 0x00, 0x00, 0xFB, 0x7F, 0x00, 0x00, 0x00, 0x00, 0xFB, 0x7F, 0x00, 0x00, 0x00,
    0x00, 0xFB, 0x7F, 0x00, 0x00, 0x00, 0x00, 0xFB, 0x7F, 0x00, 0x00, 0x00, 0x00, 0xFB, 0x7F, 0x00,
    0x00, 0x00, 0x00, 0xFA, 0x7F, 0x00, 0x00, 0x00, 0x00, 0xF8, 0xAF, 0x00, 0x00, 0x00, 0x00, 0xF5,
    0xFF, 0x01, 0x00, 0x00, 0x00, 0xE0, 0xFF, 0x2C, 0x00, 0x00, 0x00, 0x50, 0xFF, 0xFF, 0xCD, 0xFD,
    0x00, 0x00, 0xF7, 0xFF, 0xFF, 0xFF, 0x00, 0x00, 0x20, 0xD9, 0xFF, 0xBE, 0x00, 0x60, 0xFF, 0x4F,
    0x00, 0x00, 0x00, 0x00, 0x00, 0xD0, 0xFF, 0x04, 0x00, 0xF7, 0xFF, 0x03, 0x00, 0x00, 0x00, 0x00,
    0xD0, 0xFF, 0x04, 0x00, 0x80, 0xFF, 0x2E, 0x00, 0x00, 0x00, 0x00, 0xD0, 0xFF, 0x04, 0x00, 0x00,
    0xFA, 0xEF, 0x02, 0x00, 0x00, 0x00, 0xD0, 0xFF, 0x04, 0x00, 0x00, 0xB0, 0xFF, 0x1D, 0x00, 0x00,
    0x00, 0xD0, 0xFF, 0x04, 0x00, 0x00, 0x00, 0xFC, 0xCF, 0x00, 0x00, 0x00, 0xD0, 0xFF, 0x04, 0x00,
    0x00, 0x00, 0xC0, 0xFF, 0x0B, 0x00, 0x00, 0xD0, 0xFF, 0x04, 0x00, 0x00, 0x00, 0x10, 0xFD, 0xAF,
    0x00, 0x00, 0xD0, 0xFF, 0x04, 0x00, 0x00, 0x00, 0x00, 0xE2, 0xFF, 0x09, 0x00, 0xD0, 0xFF, 0x04,
    0x00, 0x00, 0x00, 0x00, 0x20, 0xFE, 0x8F, 0x00, 0xD0, 0xFF, 0x04, 0x00, 0x00, 0x00, 0x00, 0x00,
    0xF3, 0xFF, 0x07, 0xD0, 0xFF, 0x04, 0x00, 0x00, 0x00, 0x00, 0x00, 0x50, 0xFF, 0x5F, 0xD0, 0xFF,
    0x04, 0x00, 0x00, 0x00, 0x00, 0x00, 0xA0, 0xFF, 0xFF, 0xD4, 0xFF, 0x04, 0x00, 0x00, 0x00, 0x00,
    0x00, 0xF6, 0xFF, 0xFF, 0xFF, 0xFF, 0x04, 0x00, 0x00, 0x00, 0x00, 0x20, 0xFF, 0xCF, 0xE2, 0xFF,
    0xFF, 0x04, 0x00, 0x00, 0x00, 0x00, 0xD0, 0xFF, 0x1E, 0x10, 0xFD, 0xFF, 0x04, 0x00, 0x00, 0x00,
    0x00, 0xF9, 0xFF, 0x04, 0x00, 0xE1, 0xFF, 0x04, 0x00, 0x00, 0x00, 0x50, 0xFF, 0x8F, 0x00, 0x00,
    0xD0, 0xFF, 0x04, 0x00, 0x00, 0x00, 0xE1, 0xFF, 0x0C, 0x00, 0x00, 0xD0, 0xFF, 0x04, 0x00, 0x00,
    0x00, 0xFC, 0xEF, 0x01, 0x00, 0x00, 0xD0, 0xFF, 0x04, 0x00, 0x00, 0x80, 0xFF, 0x4F, 0x00, 0x00,
    0x00, 0xD0, 0xFF, 0x04, 0x00, 0x00, 0xF4, 0xFF, 0x09, 0x00, 0x00, 0x00, 0xD0, 0xFF, 0x04, 0x00,
    0x10, 0xFE, 0xCF, 0x00, 0x00, 0x00, 0x00, 0xD0, 0xFF, 0x04, 0x00, 0xB0, 0xFF, 0x2F, 0x00, 0x00,
    0x00, 0x00, 0xD0, 0xFF, 0x04, 0x00, 0xF6, 0xFF, 0x05, 0x00, 0x00, 0x00, 0x00, 0xD0, 0xFF, 0x04,
    0x30, 0xFF, 0x9F, 0x00, 0x00, 0x00, 0x00, 0x00, 0xD0, 0xFF, 0x04, 0xD0, 0xFF, 0x0C, 0x00, 0x00,
    0x00, 0x00, 0x00, 0xD0, 0xFF, 0x04, 0x00, 0x00, 0x00, 0x00, 0x00, 0x00, 0xFD, 0x4F, 0x00, 0x00,
    0x00, 0x00, 0x00, 0x00, 0xFD, 0x4F, 0x00, 0x00, 0x00, 0x00, 0x00, 0x00, 0xFD, 0x4F, 0x00, 0x00,
    0x00, 0x00, 0x00, 0x00, 0xFD, 0x4F, 0x00, 0x00, 0x00, 0x00, 0x00, 0x00, 0xFD, 0x4F, 0x00, 0x00,
    0x00, 0x00, 0x00, 0x00, 0xFD, 0x4F, 0x00, 0x00, 0x00, 0x00, 0x00, 0x00, 0xFD, 0x4F, 0x00, 0x00,
    0x00, 0x00, 0x00, 0x00, 0xFD, 0x4F, 0x00, 0x00, 0x00, 0x00, 0x00, 0x00, 0xFD, 0x4F, 0x00, 0x00,
    0x00, 0x00, 0x00, 0x00, 0xFD, 0x4F, 0x00, 0x00, 0x00, 0x00, 0x00, 0x00, 0xFD, 0x4F, 0x00, 0x00,
    0x00, 0x00, 0x00, 0x00, 0xFD, 0x4F, 0x00, 0x00, 0x00, 0x00, 0x00, 0x00, 0xFD, 0x4F, 0x00, 0x00,
    0x00, 0x00, 0x00, 0x00, 0xFD, 0x4F, 0x00, 0x00, 0x00, 0x00, 0x00, 0x00, 0xFD, 0x4F, 0x00, 0x00,
    0x00, 0x00, 0x00, 0x00, 0xFD, 0x4F, 0x00, 0x00, 0x00, 0x00, 0x00, 0x00, 0xFD, 0x4F, 0x00, 0x00,
    0x00, 0x00, 0x00, 0x00, 0xFD, 0x4F, 0x00, 0x00, 0x00, 0x00, 0x00, 0x00, 0xFD, 0x4F, 0x00, 0x00,
    0x00, 0x00, 0x00, 0x00, 0xFD, 0x4F, 0x00, 0x00, 0x00, 0x00, 0x00, 0x00, 0xFD, 0x4F, 0x00, 0x00,
    0x00, 0x00, 0x00, 0x00, 0xFD, 0x4F, 0x00, 0x00, 0x00, 0x00, 0x00, 0x00, 0xFD, 0x4F, 0x00, 0x00,
    0x00, 0x00, 0x00, 0x00, 0xFD, 0x4F, 0xDC, 0xDD, 0xDD, 0xDD, 0xDD, 0xDD, 0xFF, 0x4F, 0xFE, 0xFF,
    0xFF, 0xFF, 0xFF, 0xFF, 0xFF, 0x4F, 0xFE, 0xFF, 0xFF, 0xFF, 0xFF, 0xFF, 0xFF, 0x4F, 0xF7, 0xFF,
    0x5F, 0x00, 0x00, 0x00, 0x00, 0x00, 0x00, 0x00, 0x00, 0xF9, 0xFF, 0x4F, 0xF7, 0xFF, 0xCF, 0x00,
    0x00, 0x00, 0x00, 0x00, 0x00, 0x00, 0x00, 0xFF, 0xFF, 0x4F, 0xF7, 0xFF, 0xFF, 0x02, 0x00, 0x00,
    0x00, 0x00, 0x00, 0x00, 0x50, 0xFF, 0xFF, 0x4F, 0xF7, 0xBF, 0xFF, 0x08, 0x00, 0x00, 0x00, 0x00,
    0x00, 0x00, 0xB0, 0xFF, 0xFC, 0x4F, 0xF7, 0x8F, 0xFE, 0x0E, 0x00, 0x00, 0x00, 0x00, 0x00, 0x00,
    0xF1, 0xEF, 0xF8, 0x4F, 0xF7, 0x8F, 0xF8, 0x4F, 0x00, 0x00, 0x00, 0x00, 0x00, 0x00, 0xF8, 0x9F,
    0xF8, 0x4F, 0xF7, 0x9F, 0xF2, 0xBF, 0x00, 0x00, 0x00, 0x00, 0x00, 0x00, 0xFD, 0x2F, 0xF9, 0x4F,
    0xF7, 0x9F, 0xC0, 0xFF, 0x01, 0x00, 0x00, 0x00, 0x00, 0x40, 0xFF, 0x0C, 0xF9, 0x4F, 0xF7, 0xAF,
    0x50, 0xFF, 0x07, 0x00, 0x00, 0x00, 0x00, 0xA0, 0xFF, 0x06, 0xF9, 0x4F, 0xF7, 0xAF, 0x00, 0xFF,
    0x0D, 0x00, 0x00, 0x00, 0x00, 0xF1, 0xFF, 0x01, 0xFA, 0x4F, 0xF7, 0xAF, 0x00, 0xF9, 0x4F, 0x00,
    0x00, 0x00, 0x00, 0xF6, 0xAF, 0x00, 0xFA, 0x4F, 0xF7, 0xAF, 0x00, 0xF3, 0xAF, 0x00, 0x00, 0x00,
    0x00, 0xFC, 0x4F, 0x00, 0xFA, 0x4F, 0xF7, 0xAF, 0x00, 0xD0, 0xFF, 0x01, 0x00, 0x00, 0x20, 0xFF,
    0x0E, 0x00, 0xFA, 0x4F, 0xF7, 0xAF, 0x00, 0x70, 0xFF, 0x06, 0x00, 0x00, 0x90, 0xFF, 0x08, 0x00,
    0xFA, 0x4F, 0xF7, 0xAF, 0x00, 0x10, 0xFF, 0x0C, 0x00, 0x00, 0xE0, 0xFF, 0x02, 0x00, 0xFA, 0x4F,
    0xF7, 0xAF, 0x00, 0x00, 0xFA, 0x3F, 0x00, 0x00, 0xF5, 0xCF, 0x00, 0x00, 0xFA, 0x4F, 0xF7, 0xAF,
    0x00, 0x00, 0xF4, 0x9F, 0x00, 0x00, 0xFB, 0x5F, 0x00, 0x00, 0xFA, 0x4F, 0xF7, 0xAF, 0x00, 0x00,
    0xE0, 0xFF, 0x00, 0x10, 0xFF, 0x0F, 0x00, 0x00, 0xFA, 0x4F, 0xF7, 0xAF, 0x00, 0x00, 0x80, 0xFF,
    0x05, 0x70, 0xFF, 0x09, 0x00, 0x00, 0xFA, 0x4F, 0xF7, 0xAF, 0x00, 0x00, 0x20, 0xFF, 0x0B, 0xD0,
    0xFF, 0x03, 0x00, 0x00, 0xFA, 0x4F, 0xF7, 0xAF, 0x00, 0x00, 0x00, 0xFB, 0x2F, 0xF3, 0xDF, 0x00,
    0x00, 0x00, 0xFA, 0x4F, 0xF7, 0xAF, 0x00, 0x00, 0x00, 0xF5, 0x8F, 0xF9, 0x7F, 0x00, 0x00, 0x00,
    0xFA, 0x4F, 0xF7, 0xAF, 0x00, 0x00, 0x00, 0xE0, 0xEF, 0xFF, 0x1F, 0x00, 0x00, 0x00, 0xFA, 0x4F,
    0xF7, 0xAF, 0x00, 0x00, 0x00, 0x90, 0xFF, 0xFF, 0x0B, 0x00, 0x00, 0x00, 0xFA, 0x4F, 0xF7, 0xAF,
    0x00, 0x00, 0x00, 0x30, 0xFF, 0xFF, 0x05, 0x00, 0x00, 0x00, 0xFA, 0x4F, 0xF7, 0xAF, 0x00, 0x00,
    0x00, 0x00, 0xFC, 0xEF, 0x00, 0x00, 0x00, 0x00, 0xFA, 0x4F, 0xF7, 0xAF, 0x00, 0x00, 0x00, 0x00,
    0xF6, 0x8F, 0x00, 0x00, 0x00, 0x00, 0xFA, 0x4F, 0xFE, 0x0F, 0x00, 0x00, 0x00, 0x00, 0x00, 0x00,
    0xA0, 0xFF, 0x4F, 0xFE, 0x0F, 0x00, 0x00, 0x00, 0x00, 0x00, 0x00, 0xF4, 0xFF, 0x4F, 0xFE, 0x0F,
    0x00, 0x00, 0x00, 0x00, 0x00, 0x10, 0xFE, 0xFF, 0x4F, 0xFE, 0x0F, 0x00, 0x00, 0x00, 0x00, 0x00,
    0x90, 0xFF, 0xFF, 0x4F, 0xFE, 0x0F, 0x00, 0x00, 0x00, 0x00, 0x00, 0xF4, 0xFF, 0xFC, 0x4F, 0xFE,
    0x0F, 0x00, 0x00, 0x00, 0x00, 0x00, 0xFD, 0xBF, 0xF6, 0x4F, 0xFE, 0x0F, 0x00, 0x00, 0x00, 0x00,
    0x90, 0xFF, 0x2F, 0xF7, 0x4F, 0xFE, 0x0F, 0x00, 0x00, 0x00, 0x00, 0xF3, 0xFF, 0x06, 0xF8, 0x4F,
    0xFE, 0x0F, 0x00, 0x00, 0x00, 0x00, 0xFD, 0xCF, 0x00, 0xF9, 0x4F, 0xFE, 0x0F, 0x00, 0x00, 0x00,
    0x80, 0xFF, 0x2F, 0x00, 0xF9, 0x4F, 0xFE, 0x0F, 0x00, 0x00, 0x00, 0xF3, 0xFF, 0x07, 0x00, 0xF9,
    0x4F, 0xFE, 0x0F, 0x00, 0x00, 0x00, 0xFC, 0xCF, 0x00, 0x00, 0xFA, 0x4F, 0xFE, 0x0F, 0x00, 0x00,
    0x70, 0xFF, 0x3F, 0x00, 0x00, 0xFA, 0x4F, 0xFE, 0x0F, 0x00, 0x00, 0xF2, 0xFF, 0x08, 0x00, 0x00,
    0xFA, 0x4F, 0xFE, 0x0F, 0x00, 0x00, 0xFC, 0xDF, 0x00, 0x00, 0x00, 0xFA, 0x4F, 0xFE, 0x0F, 0x00,
    0x60, 0xFF, 0x3F, 0x00, 0x00, 0x00, 0xFA, 0x4F, 0xFE, 0x0F, 0x00, 0xF2, 0xFF, 0x09, 0x00, 0x00,
    0x00, 0xFA, 0x4F, 0xFE, 0x0F, 0x00, 0xFB, 0xDF, 0x00, 0x00, 0x00, 0x00, 0xFA, 0x4F, 0xFE, 0x0F,
    0x60, 0xFF, 0x4F, 0x00, 0x00, 0x00, 0x00, 0xFA, 0x4F, 0xFE, 0x0F, 0xF1, 0xFF, 0x09, 0x00, 0x00,
    0x00, 0x00, 0xFA, 0x4F, 0xFE, 0x0E, 0xFB, 0xEF, 0x01, 0x00, 0x00, 0x00, 0x00, 0xFA, 0x4F, 0xFE,
    0x5D, 0xFF, 0x4F, 0x00, 0x00, 0x00, 0x00, 0x00, 0xFA, 0x4F, 0xFE, 0xEE, 0xFF, 0x0A, 0x00, 0x00,
    0x00, 0x00, 0x00, 0xFA, 0x4F, 0xFE, 0xFF, 0xEF, 0x01, 0x00, 0x00, 0x00, 0x00, 0x00, 0xFA, 0x4F,
    0xFE, 0xFF, 0x5F, 0x00, 0x00, 0x00, 0x00, 0x00, 0x00, 0xFA, 0x4F, 0xFE, 0xFF, 0x0B, 0x00, 0x00,
    0x00, 0x00, 0x00, 0x00, 0xFA, 0x4F, 0xFE, 0xFF, 0x01, 0x00, 0x00, 0x00, 0x00, 0x00, 0x00, 0xFA,
    0x4F, 0x00, 0x00, 0x00, 0x00, 0x94, 0xEC, 0xFF, 0xDF, 0x7A, 0x01, 0x00, 0x00, 0x00, 0x00, 0x00,
    0x00, 0xE6, 0xFF, 0xFF, 0xFF, 0xFF, 0xFF, 0xAF, 0x01, 0x00, 0x00, 0x00, 0x00, 0xB1, 0xFF, 0xFF,
    0xEF, 0xCC, 0xFD, 0xFF, 0xFF, 0x5F, 0x00, 0x00, 0x00, 0x10, 0xFD, 0xFF, 0x5C, 0x01, 0x00, 0x00,
    0xA4, 0xFF, 0xFF, 0x06, 0x00, 0x00, 0xB0, 0xFF, 0x6F, 0x00, 0x00, 0x00, 0x00, 0x00, 0xE3, 0xFF,
    0x3F, 0x00, 0x00, 0xF5, 0xFF, 0x06, 0x00, 0x00, 0x00, 0x00, 0x00, 0x10, 0xFE, 0xDF, 0x00, 0x00,
    0xFD, 0xBF, 0x00, 0x00, 0x00, 0x00, 0x00, 0x00, 0x00, 0xF4, 0xFF, 0x05, 0x40, 0xFF, 0x2F, 0x00,
    0x00, 0x00, 0x00, 0x00, 0x00, 0x00, 0xC0, 0xFF, 0x0B, 0x90, 0xFF, 0x0C, 0x00, 0x00, 0x00, 0x00,
    0x00, 0x00, 0x00, 0x60, 0xFF, 0x1F, 0xD0, 0xFF, 0x08, 0x00, 0x00, 0x00, 0x00, 0x00, 0x00, 0x00,
    0x10, 0xFF, 0x4F, 0xF0, 0xFF, 0x05, 0x00, 0x00, 0x00, 0x00, 0x00, 0x00, 0x00, 0x00, 0xFE, 0x7F,
    0xF2, 0xFF, 0x02, 0x00, 0x00, 0x00, 0x00, 0x00, 0x00, 0x00, 0x00, 0xFC, 0x9F, 0xF3, 0xFF, 0x01,
    0x00, 0x00, 0x00, 0x00, 0x00, 0x00, 0x00, 0x00, 0xFA, 0xAF, 0xF3, 0xFF, 0x01, 0x00, 0x00, 0x00,
    0x00, 0x00, 0x00, 0x00, 0x00, 0xFA, 0xAF, 0xF3, 0xFF, 0x01, 0x00, 0x00, 0x00, 0x00, 0x00, 0x00,
    0x00, 0x00, 0xFA, 0xAF, 0xF2, 0xFF, 0x03, 0x00, 0x00, 0x00, 0x00, 0x00, 0x00, 0x00, 0x00, 0xFC,
    0x9F, 0xF0, 0xFF, 0x05, 0x00, 0x00, 0x00, 0x00, 0x00, 0x00, 0x00, 0x00, 0xFE, 0x7F, 0xD0, 0xFF,
    0x08, 0x00, 0x00, 0x00, 0x00, 0x00, 0x00, 0x00, 0x10, 0xFF, 0x4F, 0x90, 0xFF, 0x0C, 0x00, 0x00,
    0x00, 0x00, 0x00, 0x00, 0x00, 0x60, 0xFF, 0x0F, 0x40, 0xFF, 0x2F, 0x00, 0x00, 0x00, 0x00, 0x00,
    0x00, 0x00, 0xC0, 0xFF, 0x0B, 0x00, 0xFD, 0xBF, 0x00, 0x00, 0x00, 0x00, 0x00, 0x00, 0x00, 0xF4,
    0xFF, 0x05, 0x00, 0xF5, 0xFF, 0x06, 0x00, 0x00, 0x00, 0x00, 0x00, 0x10, 0xFE, 0xCF, 0x00, 0x00,
    0xA0, 0xFF, 0x7F, 0x00, 0x00, 0x00, 0x00, 0x00, 0xD2, 0xFF, 0x3F, 0x00, 0x00, 0x00, 0xFC, 0xFF,
    0x5C, 0x00, 0x00, 0x00, 0x93, 0xFF, 0xFF, 0x05, 0x00, 0x00, 0x00, 0xB1, 0xFF, 0xFF, 0xDF, 0xBC,
    0xFC, 0xFF, 0xFF, 0x5F, 0x00, 0x00, 0x00, 0x00, 0x00, 0xD5, 0xFF, 0xFF, 0xFF, 0xFF, 0xFF, 0xAF,
    0x01, 0x00, 0x00, 0x00, 0x00, 0x00, 0x00, 0x94, 0xEC, 0xFF, 0xDF, 0x6A, 0x01, 0x00, 0x00, 0x00,
    0x00, 0x00, 0x72, 0xDA, 0xFE, 0xFF, 0xFF, 0xFF, 0x4F, 0x00, 0xA1, 0xFF, 0xFF, 0xFF, 0xFF, 0xFF,
    0xFF, 0x4F, 0x10, 0xFD, 0xFF, 0xFF, 0xBD, 0xBB, 0xBB, 0xFF, 0x4F, 0xC0, 0xFF, 0xBF, 0x04, 0x00,
    0x00, 0x00, 0xFD, 0x4F, 0xF4, 0xFF, 0x08, 0x00, 0x00, 0x00, 0x00, 0xFD, 0x4F, 0xFA, 0xDF, 0x00,
    0x00, 0x00, 0x00, 0x00, 0xFD, 0x4F, 0xFD, 0x8F, 0x00, 0x00, 0x00, 0x00, 0x00, 0xFD, 0x4F, 0xFE,
    0x6F, 0x00, 0x00, 0x00, 0x00, 0x00, 0xFD, 0x4F, 0xFD, 0x6F, 0x00, 0x00, 0x00, 0x00, 0x00, 0xFD,
    0x4F, 0xFB, 0x9F, 0x00, 0x00, 0x00, 0x00, 0x00, 0xFD, 0x4F, 0xF7, 0xEF, 0x00, 0x00, 0x00, 0x00,
    0x00, 0xFD, 0x4F, 0xF1, 0xFF, 0x0A, 0x00, 0x00, 0x00, 0x00, 0xFD, 0x4F, 0x60, 0xFF, 0xDF, 0x15,
    0x00, 0x00, 0x00, 0xFD, 0x4F, 0x00, 0xF8, 0xFF, 0xFF, 0xCE, 0xBB, 0xBB, 0xFF, 0x4F, 0x00, 0x40,
    0xFD, 0xFF, 0xFF, 0xFF, 0xFF, 0xFF, 0x4F, 0x00, 0x00, 0x30, 0xB8, 0xFE, 0xFF, 0xFF, 0xFF, 0x4F,
    0x00, 0x00, 0x00, 0x00, 0x00, 0x00, 0x00, 0xFD, 0x4F, 0x00, 0x00, 0x00, 0x00, 0x00, 0x00, 0x00,
    0xFD, 0x4F, 0x00, 0x00, 0x00, 0x00, 0x00, 0x00, 0x00, 0xFD, 0x4F, 0x00, 0x00, 0x00, 0x00, 0x00,
    0x00, 0x00, 0xFD, 0x4F, 0x00, 0x00, 0x00, 0x00, 0x00, 0x00, 0x00, 0xFD, 0x4F, 0x00, 0x00, 0x00,
    0x00, 0x00, 0x00, 0x00, 0xFD, 0x4F, 0x00, 0x00, 0x00, 0x00, 0x00, 0x00, 0x00, 0xFD, 0x4F, 0x00,
    0x00, 0x00, 0x00, 0x00, 0x00, 0x00, 0xFD, 0x4F, 0x00, 0x00, 0x00, 0x00, 0x00, 0x00, 0x00, 0xFD,
    0x4F, 0x00, 0x00, 0x00, 0x00, 0x00, 0x00, 0x00, 0xFD, 0x4F, 0x00, 0x00, 0x00, 0x00, 0x00, 0x00,
    0x00, 0xFD, 0x4F, 0x00, 0x00, 0x00, 0x00, 0x94, 0xEC, 0xFF, 0xDF, 0x7A, 0x01, 0x00, 0x00, 0x00,
    0x00, 0x00, 0x00, 0xE6, 0xFF, 0xFF, 0xFF, 0xFF, 0xFF, 0xAF, 0x01, 0x00, 0x00, 0x00, 0x00, 0xB1,
    0xFF, 0xFF, 0xEF, 0xCC, 0xFD, 0xFF, 0xFF, 0x5F, 0x00, 0x00, 0x00, 0x10, 0xFD, 0xFF, 0x5C, 0x01,
    0x00, 0x00, 0xA4, 0xFF, 0xFF, 0x06, 0x00, 0x00, 0xB0, 0xFF, 0x6F, 0x00, 0x00, 0x00, 0x00, 0x00,
    0xE3, 0xFF, 0x3F, 0x00, 0x00, 0xF5, 0xFF, 0x06, 0x00, 0x00, 0x00, 0x00, 0x00, 0x10, 0xFE, 0xDF,
    0x00, 0x00, 0xFD, 0xBF, 0x00, 0x00, 0x00, 0x00, 0x00, 0x00, 0x00, 0xF4, 0xFF, 0x05, 0x40, 0xFF,
    0x2F, 0x00, 0x00, 0x00, 0x00, 0x00, 0x00, 0x00, 0xC0, 0xFF, 0x0B, 0x90, 0xFF, 0x0C, 0x00, 0x00,
    0x00, 0x00, 0x00, 0x00, 0x00, 0x60, 0xFF, 0x1F, 0xD0, 0xFF, 0x08, 0x00, 0x00, 0x00, 0x00, 0x00,
    0x00, 0x00, 0x10, 0xFF, 0x4F, 0xF0, 0xFF, 0x05, 0x00, 0x00, 0x00, 0x00, 0x00, 0x00, 0x00, 0x00,
    0xFE, 0x7F, 0xF2, 0xFF, 0x02, 0x00, 0x00, 0x00, 0x00, 0x00, 0x00, 0x00, 0x00, 0xFC, 0x9F, 0xF3,
    0xFF, 0x01, 0x00, 0x00, 0x00, 0x00, 0x00, 0x00, 0x00, 0x00, 0xFA, 0xAF, 0xF3, 0xFF, 0x01, 0x00,
    0x00, 0x00, 0x00, 0x00, 0x00, 0x00, 0x00, 0xFA, 0xAF, 0xF3, 0xFF, 0x01, 0x00, 0x00, 0x00, 0x00,
    0x00, 0x00, 0x00, 0x00, 0xFA, 0xAF, 0xF2, 0xFF, 0x03, 0x00, 0x00, 0x00, 0x00, 0x00, 0x00, 0x00,
    0x00, 0xFC, 0x9F, 0xF0, 0xFF, 0x05, 0x00, 0x00, 0x00, 0x00, 0x00, 0x00, 0x00, 0x00, 0xFE, 0x7F,
    0xD0, 0xFF, 0x08, 0x00, 0x00, 0x00, 0x00, 0x00, 0x00, 0x00, 0x10, 0xFF, 0x4F, 0x90, 0xFF, 0x0C,
    0x00, 0x00, 0x00, 0x00, 0x00, 0x00, 0x00, 0x60, 0xFF, 0x0F, 0x40, 0xFF, 0x2F, 0x00, 0x00, 0x00,
    0x00, 0x00, 0x00, 0x00, 0xC0, 0xFF, 0x0B, 0x00, 0xFD, 0xBF, 0x00, 0x00, 0x00, 0x00, 0x00, 0x00,
    0x00, 0xF4, 0xFF, 0x05, 0x00, 0xF5, 0xFF, 0x06, 0x00, 0x00, 0x00, 0x00, 0x00, 0x10, 0xFE, 0xCF,
    0x00, 0x00, 0xA0, 0xFF, 0x7F, 0x00, 0x00, 0x00, 0x00, 0x00, 0xD2, 0xFF, 0x3F, 0x00, 0x00, 0x00,
    0xFC, 0xFF, 0x5C, 0x00, 0x00, 0x00, 0x93, 0xFF, 0xFF, 0x05, 0x00, 0x00, 0x00, 0xB0, 0xFF, 0xFF,
    0xDF, 0xBC, 0xFC, 0xFF, 0xFF, 0x5F, 0x00, 0x00, 0x00, 0x00, 0x00, 0xD5, 0xFF, 0xFF, 0xFF, 0xFF,
    0xFF, 0xAF, 0x01, 0x00, 0x00, 0x00, 0x00, 0x00, 0x00, 0xF8, 0xFF, 0xFF, 0xDF, 0x6A, 0x01, 0x00,
    0x00, 0x00, 0x00, 0x00, 0x00, 0x40, 0xFF, 0xBF, 0x00, 0x00, 0x00, 0x00, 0x00, 0x00, 0x00, 0x00,
    0x00, 0x00, 0xF4, 0xFF, 0x0D, 0x00, 0x00, 0x00, 0x00, 0x00, 0x00, 0x00, 0x00, 0x00, 0x30, 0xFF,
    0xEF, 0x01, 0x00, 0x00, 0x00, 0x00, 0x00, 0x00, 0x00, 0x00, 0x00, 0xF3, 0xFF, 0x2F, 0x00, 0x00,
    0x00, 0x00, 0x00, 0x00, 0x00, 0x00, 0x00, 0x20, 0xFE, 0xFF, 0x04, 0x00, 0x00, 0x00, 0x00, 0x00,
    0x00, 0x00, 0x00, 0x00, 0xE2, 0xFF, 0x6F, 0x00, 0x00, 0x00, 0x00, 0x00, 0x00, 0x00, 0x00, 0x00,
    0x00, 0x00, 0x00, 0x72, 0xDB, 0xFF, 0xFF, 0xFF, 0xFF, 0x4F, 0x00, 0x00, 0xB2, 0xFF, 0xFF, 0xFF,
    0xFF, 0xFF, 0xFF, 0x4F, 0x00, 0x20, 0xFE, 0xFF, 0xFF, 0xBC, 0xBB, 0xBB, 0xFF, 0x4F, 0x00, 0xD0,
    0xFF, 0x9F, 0x03, 0x00, 0x00, 0x00, 0xFD, 0x4F, 0x00, 0xF5, 0xFF, 0x06, 0x00, 0x00, 0x00, 0x00,
    0xFD, 0x4F, 0x00, 0xFA, 0xCF, 0x00, 0x00, 0x00, 0x00, 0x00, 0xFD, 0x4F, 0x00, 0xFD, 0x8F, 0x00,
    0x00, 0x00, 0x00, 0x00, 0xFD, 0x4F, 0x00, 0xFE, 0x6F, 0x00, 0x00, 0x00, 0x00, 0x00, 0xFD, 0x4F,
    0x00, 0xFD, 0x6F, 0x00, 0x00, 0x00, 0x00, 0x00, 0xFD, 0x4F, 0x00, 0xFB, 0x8F, 0x00, 0x00, 0x00,
    0x00, 0x00, 0xFD, 0x4F, 0x00, 0xF7, 0xEF, 0x00, 0x00, 0x00, 0x00, 0x00, 0xFD, 0x4F, 0x00, 0xF1,
    0xFF, 0x08, 0x00, 0x00, 0x00, 0x00, 0xFD, 0x4F, 0x00, 0x50, 0xFF, 0xAF, 0x02, 0x00, 0x00, 0x00,
    0xFD, 0x4F, 0x00, 0x00, 0xF6, 0xFF, 0xEF, 0xAB, 0xAA, 0xAA, 0xFF, 0x4F, 0x00, 0x00, 0x20, 0xFA,
    0xFF, 0xFF, 0xFF, 0xFF, 0xFF, 0x4F, 0x00, 0x00, 0x00, 0xA0, 0xFF, 0xFF, 0xFF, 0xFF, 0xFF, 0x4F,
    0x00, 0x00, 0x00, 0xF3, 0xFF, 0x03, 0x00, 0x00, 0xFD, 0x4F, 0x00, 0x00, 0x00, 0xFD, 0x9F, 0x00,
    0x00, 0x00, 0xFD, 0x4F, 0x00, 0x00, 0x80, 0xFF, 0x1E, 0x00, 0x00, 0x00, 0xFD, 0x4F, 0x00, 0x00,
    0xF2, 0xFF, 0x06, 0x00, 0x00, 0x00, 0xFD, 0x4F, 0x00, 0x00, 0xFB, 0xCF, 0x00, 0x00, 0x00, 0x00,
    0xFD, 0x4F, 0x00, 0x60, 0xFF, 0x3F, 0x00, 0x00, 0x00, 0x00, 0xFD, 0x4F, 0x00, 0xE1, 0xFF, 0x09,
    0x00, 0x00, 0x00, 0x00, 0xFD, 0x4F, 0x00, 0xFA, 0xEF, 0x00, 0x00, 0x00, 0x00, 0x00, 0xFD, 0x4F,
    0x40, 0xFF, 0x5F, 0x00, 0x00, 0x00, 0x00, 0x00, 0xFD, 0x4F, 0xD0, 0xFF, 0x0B, 0x00, 0x00, 0x00,
    0x00, 0x00, 0xFD, 0x4F, 0xF8, 0xFF, 0x02, 0x00, 0x00, 0x00, 0x00, 0x00, 0xFD, 0x4F, 0x00, 0x30,
    0xA7, 0xFD, 0xFF, 0xCE, 0x38, 0x00, 0x00, 0x00, 0x20, 0xFD, 0xFF, 0xFF, 0xFF, 0xFF, 0xFF, 0x1B,
    0x00, 0x00, 0x00, 0xFF, 0xFF, 0xEF, 0xCC, 0xFE, 0xFF, 0xEF, 0x02, 0x00, 0x00, 0xDA, 0x48, 0x00,
    0x00, 0x10, 0xF7, 0xFF, 0x0D, 0x00, 0x00, 0x00, 0x00, 0x00, 0x00, 0x00, 0x40, 0xFF, 0x5F, 0x00,
    0x00, 0x00, 0x00, 0x00, 0x00, 0x00, 0x00, 0xFB, 0x9F, 0x00, 0x00, 0x00, 0x00, 0x00, 0x00, 0x00,
    0x00, 0xF8, 0xBF, 0x00, 0x00, 0x00, 0x00, 0x00, 0x00, 0x00, 0x00, 0xF9, 0xAF, 0x00, 0x00, 0x00,
    0x00, 0x00, 0x00, 0x00, 0x00, 0xFD, 0x8F, 0x00, 0x00, 0x00, 0x00, 0x00, 0x00, 0x00, 0x80, 0xFF,
    0x3F, 0x00, 0x00, 0x00, 0x00, 0x00, 0x00, 0x20, 0xFA, 0xFF, 0x0A, 0x00, 0x00, 0x00, 0x00, 0x00,
    0x40, 0xFA, 0xFF, 0xDF, 0x01, 0x00, 0x00, 0x00, 0x00, 0x82, 0xFE, 0xFF, 0xFF, 0x09, 0x00, 0x00,
    0x00, 0x00, 0xA2, 0xFF, 0xFF, 0xFF, 0x3A, 0x00, 0x00, 0x00, 0x00, 0x70, 0xFF, 0xFF, 0xDF, 0x17,
    0x00, 0x00, 0x00, 0x00, 0x00, 0xF9, 0xFF, 0xAF, 0x03, 0x00, 0x00, 0x00, 0x00, 0x00, 0x40, 0xFF,
    0xDF, 0x02, 0x00, 0x00, 0x00, 0x00, 0x00, 0x00, 0xB0, 0xFF, 0x0D, 0x00, 0x00, 0x00, 0x00, 0x00,
    0x00, 0x00, 0xE0, 0xFF, 0x05, 0x00, 0x00, 0x00, 0x00, 0x00, 0x00, 0x00, 0xF0, 0xFF, 0x02, 0x00,
    0x00, 0x00, 0x00, 0x00, 0x00, 0x00, 0xF0, 0xFF, 0x03, 0x00, 0x00, 0x00, 0x00, 0x00, 0x00, 0x00,
    0xC0, 0xFF, 0x07, 0x00, 0x00, 0x00, 0x00, 0x00, 0x00, 0x00, 0x70, 0xFF, 0x2F, 0x00, 0x00, 0x00,
    0x00, 0x00, 0x10, 0x00, 0x00, 0xFD, 0xFF, 0x17, 0x00, 0x00, 0x00, 0x73, 0xFB, 0x00, 0x00, 0xE2,
    0xFF, 0xFF, 0xCE, 0xCB, 0xFD, 0xFF, 0xFF, 0x00, 0x00, 0x10, 0xFA, 0xFF, 0xFF, 0xFF, 0xFF, 0xFF,
    0xEF, 0x00, 0x00, 0x00, 0x20, 0xB7, 0xFD, 0xFF, 0xDE, 0x8B, 0x04, 0x00, 0xF8, 0xFF, 0xFF, 0xFF,
    0xFF, 0xFF, 0xFF, 0xFF, 0xFF, 0xFF, 0x0A, 0xF8, 0xFF, 0xFF, 0xFF, 0xFF, 0xFF, 0xFF, 0xFF, 0xFF,
    0xFF, 0x0A, 0xC6, 0xCC, 0xCC, 0xCC, 0xFC, 0xFF, 0xCC, 0xCC, 0xCC, 0xCC, 0x08, 0x00, 0x00, 0x00,
    0x00, 0xF0, 0xFF, 0x02, 0x00, 0x00, 0x00, 0x00, 0x00, 0x00, 0x00, 0x00, 0xF0, 0xFF, 0x02, 0x00,
    0x00, 0x00, 0x00, 0x00, 0x00, 0x00, 0x00, 0xF0, 0xFF, 0x02, 0x00, 0x00, 0x00, 0x00, 0x00, 0x00,
    0x00, 0x00, 0xF0, 0xFF, 0x02, 0x00, 0x00, 0x00, 0x00, 0x00, 0x00, 0x00, 0x00, 0xF0, 0xFF, 0x02,
    0x00, 0x00, 0x00, 0x00, 0x00, 0x00, 0x00, 0x00, 0xF0, 0xFF, 0x02, 0x00, 0x00, 0x00, 0x00, 0x00,
    0x00, 0x00, 0x00, 0xF0, 0xFF, 0x02, 0x00, 0x00, 0x00, 0x00, 0x00, 0x00, 0x00, 0x00, 0xF0, 0xFF,
    0x02, 0x00, 0x00, 0x00, 0x00, 0x00, 0x00, 0x00, 0x00, 0xF0, 0xFF, 0x02, 0x00, 0x00, 0x00, 0x00,
    0x00, 0x00, 0x00, 0x00, 0xF0, 0xFF, 0x02, 0x00, 0x00, 0x00, 0x00, 0x00, 0x00, 0x00, 0x00, 0xF0,
    0xFF, 0x02, 0x00, 0x00, 0x00, 0x00, 0x00, 0x00, 0x00, 0x00, 0xF0, 0xFF, 0x02, 0x00, 0x00, 0x00,
    0x00, 0x00, 0x00, 0x00, 0x00, 0xF0, 0xFF, 0x02, 0x00, 0x00, 0x00, 0x00, 0x00, 0x00, 0x00, 0x00,
    0xF0, 0xFF, 0x02, 0x00, 0x00, 0x00, 0x00, 0x00, 0x00, 0x00, 0x00, 0xF0, 0xFF, 0x02, 0x00, 0x00,
    0x00, 0x00, 0x00, 0x00, 0x00, 0x00, 0xF0, 0xFF, 0x02, 0x00, 0x00, 0x00, 0x00, 0x00, 0x00, 0x00,
    0x00, 0xF0, 0xFF, 0x02, 0x00, 0x00, 0x00, 0x00, 0x00, 0x00, 0x00, 0x00, 0xF0, 0xFF, 0x02, 0x00,
    0x00, 0x00, 0x00, 0x00, 0x00, 0x00, 0x00, 0xF0, 0xFF, 0x02, 0x00, 0x00, 0x00, 0x00, 0x00, 0x00,
    0x00, 0x00, 0xF0, 0xFF, 0x02, 0x00, 0x00, 0x00, 0x00, 0x00, 0x00, 0x00, 0x00, 0xF0, 0xFF, 0x02,
    0x00, 0x00, 0x00, 0x00, 0x00, 0x00, 0x00, 0x00, 0xF0, 0xFF, 0x02, 0x00, 0x00, 0x00, 0x00, 0x00,
    0x00, 0x00, 0x00, 0xF0, 0xFF, 0x02, 0x00, 0x00, 0x00, 0x00, 0x00, 0x00, 0x00, 0x00, 0xF0, 0xFF,
    0x02, 0x00, 0x00, 0x00, 0x00, 0xF3, 0xEF, 0x00, 0x00, 0x00, 0x00, 0x00, 0x00, 0x00, 0xF9, 0x9F,
    0xF3, 0xEF, 0x00, 0x00, 0x00, 0x00, 0x00, 0x00, 0x00, 0xF9, 0x9F, 0xF3, 0xEF, 0x00, 0x00, 0x00,
    0x00, 0x00, 0x00, 0x00, 0xF9, 0x9F, 0xF3, 0xEF, 0x00, 0x00, 0x00, 0x00, 0x00, 0x00, 0x00, 0xF9,
    0x9F, 0xF3, 0xEF, 0x00, 0x00, 0x00, 0x00, 0x00, 0x00, 0x00, 0xF9, 0x9F, 0xF3, 0xEF, 0x00, 0x00,
    0x00, 0x00, 0x00, 0x00, 0x00, 0xF9, 0x9F, 0xF3, 0xEF, 0x00, 0x00, 0x00, 0x00, 0x00, 0x00, 0x00,
    0xF9, 0x9F, 0xF3, 0xEF, 0x00, 0x00, 0x00, 0x00, 0x00, 0x00, 0x00, 0xF9, 0x9F, 0xF3, 0xEF, 0x00,
    0x00, 0x00, 0x00, 0x00, 0x00, 0x00, 0xF9, 0x9F, 0xF3, 0xEF, 0x00, 0x00, 0x00, 0x00, 0x00, 0x00,
    0x00, 0xF9, 0x9F, 0xF3, 0xEF, 0x00, 0x00, 0x00, 0x00, 0x00, 0x00, 0x00, 0xF9, 0x9F, 0xF3, 0xEF,
    0x00, 0x00, 0x00, 0x00, 0x00, 0x00, 0x00, 0xF9, 0x9F, 0xF3, 0xEF, 0x00, 0x00, 0x00, 0x00, 0x00,
    0x00, 0x00, 0xF9, 0x9F, 0xF3, 0xEF, 0x00, 0x00, 0x00, 0x00, 0x00, 0x00, 0x00, 0xF9, 0x9F, 0xF3,
    0xEF, 0x00, 0x00, 0x00, 0x00, 0x00, 0x00, 0x00, 0xF9, 0x9F, 0xF3, 0xEF, 0x00, 0x00, 0x00, 0x00,
    0x00, 0x00, 0x00, 0xF9, 0x9F, 0xF3, 0xEF, 0x00, 0x00, 0x00, 0x00, 0x00, 0x00, 0x00, 0xF9, 0x9F,
    0xF3, 0xEF, 0x00, 0x00, 0x00, 0x00, 0x00, 0x00, 0x00, 0xF9, 0x8F, 0xF2, 0xFF, 0x00, 0x00, 0x00,
    0x00, 0x00, 0x00, 0x00, 0xFB, 0x7F, 0xF0, 0xFF, 0x02, 0x00, 0x00, 0x00, 0x00, 0x00, 0x00, 0xFD,
    0x5F, 0xC0, 0xFF, 0x08, 0x00, 0x00, 0x00, 0x00, 0x00, 0x30, 0xFF, 0x1F, 0x60, 0xFF, 0x1E, 0x00,
    0x00, 0x00, 0x00, 0x00, 0xB0, 0xFF, 0x0C, 0x00, 0xFE, 0xCF, 0x01, 0x00, 0x00, 0x00, 0x00, 0xF8,
    0xFF, 0x04, 0x00, 0xF4, 0xFF, 0x6E, 0x01, 0x00, 0x00, 0xC4, 0xFF, 0xAF, 0x00, 0x00, 0x50, 0xFF,
    0xFF, 0xDF, 0xCC, 0xFD, 0xFF, 0xFF, 0x0B, 0x00, 0x00, 0x00, 0xC2, 0xFF, 0xFF, 0xFF, 0xFF, 0xFF,
    0x7F, 0x00, 0x00, 0x00, 0x00, 0x00, 0x83, 0xEC, 0xFF, 0xDF, 0x6A, 0x00, 0x00, 0x00, 0xF7, 0xDF,
    0x00, 0x00, 0x00, 0x00, 0x00, 0x00, 0x00, 0x70, 0xFF, 0x0D, 0xF1, 0xFF, 0x03, 0x00, 0x00, 0x00,
    0x00, 0x00, 0x00, 0xD0, 0xFF, 0x07, 0xC0, 0xFF, 0x09, 0x00, 0x00, 0x00, 0x00, 0x00, 0x00, 0xF3,
    0xFF, 0x01, 0x60, 0xFF, 0x0E, 0x00, 0x00, 0x00, 0x00, 0x00, 0x00, 0xF8, 0xBF, 0x00, 0x10, 0xFF,
    0x4F, 0x00, 0x00, 0x00, 0x00, 0x00, 0x00, 0xFE, 0x6F, 0x00, 0x00, 0xFA, 0xAF, 0x00, 0x00, 0x00,
    0x00, 0x00, 0x40, 0xFF, 0x0F, 0x00, 0x00, 0xF5, 0xFF, 0x00, 0x00, 0x00, 0x00, 0x00, 0x90, 0xFF,
    0x0A, 0x00, 0x00, 0xE0, 0xFF, 0x05, 0x00, 0x00, 0x00, 0x00, 0xF0, 0xFF, 0x04, 0x00, 0x00, 0x90,
    0xFF, 0x0B, 0x00, 0x00, 0x00, 0x00, 0xF5, 0xEF, 0x00, 0x00, 0x00, 0x30, 0xFF, 0x1F, 0x00, 0x00,
    0x00, 0x00, 0xFB, 0x9F, 0x00, 0x00, 0x00, 0x00, 0xFD, 0x6F, 0x00, 0x00, 0x00, 0x10, 0xFF, 0x3F,
    0x00, 0x00, 0x00, 0x00, 0xF8, 0xCF, 0x00, 0x00, 0x00, 0x60, 0xFF, 0x0D, 0x00, 0x00, 0x00, 0x00,
    0xF2, 0xFF, 0x02, 0x00, 0x00, 0xC0, 0xFF, 0x07, 0x00, 0x00, 0x00, 0x00, 0xC0, 0xFF, 0x07, 0x00,
    0x00, 0xF2, 0xFF, 0x02, 0x00, 0x00, 0x00, 0x00, 0x60, 0xFF, 0x0D, 0x00, 0x00, 0xF7, 0xCF, 0x00,
    0x00, 0x00, 0x00, 0x00, 0x10, 0xFF, 0x3F, 0x00, 0x00, 0xFD, 0x6F, 0x00, 0x00, 0x00, 0x00, 0x00,
    0x00, 0xFB, 0x9F, 0x00, 0x30, 0xFF, 0x1F, 0x00, 0x00, 0x00, 0x00, 0x00, 0x00, 0xF5, 0xEF, 0x00,
    0x80, 0xFF, 0x0B, 0x00, 0x00, 0x00, 0x00, 0x00, 0x00, 0xF0, 0xFF, 0x04, 0xE0, 0xFF, 0x05, 0x00,
    0x00, 0x00, 0x00, 0x00, 0x00, 0xA0, 0xFF, 0x09, 0xF3, 0xFF, 0x00, 0x00, 0x00, 0x00, 0x00, 0x00,
    0x00, 0x40, 0xFF, 0x0E, 0xF8, 0x9F, 0x00, 0x00, 0x00, 0x00, 0x00, 0x00, 0x00, 0x00, 0xFE, 0x3F,
    0xFD, 0x4F, 0x00, 0x00, 0x00, 0x00, 0x00, 0x00, 0x00, 0x00, 0xF8, 0x8F, 0xFF, 0x0E, 0x00, 0x00,
    0x00, 0x00, 0x00, 0x00, 0x00, 0x00, 0xF2, 0xFF, 0xFF, 0x08, 0x00, 0x00, 0x00, 0x00, 0x00, 0x00,
    0x00, 0x00, 0xD0, 0xFF, 0xFF, 0x02, 0x00, 0x00, 0x00, 0x00, 0x00, 0x00, 0x00, 0x00, 0x70, 0xFF,
    0xCF, 0x00, 0x00, 0x00, 0x00, 0x00, 0x00, 0x00, 0x00, 0x00, 0x10, 0xFF, 0x7F, 0x00, 0x00, 0x00,
    0x00, 0x00, 0xF6, 0xEF, 0x00, 0x00, 0x00, 0x00, 0x00, 0x20, 0xFF, 0x5F, 0x00, 0x00, 0x00, 0x00,
    0x00, 0xF0, 0xFF, 0x04, 0xF2, 0xFF, 0x02, 0x00, 0x00, 0x00, 0x00, 0x70, 0xFF, 0xAF, 0x00, 0x00,
    0x00, 0x00, 0x00, 0xF3, 0xFF, 0x00, 0xD0, 0xFF, 0x06, 0x00, 0x00, 0x00, 0x00, 0xC0, 0xFF, 0xEF,
    0x00, 0x00, 0x00, 0x00, 0x00, 0xF7, 0xCF, 0x00, 0x90, 0xFF, 0x0A, 0x00, 0x00, 0x00, 0x00, 0xF1,
    0xFF, 0xFF, 0x03, 0x00, 0x00, 0x00, 0x00, 0xFB, 0x8F, 0x00, 0x50, 0xFF, 0x0E, 0x00, 0x00, 0x00,
    0x00, 0xF6, 0xAF, 0xFF, 0x08, 0x00, 0x00, 0x00, 0x00, 0xFF, 0x3F, 0x00, 0x10, 0xFF, 0x3F, 0x00,
    0x00, 0x00, 0x00, 0xFB, 0x4F, 0xFF, 0x0D, 0x00, 0x00, 0x00, 0x40, 0xFF, 0x0F, 0x00, 0x00, 0xFC,
    0x7F, 0x00, 0x00, 0x00, 0x00, 0xFF, 0x0E, 0xFC, 0x1F, 0x00, 0x00, 0x00, 0x80, 0xFF, 0x0B, 0x00,
    0x00, 0xF8, 0xBF, 0x00, 0x00, 0x00, 0x40, 0xFF, 0x0A, 0xF8, 0x6F, 0x00, 0x00, 0x00, 0xC0, 0xFF,
    0x07, 0x00, 0x00, 0xF3, 0xFF, 0x00, 0x00, 0x00, 0x90, 0xFF, 0x06, 0xF4, 0xBF, 0x00, 0x00, 0x00,
    0xF0, 0xFF, 0x02, 0x00, 0x00, 0xF0, 0xFF, 0x03, 0x00, 0x00, 0xE0, 0xFF, 0x01, 0xF0, 0xFF, 0x00,
    0x00, 0x00, 0xF4, 0xEF, 0x00, 0x00, 0x00, 0xB0, 0xFF, 0x07, 0x00, 0x00, 0xF3, 0xCF, 0x00, 0xA0,
    0xFF, 0x04, 0x00, 0x00, 0xF8, 0xAF, 0x00, 0x00, 0x00, 0x70, 0xFF, 0x0B, 0x00, 0x00, 0xF8, 0x7F,
    0x00, 0x60, 0xFF, 0x09, 0x00, 0x00, 0xFC, 0x6F, 0x00, 0x00, 0x00, 0x20, 0xFF, 0x0F, 0x00, 0x00,
    0xFC, 0x3F, 0x00, 0x10, 0xFF, 0x0D, 0x00, 0x10, 0xFF, 0x1F, 0x00, 0x00, 0x00, 0x00, 0xFE, 0x3F,
    0x00, 0x10, 0xFF, 0x0E, 0x00, 0x00, 0xFD, 0x2F, 0x00, 0x50, 0xFF, 0x0D, 0x00, 0x00, 0x00, 0x00,
    0xFA, 0x8F, 0x00, 0x60, 0xFF, 0x09, 0x00, 0x00, 0xF8, 0x7F, 0x00, 0x90, 0xFF, 0x09, 0x00, 0x00,
    0x00, 0x00, 0xF5, 0xCF, 0x00, 0xB0, 0xFF, 0x04, 0x00, 0x00, 0xF3, 0xBF, 0x00, 0xD0, 0xFF, 0x05,
    0x00, 0x00, 0x00, 0x00, 0xF1, 0xFF, 0x00, 0xF0, 0xFF, 0x00, 0x00, 0x00, 0xE0, 0xFF, 0x00, 0xF1,
    0xFF, 0x00, 0x00, 0x00, 0x00, 0x00, 0xD0, 0xFF, 0x04, 0xF4, 0xBF, 0x00, 0x00, 0x00, 0xA0, 0xFF,
    0x04, 0xF5, 0xCF, 0x00, 0x00, 0x00, 0x00, 0x00, 0x90, 0xFF, 0x08, 0xF9, 0x6F, 0x00, 0x00, 0x00,
    0x60, 0xFF, 0x09, 0xF9, 0x8F, 0x00, 0x00, 0x00, 0x00, 0x00, 0x40, 0xFF, 0x0C, 0xFD, 0x1F, 0x00,
    0x00, 0x00, 0x10, 0xFF, 0x0C, 0xFD, 0x3F, 0x00, 0x00, 0x00, 0x00, 0x00, 0x00, 0xFF, 0x1F, 0xFF,
    0x0D, 0x00, 0x00, 0x00, 0x00, 0xFC, 0x1F, 0xFF, 0x0F, 0x00, 0x00, 0x00, 0x00, 0x00, 0x00, 0xFC,
    0x6F, 0xFF, 0x08, 0x00, 0x00, 0x00, 0x00, 0xF8, 0x7F, 0xFF, 0x0B, 0x00, 0x00, 0x00, 0x00, 0x00,
    0x00, 0xF7, 0xCF, 0xFF, 0x03, 0x00, 0x00, 0x00, 0x00, 0xF3, 0xCF, 0xFF, 0x07, 0x00, 0x00, 0x00,
    0x00, 0x00, 0x00, 0xF3, 0xFF, 0xEF, 0x00, 0x00, 0x00, 0x00, 0x00, 0xE0, 0xFF, 0xFF, 0x02, 0x00,
    0x00, 0x00, 0x00, 0x00, 0x00, 0xF0, 0xFF, 0xAF, 0x00, 0x00, 0x00, 0x00, 0x00, 0xA0, 0xFF, 0xEF,
    0x00, 0x00, 0x00, 0x00, 0x00, 0x00, 0x00, 0xA0, 0xFF, 0x5F, 0x00, 0x00, 0x00, 0x00, 0x00, 0x50,
    0xFF, 0xAF, 0x00, 0x00, 0x00, 0x00, 0x00, 0x00, 0x00, 0x60, 0xFF, 0x1F, 0x00, 0x00, 0x00, 0x00,
    0x00, 0x10, 0xFF, 0x6F, 0x00, 0x00, 0x00, 0x00, 0xD0, 0xFF, 0x07, 0x00, 0x00, 0x00, 0x00, 0x00,
    0x90, 0xFF, 0x0E, 0x30, 0xFF, 0x2F, 0x00, 0x00, 0x00, 0x00, 0x00, 0xF3, 0xFF, 0x04, 0x00, 0xF8,
    0xBF, 0x00, 0x00, 0x00, 0x00, 0x00, 0xFC, 0xAF, 0x00, 0x00, 0xD0, 0xFF, 0x06, 0x00, 0x00, 0x00,
    0x70, 0xFF, 0x1E, 0x00, 0x00, 0x30, 0xFF, 0x1E, 0x00, 0x00, 0x00, 0xF1, 0xFF, 0x05, 0x00, 0x00,
    0x00, 0xF9, 0xAF, 0x00, 0x00, 0x00, 0xFB, 0xAF, 0x00, 0x00, 0x00, 0x00, 0xE0, 0xFF, 0x04, 0x00,
    0x50, 0xFF, 0x1F, 0x00, 0x00, 0x00, 0x00, 0x40, 0xFF, 0x0E, 0x00, 0xE1, 0xFF, 0x06, 0x00, 0x00,
    0x00, 0x00, 0x00, 0xFA, 0x8F, 0x00, 0xF9, 0xBF, 0x00, 0x00, 0x00, 0x00, 0x00, 0x00, 0xE1, 0xFF,
    0x33, 0xFF, 0x2F, 0x00, 0x00, 0x00, 0x00, 0x00, 0x00, 0x50, 0xFF, 0xDC, 0xFF, 0x06, 0x00, 0x00,
    0x00, 0x00, 0x00, 0x00, 0x00, 0xFA, 0xFF, 0xCF, 0x00, 0x00, 0x00, 0x00, 0x00, 0x00, 0x00, 0x00,
    0xF1, 0xFF, 0x2F, 0x00, 0x00, 0x00, 0x00, 0x00, 0x00, 0x00, 0x00, 0xF3, 0xFF, 0x3F, 0x00, 0x00,
    0x00, 0x00, 0x00, 0x00, 0x00, 0x00, 0xFC, 0xFF, 0xDF, 0x00, 0x00, 0x00, 0x00, 0x00, 0x00, 0x00,
    0x70, 0xFF, 0xAD, 0xFF, 0x08, 0x00, 0x00, 0x00, 0x00, 0x00, 0x00, 0xF2, 0xFF, 0x13, 0xFF, 0x2F,
    0x00, 0x00, 0x00, 0x00, 0x00, 0x00, 0xFB, 0xAF, 0x00, 0xF6, 0xCF, 0x00, 0x00, 0x00, 0x00, 0x00,
    0x60, 0xFF, 0x1E, 0x00, 0xC0, 0xFF, 0x06, 0x00, 0x00, 0x00, 0x00, 0xE1, 0xFF, 0x06, 0x00, 0x20,
    0xFF, 0x1F, 0x00, 0x00, 0x00, 0x00, 0xFA, 0xCF, 0x00, 0x00, 0x00, 0xF8, 0xBF, 0x00, 0x00, 0x00,
    0x40, 0xFF, 0x2F, 0x00, 0x00, 0x00, 0xD0, 0xFF, 0x05, 0x00, 0x00, 0xE0, 0xFF, 0x08, 0x00, 0x00,
    0x00, 0x40, 0xFF, 0x1E, 0x00, 0x00, 0xF9, 0xEF, 0x00, 0x00, 0x00, 0x00, 0x00, 0xFA, 0xAF, 0x00,
    0x30, 0xFF, 0x5F, 0x00, 0x00, 0x00, 0x00, 0x00, 0xF1, 0xFF, 0x04, 0xD0, 0xFF, 0x0B, 0x00, 0x00,
    0x00, 0x00, 0x00, 0x60, 0xFF, 0x0E, 0xF8, 0xFF, 0x01, 0x00, 0x00, 0x00, 0x00, 0x00, 0x00, 0xFC,
    0x9F, 0xE0, 0xFF, 0x06, 0x00, 0x00, 0x00, 0x00, 0x00, 0x00, 0xFB, 0xBF, 0x60, 0xFF, 0x0E, 0x00,
    0x00, 0x00, 0x00, 0x00, 0x40, 0xFF, 0x3F, 0x00, 0xFD, 0x7F, 0x00, 0x00, 0x00, 0x00, 0x00, 0xC0,
    0xFF, 0x0A, 0x00, 0xF5, 0xFF, 0x01, 0x00, 0x00, 0x00, 0x00, 0xF4, 0xFF, 0x02, 0x00, 0xC0, 0xFF,
    0x08, 0x00, 0x00, 0x00, 0x00, 0xFD, 0x8F, 0x00, 0x00, 0x30, 0xFF, 0x1F, 0x00, 0x00, 0x00, 0x50,
    0xFF, 0x1F, 0x00, 0x00, 0x00, 0xFB, 0xAF, 0x00, 0x00, 0x00, 0xD0, 0xFF, 0x07, 0x00, 0x00, 0x00,
    0xF2, 0xFF, 0x02, 0x00, 0x00, 0xF6, 0xEF, 0x00, 0x00, 0x00, 0x00, 0x90, 0xFF, 0x0B, 0x00, 0x00,
    0xFE, 0x6F, 0x00, 0x00, 0x00, 0x00, 0x10, 0xFF, 0x3F, 0x00, 0x70, 0xFF, 0x0D, 0x00, 0x00, 0x00,
    0x00, 0x00, 0xF8, 0xCF, 0x00, 0xF1, 0xFF, 0x04, 0x00, 0x00, 0x00, 0x00, 0x00, 0xE0, 0xFF, 0x04,
    0xF8, 0xCF, 0x00, 0x00, 0x00, 0x00, 0x00, 0x00, 0x60, 0xFF, 0x1D, 0xFF, 0x3F, 0x00, 0x00, 0x00,
    0x00, 0x00, 0x00, 0x00, 0xFD, 0xDF, 0xFF, 0x0A, 0x00, 0x00, 0x00, 0x00, 0x00, 0x00, 0x00, 0xF5,
    0xFF, 0xFF, 0x02, 0x00, 0x00, 0x00, 0x00, 0x00, 0x00, 0x00, 0xC0, 0xFF, 0x9F, 0x00, 0x00, 0x00,
    0x00, 0x00, 0x00, 0x00, 0x00, 0x40, 0xFF, 0x1F, 0x00, 0x00, 0x00, 0x00, 0x00, 0x00, 0x00, 0x00,
    0x30, 0xFF, 0x0F, 0x00, 0x00, 0x00, 0x00, 0x00, 0x00, 0x00, 0x00, 0x30, 0xFF, 0x0F, 0x00, 0x00,
    0x00, 0x00, 0x00, 0x00, 0x00, 0x00, 0x30, 0xFF, 0x0F, 0x00, 0x00, 0x00, 0x00, 0x00, 0x00, 0x00,
    0x00, 0x30, 0xFF, 0x0F, 0x00, 0x00, 0x00, 0x00, 0x00, 0x00, 0x00, 0x00, 0x30, 0xFF, 0x0F, 0x00,
    0x00, 0x00, 0x00, 0x00, 0x00, 0x00, 0x00, 0x30, 0xFF, 0x0F, 0x00, 0x00, 0x00, 0x00, 0x00, 0x00,
    0x00, 0x00, 0x30, 0xFF, 0x0F, 0x00, 0x00, 0x00, 0x00, 0x00, 0x00, 0x00, 0x00, 0x30, 0xFF, 0x0F,
    0x00, 0x00, 0x00, 0x00, 0x00, 0x00, 0x00, 0x00, 0x30, 0xFF, 0x0F, 0x00, 0x00, 0x00, 0x00, 0x00,
    0x00, 0x00, 0x00, 0x30, 0xFF, 0x0F, 0x00, 0x00, 0x00, 0x00, 0xE0, 0xFF, 0xFF, 0xFF, 0xFF, 0xFF,
    0xFF, 0xFF, 0xFF, 0x0F, 0xE0, 0xFF, 0xFF, 0xFF, 0xFF, 0xFF, 0xFF, 0xFF, 0xFF, 0x0F, 0xC0, 0xFF,
    0xDF, 0xDD, 0xDD, 0xDD, 0xDD, 0xDD, 0xDD, 0x0D, 0x20, 0xFF, 0x6F, 0x00, 0x00, 0x00, 0x00, 0x00,
    0x00, 0x00, 0x00, 0xF7, 0xFF, 0x02, 0x00, 0x00, 0x00, 0x00, 0x00, 0x00, 0x00, 0xC0, 0xFF, 0x0B,
    0x00, 0x00, 0x00, 0x00, 0x00, 0x00, 0x00, 0x20, 0xFF, 0x6F, 0x00, 0x00, 0x00, 0x00, 0x00, 0x00,
    0x00, 0x00, 0xF7, 0xFF, 0x02, 0x00, 0x00, 0x00, 0x00, 0x00, 0x00, 0x00, 0xC0, 0xFF, 0x0C, 0x00,
    0x00, 0x00, 0x00, 0x00, 0x00, 0x00, 0x20, 0xFF, 0x6F, 0x00, 0x00, 0x00, 0x00, 0x00, 0x00, 0x00,
    0x00, 0xF7, 0xFF, 0x02, 0x00, 0x00, 0x00, 0x00, 0x00, 0x00, 0x00, 0xC0, 0xFF, 0x0C, 0x00, 0x00,
    0x00, 0x00, 0x00, 0x00, 0x00, 0x20, 0xFF, 0x7F, 0x00, 0x00, 0x00, 0x00, 0x00, 0x00, 0x00, 0x00,
    0xF6, 0xFF, 0x02, 0x00, 0x00, 0x00, 0x00, 0x00, 0x00, 0x00, 0xC0, 0xFF, 0x0C, 0x00, 0x00, 0x00,
    0x00, 0x00, 0x00, 0x00, 0x20, 0xFF, 0x7F, 0x00, 0x00, 0x00, 0x00, 0x00, 0x00, 0x00, 0x00, 0xF6,
    0xFF, 0x02, 0x00, 0x00, 0x00, 0x00, 0x00, 0x00, 0x00, 0xB0, 0xFF, 0x0C, 0x00, 0x00, 0x00, 0x00,
    0x00, 0x00, 0x00, 0x20, 0xFF, 0x7F, 0x00, 0x00, 0x00, 0x00, 0x00, 0x00, 0x00, 0x00, 0xF6, 0xFF,
    0x02, 0x00, 0x00, 0x00, 0x00, 0x00, 0x00, 0x00, 0xB0, 0xFF, 0x0C, 0x00, 0x00, 0x00, 0x00, 0x00,
    0x00, 0x00, 0x10, 0xFF, 0x7F, 0x00, 0x00, 0x00, 0x00, 0x00, 0x00, 0x00, 0x00, 0xF6, 0xFF, 0x02,
    0x00, 0x00, 0x00, 0x00, 0x00, 0x00, 0x00, 0xB0, 0xFF, 0x0C, 0xD3, 0xDD, 0xDD, 0xDD, 0xDD, 0xDD,
    0xDD, 0xED, 0xFF, 0x6F, 0xF4, 0xFF, 0xFF, 0xFF, 0xFF, 0xFF, 0xFF, 0xFF, 0xFF, 0x8F, 0xF4, 0xFF,
    0xFF, 0xFF, 0xFF, 0xFF, 0xFF, 0xFF, 0xFF, 0x8F, 0xF7, 0xFF, 0xFF, 0xFF, 0x0E, 0xF7, 0xFF, 0xFF,
    0xFF, 0x0E, 0x84, 0x88, 0x98, 0xFF, 0x0E, 0x00, 0x00, 0x10, 0xFF, 0x0E, 0x00, 0x00, 0x10, 0xFF,
    0x0E, 0x00, 0x00, 0x10, 0xFF, 0x0E, 0x00, 0x00, 0x10, 0xFF, 0x0E, 0x00, 0x00, 0x10, 0xFF, 0x0E,
    0x00, 0x00, 0x10, 0xFF, 0x0E, 0x00, 0x00, 0x10, 0xFF, 0x0E, 0x00, 0x00, 0x10, 0xFF, 0x0E, 0x00,
    0x00, 0x10, 0xFF, 0x0E, 0x00, 0x00, 0x10, 0xFF, 0x0E, 0x00, 0x00, 0x10, 0xFF, 0x0E, 0x00, 0x00,
    0x10, 0xFF, 0x0E, 0x00, 0x00, 0x10, 0xFF, 0x0E, 0x00, 0x00, 0x10, 0xFF, 0x0E, 0x00, 0x00, 0x10,
    0xFF, 0x0E, 0x00, 0x00, 0x10, 0xFF, 0x0E, 0x00, 0x00, 0x10, 0xFF, 0x0E, 0x00, 0x00, 0x10, 0xFF,
    0x0E, 0x00, 0x00, 0x10, 0xFF, 0x0E, 0x00, 0x00, 0x10, 0xFF, 0x0E, 0x00, 0x00, 0x10, 0xFF, 0x0E,
    0x00, 0x00, 0x10, 0xFF, 0x0E, 0x00, 0x00, 0x10, 0xFF, 0x0E, 0x00, 0x00, 0x10, 0xFF, 0x0E, 0x00,
    0x00, 0x10, 0xFF, 0x0E, 0x00, 0x00, 0x10, 0xFF, 0x0E, 0x00, 0x00, 0x10, 0xFF, 0x0E, 0x94, 0x99,
    0x99, 0xFF, 0x0E, 0xF7, 0xFF, 0xFF, 0xFF, 0x0E, 0xF7, 0xFF, 0xFF, 0xFF, 0x0E, 0x00, 0x00, 0x00,
    0x00, 0x00, 0xFA, 0x6F, 0x00, 0x00, 0x00, 0x00, 0x00, 0xFF, 0x1F, 0x00, 0x00, 0x00, 0x00, 0x60,
    0xFF, 0x0A, 0x00, 0x00, 0x00, 0x00, 0xC0, 0xFF, 0x04, 0x00, 0x00, 0x00, 0x00, 0xF2, 0xEF, 0x00,
    0x00, 0x00, 0x00, 0x00, 0xF8, 0x8F, 0x00, 0x00, 0x00, 0x00, 0x00, 0xFD, 0x2F, 0x00, 0x00, 0x00,
    0x00, 0x40, 0xFF, 0x0C, 0x00, 0x00, 0x00, 0x00, 0xA0, 0xFF, 0x06, 0x00, 0x00, 0x00, 0x00, 0xF0,
    0xFF, 0x01, 0x00, 0x00, 0x00, 0x00, 0xF6, 0xAF, 0x00, 0x00, 0x00, 0x00, 0x00, 0xFC, 0x4F, 0x00,
    0x00, 0x00, 0x00, 0x20, 0xFF, 0x0E, 0x00, 0x00, 0x00, 0x00, 0x80, 0xFF, 0x08, 0x00, 0x00, 0x00,
    0x00, 0xD0, 0xFF, 0x02, 0x00, 0x00, 0x00, 0x00, 0xF4, 0xDF, 0x00, 0x00, 0x00, 0x00, 0x00, 0xFA,
    0x6F, 0x00, 0x00, 0x00, 0x00, 0x00, 0xFF, 0x1F, 0x00, 0x00, 0x00, 0x00, 0x60, 0xFF, 0x0A, 0x00,
    0x00, 0x00, 0x00, 0xC0, 0xFF, 0x05, 0x00, 0x00, 0x00, 0x00, 0xF2, 0xEF, 0x00, 0x00, 0x00, 0x00,
    0x00, 0xF8, 0x9F, 0x00, 0x00, 0x00, 0x00, 0x00, 0xFD, 0x3F, 0x00, 0x00, 0x00, 0x00, 0x40, 0xFF,
    0x0D, 0x00, 0x00, 0x00, 0x00, 0xA0, 0xFF, 0x07, 0x00, 0x00, 0x00, 0x00, 0xF0, 0xFF, 0x01, 0x00,
    0x00, 0x00, 0x00, 0xF6, 0xBF, 0x00, 0x00, 0x00, 0x00, 0x00, 0xF6, 0xFF, 0xFF, 0xFF, 0x0F, 0xF6,
    0xFF, 0xFF, 0xFF, 0x0F, 0xF6, 0xDF, 0x88, 0x88, 0x08, 0xF6, 0xAF, 0x00, 0x00, 0x00, 0xF6, 0xAF,
    0x00, 0x00, 0x00, 0xF6, 0xAF, 0x00, 0x00, 0x00, 0xF6, 0xAF, 0x00, 0x00, 0x00, 0xF6, 0xAF, 0x00,
    0x00, 0x00, 0xF6, 0xAF, 0x00, 0x00, 0x00, 0xF6, 0xAF, 0x00, 0x00, 0x00, 0xF6, 0xAF, 0x00, 0x00,
    0x00, 0xF6, 0xAF, 0x00, 0x00, 0x00, 0xF6, 0xAF, 0x00, 0x00, 0x00, 0xF6, 0xAF, 0x00, 0x00, 0x00,
    0xF6, 0xAF, 0x00, 0x00, 0x00, 0xF6, 0xAF, 0x00, 0x00, 0x00, 0xF6, 0xAF, 0x00, 0x00, 0x00, 0xF6,
    0xAF, 0x00, 0x00, 0x00, 0xF6, 0xAF, 0x00, 0x00, 0x00, 0xF6, 0xAF, 0x00, 0x00, 0x00, 0xF6, 0xAF,
    0x00, 0x00, 0x00, 0xF6, 0xAF, 0x00, 0x00, 0x00, 0xF6, 0xAF, 0x00, 0x00, 0x00, 0xF6, 0xAF, 0x00,
    0x00, 0x00, 0xF6, 0xAF, 0x00, 0x00, 0x00, 0xF6, 0xAF, 0x00, 0x00, 0x00, 0xF6, 0xAF, 0x00, 0x00,
    0x00, 0xF6, 0xAF, 0x00, 0x00, 0x00, 0xF6, 0xAF, 0x00, 0x00, 0x00, 0xF6, 0xAF, 0x00, 0x00, 0x00,
    0xF6, 0xDF, 0x99, 0x99, 0x09, 0xF6, 0xFF, 0xFF, 0xFF, 0x0F, 0xF6, 0xFF, 0xFF, 0xFF, 0x0F, 0x00,
    0x00, 0x00, 0x00, 0xA0, 0x9F, 0x00, 0x00, 0x00, 0x00, 0x00, 0x00, 0x00, 0x00, 0xF3, 0xFF, 0x01,
    0x00, 0x00, 0x00, 0x00, 0x00, 0x00, 0x00, 0xFB, 0xFF, 0x09, 0x00, 0x00, 0x00, 0x00, 0x00, 0x00,
    0x30, 0xFF, 0xFC, 0x1F, 0x00, 0x00, 0x00, 0x00, 0x00, 0x00, 0xC0, 0xDF, 0xF1, 0x8F, 0x00, 0x00,
    0x00, 0x00, 0x00, 0x00, 0xF4, 0x5F, 0x80, 0xFF, 0x01, 0x00, 0x00, 0x00, 0x00, 0x00, 0xFC, 0x0C,
    0x10, 0xFF, 0x07, 0x00, 0x00, 0x00, 0x00, 0x50, 0xFF, 0x04, 0x00, 0xF9, 0x0E, 0x00, 0x00, 0x00,
    0x00, 0xD0, 0xCF, 0x00, 0x00, 0xF2, 0x7F, 0x00, 0x00, 0x00, 0x00, 0xF5, 0x4F, 0x00, 0x00, 0xB0,
    0xEF, 0x00, 0x00, 0x00, 0x00, 0xFD, 0x0C, 0x00, 0x00, 0x30, 0xFF, 0x06, 0x00, 0x00, 0x60, 0xFF,
    0x04, 0x00, 0x00, 0x00, 0xFC, 0x0D, 0x00, 0x00, 0xE0, 0xCF, 0x00, 0x00, 0x00, 0x00, 0xF5, 0x5F,
    0x00, 0x00, 0xF7, 0x4F, 0x00, 0x00, 0x00, 0x00, 0xD0, 0xDF, 0x00, 0x00, 0xFE, 0x0C, 0x00, 0x00,
    0x00, 0x00, 0x60, 0xFF, 0x05, 0x70, 0xFF, 0x04, 0x00, 0x00, 0x00, 0x00, 0x00, 0xFE, 0x0C, 0xF1,
    0xCF, 0x00, 0x00, 0x00, 0x00, 0x00, 0x00, 0xF7, 0x4F, 0xFB, 0xFF, 0xFF, 0xFF, 0xFF, 0xFF, 0xFF,
    0xFF, 0x1F, 0xFB, 0xFF, 0xFF, 0xFF, 0xFF, 0xFF, 0xFF, 0xFF, 0x1F, 0x43, 0x44, 0x44, 0x44, 0x44,
    0x44, 0x44, 0x44, 0x04, 0x00, 0x00, 0xF7, 0xFF, 0x05, 0x00, 0x10, 0xFF, 0x9F, 0x00, 0x00, 0xB0,
    0xFF, 0x0B, 0x00, 0x00, 0xF6, 0xBF, 0x00, 0x00, 0x30, 0xFF, 0x0B, 0x00, 0x00, 0xE0, 0xAF, 0x00,
    0x00, 0x00, 0x00, 0x00, 0xB6, 0xFE, 0xEF, 0x9C, 0x05, 0x00, 0x00, 0x00, 0xE3, 0xFF, 0xFF, 0xFF,
    0xFF, 0xFF, 0x08, 0x00, 0x10, 0xFE, 0xFF, 0x8C, 0x97, 0xFB, 0xFF, 0x0B, 0x00, 0x80, 0xFF, 0x3E,
    0x00, 0x00, 0x00, 0xC5, 0x05, 0x00, 0xC0, 0xFF, 0x06, 0x00, 0x00, 0x00, 0x00, 0x00, 0x00, 0xF0,
    0xFF, 0x01, 0x00, 0x00, 0x00, 0x00, 0x00, 0x00, 0xF0, 0xFF, 0x00, 0x00, 0x00, 0x00, 0x00, 0x00,
    0x00, 0xF0, 0xFF, 0x00, 0x00, 0x00, 0x00, 0x00, 0x00, 0x00, 0xF0, 0xFF, 0xFF, 0xDE, 0xBC, 0x69,
    0x02, 0x00, 0x00, 0xF0, 0xFF, 0xFF, 0xFF, 0xFF, 0xFF, 0xDF, 0x05, 0x00, 0xF0, 0xFF, 0x33, 0x54,
    0x86, 0xFB, 0xFF, 0xAF, 0x00, 0xF0, 0xFF, 0x00, 0x00, 0x00, 0x00, 0xF7, 0xFF, 0x07, 0xF0, 0xFF,
    0x01, 0x00, 0x00, 0x00, 0x70, 0xFF, 0x0F, 0xF0, 0xFF, 0x03, 0x00, 0x00, 0x00, 0x00, 0xFF, 0x3F,
    0xF0, 0xFF, 0x08, 0x00, 0x00, 0x00, 0x00, 0xFF, 0x3F, 0xF0, 0xFF, 0x3F, 0x00, 0x00, 0x00, 0x20,
    0xFF, 0x2F, 0xF0, 0xEF, 0xFF, 0x06, 0x00, 0x00, 0xB1, 0xFF, 0x0E, 0xF0, 0xAF, 0xF4, 0xEF, 0x8A,
    0xA8, 0xFF, 0xFF, 0x06, 0xF0, 0x8F, 0x40, 0xFE, 0xFF, 0xFF, 0xFF, 0x8F, 0x00, 0xF0, 0x5F, 0x00,
    0x71, 0xEC, 0xFF, 0x9D, 0x03, 0x00, 0x00, 0x00, 0x00, 0x00, 0x00, 0x00, 0x00, 0x50, 0xFF, 0x0C,
    0x00, 0x00, 0x00, 0x00, 0x00, 0x00, 0x00, 0x50, 0xFF, 0x0C, 0x00, 0x00, 0x00, 0x00, 0x00, 0x00,
    0x00, 0x50, 0xFF, 0x0C, 0x00, 0x00, 0x00, 0x00, 0x00, 0x00, 0x00, 0x50, 0xFF, 0x0C, 0x00, 0x00,
    0x00, 0x00, 0x00, 0x00, 0x00, 0x50, 0xFF, 0x0C, 0x00, 0x00, 0x00, 0x00, 0x00, 0x00, 0x00, 0x50,
    0xFF, 0x0C, 0x00, 0x00, 0x00, 0x00, 0x00, 0x00, 0x00, 0x50, 0xFF, 0x0C, 0x00, 0x00, 0x00, 0x00,
    0x00, 0x00, 0x00, 0x50, 0xFF, 0x0C, 0x00, 0x00, 0x00, 0x00, 0x00, 0x00, 0x00, 0x50, 0xFF, 0x0C,
    0x00, 0x00, 0x30, 0xD9, 0xFF, 0xBE, 0x06, 0x40, 0xFF, 0x0C, 0x00, 0x00, 0xFA, 0xFF, 0xFF, 0xFF,
    0xDF, 0x43, 0xFF, 0x0C, 0x00, 0xC0, 0xFF, 0xEF, 0x9B, 0xC9, 0xFF, 0x5F, 0xFF, 0x0C, 0x00, 0xF9,
    0xFF, 0x07, 0x00, 0x00, 0x91, 0xFF, 0xFF, 0x0C, 0x20, 0xFF, 0x6F, 0x00, 0x00, 0x00, 0x00, 0xF9,
    0xFF, 0x0C, 0x80, 0xFF, 0x0D, 0x00, 0x00, 0x00, 0x00, 0xF1, 0xFF, 0x0C, 0xC0, 0xFF, 0x07, 0x00,
    0x00, 0x00, 0x00, 0xB0, 0xFF, 0x0C, 0xF0, 0xFF, 0x04, 0x00, 0x00, 0x00, 0x00, 0x70, 0xFF, 0x0C,
    0xF1, 0xFF, 0x02, 0x00, 0x00, 0x00, 0x00, 0x60, 0xFF, 0x0C, 0xF2, 0xFF, 0x01, 0x00, 0x00, 0x00,
    0x00, 0x50, 0xFF, 0x0C, 0xF2, 0xFF, 0x01, 0x00, 0x00, 0x00, 0x00, 0x50, 0xFF, 0x0C, 0xF1, 0xFF,
    0x02, 0x00, 0x00, 0x00, 0x00, 0x60, 0xFF, 0x0C, 0xF0, 0xFF, 0x04, 0x00, 0x00, 0x00, 0x00, 0x80,
    0xFF, 0x0C, 0xC0, 0xFF, 0x08, 0x00, 0x00, 0x00, 0x00, 0xB0, 0xFF, 0x0C, 0x70, 0xFF, 0x0E, 0x00,
    0x00, 0x00, 0x00, 0xF1, 0xFF, 0x0C, 0x10, 0xFF, 0x7F, 0x00, 0x00, 0x00, 0x00, 0xF9, 0xFF, 0x0C,
    0x00, 0xF8, 0xFF, 0x08, 0x00, 0x00, 0x90, 0xFF, 0xFF, 0x0C, 0x00, 0xB0, 0xFF, 0xEF, 0x9A, 0xB9,
    0xFF, 0x3F, 0xFF, 0x0C, 0x00, 0x00, 0xF9, 0xFF, 0xFF, 0xFF, 0xEF, 0x03, 0xFC, 0x0C, 0x00, 0x00,
    0x30, 0xD9, 0xFF, 0xCE, 0x07, 0x00, 0xF9, 0x0C, 0x72, 0xEB, 0xFF, 0xCF, 0x39, 0x00, 0x00, 0x00,
    0xFC, 0xFF, 0xFF, 0xFF, 0xFF, 0x2C, 0x00, 0x00, 0xF7, 0xEF, 0xBB, 0xFC, 0xFF, 0xFF, 0x04, 0x00,
    0x71, 0x02, 0x00, 0x00, 0xE5, 0xFF, 0x2F, 0x00, 0x00, 0x00, 0x00, 0x00, 0x10, 0xFE, 0xBF, 0x00,
    0x00, 0x00, 0x00, 0x00, 0x00, 0xF4, 0xFF, 0x02, 0x00, 0x00, 0x00, 0x00, 0x00, 0xD0, 0xFF, 0x07,
    0x00, 0x00, 0x00, 0x00, 0x00, 0x90, 0xFF, 0x0B, 0x00, 0x00, 0x00, 0x00, 0x00, 0x60, 0xFF, 0x0D,
    0x00, 0x00, 0x00, 0x00, 0x00, 0x50, 0xFF, 0x0E, 0x00, 0x00, 0x00, 0x00, 0x00, 0x50, 0xFF, 0x0E,
    0x00, 0x00, 0x00, 0x00, 0x00, 0x60, 0xFF, 0x0D, 0x00, 0x00, 0x00, 0x00, 0x00, 0x80, 0xFF, 0x0B,
    0x00, 0x00, 0x00, 0x00, 0x00, 0xD0, 0xFF, 0x08, 0x00, 0x00, 0x00, 0x00, 0x00, 0xF3, 0xFF, 0x03,
    0x00, 0x00, 0x00, 0x00, 0x10, 0xFD, 0xCF, 0x00, 0x67, 0x01, 0x00, 0x00, 0xD4, 0xFF, 0x3F, 0x00,
    0xFA, 0xDF, 0xAB, 0xEB, 0xFF, 0xFF, 0x06, 0x00, 0xFA, 0xFF, 0xFF, 0xFF, 0xFF, 0x4D, 0x00, 0x00,
    0x60, 0xDA, 0xFF, 0xDF, 0x5A, 0x00, 0x00, 0x00, 0xFF, 0x1F, 0x00, 0x00, 0x00, 0x00, 0x00, 0x00,
    0x00, 0xFF, 0x1F, 0x00, 0x00, 0x00, 0x00, 0x00, 0x00, 0x00, 0xFF, 0x1F, 0x00, 0x00, 0x00, 0x00,
    0x00, 0x00, 0x00, 0xFF, 0x1F, 0x00, 0x00, 0x00, 0x00, 0x00, 0x00, 0x00, 0xFF, 0x1F, 0x00, 0x00,
    0x00, 0x00, 0x00, 0x00, 0x00, 0xFF, 0x1F, 0x00, 0x00, 0x00, 0x00, 0x00, 0x00, 0x00, 0xFF, 0x1F,
    0x00, 0x00, 0x00, 0x00, 0x00, 0x00, 0x00, 0xFF, 0x1F, 0x00, 0x00, 0x00, 0x00, 0x00, 0x00, 0x00,
    0xFF, 0x1F, 0x00, 0x00, 0x00, 0x00, 0x00, 0x00, 0x00, 0xFF, 0x1F, 0x10, 0xC8, 0xFF, 0xCE, 0x18,
    0x00, 0x00, 0xFF, 0x0F, 0xF5, 0xFF, 0xFF, 0xFF, 0xFF, 0x06, 0x00, 0xFF, 0x6F, 0xFF, 0xBE, 0x99,
    0xFB, 0xFF, 0x8F, 0x00, 0xFF, 0xFF, 0x6F, 0x00, 0x00, 0x10, 0xFB, 0xFF, 0x04, 0xFF, 0xFF, 0x05,
    0x00, 0x00, 0x00, 0xC0, 0xFF, 0x0D, 0xFF, 0xDF, 0x00, 0x00, 0x00, 0x00, 0x30, 0xFF, 0x3F, 0xFF,
    0x7F, 0x00, 0x00, 0x00, 0x00, 0x00, 0xFD, 0x8F, 0xFF, 0x4F, 0x00, 0x00, 0x00, 0x00, 0x00, 0xF8,
    0xBF, 0xFF, 0x2F, 0x00, 0x00, 0x00, 0x00, 0x00, 0xF6, 0xDF, 0xFF, 0x1F, 0x00, 0x00, 0x00, 0x00,
    0x00, 0xF5, 0xEF, 0xFF, 0x1F, 0x00, 0x00, 0x00, 0x00, 0x00, 0xF5, 0xEF, 0xFF, 0x1F, 0x00, 0x00,
    0x00, 0x00, 0x00, 0xF6, 0xDF, 0xFF, 0x3F, 0x00, 0x00, 0x00, 0x00, 0x00, 0xF8, 0xBF, 0xFF, 0x6F,
    0x00, 0x00, 0x00, 0x00, 0x00, 0xFB, 0x8F, 0xFF, 0xBF, 0x00, 0x00, 0x00, 0x00, 0x20, 0xFF, 0x4F,
    0xFF, 0xFF, 0x04, 0x00, 0x00, 0x00, 0xB0, 0xFF, 0x0E, 0xFF, 0xFF, 0x5F, 0x00, 0x00, 0x10, 0xFA,
    0xFF, 0x05, 0xFF, 0x5D, 0xFF, 0xAE, 0x99, 0xFB, 0xFF, 0x9F, 0x00, 0xFF, 0x0B, 0xF5, 0xFF, 0xFF,
    0xFF, 0xFF, 0x08, 0x00, 0xFF, 0x09, 0x10, 0xC7, 0xFF, 0xCF, 0x28, 0x00, 0x00, 0x00, 0x00, 0x50,
    0xEB, 0xFF, 0xAE, 0x05, 0x00, 0x00, 0x00, 0x20, 0xFD, 0xFF, 0xFF, 0xFF, 0xDF, 0x03, 0x00, 0x00,
    0xF3, 0xFF, 0xBF, 0x88, 0xFB, 0xFF, 0x4F, 0x00, 0x00, 0xFD, 0xCF, 0x01, 0x00, 0x10, 0xFB, 0xEF,
    0x01, 0x60, 0xFF, 0x0E, 0x00, 0x00, 0x00, 0xC0, 0xFF, 0x0A, 0xD0, 0xFF, 0x06, 0x00, 0x00, 0x00,
    0x20, 0xFF, 0x1F, 0xF1, 0xFF, 0x01, 0x00, 0x00, 0x00, 0x00, 0xFC, 0x6F, 0xF4, 0xFF, 0x00, 0x00,
    0x00, 0x00, 0x00, 0xF8, 0xAF, 0xF5, 0xFF, 0x77, 0x77, 0x77, 0x77, 0x77, 0xFA, 0xCF, 0xF5, 0xFF,
    0xFF, 0xFF, 0xFF, 0xFF, 0xFF, 0xFF, 0xEF, 0xF5, 0xFF, 0xFF, 0xFF, 0xFF, 0xFF, 0xFF, 0xFF, 0xEF,
    0x00, 0x00, 0x00, 0x00, 0x00, 0x00, 0x00, 0xF5, 0xDF, 0x00, 0x00, 0x00, 0x00, 0x00, 0x00, 0x00,
    0xF7, 0xBF, 0x00, 0x00, 0x00, 0x00, 0x00, 0x00, 0x00, 0xFB, 0x7F, 0x00, 0x00, 0x00, 0x00, 0x00,
    0x00, 0x20, 0xFF, 0x2F, 0x00, 0x00, 0x00, 0x00, 0x00, 0x00, 0xD1, 0xFF, 0x0B, 0x60, 0x5A, 0x00,
    0x00, 0x00, 0x50, 0xFD, 0xEF, 0x01, 0x70, 0xFF, 0xDF, 0xAB, 0xCA, 0xFF, 0xFF, 0x3F, 0x00, 0x50,
    0xFF, 0xFF, 0xFF, 0xFF, 0xFF, 0xBF, 0x02, 0x00, 0x00, 0x61, 0xDA, 0xFF, 0xEF, 0x9C, 0x03, 0x00,
    0x00, 0xA3, 0xFD, 0xEF, 0x6B, 0x00, 0x00, 0x00, 0x00, 0xF3, 0xFF, 0xFF, 0xFF, 0x1C, 0x00, 0x00,
    0x00, 0xE0, 0x9C, 0xB9, 0xFF, 0xAF, 0x00, 0x00, 0x00, 0x00, 0x00, 0x00, 0xF5, 0xFF, 0x03, 0x00,
    0x00, 0x00, 0x00, 0x00, 0xA0, 0xFF, 0x08, 0x00, 0x00, 0x00, 0x00, 0x00, 0x60, 0xFF, 0x0B, 0x00,
    0x00, 0x00, 0x00, 0x00, 0x40, 0xFF, 0x0C, 0x00, 0x00, 0x00, 0x00, 0x00, 0x30, 0xFF, 0x0D, 0x00,
    0x00, 0x00, 0x00, 0x00, 0x30, 0xFF, 0x0D, 0x00, 0x00, 0x00, 0xF4, 0xFF, 0xFF, 0xFF, 0xEF, 0x5A,
    0x00, 0x00, 0xF4, 0xFF, 0xFF, 0xFF, 0xFF, 0xFF, 0x07, 0x00, 0x62, 0x66, 0x86, 0xFF, 0x6E, 0x66,
    0x02, 0x00, 0x00, 0x00, 0x30, 0xFF, 0x0D, 0x00, 0x00, 0x00, 0x00, 0x00, 0x30, 0xFF, 0x0D, 0x00,
    0x00, 0x00, 0x00, 0x00, 0x30, 0xFF, 0x0D, 0x00, 0x00, 0x00, 0x00, 0x00, 0x30, 0xFF, 0x0D, 0x00,
    0x00, 0x00, 0x00, 0x00, 0x30, 0xFF, 0x0D, 0x00, 0x00, 0x00, 0x00, 0x00, 0x30, 0xFF, 0x0D, 0x00,
    0x00, 0x00, 0x00, 0x00, 0x30, 0xFF, 0x0D, 0x00, 0x00, 0x00, 0x00, 0x00, 0x30, 0xFF, 0x0D, 0x00,
    0x00, 0x00, 0x00, 0x00, 0x30, 0xFF, 0x0D, 0x00, 0x00, 0x00, 0x00, 0x00, 0x30, 0xFF, 0x0D, 0x00,
    0x00, 0x00, 0x00, 0x00, 0x30, 0xFF, 0x0D, 0x00, 0x00, 0x00, 0x00, 0x00, 0x30, 0xFF, 0x0D, 0x00,
    0x00, 0x00, 0x00, 0x00, 0x30, 0xFF, 0x0D, 0x00, 0x00, 0x00, 0x00, 0x00, 0x30, 0xFF, 0x0D, 0x00,
    0x00, 0x00, 0x00, 0x00, 0x30, 0xFF, 0x0D, 0x00, 0x00, 0x00, 0x00, 0x00, 0x30, 0xFF, 0x0D, 0x00,
    0x00, 0x00, 0x00, 0x00, 0x30, 0xFF, 0x0D, 0x00, 0x00, 0xA8, 0xAA, 0xAA, 0xBA, 0xFE, 0xEF, 0x8C,
    0x01, 0x00, 0x00, 0xFE, 0xFF, 0xFF, 0xFF, 0xFF, 0xFF, 0xFF, 0x7F, 0x00, 0x00, 0x85, 0xDA, 0xFF,
    0xEF, 0x58, 0x64, 0xFB, 0xFF, 0x07, 0x00, 0x00, 0x90, 0xFF, 0x0B, 0x00, 0x00, 0x70, 0xFF, 0x2F,
    0x00, 0x00, 0xF1, 0xFF, 0x02, 0x00, 0x00, 0x00, 0xFC, 0x8F, 0x00, 0x00, 0xF5, 0xDF, 0x00, 0x00,
    0x00, 0x00, 0xF7, 0xBF, 0x00, 0x00, 0xF6, 0xCF, 0x00, 0x00, 0x00, 0x00, 0xF6, 0xDF, 0x00, 0x00,
    0xF5, 0xDF, 0x00, 0x00, 0x00, 0x00, 0xF7, 0xCF, 0x00, 0x00, 0xF2, 0xFF, 0x01, 0x00, 0x00, 0x00,
    0xFB, 0x9F, 0x00, 0x00, 0xC0, 0xFF, 0x0A, 0x00, 0x00, 0x50, 0xFF, 0x3F, 0x00, 0x00, 0x20, 0xFF,
    0xDF, 0x47, 0x53, 0xFA, 0xFF, 0x09, 0x00, 0x00, 0x00, 0xD3, 0xFF, 0xFF, 0xFF, 0xFF, 0x8F, 0x00,
    0x00, 0x00, 0x00, 0x00, 0xA5, 0xFD, 0xEF, 0xFF, 0x0B, 0x00, 0x00, 0x00, 0x00, 0x00, 0x00, 0x00,
    0x00, 0xE2, 0xBF, 0x00, 0x00, 0x00, 0x00, 0x00, 0x00, 0x00, 0x00, 0x40, 0xFF, 0x07, 0x00, 0x00,
    0x00, 0x00, 0x00, 0x00, 0x00, 0x20, 0xFF, 0x0B, 0x00, 0x00, 0x00, 0x00, 0x00, 0x00, 0x00, 0xA2,
    0xFF, 0x0A, 0x00, 0x00, 0x60, 0xEB, 0xFF, 0xFF, 0xFF, 0xFF, 0xFF, 0x03, 0x00, 0x20, 0xFD, 0xFF,
    0xFF, 0xFF, 0xFF, 0xFF, 0x6F, 0x00, 0x00, 0xD0, 0xFF, 0xFF, 0xEF, 0xEE, 0xEE, 0xFE, 0xFF, 0x3C,
    0x00, 0xF5, 0xFF, 0x28, 0x00, 0x00, 0x00, 0x10, 0xE6, 0xFF, 0x04, 0xF8, 0xBF, 0x00, 0x00, 0x00,
    0x00, 0x00, 0x30, 0xFF, 0x0E, 0xF9, 0x8F, 0x00, 0x00, 0x00, 0x00, 0x00, 0x00, 0xFC, 0x4F, 0xF7,
    0xAF, 0x00, 0x00, 0x00, 0x00, 0x00, 0x00, 0xFA, 0x6F, 0xF3, 0xFF, 0x02, 0x00, 0x00, 0x00, 0x00,
    0x00, 0xFD, 0x5F, 0xB0, 0xFF, 0x6E, 0x00, 0x00, 0x00, 0x00, 0xA0, 0xFF, 0x1F, 0x10, 0xFC, 0xFF,
    0xBF, 0x78, 0x66, 0xA7, 0xFF, 0xFF, 0x06, 0x00, 0x70, 0xFE, 0xFF, 0xFF, 0xFF, 0xFF, 0xFF, 0x5E,
    0x00, 0x00, 0x00, 0x40, 0xB8, 0xFD, 0xFF, 0xDF, 0x6A, 0x00, 0x00, 0x00, 0x00, 0x00, 0x00, 0x00,
    0x00, 0x00, 0xF5, 0xCF, 0x00, 0x00, 0x00, 0x00, 0x00, 0x00, 0x00, 0xF5, 0xCF, 0x00, 0x00, 0x00,
    0x00, 0x00, 0x00, 0x00, 0xF5, 0xCF, 0x00, 0x00, 0x00, 0x00, 0x00, 0x00, 0x00, 0xF5, 0xCF, 0x00,
    0x00, 0x00, 0x00, 0x00, 0x00, 0x00, 0xF5, 0xCF, 0x00, 0x00, 0x00, 0x00, 0x00, 0x00, 0x00, 0xF5,
    0xCF, 0x00, 0x00, 0x00, 0x00, 0x00, 0x00, 0x00, 0xF5, 0xCF, 0x00, 0x00, 0x00, 0x00, 0x00, 0x00,
    0x00, 0xF5, 0xCF, 0x00, 0x00, 0x00, 0x00, 0x00, 0x00, 0x00, 0xF5, 0xCF, 0x00, 0x00, 0xB6, 0xFE,
    0xEF, 0x5B, 0x00, 0xF5, 0xCF, 0x00, 0xD3, 0xFF, 0xFF, 0xFF, 0xFF, 0x2D, 0xF4, 0xCF, 0x10, 0xFE,
    0xFF, 0xAD, 0x99, 0xFC, 0xEF, 0xF6, 0xCF, 0x80, 0xFF, 0x5F, 0x00, 0x00, 0x10, 0xFA, 0xFE, 0xCF,
    0xE0, 0xFF, 0x08, 0x00, 0x00, 0x00, 0xA0, 0xFF, 0xCF, 0xF1, 0xFF, 0x01, 0x00, 0x00, 0x00, 0x10,
    0xFF, 0xCF, 0xF2, 0xEF, 0x00, 0x00, 0x00, 0x00, 0x00, 0xFB, 0xCF, 0xF3, 0xDF, 0x00, 0x00, 0x00,
    0x00, 0x00, 0xF8, 0xCF, 0xF3, 0xDF, 0x00, 0x00, 0x00, 0x00, 0x00, 0xF6, 0xCF, 0xF3, 0xDF, 0x00,
    0x00, 0x00, 0x00, 0x00, 0xF5, 0xCF, 0xF3, 0xDF, 0x00, 0x00, 0x00, 0x00, 0x00, 0xF5, 0xCF, 0xF3,
    0xDF, 0x00, 0x00, 0x00, 0x00, 0x00, 0xF5, 0xCF, 0xF3, 0xDF, 0x00, 0x00, 0x00, 0x00, 0x00, 0xF5,
    0xCF, 0xF3, 0xDF, 0x00, 0x00, 0x00, 0x00, 0x00, 0xF5, 0xCF, 0xF3, 0xDF, 0x00, 0x00, 0x00, 0x00,
    0x00, 0xF5, 0xCF, 0xF3, 0xDF, 0x00, 0x00, 0x00, 0x00, 0x00, 0xF5, 0xCF, 0xF3, 0xDF, 0x00, 0x00,
    0x00, 0x00, 0x00, 0xF5, 0xCF, 0xF3, 0xDF, 0x00, 0x00, 0x00, 0x00, 0x00, 0xF5, 0xCF, 0xF3, 0xDF,
    0x00, 0x00, 0x00, 0x00, 0x00, 0xF5, 0xCF, 0xF3, 0xDF, 0x00, 0x00, 0x00, 0x00, 0x00, 0xF5, 0xCF,
    0x00, 0x00, 0x00, 0xE3, 0x7F, 0x00, 0xFA, 0xFF, 0x00, 0xF9, 0xFF, 0x00, 0xD2, 0x7F, 0x00, 0x00,
    0x00, 0x00, 0x00, 0x00, 0x00, 0x00, 0x00, 0x00, 0x00, 0x00, 0x00, 0xF5, 0xCF, 0x00, 0xF5, 0xCF,
    0x00, 0xF5, 0xCF, 0x00, 0xF5, 0xCF, 0x00, 0xF5, 0xCF, 0x00, 0xF5, 0xCF, 0x00, 0xF5, 0xCF, 0x00,
    0xF5, 0xCF, 0x00, 0xF5, 0xCF, 0x00, 0xF5, 0xCF, 0x00, 0xF5, 0xCF, 0x00, 0xF5, 0xCF, 0x00, 0xF5,
    0xCF, 0x00, 0xF5, 0xCF, 0x00, 0xF5, 0xCF, 0x00, 0xF5, 0xCF, 0x00, 0xF5, 0xCF, 0x00, 0xF5, 0xCF,
    0x00, 0xF5, 0xCF, 0x00, 0xF5, 0xCF, 0x00, 0x00, 0x00, 0x00, 0x00, 0x00, 0xE3, 0x7F, 0x00, 0x00,
    0x00, 0xFA, 0xFF, 0x00, 0x00, 0x00, 0xF9, 0xFF, 0x00, 0x00, 0x00, 0xD2, 0x7F, 0x00, 0x00, 0x00,
    0x00, 0x00, 0x00, 0x00, 0x00, 0x00, 0x00, 0x00, 0x00, 0x00, 0x00, 0x00, 0x00, 0x00, 0x00, 0x00,
    0x00, 0x00, 0x00, 0x00, 0xF5, 0xCF, 0x00, 0x00, 0x00, 0xF5, 0xCF, 0x00, 0x00, 0x00, 0xF5, 0xCF,
    0x00, 0x00, 0x00, 0xF5, 0xCF, 0x00, 0x00, 0x00, 0xF5, 0xCF, 0x00, 0x00, 0x00, 0xF5, 0xCF, 0x00,
    0x00, 0x00, 0xF5, 0xCF, 0x00, 0x00, 0x00, 0xF5, 0xCF, 0x00, 0x00, 0x00, 0xF5, 0xCF, 0x00, 0x00,
    0x00, 0xF5, 0xCF, 0x00, 0x00, 0x00, 0xF5, 0xCF, 0x00, 0x00, 0x00, 0xF5, 0xCF, 0x00, 0x00, 0x00,
    0xF5, 0xCF, 0x00, 0x00, 0x00, 0xF5, 0xCF, 0x00, 0x00, 0x00, 0xF5, 0xCF, 0x00, 0x00, 0x00, 0xF5,
    0xCF, 0x00, 0x00, 0x00, 0xF5, 0xCF, 0x00, 0x00, 0x00, 0xF5, 0xCF, 0x00, 0x00, 0x00, 0xF5, 0xCF,
    0x00, 0x00, 0x00, 0xF5, 0xCF, 0x00, 0x00, 0x00, 0xF5, 0xCF, 0x00, 0x00, 0x00, 0xF5, 0xCF, 0x00,
    0x00, 0x00, 0xF5, 0xCF, 0x00, 0x00, 0x00, 0xF5, 0xCF, 0x00, 0x00, 0x00, 0xF3, 0xEF, 0x00, 0x00,
    0x00, 0xF0, 0xFF, 0x05, 0x00, 0x00, 0x90, 0xFF, 0xCF, 0xA9, 0x1D, 0x10, 0xFD, 0xFF, 0xFF, 0x1F,
    0x00, 0x70, 0xFD, 0xEF, 0x0B, 0x00, 0x00, 0x00, 0x00, 0x00, 0x00, 0x50, 0xFF, 0x0C, 0x00, 0x00,
    0x00, 0x00, 0x00, 0x00, 0x50, 0xFF, 0x0C, 0x00, 0x00, 0x00, 0x00, 0x00, 0x00, 0x50, 0xFF, 0x0C,
    0x00, 0x00, 0x00, 0x00, 0x00, 0x00, 0x50, 0xFF, 0x0C, 0x00, 0x00, 0x00, 0x00, 0x00, 0x00, 0x50,
    0xFF, 0x0C, 0x00, 0x00, 0x00, 0x00, 0x00, 0x00, 0x50, 0xFF, 0x0C, 0x00, 0x00, 0x00, 0x00, 0x00,
    0x00, 0x50, 0xFF, 0x0C, 0x00, 0x00, 0x00, 0x00, 0x00, 0x00, 0x50, 0xFF, 0x0C, 0x00, 0x00, 0x00,
    0x00, 0x00, 0x00, 0x50, 0xFF, 0x0C, 0x90, 0xFF, 0x2E, 0x00, 0x00, 0x00, 0x50, 0xFF, 0x0C, 0x00,
    0xFA, 0xDF, 0x01, 0x00, 0x00, 0x50, 0xFF, 0x0C, 0x00, 0xA0, 0xFF, 0x1D, 0x00, 0x00, 0x50, 0xFF,
    0x0C, 0x00, 0x00, 0xFB, 0xDF, 0x01, 0x00, 0x50, 0xFF, 0x0C, 0x00, 0x00, 0xB0, 0xFF, 0x0C, 0x00,
    0x50, 0xFF, 0x0C, 0x00, 0x00, 0x00, 0xFC, 0xCF, 0x00, 0x50, 0xFF, 0x0C, 0x00, 0x00, 0x00, 0xC0,
    0xFF, 0x0B, 0x40, 0xFF, 0x0C, 0x00, 0x00, 0x00, 0x10, 0xFD, 0xAF, 0x40, 0xFF, 0x0C, 0x00, 0x00,
    0x00, 0x00, 0xF2, 0xFF, 0x38, 0xFF, 0x0C, 0x00, 0x00, 0x00, 0x00, 0xF9, 0xFF, 0x7F, 0xFF, 0x0C,
    0x00, 0x00, 0x00, 0x60, 0xFF, 0xCF, 0xFF, 0xFF, 0x0C, 0x00, 0x00, 0x00, 0xF3, 0xFF, 0x07, 0xFA,
    0xFF, 0x0C, 0x00, 0x00, 0x00, 0xFD, 0xBF, 0x00, 0x90, 0xFF, 0x0C, 0x00, 0x00, 0xB0, 0xFF, 0x1E,
    0x00, 0x50, 0xFF, 0x0C, 0x00, 0x00, 0xF7, 0xFF, 0x03, 0x00, 0x50, 0xFF, 0x0C, 0x00, 0x30, 0xFF,
    0x7F, 0x00, 0x00, 0x50, 0xFF, 0x0C, 0x00, 0xE1, 0xFF, 0x0B, 0x00, 0x00, 0x50, 0xFF, 0x0C, 0x00,
    0xFB, 0xDF, 0x01, 0x00, 0x00, 0x50, 0xFF, 0x0C, 0x80, 0xFF, 0x3F, 0x00, 0x00, 0x00, 0x50, 0xFF,
    0x0C, 0xF4, 0xFF, 0x06, 0x00, 0x00, 0x00, 0x50, 0xFF, 0x0C, 0xF5, 0xCF, 0xF5, 0xCF, 0xF5, 0xCF,
    0xF5, 0xCF, 0xF5, 0xCF, 0xF5, 0xCF, 0xF5, 0xCF, 0xF5, 0xCF, 0xF5, 0xCF, 0xF5, 0xCF, 0xF5, 0xCF,
    0xF5, 0xCF, 0xF5, 0xCF, 0xF5, 0xCF, 0xF5, 0xCF, 0xF5, 0xCF, 0xF5, 0xCF, 0xF5, 0xCF, 0xF5, 0xCF,
    0xF5, 0xCF, 0xF5, 0xCF, 0xF5, 0xCF, 0xF5, 0xCF, 0xF5, 0xCF, 0xF5, 0xCF, 0xF5, 0xCF, 0xF5, 0xCF,
    0xF5, 0xCF, 0xF5, 0xCF, 0x00, 0x10, 0xC7, 0xFE, 0xCF, 0x28, 0x00, 0x00, 0x71, 0xFC, 0xFF, 0x6C,
    0x00, 0xC0, 0xCF, 0x00, 0xE3, 0xFF, 0xFF, 0xFF, 0xFF, 0x07, 0x40, 0xFE, 0xFF, 0xFF, 0xFF, 0x3E,
    0xF0, 0xCF, 0x10, 0xFE, 0xFF, 0xAD, 0xB9, 0xFE, 0x8F, 0xF1, 0xFF, 0xDF, 0x9A, 0xFB, 0xFF, 0xF4,
    0xCF, 0x80, 0xFF, 0x5F, 0x00, 0x00, 0x60, 0xFF, 0xFC, 0xFF, 0x04, 0x00, 0x00, 0xF8, 0xFF, 0xCF,
    0xD0, 0xFF, 0x08, 0x00, 0x00, 0x00, 0xF5, 0xFF, 0x7F, 0x00, 0x00, 0x00, 0x80, 0xFF, 0xCF, 0xF0,
    0xFF, 0x02, 0x00, 0x00, 0x00, 0xC0, 0xFF, 0x1F, 0x00, 0x00, 0x00, 0x00, 0xFF, 0xCF, 0xF1, 0xFF,
    0x00, 0x00, 0x00, 0x00, 0x70, 0xFF, 0x0E, 0x00, 0x00, 0x00, 0x00, 0xFA, 0xCF, 0xF1, 0xFF, 0x00,
    0x00, 0x00, 0x00, 0x40, 0xFF, 0x0D, 0x00, 0x00, 0x00, 0x00, 0xF7, 0xCF, 0xF1, 0xFF, 0x00, 0x00,
    0x00, 0x00, 0x30, 0xFF, 0x0D, 0x00, 0x00, 0x00, 0x00, 0xF6, 0xCF, 0xF1, 0xFF, 0x00, 0x00, 0x00,
    0x00, 0x30, 0xFF, 0x0D, 0x00, 0x00, 0x00, 0x00, 0xF5, 0xCF, 0xF1, 0xFF, 0x00, 0x00, 0x00, 0x00,
    0x30, 0xFF, 0x0D, 0x00, 0x00, 0x00, 0x00, 0xF5, 0xCF, 0xF1, 0xFF, 0x00, 0x00, 0x00, 0x00, 0x30,
    0xFF, 0x0D, 0x00, 0x00, 0x00, 0x00, 0xF5, 0xCF, 0xF1, 0xFF, 0x00, 0x00, 0x00, 0x00, 0x30, 0xFF,
    0x0D, 0x00, 0x00, 0x00, 0x00, 0xF5, 0xCF, 0xF1, 0xFF, 0x00, 0x00, 0x00, 0x00, 0x30, 0xFF, 0x0D,
    0x00, 0x00, 0x00, 0x00, 0xF5, 0xCF, 0xF1, 0xFF, 0x00, 0x00, 0x00, 0x00, 0x30, 0xFF, 0x0D, 0x00,
    0x00, 0x00, 0x00, 0xF5, 0xCF, 0xF1, 0xFF, 0x00, 0x00, 0x00, 0x00, 0x30, 0xFF, 0x0D, 0x00, 0x00,
    0x00, 0x00, 0xF5, 0xCF, 0xF1, 0xFF, 0x00, 0x00, 0x00, 0x00, 0x30, 0xFF, 0x0D, 0x00, 0x00, 0x00,
    0x00, 0xF5, 0xCF, 0xF1, 0xFF, 0x00, 0x00, 0x00, 0x00, 0x30, 0xFF, 0x0D, 0x00, 0x00, 0x00, 0x00,
    0xF5, 0xCF, 0xF1, 0xFF, 0x00, 0x00, 0x00, 0x00, 0x30, 0xFF, 0x0D, 0x00, 0x00, 0x00, 0x00, 0xF5,
    0xCF, 0xF1, 0xFF, 0x00, 0x00, 0x00, 0x00, 0x30, 0xFF, 0x0D, 0x00, 0x00, 0x00, 0x00, 0xF5, 0xCF,
    0x00, 0x00, 0xB6, 0xFE, 0xEF, 0x5A, 0x00, 0xC0, 0xCF, 0x00, 0xE3, 0xFF, 0xFF, 0xFF, 0xFF, 0x2C,
    0xF0, 0xCF, 0x10, 0xFE, 0xFF, 0xAE, 0xA9, 0xFC, 0xEF, 0xF3, 0xCF, 0x80, 0xFF, 0x6F, 0x00, 0x00,
    0x10, 0xFA, 0xFE, 0xCF, 0xE0, 0xFF, 0x08, 0x00, 0x00, 0x00, 0xA0, 0xFF, 0xCF, 0xF1, 0xFF, 0x01,
    0x00, 0x00, 0x00, 0x10, 0xFF, 0xCF, 0xF2, 0xEF, 0x00, 0x00, 0x00, 0x00, 0x00, 0xFB, 0xCF, 0xF3,
    0xDF, 0x00, 0x00, 0x00, 0x00, 0x00, 0xF8, 0xCF, 0xF3, 0xDF, 0x00, 0x00, 0x00, 0x00, 0x00, 0xF6,
    0xCF, 0xF3, 0xDF, 0x00, 0x00, 0x00, 0x00, 0x00, 0xF5, 0xCF, 0xF3, 0xDF, 0x00, 0x00, 0x00, 0x00,
    0x00, 0xF5, 0xCF, 0xF3, 0xDF, 0x00, 0x00, 0x00, 0x00, 0x00, 0xF5, 0xCF, 0xF3, 0xDF, 0x00, 0x00,
    0x00, 0x00, 0x00, 0xF5, 0xCF, 0xF3, 0xDF, 0x00, 0x00, 0x00, 0x00, 0x00, 0xF5, 0xCF, 0xF3, 0xDF,
    0x00, 0x00, 0x00, 0x00, 0x00, 0xF5, 0xCF, 0xF3, 0xDF, 0x00, 0x00, 0x00, 0x00, 0x00, 0xF5, 0xCF,
    0xF3, 0xDF, 0x00, 0x00, 0x00, 0x00, 0x00, 0xF5, 0xCF, 0xF3, 0xDF, 0x00, 0x00, 0x00, 0x00, 0x00,
    0xF5, 0xCF, 0xF3, 0xDF, 0x00, 0x00, 0x00, 0x00, 0x00, 0xF5, 0xCF, 0xF3, 0xDF, 0x00, 0x00, 0x00,
    0x00, 0x00, 0xF5, 0xCF, 0x00, 0x00, 0x30, 0xD9, 0xFF, 0xDF, 0x4A, 0x00, 0x00, 0x00, 0x00, 0x10,
    0xFB, 0xFF, 0xFF, 0xFF, 0xFF, 0x3D, 0x00, 0x00, 0x00, 0xE2, 0xFF, 0xDF, 0x9A, 0xDA, 0xFF, 0xFF,
    0x04, 0x00, 0x10, 0xFE, 0xDF, 0x04, 0x00, 0x00, 0xC2, 0xFF, 0x2F, 0x00, 0x90, 0xFF, 0x1E, 0x00,
    0x00, 0x00, 0x00, 0xFC, 0xBF, 0x00, 0xF1, 0xFF, 0x05, 0x00, 0x00, 0x00, 0x00, 0xF3, 0xFF, 0x02,
    0xF5, 0xEF, 0x00, 0x00, 0x00, 0x00, 0x00, 0xC0, 0xFF, 0x07, 0xF9, 0xAF, 0x00, 0x00, 0x00, 0x00,
    0x00, 0x80, 0xFF, 0x0B, 0xFB, 0x7F, 0x00, 0x00, 0x00, 0x00, 0x00, 0x60, 0xFF, 0x0D, 0xFC, 0x6F,
    0x00, 0x00, 0x00, 0x00, 0x00, 0x50, 0xFF, 0x0E, 0xFC, 0x6F, 0x00, 0x00, 0x00, 0x00, 0x00, 0x50,
    0xFF, 0x0E, 0xFB, 0x8F, 0x00, 0x00, 0x00, 0x00, 0x00, 0x60, 0xFF, 0x0C, 0xF8, 0xAF, 0x00, 0x00,
    0x00, 0x00, 0x00, 0x80, 0xFF, 0x0A, 0xF5, 0xEF, 0x00, 0x00, 0x00, 0x00, 0x00, 0xD0, 0xFF, 0x06,
    0xF0, 0xFF, 0x05, 0x00, 0x00, 0x00, 0x00, 0xF3, 0xFF, 0x01, 0x90, 0xFF, 0x1E, 0x00, 0x00, 0x00,
    0x00, 0xFD, 0xAF, 0x00, 0x10, 0xFE, 0xDF, 0x03, 0x00, 0x00, 0xC3, 0xFF, 0x1E, 0x00, 0x00, 0xE2,
    0xFF, 0xDF, 0x9A, 0xDA, 0xFF, 0xEF, 0x03, 0x00, 0x00, 0x10, 0xFB, 0xFF, 0xFF, 0xFF, 0xFF, 0x2C,
    0x00, 0x00, 0x00, 0x00, 0x30, 0xD9, 0xFF, 0xDF, 0x49, 0x00, 0x00, 0x00, 0x00, 0x00, 0x30, 0xD9,
    0xFF, 0xBE, 0x06, 0x00, 0xFD, 0x0C, 0x00, 0x10, 0xFA, 0xFF, 0xFF, 0xFF, 0xDF, 0x02, 0xFF, 0x0C,
    0x00, 0xC0, 0xFF, 0xFF, 0x9B, 0xCA, 0xFF, 0x3E, 0xFF, 0x0C, 0x00, 0xFA, 0xFF, 0x08, 0x00, 0x00,
    0xA1, 0xEF, 0xFF, 0x0C, 0x20, 0xFF, 0x8F, 0x00, 0x00, 0x00, 0x00, 0xFA, 0xFF, 0x0C, 0x80, 0xFF,
    0x0E, 0x00, 0x00, 0x00, 0x00, 0xF1, 0xFF, 0x0C, 0xC0, 0xFF, 0x08, 0x00, 0x00, 0x00, 0x00, 0xB0,
    0xFF, 0x0C, 0xF0, 0xFF, 0x04, 0x00, 0x00, 0x00, 0x00, 0x80, 0xFF, 0x0C, 0xF1, 0xFF, 0x01, 0x00,
    0x00, 0x00, 0x00, 0x60, 0xFF, 0x0C, 0xF2, 0xFF, 0x00, 0x00, 0x00, 0x00, 0x00, 0x50, 0xFF, 0x0C,
    0xF2, 0xFF, 0x00, 0x00, 0x00, 0x00, 0x00, 0x50, 0xFF, 0x0C, 0xF1, 0xFF, 0x02, 0x00, 0x00, 0x00,
    0x00, 0x60, 0xFF, 0x0C, 0xF0, 0xFF, 0x04, 0x00, 0x00, 0x00, 0x00, 0x80, 0xFF, 0x0C, 0xC0, 0xFF,
    0x08, 0x00, 0x00, 0x00, 0x00, 0xC0, 0xFF, 0x0C, 0x70, 0xFF, 0x0E, 0x00, 0x00, 0x00, 0x00, 0xF1,
    0xFF, 0x0C, 0x10, 0xFF, 0x9F, 0x00, 0x00, 0x00, 0x00, 0xFB, 0xFF, 0x0C, 0x00, 0xF8, 0xFF, 0x09,
    0x00, 0x00, 0xA1, 0xFF, 0xFF, 0x0C, 0x00, 0xC0, 0xFF, 0xFF, 0x9B, 0xC9, 0xFF, 0x5F, 0xFF, 0x0C,
    0x00, 0x00, 0xFA, 0xFF, 0xFF, 0xFF, 0xDF, 0x33, 0xFF, 0x0C, 0x00, 0x00, 0x30, 0xD9, 0xFF, 0xBE,
    0x06, 0x50, 0xFF, 0x0C, 0x00, 0x00, 0x00, 0x00, 0x00, 0x00, 0x00, 0x50, 0xFF, 0x0C, 0x00, 0x00,
    0x00, 0x00, 0x00, 0x00, 0x00, 0x50, 0xFF, 0x0C, 0x00, 0x00, 0x00, 0x00, 0x00, 0x00, 0x00, 0x50,
    0xFF, 0x0C, 0x00, 0x00, 0x00, 0x00, 0x00, 0x00, 0x00, 0x50, 0xFF, 0x0C, 0x00, 0x00, 0x00, 0x00,
    0x00, 0x00, 0x00, 0x50, 0xFF, 0x0C, 0x00, 0x00, 0x00, 0x00, 0x00, 0x00, 0x00, 0x50, 0xFF, 0x0C,
    0x00, 0x00, 0x00, 0x00, 0x00, 0x00, 0x00, 0x50, 0xFF, 0x0C, 0x00, 0x00, 0x00, 0x00, 0x00, 0x00,
    0x00, 0x50, 0xFF, 0x0C, 0x00, 0x00, 0x00, 0x00, 0x00, 0x00, 0x00, 0x50, 0xFF, 0x0C, 0xFF, 0x08,
    0x10, 0xC8, 0xFF, 0xCF, 0x18, 0x00, 0x00, 0xFF, 0x0B, 0xE4, 0xFF, 0xFF, 0xFF, 0xFF, 0x06, 0x00,
    0xFF, 0x5D, 0xFF, 0xBE, 0x99, 0xFB, 0xFF, 0x8F, 0x00, 0xFF, 0xFF, 0x7F, 0x00, 0x00, 0x10, 0xFB,
    0xFF, 0x04, 0xFF, 0xFF, 0x06, 0x00, 0x00, 0x00, 0xC0, 0xFF, 0x0D, 0xFF, 0xDF, 0x00, 0x00, 0x00,
    0x00, 0x20, 0xFF, 0x3F, 0xFF, 0x7F, 0x00, 0x00, 0x00, 0x00, 0x00, 0xFC, 0x8F, 0xFF, 0x4F, 0x00,
    0x00, 0x00, 0x00, 0x00, 0xF8, 0xBF, 0xFF, 0x2F, 0x00, 0x00, 0x00, 0x00, 0x00, 0xF5, 0xDF, 0xFF,
    0x1F, 0x00, 0x00, 0x00, 0x00, 0x00, 0xF4, 0xEF, 0xFF, 0x1F, 0x00, 0x00, 0x00, 0x00, 0x00, 0xF4,
    0xEF, 0xFF, 0x2F, 0x00, 0x00, 0x00, 0x00, 0x00, 0xF5, 0xDF, 0xFF, 0x3F, 0x00, 0x00, 0x00, 0x00,
    0x00, 0xF7, 0xBF, 0xFF, 0x7F, 0x00, 0x00, 0x00, 0x00, 0x00, 0xFB, 0x8F, 0xFF, 0xCF, 0x00, 0x00,
    0x00, 0x00, 0x10, 0xFF, 0x4F, 0xFF, 0xFF, 0x05, 0x00, 0x00, 0x00, 0xB0, 0xFF, 0x0E, 0xFF, 0xEF,
    0x6F, 0x00, 0x00, 0x10, 0xFA, 0xFF, 0x06, 0xFF, 0x4F, 0xFF, 0xBE, 0x99, 0xFB, 0xFF, 0x9F, 0x00,
    0xFF, 0x1F, 0xE4, 0xFF, 0xFF, 0xFF, 0xFF, 0x08, 0x00, 0xFF, 0x1F, 0x10, 0xC7, 0xFE, 0xDF, 0x28,
    0x00, 0x00, 0xFF, 0x1F, 0x00, 0x00, 0x00, 0x00, 0x00, 0x00, 0x00, 0xFF, 0x1F, 0x00, 0x00, 0x00,
    0x00, 0x00, 0x00, 0x00, 0xFF, 0x1F, 0x00, 0x00, 0x00, 0x00, 0x00, 0x00, 0x00, 0xFF, 0x1F, 0x00,
    0x00, 0x00, 0x00, 0x00, 0x00, 0x00, 0xFF, 0x1F, 0x00, 0x00, 0x00, 0x00, 0x00, 0x00, 0x00, 0xFF,
    0x1F, 0x00, 0x00, 0x00, 0x00, 0x00, 0x00, 0x00, 0xFF, 0x1F, 0x00, 0x00, 0x00, 0x00, 0x00, 0x00,
    0x00, 0xFF, 0x1F, 0x00, 0x00, 0x00, 0x00, 0x00, 0x00, 0x00, 0xFF, 0x1F, 0x00, 0x00, 0x00, 0x00,
    0x00, 0x00, 0x00, 0xFC, 0xEF, 0x3A, 0x00, 0xD0, 0xCF, 0xFC, 0xFF, 0xFF, 0x09, 0xE0, 0xCF, 0xEA,
    0xED, 0xFF, 0x9F, 0xF0, 0xCF, 0x00, 0x00, 0x81, 0xFF, 0xF6, 0xCF, 0x00, 0x00, 0x00, 0xF4, 0xFF,
    0xCF, 0x00, 0x00, 0x00, 0x70, 0xFF, 0xCF, 0x00, 0x00, 0x00, 0x00, 0xFE, 0xCF, 0x00, 0x00, 0x00,
    0x00, 0xF9, 0xCF, 0x00, 0x00, 0x00, 0x00, 0xF6, 0xCF, 0x00, 0x00, 0x00, 0x00, 0xF5, 0xCF, 0x00,
    0x00, 0x00, 0x00, 0xF5, 0xCF, 0x00, 0x00, 0x00, 0x00, 0xF5, 0xCF, 0x00, 0x00, 0x00, 0x00, 0xF5,
    0xCF, 0x00, 0x00, 0x00, 0x00, 0xF5, 0xCF, 0x00, 0x00, 0x00, 0x00, 0xF5, 0xCF, 0x00, 0x00, 0x00,
    0x00, 0xF5, 0xCF, 0x00, 0x00, 0x00, 0x00, 0xF5, 0xCF, 0x00, 0x00, 0x00, 0x00, 0xF5, 0xCF, 0x00,
    0x00, 0x00, 0x00, 0xF5, 0xCF, 0x00, 0x00, 0x00, 0x00, 0xF5, 0xCF, 0x00, 0x73, 0xEB, 0xFF, 0xDF,
    0x6A, 0x00, 0x00, 0xB0, 0xFF, 0xFF, 0xFF, 0xFF, 0xFF, 0x4E, 0x00, 0x70, 0xFF, 0xBF, 0x89, 0xB8,
    0xFE, 0xFF, 0x04, 0x10, 0x4A, 0x00, 0x00, 0x00, 0x90, 0xFF, 0x0C, 0x00, 0x00, 0x00, 0x00, 0x00,
    0x00, 0xFF, 0x0F, 0x00, 0x00, 0x00, 0x00, 0x00, 0x00, 0xFF, 0x0F, 0x00, 0x00, 0x00, 0x00, 0x00,
    0x80, 0xFF, 0x0D, 0x00, 0x00, 0x00, 0x00, 0x50, 0xFD, 0xFF, 0x06, 0x00, 0x00, 0x00, 0x93, 0xFF,
    0xFF, 0x7F, 0x00, 0x00, 0x00, 0xD6, 0xFF, 0xFF, 0xAF, 0x02, 0x00, 0x00, 0xE5, 0xFF, 0xFF, 0x7D,
    0x01, 0x00, 0x00, 0x60, 0xFF, 0xFF, 0x3A, 0x00, 0x00, 0x00, 0x00, 0xF1, 0xFF, 0x2C, 0x00, 0x00,
    0x00, 0x00, 0x00, 0xF5, 0xDF, 0x00, 0x00, 0x00, 0x00, 0x00, 0x00, 0xF6, 0x9F, 0x00, 0x00, 0x00,
    0x00, 0x00, 0x00, 0xF4, 0xCF, 0x00, 0x00, 0x00, 0x00, 0x00, 0x00, 0xF0, 0xFF, 0x08, 0x00, 0x00,
    0x00, 0x72, 0x1D, 0x60, 0xFF, 0xEF, 0x8B, 0x88, 0xDA, 0xFF, 0x1F, 0x00, 0xE6, 0xFF, 0xFF, 0xFF,
    0xFF, 0xFF, 0x1F, 0x00, 0x00, 0xA6, 0xFD, 0xFF, 0xCE, 0x5A, 0x00, 0x00, 0x00, 0x00, 0xF9, 0x06,
    0x00, 0x00, 0x00, 0x00, 0x00, 0xF9, 0x0A, 0x00, 0x00, 0x00, 0x00, 0x00, 0xF9, 0x0E, 0x00, 0x00,
    0x00, 0x00, 0x00, 0xF9, 0x3F, 0x00, 0x00, 0x00, 0x00, 0x00, 0xF9, 0x8F, 0x00, 0x00, 0xF8, 0xFF,
    0xFF, 0xFF, 0xFF, 0x7D, 0x01, 0xF8, 0xFF, 0xFF, 0xFF, 0xFF, 0xFF, 0x06, 0x63, 0x66, 0x66, 0xFC,
    0xBF, 0x66, 0x02, 0x00, 0x00, 0x00, 0xF9, 0x8F, 0x00, 0x00, 0x00, 0x00, 0x00, 0xF9, 0x8F, 0x00,
    0x00, 0x00, 0x00, 0x00, 0xF9, 0x8F, 0x00, 0x00, 0x00, 0x00, 0x00, 0xF9, 0x8F, 0x00, 0x00, 0x00,
    0x00, 0x00, 0xF9, 0x8F, 0x00, 0x00, 0x00, 0x00, 0x00, 0xF9, 0x8F, 0x00, 0x00, 0x00, 0x00, 0x00,
    0xF9, 0x8F, 0x00, 0x00, 0x00, 0x00, 0x00, 0xF9, 0x8F, 0x00, 0x00, 0x00, 0x00, 0x00, 0xF9, 0x8F,
    0x00, 0x00, 0x00, 0x00, 0x00, 0xF9, 0x8F, 0x00, 0x00, 0x00, 0x00, 0x00, 0xF9, 0x8F, 0x00, 0x00,
    0x00, 0x00, 0x00, 0xFA, 0x7F, 0x00, 0x00, 0x00, 0x00, 0x00, 0xFD, 0x6F, 0x00, 0x00, 0x00, 0x00,
    0x70, 0xFF, 0x3F, 0x00, 0x00, 0xA9, 0x89, 0xFC, 0xFF, 0x0C, 0x00, 0x00, 0xFA, 0xFF, 0xFF, 0xDF,
    0x02, 0x00, 0x00, 0xC5, 0xFE, 0xCF, 0x07, 0x00, 0x00, 0x00, 0xF0, 0xFF, 0x01, 0x00, 0x00, 0x00,
    0x00, 0xF2, 0xFF, 0xF0, 0xFF, 0x01, 0x00, 0x00, 0x00, 0x00, 0xF2, 0xFF, 0xF0, 0xFF, 0x01, 0x00,
    0x00, 0x00, 0x00, 0xF2, 0xFF, 0xF0, 0xFF, 0x01, 0x00, 0x00, 0x00, 0x00, 0xF2, 0xFF, 0xF0, 0xFF,
    0x01, 0x00, 0x00, 0x00, 0x00, 0xF2, 0xFF, 0xF0, 0xFF, 0x01, 0x00, 0x00, 0x00, 0x00, 0xF2, 0xFF,
    0xF0, 0xFF, 0x01, 0x00, 0x00, 0x00, 0x00, 0xF2, 0xFF, 0xF0, 0xFF, 0x01, 0x00, 0x00, 0x00, 0x00,
    0xF2, 0xFF, 0xF0, 0xFF, 0x01, 0x00, 0x00, 0x00, 0x00, 0xF2, 0xFF, 0xF0, 0xFF, 0x01, 0x00, 0x00,
    0x00, 0x00, 0xF2, 0xFF, 0xF0, 0xFF, 0x01, 0x00, 0x00, 0x00, 0x00, 0xF2, 0xFF, 0xF0, 0xFF, 0x01,
    0x00, 0x00, 0x00, 0x00, 0xF2, 0xFF, 0xF0, 0xFF, 0x03, 0x00, 0x00, 0x00, 0x00, 0xF2, 0xFF, 0xF0,
    0xFF, 0x07, 0x00, 0x00, 0x00, 0x00, 0xF3, 0xFF, 0xF0, 0xFF, 0x0C, 0x00, 0x00, 0x00, 0x00, 0xF6,
    0xDF, 0xF0, 0xFF, 0x6F, 0x00, 0x00, 0x00, 0x00, 0xFC, 0xAF, 0xF0, 0xFF, 0xFF, 0x07, 0x00, 0x00,
    0x90, 0xFF, 0x5F, 0xF0, 0xDF, 0xF6, 0xFF, 0x9B, 0xB9, 0xFE, 0xFF, 0x0C, 0xF0, 0xBF, 0x50, 0xFF,
    0xFF, 0xFF, 0xFF, 0xCF, 0x01, 0xF0, 0x8F, 0x00, 0x71, 0xEC, 0xFF, 0xAD, 0x05, 0x00, 0xFC, 0x8F,
    0x00, 0x00, 0x00, 0x00, 0x00, 0x70, 0xFF, 0x0C, 0xF6, 0xEF, 0x00, 0x00, 0x00, 0x00, 0x00, 0xD0,
    0xFF, 0x06, 0xF0, 0xFF, 0x04, 0x00, 0x00, 0x00, 0x00, 0xF3, 0xFF, 0x01, 0xA0, 0xFF, 0x0A, 0x00,
    0x00, 0x00, 0x00, 0xF9, 0xAF, 0x00, 0x30, 0xFF, 0x0F, 0x00, 0x00, 0x00, 0x00, 0xFF, 0x4F, 0x00,
    0x00, 0xFD, 0x5F, 0x00, 0x00, 0x00, 0x50, 0xFF, 0x0D, 0x00, 0x00, 0xF7, 0xBF, 0x00, 0x00, 0x00,
    0xB0, 0xFF, 0x07, 0x00, 0x00, 0xF1, 0xFF, 0x01, 0x00, 0x00, 0xF1, 0xFF, 0x01, 0x00, 0x00, 0xB0,
    0xFF, 0x07, 0x00, 0x00, 0xF7, 0xBF, 0x00, 0x00, 0x00, 0x50, 0xFF, 0x0D, 0x00, 0x00, 0xFD, 0x5F,
    0x00, 0x00, 0x00, 0x00, 0xFE, 0x3F, 0x00, 0x30, 0xFF, 0x0E, 0x00, 0x00, 0x00, 0x00, 0xF8, 0x9F,
    0x00, 0x80, 0xFF, 0x09, 0x00, 0x00, 0x00, 0x00, 0xF2, 0xEF, 0x00, 0xE0, 0xFF, 0x02, 0x00, 0x00,
    0x00, 0x00, 0xC0, 0xFF, 0x04, 0xF4, 0xCF, 0x00, 0x00, 0x00, 0x00, 0x00, 0x60, 0xFF, 0x0A, 0xF9,
    0x6F, 0x00, 0x00, 0x00, 0x00, 0x00, 0x00, 0xFF, 0x0F, 0xFE, 0x0F, 0x00, 0x00, 0x00, 0x00, 0x00,
    0x00, 0xF9, 0x7F, 0xFF, 0x0A, 0x00, 0x00, 0x00, 0x00, 0x00, 0x00, 0xF3, 0xFF, 0xFF, 0x04, 0x00,
    0x00, 0x00, 0x00, 0x00, 0x00, 0xD0, 0xFF, 0xDF, 0x00, 0x00, 0x00, 0x00, 0x00, 0x00, 0x00, 0x70,
    0xFF, 0x7F, 0x00, 0x00, 0x00, 0x00, 0xFD, 0x4F, 0x00, 0x00, 0x00, 0x00, 0xF9, 0xFF, 0x00, 0x00,
    0x00, 0x00, 0xC0, 0xFF, 0x06, 0xF9, 0x8F, 0x00, 0x00, 0x00, 0x00, 0xFE, 0xFF, 0x05, 0x00, 0x00,
    0x00, 0xF0, 0xFF, 0x02, 0xF4, 0xDF, 0x00, 0x00, 0x00, 0x30, 0xFF, 0xFF, 0x0A, 0x00, 0x00, 0x00,
    0xF4, 0xDF, 0x00, 0xF0, 0xFF, 0x01, 0x00, 0x00, 0x80, 0xFF, 0xFC, 0x0F, 0x00, 0x00, 0x00, 0xF9,
    0x9F, 0x00, 0xB0, 0xFF, 0x05, 0x00, 0x00, 0xD0, 0xEF, 0xF6, 0x5F, 0x00, 0x00, 0x00, 0xFD, 0x4F,
    0x00, 0x70, 0xFF, 0x09, 0x00, 0x00, 0xF2, 0xAF, 0xF2, 0xAF, 0x00, 0x00, 0x10, 0xFF, 0x0F, 0x00,
    0x20, 0xFF, 0x0E, 0x00, 0x00, 0xF7, 0x6F, 0xE0, 0xFF, 0x00, 0x00, 0x50, 0xFF, 0x0B, 0x00, 0x00,
    0xFE, 0x2F, 0x00, 0x00, 0xFC, 0x1F, 0x90, 0xFF, 0x04, 0x00, 0xA0, 0xFF, 0x07, 0x00, 0x00, 0xF9,
    0x6F, 0x00, 0x10, 0xFF, 0x0C, 0x40, 0xFF, 0x09, 0x00, 0xE0, 0xFF, 0x02, 0x00, 0x00, 0xF5, 0xBF,
    0x00, 0x60, 0xFF, 0x07, 0x00, 0xFE, 0x0E, 0x00, 0xF2, 0xEF, 0x00, 0x00, 0x00, 0xF1, 0xFF, 0x00,
    0xB0, 0xFF, 0x02, 0x00, 0xF9, 0x4F, 0x00, 0xF6, 0x9F, 0x00, 0x00, 0x00, 0xC0, 0xFF, 0x03, 0xF1,
    0xDF, 0x00, 0x00, 0xF4, 0x9F, 0x00, 0xFA, 0x5F, 0x00, 0x00, 0x00, 0x70, 0xFF, 0x07, 0xF5, 0x8F,
    0x00, 0x00, 0xF0, 0xEF, 0x00, 0xFE, 0x1F, 0x00, 0x00, 0x00, 0x30, 0xFF, 0x0B, 0xFA, 0x3F, 0x00,
    0x00, 0xA0, 0xFF, 0x32, 0xFF, 0x0C, 0x00, 0x00, 0x00, 0x00, 0xFE, 0x0F, 0xFE, 0x0E, 0x00, 0x00,
    0x40, 0xFF, 0x76, 0xFF, 0x07, 0x00, 0x00, 0x00, 0x00, 0xFA, 0x5F, 0xFF, 0x09, 0x00, 0x00, 0x00,
    0xFF, 0xAA, 0xFF, 0x03, 0x00, 0x00, 0x00, 0x00, 0xF5, 0xCF, 0xFF, 0x04, 0x00, 0x00, 0x00, 0xFA,
    0xDE, 0xEF, 0x00, 0x00, 0x00, 0x00, 0x00, 0xF1, 0xFF, 0xFF, 0x00, 0x00, 0x00, 0x00, 0xF5, 0xFF,
    0xAF, 0x00, 0x00, 0x00, 0x00, 0x00, 0xC0, 0xFF, 0xAF, 0x00, 0x00, 0x00, 0x00, 0xF0, 0xFF, 0x6F,
    0x00, 0x00, 0x00, 0x00, 0x00, 0x80, 0xFF, 0x5F, 0x00, 0x00, 0x00, 0x00, 0xA0, 0xFF, 0x1F, 0x00,
    0x00, 0x00, 0x60, 0xFF, 0x1F, 0x00, 0x00, 0x00, 0x00, 0xE0, 0xFF, 0x09, 0x00, 0xFB, 0xBF, 0x00,
    0x00, 0x00, 0x00, 0xFA, 0xDF, 0x00, 0x00, 0xE1, 0xFF, 0x06, 0x00, 0x00, 0x50, 0xFF, 0x2F, 0x00,
    0x00, 0x40, 0xFF, 0x2F, 0x00, 0x00, 0xE1, 0xFF, 0x06, 0x00, 0x00, 0x00, 0xF8, 0xCF, 0x00, 0x00,
    0xFB, 0xBF, 0x00, 0x00, 0x00, 0x00, 0xC0, 0xFF, 0x08, 0x60, 0xFF, 0x1E, 0x00, 0x00, 0x00, 0x00,
    0x20, 0xFF, 0x3F, 0xF2, 0xFF, 0x04, 0x00, 0x00, 0x00, 0x00, 0x00, 0xF6, 0xDF, 0xFC, 0x8F, 0x00,
    0x00, 0x00, 0x00, 0x00, 0x00, 0xA0, 0xFF, 0xFF, 0x0C, 0x00, 0x00, 0x00, 0x00, 0x00, 0x00, 0x10,
    0xFE, 0xFF, 0x02, 0x00, 0x00, 0x00, 0x00, 0x00, 0x00, 0x40, 0xFF, 0xFF, 0x06, 0x00, 0x00, 0x00,
    0x00, 0x00, 0x00, 0xE1, 0xFF, 0xFF, 0x2F, 0x00, 0x00, 0x00, 0x00, 0x00, 0x00, 0xFB, 0x9F, 0xF7,
    0xDF, 0x00, 0x00, 0x00, 0x00, 0x00, 0x70, 0xFF, 0x0D, 0xC0, 0xFF, 0x09, 0x00, 0x00, 0x00, 0x00,
    0xF3, 0xFF, 0x03, 0x20, 0xFF, 0x5F, 0x00, 0x00, 0x00, 0x00, 0xFD, 0x7F, 0x00, 0x00, 0xF6, 0xEF,
    0x01, 0x00, 0x00, 0xA0, 0xFF, 0x0C, 0x00, 0x00, 0xA0, 0xFF, 0x0B, 0x00, 0x00, 0xF5, 0xFF, 0x02,
    0x00, 0x00, 0x10, 0xFE, 0x7F, 0x00, 0x20, 0xFF, 0x6F, 0x00, 0x00, 0x00, 0x00, 0xF4, 0xFF, 0x03,
    0xC0, 0xFF, 0x0B, 0x00, 0x00, 0x00, 0x00, 0x90, 0xFF, 0x0D, 0xD0, 0xFF, 0x07, 0x00, 0x00, 0x00,
    0x00, 0x00, 0xF8, 0xCF, 0x70, 0xFF, 0x0D, 0x00, 0x00, 0x00, 0x00, 0x00, 0xFE, 0x5F, 0x10, 0xFF,
    0x3F, 0x00, 0x00, 0x00, 0x00, 0x50, 0xFF, 0x0E, 0x00, 0xFA, 0x9F, 0x00, 0x00, 0x00, 0x00, 0xB0,
    0xFF, 0x08, 0x00, 0xF4, 0xEF, 0x00, 0x00, 0x00, 0x00, 0xF1, 0xFF, 0x02, 0x00, 0xE0, 0xFF, 0x04,
    0x00, 0x00, 0x00, 0xF7, 0xBF, 0x00, 0x00, 0x80, 0xFF, 0x0A, 0x00, 0x00, 0x00, 0xFD, 0x5F, 0x00,
    0x00, 0x20, 0xFF, 0x1F, 0x00, 0x00, 0x30, 0xFF, 0x0E, 0x00, 0x00, 0x00, 0xFC, 0x6F, 0x00, 0x00,
    0xA0, 0xFF, 0x08, 0x00, 0x00, 0x00, 0xF5, 0xCF, 0x00, 0x00, 0xF0, 0xFF, 0x01, 0x00, 0x00, 0x00,
    0xF0, 0xFF, 0x02, 0x00, 0xF6, 0xBF, 0x00, 0x00, 0x00, 0x00, 0x90, 0xFF, 0x07, 0x00, 0xFC, 0x4F,
    0x00, 0x00, 0x00, 0x00, 0x30, 0xFF, 0x0D, 0x20, 0xFF, 0x0D, 0x00, 0x00, 0x00, 0x00, 0x00, 0xFD,
    0x3F, 0x80, 0xFF, 0x07, 0x00, 0x00, 0x00, 0x00, 0x00, 0xF7, 0x8F, 0xD0, 0xFF, 0x01, 0x00, 0x00,
    0x00, 0x00, 0x00, 0xF1, 0xDF, 0xF2, 0xAF, 0x00, 0x00, 0x00, 0x00, 0x00, 0x00, 0xA0, 0xFF, 0xF9,
    0x4F, 0x00, 0x00, 0x00, 0x00, 0x00, 0x00, 0x40, 0xFF, 0xFF, 0x0D, 0x00, 0x00, 0x00, 0x00, 0x00,
    0x00, 0x00, 0xFE, 0xFF, 0x07, 0x00, 0x00, 0x00, 0x00, 0x00, 0x00, 0x00, 0xF8, 0xFF, 0x01, 0x00,
    0x00, 0x00, 0x00, 0x00, 0x00, 0x00, 0xF2, 0xFF, 0x00, 0x00, 0x00, 0x00, 0x00, 0x00, 0x00, 0x00,
    0xB0, 0xFF, 0x06, 0x00, 0x00, 0x00, 0x00, 0x00, 0x00, 0x00, 0x50, 0xFF, 0x0C, 0x00, 0x00, 0x00,
    0x00, 0x00, 0x00, 0x00, 0x00, 0xFE, 0x3F, 0x00, 0x00, 0x00, 0x00, 0x00, 0x00, 0x00, 0x00, 0xF8,
    0xCF, 0x00, 0x00, 0x00, 0x00, 0x00, 0x00, 0x00, 0x00, 0xE0, 0xFF, 0x0A, 0x00, 0x00, 0x00, 0x00,
    0x00, 0x00, 0x00, 0x40, 0xFF, 0xEF, 0x8A, 0x79, 0x00, 0x00, 0x00, 0x00, 0x00, 0x00, 0xF5, 0xFF,
    0xFF, 0xAF, 0x00, 0x00, 0x00, 0x00, 0x00, 0x00, 0x20, 0xD9, 0xFF, 0x7E, 0xF1, 0xFF, 0xFF, 0xFF,
    0xFF, 0xFF, 0xFF, 0x0D, 0xF1, 0xFF, 0xFF, 0xFF, 0xFF, 0xFF, 0xFF, 0x0D, 0xD0, 0xFF, 0x6C, 0x66,
    0x66, 0x66, 0x66, 0x05, 0x30, 0xFF, 0x2F, 0x00, 0x00, 0x00, 0x00, 0x00, 0x00, 0xF7, 0xDF, 0x00,
    0x00, 0x00, 0x00, 0x00, 0x00, 0xB0, 0xFF, 0x09, 0x00, 0x00, 0x00, 0x00, 0x00, 0x10, 0xFE, 0x4F,
    0x00, 0x00, 0x00, 0x00, 0x00, 0x00, 0xF5, 0xEF, 0x01, 0x00, 0x00, 0x00, 0x00, 0x00, 0x90, 0xFF,
    0x0B, 0x00, 0x00, 0x00, 0x00, 0x00, 0x00, 0xFD, 0x7F, 0x00, 0x00, 0x00, 0x00, 0x00, 0x00, 0xF3,
    0xFF, 0x03, 0x00, 0x00, 0x00, 0x00, 0x00, 0x70, 0xFF, 0x0D, 0x00, 0x00, 0x00, 0x00, 0x00, 0x00,
    0xFB, 0x9F, 0x00, 0x00, 0x00, 0x00, 0x00, 0x00, 0xE1, 0xFF, 0x05, 0x00, 0x00, 0x00, 0x00, 0x00,
    0x40, 0xFF, 0x1E, 0x00, 0x00, 0x00, 0x00, 0x00, 0x00, 0xF9, 0xBF, 0x00, 0x00, 0x00, 0x00, 0x00,
    0x00, 0xD0, 0xFF, 0x07, 0x61, 0x66, 0x66, 0x66, 0x66, 0x96, 0xFF, 0x3F, 0xF5, 0xFF, 0xFF, 0xFF,
    0xFF, 0xFF, 0xFF, 0x8F, 0xF5, 0xFF, 0xFF, 0xFF, 0xFF, 0xFF, 0xFF, 0x8F, 0xF0, 0xBE, 0x17, 0x00,
    0x00, 0x00, 0x00, 0xF0, 0xFF, 0xFF, 0x05, 0x00, 0x00, 0x00, 0x80, 0xFB, 0xFF, 0x4F, 0x00, 0x00,
    0x00, 0x00, 0x10, 0xFB, 0xDF, 0x00, 0x00, 0x00, 0x00, 0x00, 0xF1, 0xFF, 0x03, 0x00, 0x00, 0x00,
    0x00, 0xC0, 0xFF, 0x05, 0x00, 0x00, 0x00, 0x00, 0xB0, 0xFF, 0x05, 0x00, 0x00, 0x00, 0x00, 0xB0,
    0xFF, 0x05, 0x00, 0x00, 0x00, 0x00, 0xB0, 0xFF, 0x05, 0x00, 0x00, 0x00, 0x00, 0xB0, 0xFF, 0x05,
    0x00, 0x00, 0x00, 0x00, 0xB0, 0xFF, 0x05, 0x00, 0x00, 0x00, 0x00, 0xB0, 0xFF, 0x05, 0x00, 0x00,
    0x00, 0x00, 0xA0, 0xFF, 0x06, 0x00, 0x00, 0x00, 0x00, 0x70, 0xFF, 0x0B, 0x00, 0x00, 0x00, 0x00,
    0x10, 0xFF, 0x7F, 0x00, 0x00, 0x00, 0x00, 0x00, 0xE4, 0xFF, 0xAE, 0x08, 0x00, 0x00, 0x00, 0x00,
    0xE6, 0xFF, 0x0F, 0x00, 0x00, 0x00, 0x91, 0xFF, 0xFF, 0x0F, 0x00, 0x00, 0x00, 0xFD, 0xDF, 0x15,
    0x00, 0x00, 0x00, 0x60, 0xFF, 0x0D, 0x00, 0x00, 0x00, 0x00, 0x90, 0xFF, 0x07, 0x00, 0x00, 0x00,
    0x00, 0xA0, 0xFF, 0x05, 0x00, 0x00, 0x00, 0x00, 0xB0, 0xFF, 0x05, 0x00, 0x00, 0x00, 0x00, 0xB0,
    0xFF, 0x05, 0x00, 0x00, 0x00, 0x00, 0xB0, 0xFF, 0x05, 0x00, 0x00, 0x00, 0x00, 0xB0, 0xFF, 0x05,
    0x00, 0x00, 0x00, 0x00, 0xB0, 0xFF, 0x05, 0x00, 0x00, 0x00, 0x00, 0xB0, 0xFF, 0x05, 0x00, 0x00,
    0x00, 0x00, 0xF0, 0xFF, 0x03, 0x00, 0x00, 0x00, 0x10, 0xFB, 0xEF, 0x00, 0x00, 0x00, 0x90, 0xFB,
    0xFF, 0x5F, 0x00, 0x00, 0x00, 0xF0, 0xFF, 0xFF, 0x06, 0x00, 0x00, 0x00, 0xF0, 0xBE, 0x17, 0x00,
    0x00, 0x00, 0x00, 0xFB, 0x0E, 0xFB, 0x0E, 0xFB, 0x0E, 0xFB, 0x0E, 0xFB, 0x0E, 0xFB, 0x0E, 0xFB,
    0x0E, 0xFB, 0x0E, 0xFB, 0x0E, 0xFB, 0x0E, 0xFB, 0x0E, 0xFB, 0x0E, 0xFB, 0x0E, 0xFB, 0x0E, 0xFB,
    0x0E, 0xFB, 0x0E, 0xFB, 0x0E, 0xFB, 0x0E, 0xFB, 0x0E, 0xFB, 0x0E, 0xFB, 0x0E, 0xFB, 0x0E, 0xFB,
    0x0E, 0xFB, 0x0E, 0xFB, 0x0E, 0xFB, 0x0E, 0xFB, 0x0E, 0xFB, 0x0E, 0xFB, 0x0E, 0xFB, 0x0E, 0xFB,
    0x0E, 0xFB, 0x0E, 0xFB, 0x0E, 0xFB, 0x0E, 0xFB, 0x0E, 0xFB, 0x0E, 0xFB, 0x0E, 0xFB, 0x0E, 0x00,
    0x00, 0x00, 0x00, 0x82, 0xEC, 0x0B, 0x00, 0x00, 0x00, 0x90, 0xFF, 0xFF, 0x0C, 0x00, 0x00, 0x00,
    0xF9, 0xFF, 0xAE, 0x06, 0x00, 0x00, 0x20, 0xFF, 0x8F, 0x00, 0x00, 0x00, 0x00, 0x70, 0xFF, 0x0C,
    0x00, 0x00, 0x00, 0x00, 0x90, 0xFF, 0x07, 0x00, 0x00, 0x00, 0x00, 0x90, 0xFF, 0x07, 0x00, 0x00,
    0x00, 0x00, 0x90, 0xFF, 0x07, 0x00, 0x00, 0x00, 0x00, 0x90, 0xFF, 0x07, 0x00, 0x00, 0x00, 0x00,
    0x90, 0xFF, 0x07, 0x00, 0x00, 0x00, 0x00, 0x90, 0xFF, 0x07, 0x00, 0x00, 0x00, 0x00, 0x90, 0xFF,
    0x07, 0x00, 0x00, 0x00, 0x00, 0xA0, 0xFF, 0x06, 0x00, 0x00, 0x00, 0x00, 0xE0, 0xFF, 0x03, 0x00,
    0x00, 0x00, 0x10, 0xFA, 0xCF, 0x00, 0x00, 0x00, 0x92, 0xFB, 0xFF, 0x2D, 0x00, 0x00, 0x00, 0xF3,
    0xFF, 0x5C, 0x00, 0x00, 0x00, 0x00, 0xF3, 0xFF, 0xEF, 0x06, 0x00, 0x00, 0x00, 0x00, 0x72, 0xFE,
    0x8F, 0x00, 0x00, 0x00, 0x00, 0x00, 0xF3, 0xFF, 0x01, 0x00, 0x00, 0x00, 0x00, 0xB0, 0xFF, 0x05,
    0x00, 0x00, 0x00, 0x00, 0x90, 0xFF, 0x06, 0x00, 0x00, 0x00, 0x00, 0x90, 0xFF, 0x07, 0x00, 0x00,
    0x00, 0x00, 0x90, 0xFF, 0x07, 0x00, 0x00, 0x00, 0x00, 0x90, 0xFF, 0x07, 0x00, 0x00, 0x00, 0x00,
    0x90, 0xFF, 0x07, 0x00, 0x00, 0x00, 0x00, 0x90, 0xFF, 0x07, 0x00, 0x00, 0x00, 0x00, 0x90, 0xFF,
    0x07, 0x00, 0x00, 0x00, 0x00, 0x70, 0xFF, 0x0C, 0x00, 0x00, 0x00, 0x00, 0x20, 0xFF, 0x8F, 0x00,
    0x00, 0x00, 0x00, 0x00, 0xF9, 0xFF, 0xBE, 0x06, 0x00, 0x00, 0x00, 0x90, 0xFF, 0xFF, 0x0C, 0x00,
    0x00, 0x00, 0x00, 0x82, 0xEC, 0x0B, 0x07, 0x00, 0x00, 0x00, 0x10, 0xC7, 0xFE, 0xAE, 0x02, 0x00,
    0xCC, 0x02, 0x00, 0x30, 0xFA, 0xFF, 0xFF, 0xFF, 0x6F, 0x00, 0xFB, 0xBF, 0x98, 0xFD, 0xFF, 0xEF,
    0x8A, 0xFA, 0xFF, 0x01, 0xD2, 0xFF, 0xFF, 0xFF, 0xCF, 0x05, 0x00, 0x10, 0xF9, 0x01, 0x00, 0xD8,
    0xFF, 0x9D, 0x03, 0x00, 0x00, 0x00, 0x60, 0x01,
};
const GFXglyph OpenSans18Glyphs[] = {
    { 0, 0, 10, 10, 0, 0, 0}, //  
    { 6, 27, 10, 2, 27, 81, 0}, // !
    { 11, 10, 15, 2, 27, 60, 81}, // "
    { 24, 27, 25, 1, 27, 324, 141}, // #
    { 18, 31, 22, 2, 29, 279, 465}, // $
    { 29, 27, 31, 1, 27, 405, 744}, // %
    { 26, 27, 28, 0, 27, 351, 1149}, // &
    { 4, 10, 8, 2, 27, 20, 1500}, // '
    { 10, 33, 11, 0, 27, 165, 1520}, // (
    { 9, 33, 11, 1, 27, 165, 1685}, // )
    { 19, 17, 21, 1, 29, 170, 1850}, // *
    { 19, 19, 22, 2, 23, 190, 2020}, // +
    { 7, 9, 10, 2, 4, 36, 2210}, // ,
    { 10, 3, 12, 1, 12, 15, 2246}, // -
    { 6, 5, 10, 2, 5, 15, 2261}, // .
    { 14, 27, 14, 0, 27, 189, 2276}, // /
    { 19, 27, 22, 2, 27, 270, 2465}, // 0
    { 11, 27, 22, 8, 27, 162, 2735}, // 1
    { 19, 27, 22, 2, 27, 270, 2897}, // 2
    { 19, 27, 22, 2, 27, 270, 3167}, // 3
    { 21, 27, 22, 1, 27, 297, 3437}, // 4
    { 18, 27, 22, 2, 27, 243, 3734}, // 5
    { 18, 27, 22, 2, 27, 243, 3977}, // 6
    { 19, 27, 22, 2, 27, 270, 4220}, // 7
    { 19, 27, 22, 2, 27, 270, 4490}, // 8
    { 19, 27, 22, 2, 27, 270, 4760}, // 9
    { 6, 20, 10, 2, 20, 60, 5030}, // :
    { 7, 25, 10, 2, 20, 100, 5090}, // ;
    { 19, 19, 22, 2, 24, 190, 5190}, // <
    { 18, 11, 22, 2, 19, 99, 5380}, // =
    { 19, 19, 22, 2, 24, 190, 5479}, // >
    { 16, 27, 16, 0, 27, 216, 5669}, // ?
    { 30, 30, 34, 2, 27, 450, 5885}, // @
    { 24, 27, 24, 0, 27, 324, 6335}, // A
    { 20, 27, 25, 2, 27, 270, 6659}, // B
    { 21, 27, 24, 1, 27, 297, 6929}, // C
    { 23, 27, 28, 2, 27, 324, 7226}, // D
    { 16, 27, 21, 2, 27, 216, 7550}, // E
    { 16, 27, 20, 1, 27, 216, 7766}, // F
    { 23, 27, 28, 3, 27, 324, 7982}, // G
    { 22, 27, 28, 3, 27, 297, 8306}, // H
    { 4, 27, 11, 4, 27, 54, 8603}, // I
    { 11, 34, 10, 3, 27, 204, 8657}, // J
    { 21, 27, 23, -1, 27, 297, 8861}, // K
    { 16, 27, 20, 1, 27, 216, 9158}, // L
    { 28, 27, 34, 3, 27, 378, 9374}, // M
    { 22, 27, 29, 4, 27, 297, 9752}, // N
    { 26, 27, 30, 2, 27, 351, 10049}, // O
    { 18, 27, 23, 2, 27, 243, 10400}, // P
    { 26, 33, 30, 2, 27, 429, 10643}, // Q
    { 20, 27, 23, 0, 27, 270, 11072}, // R
    { 19, 27, 21, 1, 27, 270, 11342}, // S
    { 21, 27, 21, 0, 27, 297, 11612}, // T
    { 22, 27, 28, 3, 27, 297, 11909}, // U
    { 23, 27, 23, 0, 27, 324, 12206}, // V
    { 35, 27, 35, 0, 27, 486, 12530}, // W
    { 22, 27, 22, 0, 27, 297, 13016}, // X
    { 22, 27, 21, -1, 27, 297, 13313}, // Y
    { 20, 27, 22, 1, 27, 270, 13610}, // Z
    { 9, 33, 12, 0, 27, 165, 13880}, // [
    { 14, 27, 14, 0, 27, 189, 14045}, // <backslash>
    { 10, 33, 12, 2, 27, 165, 14234}, // ]
    { 20, 17, 22, 1, 27, 170, 14399}, // ^
    { 18, 3, 17, 0, -3, 27, 14569}, // _
    { 9, 6, 11, 1, 29, 30, 14596}, // `
    { 18, 20, 21, 2, 20, 180, 14626}, // a
    { 19, 29, 23, 1, 29, 290, 14806}, // b
    { 15, 20, 18, 1, 20, 160, 15096}, // c
    { 18, 29, 23, 3, 29, 261, 15256}, // d
    { 18, 20, 21, 1, 20, 180, 15517}, // e
    { 15, 29, 13, -2, 29, 232, 15697}, // f
    { 20, 29, 21, 1, 20, 290, 15929}, // g
    { 18, 29, 23, 2, 29, 261, 16219}, // h
    { 5, 29, 10, 3, 29, 87, 16480}, // i
    { 10, 38, 10, 3, 29, 190, 16567}, // j
    { 17, 29, 20, 0, 29, 261, 16757}, // k
    { 4, 29, 10, 3, 29, 58, 17018}, // l
    { 30, 20, 35, 2, 20, 300, 17076}, // m
    { 18, 20, 23, 2, 20, 180, 17376}, // n
    { 19, 20, 23, 2, 20, 200, 17556}, // o
    { 19, 29, 23, 1, 20, 290, 17756}, // p
    { 18, 29, 23, 3, 20, 261, 18046}, // q
    { 12, 20, 16, 1, 20, 120, 18307}, // r
    { 16, 20, 18, 1, 20, 160, 18427}, // s
    { 13, 25, 14, 1, 25, 175, 18587}, // t
    { 18, 20, 23, 2, 20, 180, 18762}, // u
    { 19, 20, 19, 0, 20, 200, 18942}, // v
    { 29, 20, 29, 0, 20, 300, 19142}, // w
    { 20, 20, 20, 0, 20, 200, 19442}, // x
    { 20, 29, 19, -1, 20, 290, 19642}, // y
    { 16, 20, 18, 1, 20, 160, 19932}, // z
    { 13, 33, 14, 0, 27, 231, 20092}, // {
    { 3, 38, 21, 9, 29, 76, 20323}, // |
    { 13, 33, 14, 0, 27, 231, 20399}, // }
    { 19, 5, 22, 2, 16, 50, 20630}, // ~
};
const UnicodeInterval OpenSans18Intervals[] = {
    { 0x20, 0x7E, 0x0 },
};
const GFXfont OpenSans18 = {
    (uint8_t*)OpenSans18Bitmaps,
    (GFXglyph*)OpenSans18Glyphs,
    (UnicodeInterval*)OpenSans18Intervals,
    1,
    0,
    51,
    41,
    -11,
};
