#pragma once
#include "epd_driver.h"
const uint8_t OpenSansB18Bitmaps[23075] = {
    0xFA, 0xFF, 0xFF, 0x0B, 0xF9, 0xFF, 0xFF, 0x0A, 0xF8, 0xFF, 0xFF, 0x09, 0xF7, 0xFF, 0xFF, 0x08,
    0xF6, 0xFF, 0xFF, 0x08, 0xF5, 0xFF, 0xFF, 0x07, 0xF4, 0xFF, 0xFF, 0x06, 0xF4, 0xFF, 0xFF, 0x05,
    0xF3, 0xFF, 0xFF, 0x04, 0xF2, 0xFF, 0xFF, 0x03, 0xF1, 0xFF, 0xFF, 0x02, 0xF0, 0xFF, 0xFF, 0x01,
    0xF0, 0xFF, 0xFF, 0x01, 0xE0, 0xFF, 0xFF, 0x00, 0xD0, 0xFF, 0xFF, 0x00, 0xC0, 0xFF, 0xEF, 0x00,
    0xB0, 0xFF, 0xDF, 0x00, 0x00, 0x00, 0x00, 0x00, 0x00, 0x00, 0x00, 0x00, 0x00, 0x00, 0x00, 0x00,
    0x00, 0x42, 0x03, 0x00, 0xB0, 0xFF, 0xDF, 0x01, 0xF7, 0xFF, 0xFF, 0x09, 0xFA, 0xFF, 0xFF, 0x0D,
    0xF9, 0xFF, 0xFF, 0x0C, 0xF4, 0xFF, 0xFF, 0x07, 0x60, 0xFD, 0x7E, 0x00, 0xF6, 0xFF, 0xAF, 0x00,
    0xF9, 0xFF, 0x7F, 0xF5, 0xFF, 0x9F, 0x00, 0xF8, 0xFF, 0x6F, 0xF4, 0xFF, 0x8F, 0x00, 0xF7, 0xFF,
    0x5F, 0xF3, 0xFF, 0x7F, 0x00, 0xF6, 0xFF, 0x4F, 0xF2, 0xFF, 0x5F, 0x00, 0xF4, 0xFF, 0x3F, 0xF0,
    0xFF, 0x4F, 0x00, 0xF3, 0xFF, 0x1F, 0xF0, 0xFF, 0x3F, 0x00, 0xF2, 0xFF, 0x0F, 0xE0, 0xFF, 0x2F,
    0x00, 0xF1, 0xFF, 0x0F, 0xD0, 0xFF, 0x0F, 0x00, 0xF0, 0xFF, 0x0E, 0xC0, 0xFF, 0x0F, 0x00, 0xE0,
    0xFF, 0x0C, 0x00, 0x90, 0xFF, 0x5F, 0x00, 0xF0, 0xFF, 0x1F, 0x00, 0x00, 0x00, 0x00, 0x00, 0x70,
    0xFF, 0x8F, 0x00, 0xC0, 0xFF, 0x4F, 0x00, 0x00, 0x00, 0x00, 0x00, 0x40, 0xFF, 0xBF, 0x00, 0x90,
    0xFF, 0x7F, 0x00, 0x00, 0x00, 0x00, 0x00, 0x10, 0xFF, 0xEF, 0x00, 0x60, 0xFF, 0xAF, 0x00, 0x00,
    0x00, 0x00, 0x00, 0x00, 0xFE, 0xFF, 0x01, 0x30, 0xFF, 0xDF, 0x00, 0x00, 0x00, 0x00, 0x00, 0x00,
    0xFB, 0xFF, 0x04, 0x00, 0xFF, 0xFF, 0x00, 0x00, 0x00, 0x00, 0x00, 0x00, 0xF8, 0xFF, 0x07, 0x00,
    0xFE, 0xFF, 0x02, 0x00, 0x00, 0x00, 0x00, 0x00, 0xF6, 0xFF, 0x09, 0x00, 0xFB, 0xFF, 0x05, 0x00,
    0x00, 0x00, 0xEA, 0xEE, 0xFE, 0xFF, 0xEF, 0xEE, 0xFF, 0xFF, 0xEE, 0xEE, 0xBE, 0x00, 0xFB, 0xFF,
    0xFF, 0xFF, 0xFF, 0xFF, 0xFF, 0xFF, 0xFF, 0xFF, 0xDF, 0x00, 0xFB, 0xFF, 0xFF, 0xFF, 0xFF, 0xFF,
    0xFF, 0xFF, 0xFF, 0xFF, 0xDF, 0x00, 0xFB, 0xFF, 0xFF, 0xFF, 0xFF, 0xFF, 0xFF, 0xFF, 0xFF, 0xFF,
    0xDF, 0x00, 0x00, 0x00, 0x60, 0xFF, 0x9F, 0x00, 0xC0, 0xFF, 0x4F, 0x00, 0x00, 0x00, 0x00, 0x00,
    0x30, 0xFF, 0xDF, 0x00, 0x80, 0xFF, 0x7F, 0x00, 0x00, 0x00, 0x00, 0x00, 0x00, 0xFF, 0xFF, 0x00,
    0x50, 0xFF, 0xBF, 0x00, 0x00, 0x00, 0x00, 0x00, 0x00, 0xFC, 0xFF, 0x04, 0x10, 0xFF, 0xEF, 0x00,
    0x00, 0x00, 0x70, 0xFF, 0xFF, 0xFF, 0xFF, 0xFF, 0xFF, 0xFF, 0xFF, 0xFF, 0xFF, 0x2F, 0x70, 0xFF,
    0xFF, 0xFF, 0xFF, 0xFF, 0xFF, 0xFF, 0xFF, 0xFF, 0xFF, 0x2F, 0x70, 0xFF, 0xFF, 0xFF, 0xFF, 0xFF,
    0xFF, 0xFF, 0xFF, 0xFF, 0xFF, 0x2F, 0x60, 0xDD, 0xDD, 0xFD, 0xFF, 0xDF, 0xDD, 0xFE, 0xFF, 0xDF,
    0xDD, 0x2D, 0x00, 0x00, 0x00, 0xC0, 0xFF, 0x4F, 0x00, 0xF2, 0xFF, 0x0E, 0x00, 0x00, 0x00, 0x00,
    0x00, 0x90, 0xFF, 0x7F, 0x00, 0xF0, 0xFF, 0x1F, 0x00, 0x00, 0x00, 0x00, 0x00, 0x60, 0xFF, 0xAF,
    0x00, 0xC0, 0xFF, 0x4F, 0x00, 0x00, 0x00, 0x00, 0x00, 0x30, 0xFF, 0xDF, 0x00, 0x80, 0xFF, 0x7F,
    0x00, 0x00, 0x00, 0x00, 0x00, 0x00, 0xFF, 0xFF, 0x01, 0x50, 0xFF, 0xAF, 0x00, 0x00, 0x00, 0x00,
    0x00, 0x00, 0xFD, 0xFF, 0x04, 0x20, 0xFF, 0xDF, 0x00, 0x00, 0x00, 0x00, 0x00, 0x00, 0xF9, 0xFF,
    0x07, 0x00, 0xFF, 0xFF, 0x00, 0x00, 0x00, 0x00, 0x00, 0x00, 0xF2, 0x6F, 0x00, 0x00, 0x00, 0x00,
    0x00, 0x00, 0x00, 0x00, 0xF2, 0x6F, 0x00, 0x00, 0x00, 0x00, 0x00, 0x00, 0x00, 0x00, 0xF2, 0x6F,
    0x00, 0x00, 0x00, 0x00, 0x00, 0x30, 0xB7, 0xFD, 0xFF, 0xFF, 0xAD, 0x06, 0x00, 0x00, 0x60, 0xFE,
    0xFF, 0xFF, 0xFF, 0xFF, 0xFF, 0xFF, 0x07, 0x00, 0x70, 0xFF, 0xFF, 0xFF, 0xFF, 0xFF, 0xFF, 0xFF,
    0xBF, 0x00, 0x10, 0xFF, 0xFF, 0xFF, 0xFF, 0xFF, 0xFF, 0xFF, 0xFF, 0x08, 0x00, 0xFB, 0xFF, 0xBE,
    0xFA, 0xCF, 0xFE, 0xFF, 0xFF, 0x0F, 0x00, 0xC4, 0x16, 0x00, 0xF2, 0x6F, 0x90, 0xFF, 0xFF, 0x4F,
    0x00, 0x00, 0x00, 0x00, 0xF2, 0x6F, 0x40, 0xFF, 0xFF, 0x5F, 0x00, 0x00, 0x00, 0x00, 0xF2, 0x6F,
    0x90, 0xFF, 0xFF, 0x4F, 0x00, 0x00, 0x00, 0x00, 0xF2, 0x9F, 0xFC, 0xFF, 0xFF, 0x1F, 0x00, 0x00,
    0x00, 0x00, 0xF3, 0xFF, 0xFF, 0xFF, 0xFF, 0x09, 0x00, 0x00, 0x00, 0xA4, 0xFF, 0xFF, 0xFF, 0xFF,
    0xCF, 0x00, 0x00, 0x00, 0xD5, 0xFF, 0xFF, 0xFF, 0xFF, 0xFF, 0x09, 0x00, 0x00, 0xB1, 0xFF, 0xFF,
    0xFF, 0xFF, 0xFF, 0x3B, 0x00, 0x00, 0x10, 0xFD, 0xFF, 0xFF, 0xFF, 0xFF, 0x3A, 0x00, 0x00, 0x00,
    0xA0, 0xFF, 0xFF, 0xFF, 0xFF, 0x6F, 0x00, 0x00, 0x00, 0x00, 0xF1, 0xFF, 0xFF, 0xCF, 0xF6, 0x6F,
    0x00, 0x00, 0x00, 0x00, 0xF3, 0xFF, 0xFF, 0x0A, 0xF2, 0x6F, 0x00, 0x00, 0x00, 0x00, 0xF3, 0xFF,
    0xFF, 0x05, 0xF2, 0x6F, 0x00, 0x00, 0x00, 0x22, 0xF1, 0xFF, 0xFF, 0x0B, 0xF2, 0x6F, 0x00, 0x10,
    0xB6, 0x5F, 0xD0, 0xFF, 0xFF, 0xEF, 0xFA, 0xAF, 0xA7, 0xFD, 0xFF, 0x5F, 0x40, 0xFF, 0xFF, 0xFF,
    0xFF, 0xFF, 0xFF, 0xFF, 0xFF, 0x5F, 0x00, 0xF7, 0xFF, 0xFF, 0xFF, 0xFF, 0xFF, 0xFF, 0xFF, 0x5F,
    0x00, 0x40, 0xFD, 0xFF, 0xFF, 0xFF, 0xFF, 0xFF, 0xFF, 0x2B, 0x00, 0x00, 0x40, 0xC8, 0xFE, 0xFF,
    0xDF, 0x9B, 0x15, 0x00, 0x00, 0x00, 0x00, 0x00, 0xF2, 0x6F, 0x00, 0x00, 0x00, 0x00, 0x00, 0x00,
    0x00, 0x00, 0xF2, 0x6F, 0x00, 0x00, 0x00, 0x00, 0x00, 0x00, 0x00, 0x00, 0xF2, 0x6F, 0x00, 0x00,
    0x00, 0x00, 0x00, 0x00, 0x00, 0x00, 0xF2, 0x6F, 0x00, 0x00, 0x00, 0x00, 0x00, 0x00, 0x00, 0x80,
    0xFF, 0xDF, 0x00, 0x00, 0x00, 0x00, 0x00, 0x50, 0xEB, 0xEF, 0x5B, 0x00, 0x00, 0x00, 0x00, 0x00,
    0x10, 0xFE, 0xFF, 0x07, 0x00, 0x00, 0x00, 0x00, 0xFB, 0xFF, 0xFF, 0xFF, 0x0A, 0x00, 0x00, 0x00,
    0x00, 0x00, 0xF6, 0xFF, 0x1F, 0x00, 0x00, 0x00, 0x90, 0xFF, 0xFF, 0xFF, 0xFF, 0x7F, 0x00, 0x00,
    0x00, 0x00, 0x00, 0xD0, 0xFF, 0x9F, 0x00, 0x00, 0x00, 0xF2, 0xFF, 0xFF, 0xFE, 0xFF, 0xFF, 0x00,
    0x00, 0x00, 0x00, 0x00, 0x50, 0xFF, 0xFF, 0x02, 0x00, 0x00, 0xF8, 0xFF, 0x5F, 0x90, 0xFF, 0xFF,
    0x05, 0x00, 0x00, 0x00, 0x00, 0x00, 0xFC, 0xFF, 0x0B, 0x00, 0x00, 0xFC, 0xFF, 0x0E, 0x20, 0xFF,
    0xFF, 0x09, 0x00, 0x00, 0x00, 0x00, 0x00, 0xF3, 0xFF, 0x3F, 0x00, 0x00, 0xFF, 0xFF, 0x0B, 0x00,
    0xFF, 0xFF, 0x0B, 0x00, 0x00, 0x00, 0x00, 0x00, 0xA0, 0xFF, 0xCF, 0x00, 0x00, 0xFF, 0xFF, 0x0A,
    0x00, 0xFD, 0xFF, 0x0C, 0x00, 0x00, 0x00, 0x00, 0x00, 0x10, 0xFF, 0xFF, 0x05, 0x00, 0xFF, 0xFF,
    0x09, 0x00, 0xFD, 0xFF, 0x0D, 0x00, 0x00, 0x00, 0x00, 0x00, 0x00, 0xF8, 0xFF, 0x0E, 0x00, 0xFF,
    0xFF, 0x0A, 0x00, 0xFD, 0xFF, 0x0C, 0x00, 0x00, 0xB5, 0xFE, 0xBE, 0x05, 0xE0, 0xFF, 0x7F, 0x00,
    0xFF, 0xFF, 0x0B, 0x00, 0xFF, 0xFF, 0x0B, 0x00, 0xB0, 0xFF, 0xFF, 0xFF, 0xAF, 0x60, 0xFF, 0xFF,
    0x01, 0xFC, 0xFF, 0x0E, 0x20, 0xFF, 0xFF, 0x08, 0x00, 0xF9, 0xFF, 0xFF, 0xFF, 0xFF, 0x07, 0xFD,
    0xFF, 0x09, 0xF8, 0xFF, 0x5F, 0x80, 0xFF, 0xFF, 0x04, 0x20, 0xFF, 0xFF, 0xEF, 0xFF, 0xFF, 0x0E,
    0xF4, 0xFF, 0x2F, 0xF2, 0xFF, 0xFF, 0xFE, 0xFF, 0xEF, 0x00, 0x80, 0xFF, 0xFF, 0x05, 0xF9, 0xFF,
    0x5F, 0xB0, 0xFF, 0xBF, 0xA0, 0xFF, 0xFF, 0xFF, 0xFF, 0x5F, 0x00, 0xC0, 0xFF, 0xEF, 0x00, 0xF2,
    0xFF, 0x9F, 0x30, 0xFF, 0xFF, 0x04, 0xFC, 0xFF, 0xFF, 0xFF, 0x08, 0x00, 0xF0, 0xFF, 0xBF, 0x00,
    0xF0, 0xFF, 0xBF, 0x00, 0xFA, 0xFF, 0x0D, 0x60, 0xFC, 0xEF, 0x4B, 0x00, 0x00, 0xF0, 0xFF, 0xAF,
    0x00, 0xD0, 0xFF, 0xCF, 0x00, 0xF1, 0xFF, 0x6F, 0x00, 0x00, 0x00, 0x00, 0x00, 0x00, 0xF0, 0xFF,
    0x9F, 0x00, 0xD0, 0xFF, 0xDF, 0x00, 0x80, 0xFF, 0xEF, 0x00, 0x00, 0x00, 0x00, 0x00, 0x00, 0xF0,
    0xFF, 0xAF, 0x00, 0xD0, 0xFF, 0xCF, 0x00, 0x00, 0xFE, 0xFF, 0x07, 0x00, 0x00, 0x00, 0x00, 0x00,
    0xF0, 0xFF, 0xBF, 0x00, 0xF0, 0xFF, 0xBF, 0x00, 0x00, 0xF6, 0xFF, 0x1F, 0x00, 0x00, 0x00, 0x00,
    0x00, 0xC0, 0xFF, 0xEF, 0x00, 0xF2, 0xFF, 0x8F, 0x00, 0x00, 0xD0, 0xFF, 0x9F, 0x00, 0x00, 0x00,
    0x00, 0x00, 0x80, 0xFF, 0xFF, 0x05, 0xF8, 0xFF, 0x4F, 0x00, 0x00, 0x40, 0xFF, 0xFF, 0x02, 0x00,
    0x00, 0x00, 0x00, 0x20, 0xFF, 0xFF, 0xDF, 0xFF, 0xFF, 0x0E, 0x00, 0x00, 0x00, 0xFB, 0xFF, 0x0B,
    0x00, 0x00, 0x00, 0x00, 0x00, 0xFA, 0xFF, 0xFF, 0xFF, 0xFF, 0x05, 0x00, 0x00, 0x00, 0xF3, 0xFF,
    0x4F, 0x00, 0x00, 0x00, 0x00, 0x00, 0xC0, 0xFF, 0xFF, 0xFF, 0x8F, 0x00, 0x00, 0x00, 0x00, 0x90,
    0xFF, 0xDF, 0x00, 0x00, 0x00, 0x00, 0x00, 0x00, 0xC6, 0xFF, 0xBE, 0x04, 0x00, 0x00, 0x00, 0x00,
    0x10, 0xFF, 0xFF, 0x06, 0x00, 0x00, 0x00, 0x00, 0x00, 0x00, 0x00, 0x00, 0x00, 0x50, 0xDA, 0xFF,
    0xCE, 0x28, 0x00, 0x00, 0x00, 0x00, 0x00, 0x00, 0x00, 0x00, 0x30, 0xFE, 0xFF, 0xFF, 0xFF, 0xFF,
    0x09, 0x00, 0x00, 0x00, 0x00, 0x00, 0x00, 0x00, 0xF3, 0xFF, 0xFF, 0xFF, 0xFF, 0xFF, 0xBF, 0x00,
    0x00, 0x00, 0x00, 0x00, 0x00, 0x00, 0xFD, 0xFF, 0xFF, 0xFF, 0xFF, 0xFF, 0xFF, 0x07, 0x00, 0x00,
    0x00, 0x00, 0x00, 0x30, 0xFF, 0xFF, 0xEF, 0x67, 0xF9, 0xFF, 0xFF, 0x0E, 0x00, 0x00, 0x00, 0x00,
    0x00, 0x50, 0xFF, 0xFF, 0x2F, 0x00, 0x50, 0xFF, 0xFF, 0x1F, 0x00, 0x00, 0x00, 0x00, 0x00, 0x50,
    0xFF, 0xFF, 0x0E, 0x00, 0x10, 0xFF, 0xFF, 0x2F, 0x00, 0x00, 0x00, 0x00, 0x00, 0x30, 0xFF, 0xFF,
    0x1F, 0x00, 0x30, 0xFF, 0xFF, 0x1F, 0x00, 0x00, 0x00, 0x00, 0x00, 0x00, 0xFE, 0xFF, 0xBF, 0x00,
    0x90, 0xFF, 0xFF, 0x0D, 0x00, 0x00, 0x00, 0x00, 0x00, 0x00, 0xF6, 0xFF, 0xFF, 0x2C, 0xF3, 0xFF,
    0xFF, 0x08, 0x00, 0x00, 0x00, 0x00, 0x00, 0x00, 0xA0, 0xFF, 0xFF, 0xFF, 0xFE, 0xFF, 0xEF, 0x01,
    0x00, 0x00, 0x00, 0x00, 0x00, 0x00, 0x00, 0xFA, 0xFF, 0xFF, 0xFF, 0xFF, 0x5F, 0x00, 0x00, 0x00,
    0x00, 0x00, 0x00, 0x00, 0x00, 0x60, 0xFF, 0xFF, 0xFF, 0xFF, 0x0C, 0x00, 0x00, 0x30, 0xFF, 0xFF,
    0xAF, 0x00, 0x00, 0x00, 0xF4, 0xFF, 0xFF, 0xFF, 0xDF, 0x03, 0x00, 0x00, 0xFE, 0xFF, 0xFF, 0x00,
    0x00, 0x30, 0xFE, 0xFF, 0xFF, 0xFF, 0xFF, 0x5F, 0x00, 0x00, 0xF8, 0xFF, 0xFF, 0x06, 0x00, 0xF4,
    0xFF, 0xFF, 0xEF, 0xFF, 0xFF, 0xFF, 0x03, 0x00, 0xF1, 0xFF, 0xFF, 0x0D, 0x50, 0xFF, 0xFF, 0xFF,
    0x16, 0xFC, 0xFF, 0xFF, 0x0C, 0x00, 0x90, 0xFF, 0xFF, 0x5F, 0xF6, 0xFF, 0xFF, 0x5F, 0x00, 0xE1,
    0xFF, 0xFF, 0x3F, 0x00, 0x10, 0xFF, 0xFF, 0xFF, 0xFF, 0xFF, 0xFF, 0x04, 0x00, 0x90, 0xFF, 0xFF,
    0x6F, 0x00, 0x00, 0xF7, 0xFF, 0xFF, 0xFF, 0xFF, 0x3F, 0x00, 0x00, 0x80, 0xFF, 0xFF, 0x7F, 0x00,
    0x00, 0xB0, 0xFF, 0xFF, 0xFF, 0xEF, 0x03, 0x00, 0x00, 0xD0, 0xFF, 0xFF, 0x7F, 0x00, 0x00, 0x20,
    0xFF, 0xFF, 0xFF, 0x8F, 0x01, 0x00, 0x20, 0xFB, 0xFF, 0xFF, 0x4F, 0x00, 0x00, 0xD1, 0xFF, 0xFF,
    0xFF, 0xFF, 0xEF, 0xCC, 0xFE, 0xFF, 0xFF, 0xFF, 0x0E, 0x00, 0x10, 0xFD, 0xFF, 0xFF, 0xFF, 0xFF,
    0xFF, 0xFF, 0xFF, 0xFF, 0xFF, 0xFF, 0x05, 0x00, 0xD1, 0xFF, 0xFF, 0xEF, 0xFF, 0xFF, 0xFF, 0xFF,
    0xFF, 0xFF, 0xFF, 0x7F, 0x00, 0x10, 0xFD, 0xFF, 0xFF, 0x1D, 0xB3, 0xFF, 0xFF, 0xFF, 0xFF, 0xFF,
    0xDF, 0x04, 0x00, 0xD1, 0xFF, 0xFF, 0xDF, 0x01, 0x00, 0x61, 0xDA, 0xFF, 0xEF, 0x8C, 0x03, 0x00,
    0x00, 0xF9, 0xFF, 0x7F, 0xF8, 0xFF, 0x6F, 0xF7, 0xFF, 0x5F, 0xF6, 0xFF, 0x4F, 0xF4, 0xFF, 0x3F,
    0xF3, 0xFF, 0x1F, 0xF2, 0xFF, 0x0F, 0xF1, 0xFF, 0x0F, 0xF0, 0xFF, 0x0E, 0xE0, 0xFF, 0x0C, 0xF6,
    0xFF, 0x4F, 0x00, 0x00, 0x00, 0xB0, 0xFF, 0xEF, 0x01, 0x00, 0x00, 0x20, 0xFF, 0xFF, 0x0B, 0x00,
    0x00, 0x00, 0xF9, 0xFF, 0x4F, 0x00, 0x00, 0x00, 0xF1, 0xFF, 0xCF, 0x00, 0x00, 0x00, 0xA0, 0xFF,
    0xFF, 0x04, 0x00, 0x00, 0x40, 0xFF, 0xFF, 0x0A, 0x00, 0x00, 0x00, 0xFE, 0xFF, 0x1F, 0x00, 0x00,
    0x00, 0xF9, 0xFF, 0x5F, 0x00, 0x00, 0x00, 0xF5, 0xFF, 0xAF, 0x00, 0x00, 0x00, 0xF1, 0xFF, 0xDF,
    0x00, 0x00, 0x00, 0xE0, 0xFF, 0xFF, 0x00, 0x00, 0x00, 0xB0, 0xFF, 0xFF, 0x03, 0x00, 0x00, 0x90,
    0xFF, 0xFF, 0x05, 0x00, 0x00, 0x80, 0xFF, 0xFF, 0x06, 0x00, 0x00, 0x70, 0xFF, 0xFF, 0x07, 0x00,
    0x00, 0x70, 0xFF, 0xFF, 0x07, 0x00, 0x00, 0x70, 0xFF, 0xFF, 0x07, 0x00, 0x00, 0x80, 0xFF, 0xFF,
    0x06, 0x00, 0x00, 0x90, 0xFF, 0xFF, 0x05, 0x00, 0x00, 0xB0, 0xFF, 0xFF, 0x03, 0x00, 0x00, 0xE0,
    0xFF, 0xFF, 0x01, 0x00, 0x00, 0xF1, 0xFF, 0xEF, 0x00, 0x00, 0x00, 0xF4, 0xFF, 0xAF, 0x00, 0x00,
    0x00, 0xF9, 0xFF, 0x6F, 0x00, 0x00, 0x00, 0xFD, 0xFF, 0x1F, 0x00, 0x00, 0x30, 0xFF, 0xFF, 0x0C,
    0x00, 0x00, 0x90, 0xFF, 0xFF, 0x05, 0x00, 0x00, 0xF1, 0xFF, 0xDF, 0x00, 0x00, 0x00, 0xF8, 0xFF,
    0x5F, 0x00, 0x00, 0x20, 0xFF, 0xFF, 0x0B, 0x00, 0x00, 0xB0, 0xFF, 0xFF, 0x01, 0x00, 0x00, 0xF5,
    0xFF, 0x4F, 0x00, 0x00, 0x00, 0x00, 0x00, 0x30, 0xFF, 0xFF, 0x08, 0x00, 0x00, 0xD0, 0xFF, 0xDF,
    0x00, 0x00, 0x00, 0xF9, 0xFF, 0x4F, 0x00, 0x00, 0x20, 0xFF, 0xFF, 0x0B, 0x00, 0x00, 0xB0, 0xFF,
    0xFF, 0x03, 0x00, 0x00, 0xF2, 0xFF, 0xCF, 0x00, 0x00, 0x00, 0xF9, 0xFF, 0x6F, 0x00, 0x00, 0x00,
    0xFE, 0xFF, 0x1F, 0x00, 0x00, 0x30, 0xFF, 0xFF, 0x0B, 0x00, 0x00, 0x80, 0xFF, 0xFF, 0x07, 0x00,
    0x00, 0xB0, 0xFF, 0xFF, 0x03, 0x00, 0x00, 0xE0, 0xFF, 0xFF, 0x00, 0x00, 0x00, 0xF1, 0xFF, 0xEF,
    0x00, 0x00, 0x00, 0xF3, 0xFF, 0xCF, 0x00, 0x00, 0x00, 0xF4, 0xFF, 0xAF, 0x00, 0x00, 0x00, 0xF5,
    0xFF, 0x9F, 0x00, 0x00, 0x00, 0xF5, 0xFF, 0x9F, 0x00, 0x00, 0x00, 0xF5, 0xFF, 0x9F, 0x00, 0x00,
    0x00, 0xF4, 0xFF, 0xAF, 0x00, 0x00, 0x00, 0xF3, 0xFF, 0xBF, 0x00, 0x00, 0x00, 0xF1, 0xFF, 0xDF,
    0x00, 0x00, 0x00, 0xF0, 0xFF, 0xFF, 0x00, 0x00, 0x00, 0xC0, 0xFF, 0xFF, 0x03, 0x00, 0x00, 0x80,
    0xFF, 0xFF, 0x06, 0x00, 0x00, 0x40, 0xFF, 0xFF, 0x0B, 0x00, 0x00, 0x00, 0xFF, 0xFF, 0x0F, 0x00,
    0x00, 0x00, 0xFA, 0xFF, 0x5F, 0x00, 0x00, 0x00, 0xF3, 0xFF, 0xBF, 0x00, 0x00, 0x00, 0xC0, 0xFF,
    0xFF, 0x03, 0x00, 0x00, 0x30, 0xFF, 0xFF, 0x0A, 0x00, 0x00, 0x00, 0xFA, 0xFF, 0x3F, 0x00, 0x00,
    0x00, 0xE1, 0xFF, 0xCF, 0x00, 0x00, 0x00, 0x30, 0xFF, 0xFF, 0x07, 0x00, 0x00, 0x00, 0xB0, 0xFF,
    0xFF, 0x00, 0x00, 0x00, 0x00, 0x00, 0x00, 0x00, 0x90, 0xFF, 0xEF, 0x00, 0x00, 0x00, 0x00, 0x00,
    0x00, 0x00, 0x70, 0xFF, 0xDF, 0x00, 0x00, 0x00, 0x00, 0x00, 0x00, 0x00, 0x60, 0xFF, 0xBF, 0x00,
    0x00, 0x00, 0x00, 0x00, 0x00, 0x00, 0x40, 0xFF, 0x9F, 0x00, 0x00, 0x00, 0x00, 0xE0, 0x5A, 0x01,
    0x20, 0xFF, 0x7F, 0x00, 0x40, 0xD9, 0x03, 0xF1, 0xFF, 0xCF, 0x48, 0xFF, 0x7F, 0xB6, 0xFF, 0xFF,
    0x05, 0xF4, 0xFF, 0xFF, 0xFF, 0xFF, 0xFF, 0xFF, 0xFF, 0xFF, 0x07, 0xF6, 0xFF, 0xFF, 0xFF, 0xFF,
    0xFF, 0xFF, 0xFF, 0xFF, 0x0A, 0xC5, 0xFD, 0xFF, 0xFF, 0xFF, 0xFF, 0xFF, 0xFF, 0xCD, 0x08, 0x00,
    0x00, 0x10, 0xF9, 0xFF, 0xFF, 0x1D, 0x00, 0x00, 0x00, 0x00, 0x00, 0x30, 0xFF, 0xFF, 0xFF, 0x8F,
    0x00, 0x00, 0x00, 0x00, 0x00, 0xE1, 0xFF, 0xAF, 0xFF, 0xFF, 0x04, 0x00, 0x00, 0x00, 0x00, 0xFB,
    0xFF, 0x1F, 0xFA, 0xFF, 0x1E, 0x00, 0x00, 0x00, 0x70, 0xFF, 0xFF, 0x09, 0xF3, 0xFF, 0xBF, 0x00,
    0x00, 0x00, 0xF2, 0xFF, 0xFF, 0x01, 0xC0, 0xFF, 0xFF, 0x06, 0x00, 0x00, 0x30, 0xFC, 0x9F, 0x00,
    0x50, 0xFF, 0x5D, 0x00, 0x00, 0x00, 0x00, 0x50, 0x2D, 0x00, 0x00, 0x6C, 0x00, 0x00, 0x00, 0x00,
    0x00, 0x00, 0x00, 0x00, 0x00, 0x00, 0x00, 0x00, 0x00, 0x00, 0x00, 0x00, 0x00, 0x44, 0x44, 0x00,
    0x00, 0x00, 0x00, 0x00, 0x00, 0x00, 0x00, 0xFE, 0xFF, 0x03, 0x00, 0x00, 0x00, 0x00, 0x00, 0x00,
    0x00, 0xFE, 0xFF, 0x03, 0x00, 0x00, 0x00, 0x00, 0x00, 0x00, 0x00, 0xFE, 0xFF, 0x03, 0x00, 0x00,
    0x00, 0x00, 0x00, 0x00, 0x00, 0xFE, 0xFF, 0x03, 0x00, 0x00, 0x00, 0x00, 0x00, 0x00, 0x00, 0xFE,
    0xFF, 0x03, 0x00, 0x00, 0x00, 0x00, 0x00, 0x00, 0x00, 0xFE, 0xFF, 0x03, 0x00, 0x00, 0x00, 0x10,
    0x11, 0x11, 0x11, 0xFE, 0xFF, 0x13, 0x11, 0x11, 0x01, 0xF1, 0xFF, 0xFF, 0xFF, 0xFF, 0xFF, 0xFF,
    0xFF, 0xFF, 0x5F, 0xF1, 0xFF, 0xFF, 0xFF, 0xFF, 0xFF, 0xFF, 0xFF, 0xFF, 0x5F, 0xF1, 0xFF, 0xFF,
    0xFF, 0xFF, 0xFF, 0xFF, 0xFF, 0xFF, 0x5F, 0xF1, 0xFF, 0xFF, 0xFF, 0xFF, 0xFF, 0xFF, 0xFF, 0xFF,
    0x5F, 0x00, 0x00, 0x00, 0x00, 0xFE, 0xFF, 0x03, 0x00, 0x00, 0x00, 0x00, 0x00, 0x00, 0x00, 0xFE,
    0xFF, 0x03, 0x00, 0x00, 0x00, 0x00, 0x00, 0x00, 0x00, 0xFE, 0xFF, 0x03, 0x00, 0x00, 0x00, 0x00,
    0x00, 0x00, 0x00, 0xFE, 0xFF, 0x03, 0x00, 0x00, 0x00, 0x00, 0x00, 0x00, 0x00, 0xFE, 0xFF, 0x03,
    0x00, 0x00, 0x00, 0x00, 0x00, 0x00, 0x00, 0xFE, 0xFF, 0x03, 0x00, 0x00, 0x00, 0x00, 0x00, 0x00,
    0x00, 0xFE, 0xFF, 0x03, 0x00, 0x00, 0x00, 0x00, 0x00, 0x00, 0x00, 0x22, 0x22, 0x00, 0x00, 0x00,
    0x00, 0xF6, 0xFF, 0xFF, 0x00, 0xF3, 0xFF, 0xFF, 0x03, 0xE0, 0xFF, 0xFF, 0x06, 0x80, 0xFF, 0xFF,
    0x09, 0x20, 0xFF, 0xFF, 0x0C, 0x00, 0xFC, 0xFF, 0x0F, 0x00, 0xF5, 0xFF, 0x3F, 0x00, 0xE0, 0xFF,
    0x7F, 0x00, 0x70, 0xFF, 0xBF, 0xA0, 0xAA, 0xAA, 0xAA, 0xAA, 0x08, 0xF1, 0xFF, 0xFF, 0xFF, 0xFF,
    0x0E, 0xF1, 0xFF, 0xFF, 0xFF, 0xFF, 0x0E, 0xF1, 0xFF, 0xFF, 0xFF, 0xFF, 0x0E, 0xF1, 0xFF, 0xFF,
    0xFF, 0xFF, 0x0E, 0x00, 0x42, 0x03, 0x00, 0xB0, 0xFF, 0xDF, 0x01, 0xF7, 0xFF, 0xFF, 0x09, 0xFA,
    0xFF, 0xFF, 0x0D, 0xF9, 0xFF, 0xFF, 0x0C, 0xF4, 0xFF, 0xFF, 0x07, 0x60, 0xFD, 0x7E, 0x00, 0xF5,
    0xFF, 0xDF, 0x00, 0x00, 0x00, 0x00, 0x00, 0xE0, 0xFF, 0xFF, 0x03, 0x00, 0x00, 0x00, 0x00, 0x90,
    0xFF, 0xFF, 0x09, 0x00, 0x00, 0x00, 0x00, 0x30, 0xFF, 0xFF, 0x0E, 0x00, 0x00, 0x00, 0x00, 0x00,
    0xFD, 0xFF, 0x5F, 0x00, 0x00, 0x00, 0x00, 0x00, 0xF7, 0xFF, 0xBF, 0x00, 0x00, 0x00, 0x00, 0x00,
    0xF1, 0xFF, 0xFF, 0x01, 0x00, 0x00, 0x00, 0x00, 0xB0, 0xFF, 0xFF, 0x06, 0x00, 0x00, 0x00, 0x00,
    0x50, 0xFF, 0xFF, 0x0D, 0x00, 0x00, 0x00, 0x00, 0x00, 0xFE, 0xFF, 0x2F, 0x00, 0x00, 0x00, 0x00,
    0x00, 0xF9, 0xFF, 0x9F, 0x00, 0x00, 0x00, 0x00, 0x00, 0xF3, 0xFF, 0xEF, 0x00, 0x00, 0x00, 0x00,
    0x00, 0xD0, 0xFF, 0xFF, 0x05, 0x00, 0x00, 0x00, 0x00, 0x70, 0xFF, 0xFF, 0x0A, 0x00, 0x00, 0x00,
    0x00, 0x10, 0xFF, 0xFF, 0x1F, 0x00, 0x00, 0x00, 0x00, 0x00, 0xFB, 0xFF, 0x6F, 0x00, 0x00, 0x00,
    0x00, 0x00, 0xF5, 0xFF, 0xCF, 0x00, 0x00, 0x00, 0x00, 0x00, 0xF0, 0xFF, 0xFF, 0x02, 0x00, 0x00,
    0x00, 0x00, 0x90, 0xFF, 0xFF, 0x08, 0x00, 0x00, 0x00, 0x00, 0x30, 0xFF, 0xFF, 0x0E, 0x00, 0x00,
    0x00, 0x00, 0x00, 0xFD, 0xFF, 0x4F, 0x00, 0x00, 0x00, 0x00, 0x00, 0xF7, 0xFF, 0xAF, 0x00, 0x00,
    0x00, 0x00, 0x00, 0xF1, 0xFF, 0xFF, 0x01, 0x00, 0x00, 0x00, 0x00, 0xB0, 0xFF, 0xFF, 0x06, 0x00,
    0x00, 0x00, 0x00, 0x50, 0xFF, 0xFF, 0x0C, 0x00, 0x00, 0x00, 0x00, 0x00, 0xFF, 0xFF, 0x2F, 0x00,
    0x00, 0x00, 0x00, 0x00, 0xF9, 0xFF, 0x8F, 0x00, 0x00, 0x00, 0xA5, 0xFE, 0xEF, 0x8C, 0x02, 0x00,
    0x00, 0x00, 0x00, 0xD2, 0xFF, 0xFF, 0xFF, 0xFF, 0x8F, 0x00, 0x00, 0x00, 0x30, 0xFF, 0xFF, 0xFF,
    0xFF, 0xFF, 0xFF, 0x0A, 0x00, 0x00, 0xE1, 0xFF, 0xFF, 0xFF, 0xFF, 0xFF, 0xFF, 0x6F, 0x00, 0x00,
    0xF9, 0xFF, 0xFF, 0xBF, 0xEA, 0xFF, 0xFF, 0xFF, 0x01, 0x10, 0xFF, 0xFF, 0xEF, 0x02, 0x00, 0xFB,
    0xFF, 0xFF, 0x07, 0x60, 0xFF, 0xFF, 0x6F, 0x00, 0x00, 0xF1, 0xFF, 0xFF, 0x0C, 0xB0, 0xFF, 0xFF,
    0x0F, 0x00, 0x00, 0xA0, 0xFF, 0xFF, 0x0F, 0xE0, 0xFF, 0xFF, 0x0C, 0x00, 0x00, 0x60, 0xFF, 0xFF,
    0x3F, 0xF1, 0xFF, 0xFF, 0x09, 0x00, 0x00, 0x40, 0xFF, 0xFF, 0x6F, 0xF3, 0xFF, 0xFF, 0x07, 0x00,
    0x00, 0x20, 0xFF, 0xFF, 0x7F, 0xF4, 0xFF, 0xFF, 0x06, 0x00, 0x00, 0x10, 0xFF, 0xFF, 0x9F, 0xF5,
    0xFF, 0xFF, 0x06, 0x00, 0x00, 0x10, 0xFF, 0xFF, 0x9F, 0xF5, 0xFF, 0xFF, 0x06, 0x00, 0x00, 0x10,
    0xFF, 0xFF, 0xAF, 0xF5, 0xFF, 0xFF, 0x06, 0x00, 0x00, 0x10, 0xFF, 0xFF, 0x9F, 0xF4, 0xFF, 0xFF,
    0x06, 0x00, 0x00, 0x10, 0xFF, 0xFF, 0x9F, 0xF3, 0xFF, 0xFF, 0x07, 0x00, 0x00, 0x20, 0xFF, 0xFF,
    0x7F, 0xF1, 0xFF, 0xFF, 0x09, 0x00, 0x00, 0x40, 0xFF, 0xFF, 0x5F, 0xF0, 0xFF, 0xFF, 0x0B, 0x00,
    0x00, 0x60, 0xFF, 0xFF, 0x3F, 0xC0, 0xFF, 0xFF, 0x0F, 0x00, 0x00, 0xA0, 0xFF, 0xFF, 0x0F, 0x70,
    0xFF, 0xFF, 0x5F, 0x00, 0x00, 0xF1, 0xFF, 0xFF, 0x0B, 0x20, 0xFF, 0xFF, 0xEF, 0x02, 0x00, 0xFB,
    0xFF, 0xFF, 0x05, 0x00, 0xFB, 0xFF, 0xFF, 0xBF, 0xEA, 0xFF, 0xFF, 0xDF, 0x00, 0x00, 0xF2, 0xFF,
    0xFF, 0xFF, 0xFF, 0xFF, 0xFF, 0x4F, 0x00, 0x00, 0x50, 0xFF, 0xFF, 0xFF, 0xFF, 0xFF, 0xFF, 0x07,
    0x00, 0x00, 0x00, 0xE4, 0xFF, 0xFF, 0xFF, 0xFF, 0x6F, 0x00, 0x00, 0x00, 0x00, 0x00, 0xB6, 0xFE,
    0xEF, 0x7C, 0x01, 0x00, 0x00, 0xFB, 0xFF, 0xAF, 0x00, 0x00, 0x00, 0x00, 0xFB, 0xFF, 0xFF, 0x2D,
    0x00, 0x00, 0x00, 0xFB, 0xFF, 0xFF, 0xFF, 0x06, 0x00, 0x00, 0xFB, 0xFF, 0xFF, 0xFF, 0xAF, 0x00,
    0x00, 0xFB, 0xFF, 0xFF, 0xFF, 0xFF, 0x2D, 0x00, 0xFB, 0xFF, 0xFF, 0xFF, 0xFF, 0xFF, 0x06, 0xFB,
    0xFF, 0xEF, 0xF9, 0xFF, 0xFF, 0x7F, 0xFB, 0xFF, 0xFF, 0x60, 0xFF, 0xFF, 0x1E, 0xFB, 0xFF, 0xFF,
    0x00, 0xD3, 0xFF, 0x03, 0xFB, 0xFF, 0xFF, 0x00, 0x00, 0x6A, 0x00, 0xFB, 0xFF, 0xFF, 0x00, 0x00,
    0x00, 0x00, 0xFB, 0xFF, 0xFF, 0x00, 0x00, 0x00, 0x00, 0xFB, 0xFF, 0xFF, 0x00, 0x00, 0x00, 0x00,
    0xFB, 0xFF, 0xFF, 0x00, 0x00, 0x00, 0x00, 0xFB, 0xFF, 0xFF, 0x00, 0x00, 0x00, 0x00, 0xFB, 0xFF,
    0xFF, 0x00, 0x00, 0x00, 0x00, 0xFB, 0xFF, 0xFF, 0x00, 0x00, 0x00, 0x00, 0xFB, 0xFF, 0xFF, 0x00,
    0x00, 0x00, 0x00, 0xFB, 0xFF, 0xFF, 0x00, 0x00, 0x00, 0x00, 0xFB, 0xFF, 0xFF, 0x00, 0x00, 0x00,
    0x00, 0xFB, 0xFF, 0xFF, 0x00, 0x00, 0x00, 0x00, 0xFB, 0xFF, 0xFF, 0x00, 0x00, 0x00, 0x00, 0xFB,
    0xFF, 0xFF, 0x00, 0x00, 0x00, 0x00, 0xFB, 0xFF, 0xFF, 0x00, 0x00, 0x00, 0x00, 0xFB, 0xFF, 0xFF,
    0x00, 0x00, 0x00, 0x00, 0xFB, 0xFF, 0xFF, 0x00, 0x00, 0x00, 0x00, 0xFB, 0xFF, 0xFF, 0x00, 0x00,
    0x00, 0x00, 0x00, 0x00, 0x20, 0xC8, 0xFE, 0xEF, 0x9C, 0x04, 0x00, 0x00, 0x00, 0x00, 0xF9, 0xFF,
    0xFF, 0xFF, 0xFF, 0xDF, 0x05, 0x00, 0x00, 0xC0, 0xFF, 0xFF, 0xFF, 0xFF, 0xFF, 0xFF, 0xBF, 0x01,
    0x00, 0xFA, 0xFF, 0xFF, 0xFF, 0xFF, 0xFF, 0xFF, 0xFF, 0x2E, 0x30, 0xFF, 0xFF, 0xFF, 0xDF, 0xEC,
    0xFF, 0xFF, 0xFF, 0x1E, 0x80, 0xFF, 0xFF, 0xDF, 0x02, 0x00, 0x92, 0xFF, 0xFF, 0x03, 0xA0, 0xFF,
    0xFF, 0x4F, 0x00, 0x00, 0x00, 0xD2, 0x5F, 0x00, 0xB0, 0xFF, 0xFF, 0x0F, 0x00, 0x00, 0x00, 0x00,
    0x04, 0x00, 0x90, 0xFF, 0xFF, 0x0F, 0x00, 0x00, 0x00, 0x00, 0x00, 0x00, 0x60, 0xFF, 0xFF, 0x3F,
    0x00, 0x00, 0x00, 0x00, 0x00, 0x00, 0x20, 0xFF, 0xFF, 0xAF, 0x00, 0x00, 0x00, 0x00, 0x00, 0x00,
    0x00, 0xFA, 0xFF, 0xFF, 0x04, 0x00, 0x00, 0x00, 0x00, 0x00, 0x00, 0xF1, 0xFF, 0xFF, 0x2E, 0x00,
    0x00, 0x00, 0x00, 0x00, 0x00, 0x50, 0xFF, 0xFF, 0xDF, 0x01, 0x00, 0x00, 0x00, 0x00, 0x00, 0x00,
    0xF7, 0xFF, 0xFF, 0x1D, 0x00, 0x00, 0x00, 0x00, 0x00, 0x00, 0x80, 0xFF, 0xFF, 0xCF, 0x01, 0x00,
    0x00, 0x00, 0x00, 0x00, 0x00, 0xF8, 0xFF, 0xFF, 0x1C, 0x00, 0x00, 0x00, 0x00, 0x00, 0x00, 0x70,
    0xFF, 0xFF, 0xCF, 0x01, 0x00, 0x00, 0x00, 0x00, 0x00, 0x00, 0xF6, 0xFF, 0xFF, 0x1D, 0x00, 0x00,
    0x00, 0x00, 0x00, 0x00, 0x50, 0xFF, 0xFF, 0xDF, 0x01, 0x00, 0x00, 0x00, 0x00, 0x00, 0x00, 0xF4,
    0xFF, 0xFF, 0x1D, 0x00, 0x00, 0x00, 0x00, 0x00, 0x00, 0x30, 0xFE, 0xFF, 0xDF, 0x01, 0xD6, 0xDD,
    0xDD, 0xDD, 0xDD, 0xDD, 0xFF, 0xFF, 0xFF, 0x1D, 0xF7, 0xFF, 0xFF, 0xFF, 0xFF, 0xFF, 0xFF, 0xFF,
    0xFF, 0x7F, 0xF7, 0xFF, 0xFF, 0xFF, 0xFF, 0xFF, 0xFF, 0xFF, 0xFF, 0x7F, 0xF7, 0xFF, 0xFF, 0xFF,
    0xFF, 0xFF, 0xFF, 0xFF, 0xFF, 0x7F, 0xF7, 0xFF, 0xFF, 0xFF, 0xFF, 0xFF, 0xFF, 0xFF, 0xFF, 0x7F,
    0x00, 0x00, 0x20, 0xB7, 0xFE, 0xFF, 0xCE, 0x59, 0x00, 0x00, 0x00, 0x10, 0xFA, 0xFF, 0xFF, 0xFF,
    0xFF, 0xFF, 0x8E, 0x01, 0x00, 0xE2, 0xFF, 0xFF, 0xFF, 0xFF, 0xFF, 0xFF, 0xFF, 0x3E, 0x00, 0xFC,
    0xFF, 0xFF, 0xFF, 0xFF, 0xFF, 0xFF, 0xFF, 0x1E, 0x30, 0xFF, 0xFF, 0xFF, 0xCF, 0xAA, 0xFC, 0xFF,
    0xFF, 0x04, 0x60, 0xFF, 0xFF, 0xEF, 0x02, 0x00, 0x00, 0xD5, 0x9F, 0x00, 0x60, 0xFF, 0xFF, 0x5F,
    0x00, 0x00, 0x00, 0x00, 0x06, 0x00, 0x40, 0xFF, 0xFF, 0x3F, 0x00, 0x00, 0x00, 0x00, 0x00, 0x00,
    0x00, 0xFE, 0xFF, 0x7F, 0x00, 0x00, 0x00, 0x00, 0x00, 0x00, 0x00, 0xF6, 0xFF, 0xEF, 0x04, 0x00,
    0x00, 0x00, 0x00, 0x00, 0x00, 0x80, 0xFF, 0xFF, 0xDF, 0x79, 0x66, 0x26, 0x00, 0x00, 0x00, 0x00,
    0xC4, 0xFF, 0xFF, 0xFF, 0xFF, 0x6F, 0x00, 0x00, 0x00, 0x00, 0x00, 0xE7, 0xFF, 0xFF, 0xFF, 0x6F,
    0x00, 0x00, 0x00, 0x30, 0xFB, 0xFF, 0xFF, 0xFF, 0xFF, 0x6F, 0x00, 0x00, 0x00, 0xF6, 0xFF, 0xFF,
    0xFF, 0xFF, 0xFF, 0x6F, 0x00, 0x00, 0x40, 0xFF, 0xFF, 0xFF, 0x5B, 0x12, 0x00, 0x00, 0x00, 0x00,
    0xD0, 0xFF, 0xFF, 0x7F, 0x00, 0x00, 0x00, 0x00, 0x00, 0x00, 0xF1, 0xFF, 0xFF, 0x0E, 0x00, 0x00,
    0x00, 0x00, 0x00, 0x00, 0xF3, 0xFF, 0xFF, 0x0C, 0x00, 0x00, 0x00, 0x00, 0x00, 0x00, 0xF2, 0xFF,
    0xFF, 0x0E, 0x00, 0x00, 0x00, 0x00, 0x00, 0x00, 0xF0, 0xFF, 0xFF, 0x4F, 0x00, 0x00, 0x00, 0x00,
    0x00, 0x10, 0xC0, 0xFF, 0xFF, 0xEF, 0x04, 0x00, 0x00, 0x00, 0x72, 0x8D, 0x50, 0xFF, 0xFF, 0xFF,
    0xEF, 0x9A, 0x98, 0xEB, 0xFF, 0x8F, 0x00, 0xFB, 0xFF, 0xFF, 0xFF, 0xFF, 0xFF, 0xFF, 0xFF, 0x8F,
    0x00, 0xB0, 0xFF, 0xFF, 0xFF, 0xFF, 0xFF, 0xFF, 0xFF, 0x8F, 0x00, 0x00, 0xE6, 0xFF, 0xFF, 0xFF,
    0xFF, 0xFF, 0xFF, 0x5E, 0x00, 0x00, 0x00, 0x94, 0xEC, 0xFF, 0xEF, 0xBD, 0x48, 0x00, 0x00, 0x00,
    0xFD, 0xFF, 0xCF, 0x00, 0x00, 0x00, 0x00, 0x00, 0x00, 0x00, 0x00, 0xFD, 0xFF, 0xFF, 0x08, 0x00,
    0x00, 0x00, 0x00, 0x00, 0x00, 0x00, 0xFD, 0xFF, 0xFF, 0x3F, 0x00, 0x00, 0x00, 0x00, 0x00, 0x00,
    0x00, 0xFD, 0xFF, 0xFF, 0xDF, 0x00, 0x00, 0x00, 0x00, 0x00, 0x00, 0x00, 0xFD, 0xFF, 0xFF, 0xFF,
    0x09, 0x00, 0x00, 0x00, 0x00, 0x00, 0x00, 0xFD, 0xFF, 0xFF, 0xFF, 0x4F, 0x00, 0x00, 0x00, 0x00,
    0x00, 0x00, 0xFD, 0xFF, 0xEF, 0xFF, 0xEF, 0x01, 0x00, 0x00, 0x00, 0x00, 0x00, 0xFD, 0xFF, 0x9F,
    0xFD, 0xFF, 0x0B, 0x00, 0x00, 0x00, 0x00, 0x00, 0xFD, 0xFF, 0xAF, 0xF4, 0xFF, 0x6F, 0x00, 0x00,
    0x00, 0x00, 0x00, 0xFD, 0xFF, 0xBF, 0x90, 0xFF, 0xFF, 0x02, 0x00, 0x00, 0x00, 0x00, 0xFD, 0xFF,
    0xBF, 0x00, 0xFD, 0xFF, 0x0C, 0x00, 0x00, 0x00, 0x00, 0xFD, 0xFF, 0xCF, 0x00, 0xF3, 0xFF, 0x7F,
    0x00, 0x00, 0x00, 0x00, 0xFD, 0xFF, 0xCF, 0x00, 0x80, 0xFF, 0xFF, 0x03, 0x00, 0x00, 0x00, 0xFD,
    0xFF, 0xCF, 0x00, 0x00, 0xFC, 0xFF, 0x0D, 0x00, 0x00, 0x00, 0xFD, 0xFF, 0xCF, 0x00, 0x00, 0xF2,
    0xFF, 0x9F, 0x00, 0x00, 0x00, 0xFD, 0xFF, 0xCF, 0x00, 0x00, 0x60, 0xFF, 0xFF, 0x04, 0x70, 0x77,
    0xFE, 0xFF, 0xDF, 0x77, 0x77, 0x77, 0xFF, 0xFF, 0x1E, 0xF1, 0xFF, 0xFF, 0xFF, 0xFF, 0xFF, 0xFF,
    0xFF, 0xFF, 0xFF, 0x5F, 0xF1, 0xFF, 0xFF, 0xFF, 0xFF, 0xFF, 0xFF, 0xFF, 0xFF, 0xFF, 0x5F, 0xF1,
    0xFF, 0xFF, 0xFF, 0xFF, 0xFF, 0xFF, 0xFF, 0xFF, 0xFF, 0x5F, 0xF1, 0xFF, 0xFF, 0xFF, 0xFF, 0xFF,
    0xFF, 0xFF, 0xFF, 0xFF, 0x5F, 0x00, 0x00, 0xFD, 0xFF, 0xCF, 0x00, 0x00, 0x00, 0x00, 0x00, 0x00,
    0x00, 0x00, 0xFD, 0xFF, 0xCF, 0x00, 0x00, 0x00, 0x00, 0x00, 0x00, 0x00, 0x00, 0xFD, 0xFF, 0xCF,
    0x00, 0x00, 0x00, 0x00, 0x00, 0x00, 0x00, 0x00, 0xFD, 0xFF, 0xCF, 0x00, 0x00, 0x00, 0x00, 0x00,
    0x00, 0x00, 0x00, 0xFD, 0xFF, 0xCF, 0x00, 0x00, 0x00, 0x00, 0x00, 0x00, 0x00, 0x00, 0xFD, 0xFF,
    0xCF, 0x00, 0x00, 0x00, 0x00, 0x00, 0x00, 0x20, 0xFF, 0xFF, 0xFF, 0xFF, 0xFF, 0xFF, 0xFF, 0x09,
    0x00, 0x20, 0xFF, 0xFF, 0xFF, 0xFF, 0xFF, 0xFF, 0xFF, 0x0B, 0x00, 0x20, 0xFF, 0xFF, 0xFF, 0xFF,
    0xFF, 0xFF, 0xFF, 0x0C, 0x00, 0x20, 0xFF, 0xFF, 0xFF, 0xFF, 0xFF, 0xFF, 0xFF, 0x0D, 0x00, 0x10,
    0xDD, 0xDD, 0xDD, 0xDD, 0xED, 0xFF, 0xFF, 0x0E, 0x00, 0x00, 0x00, 0x00, 0x00, 0x00, 0x60, 0xFF,
    0xFF, 0x0F, 0x00, 0x00, 0x00, 0x00, 0x00, 0x00, 0x40, 0xFF, 0xFF, 0x0F, 0x00, 0x00, 0x00, 0x00,
    0x00, 0x00, 0x30, 0xFF, 0xFF, 0x2F, 0x00, 0x00, 0x00, 0x00, 0x00, 0x00, 0x10, 0xFF, 0xFF, 0x3F,
    0x00, 0x00, 0x00, 0x00, 0x00, 0x00, 0x00, 0xFF, 0xFF, 0x4F, 0x00, 0x00, 0x00, 0x93, 0xFC, 0xFF,
    0xBE, 0xFF, 0xFF, 0x5F, 0x00, 0x00, 0xB1, 0xFF, 0xFF, 0xFF, 0xFF, 0xFF, 0xFF, 0x6F, 0x00, 0x10,
    0xFE, 0xFF, 0xFF, 0xFF, 0xFF, 0xFF, 0xFF, 0x7F, 0x00, 0xC0, 0xFF, 0xFF, 0xFF, 0xFF, 0xFF, 0xFF,
    0xFF, 0x9F, 0x00, 0xF5, 0xFF, 0xFF, 0xFF, 0xCF, 0xAA, 0xDB, 0xFF, 0x1A, 0x00, 0xFA, 0xFF, 0xFF,
    0x6F, 0x00, 0x00, 0x00, 0x21, 0x00, 0x00, 0xFE, 0xFF, 0xFF, 0x04, 0x00, 0x00, 0x00, 0x00, 0x00,
    0x00, 0xFF, 0xFF, 0xEF, 0x00, 0x00, 0x00, 0x00, 0x00, 0x00, 0x00, 0xFF, 0xFF, 0xCF, 0x00, 0x00,
    0x00, 0x00, 0x00, 0x00, 0x00, 0xFE, 0xFF, 0xEF, 0x00, 0x00, 0x00, 0x00, 0x00, 0x00, 0x00, 0xFA,
    0xFF, 0xFF, 0x05, 0x00, 0x00, 0x00, 0x00, 0x20, 0x00, 0xF5, 0xFF, 0xFF, 0x6F, 0x00, 0x00, 0x00,
    0x61, 0xFB, 0x02, 0xE0, 0xFF, 0xFF, 0xFF, 0xCF, 0xAA, 0xEC, 0xFF, 0xFF, 0x02, 0x40, 0xFF, 0xFF,
    0xFF, 0xFF, 0xFF, 0xFF, 0xFF, 0xFF, 0x02, 0x00, 0xF5, 0xFF, 0xFF, 0xFF, 0xFF, 0xFF, 0xFF, 0xFF,
    0x02, 0x00, 0x20, 0xFB, 0xFF, 0xFF, 0xFF, 0xFF, 0xFF, 0xDF, 0x01, 0x00, 0x00, 0x20, 0xB7, 0xFD,
    0xFF, 0xDF, 0x7B, 0x03, 0x00, 0x00, 0xE7, 0xFF, 0xFF, 0xBD, 0x38, 0x00, 0x00, 0x00, 0x00, 0x00,
    0xF9, 0xFF, 0xFF, 0xFF, 0xFF, 0x5D, 0x00, 0x00, 0x00, 0x00, 0xF9, 0xFF, 0xFF, 0xFF, 0xFF, 0xFF,
    0x1B, 0x00, 0x00, 0x00, 0xF9, 0xFF, 0xFF, 0xFF, 0xFF, 0xFF, 0xDF, 0x01, 0x00, 0x00, 0xA7, 0x78,
    0x98, 0xFB, 0xFF, 0xFF, 0xFF, 0x0C, 0x00, 0x00, 0x00, 0x00, 0x00, 0x00, 0xE6, 0xFF, 0xFF, 0x7F,
    0x00, 0x00, 0x00, 0x00, 0x00, 0x00, 0x10, 0xFD, 0xFF, 0xFF, 0x00, 0x00, 0x00, 0x00, 0x00, 0x00,
    0x00, 0xF1, 0xFF, 0xFF, 0x06, 0x00, 0x00, 0x00, 0x00, 0x00, 0x00, 0x80, 0xFF, 0xFF, 0x0C, 0x00,
    0x00, 0x00, 0x00, 0x00, 0x00, 0x30, 0xFF, 0xFF, 0x0F, 0x00, 0x00, 0x93, 0xFD, 0xEF, 0x5B, 0x00,
    0xFF, 0xFF, 0x3F, 0x00, 0x90, 0xFF, 0xFF, 0xFF, 0xFF, 0x0B, 0xFC, 0xFF, 0x6F, 0x00, 0xFB, 0xFF,
    0xFF, 0xFF, 0xFF, 0xBF, 0xFA, 0xFF, 0x8F, 0x60, 0xFF, 0xFF, 0xFF, 0xFF, 0xFF, 0xFF, 0xFF, 0xFF,
    0x9F, 0xD0, 0xFF, 0xFF, 0xEF, 0x68, 0xB7, 0xFF, 0xFF, 0xFF, 0xAF, 0xF2, 0xFF, 0xFF, 0x1D, 0x00,
    0x00, 0xF4, 0xFF, 0xFF, 0xAF, 0xF5, 0xFF, 0xFF, 0x05, 0x00, 0x00, 0x60, 0xFF, 0xFF, 0xAF, 0xF7,
    0xFF, 0xFF, 0x01, 0x00, 0x00, 0x10, 0xFF, 0xFF, 0x8F, 0xF7, 0xFF, 0xFF, 0x01, 0x00, 0x00, 0x10,
    0xFF, 0xFF, 0x6F, 0xF6, 0xFF, 0xFF, 0x03, 0x00, 0x00, 0x50, 0xFF, 0xFF, 0x3F, 0xF3, 0xFF, 0xFF,
    0x08, 0x00, 0x00, 0xC0, 0xFF, 0xFF, 0x0E, 0xF0, 0xFF, 0xFF, 0x5F, 0x00, 0x00, 0xFA, 0xFF, 0xFF,
    0x08, 0x80, 0xFF, 0xFF, 0xFF, 0x9D, 0xEA, 0xFF, 0xFF, 0xFF, 0x01, 0x00, 0xFE, 0xFF, 0xFF, 0xFF,
    0xFF, 0xFF, 0xFF, 0x5F, 0x00, 0x00, 0xE2, 0xFF, 0xFF, 0xFF, 0xFF, 0xFF, 0xFF, 0x07, 0x00, 0x00,
    0x10, 0xFB, 0xFF, 0xFF, 0xFF, 0xFF, 0x4E, 0x00, 0x00, 0x00, 0x00, 0x30, 0xC9, 0xFF, 0xDF, 0x5A,
    0x00, 0x00, 0x00, 0xF7, 0xFF, 0xFF, 0xFF, 0xFF, 0xFF, 0xFF, 0xFF, 0xFF, 0xFF, 0xF7, 0xFF, 0xFF,
    0xFF, 0xFF, 0xFF, 0xFF, 0xFF, 0xFF, 0xFF, 0xF7, 0xFF, 0xFF, 0xFF, 0xFF, 0xFF, 0xFF, 0xFF, 0xFF,
    0xFF, 0xF7, 0xFF, 0xFF, 0xFF, 0xFF, 0xFF, 0xFF, 0xFF, 0xFF, 0xFF, 0xF1, 0xFF, 0xFF, 0xDF, 0xDD,
    0xDD, 0xDD, 0xDD, 0xDD, 0xDD, 0xA0, 0xFF, 0xFF, 0x0E, 0x00, 0x00, 0x00, 0x00, 0x00, 0x00, 0x30,
    0xFF, 0xFF, 0x5F, 0x00, 0x00, 0x00, 0x00, 0x00, 0x00, 0x00, 0xFC, 0xFF, 0xDF, 0x00, 0x00, 0x00,
    0x00, 0x00, 0x00, 0x00, 0xF5, 0xFF, 0xFF, 0x04, 0x00, 0x00, 0x00, 0x00, 0x00, 0x00, 0xE0, 0xFF,
    0xFF, 0x0B, 0x00, 0x00, 0x00, 0x00, 0x00, 0x00, 0x70, 0xFF, 0xFF, 0x3F, 0x00, 0x00, 0x00, 0x00,
    0x00, 0x00, 0x10, 0xFF, 0xFF, 0xAF, 0x00, 0x00, 0x00, 0x00, 0x00, 0x00, 0x00, 0xF9, 0xFF, 0xFF,
    0x02, 0x00, 0x00, 0x00, 0x00, 0x00, 0x00, 0xF2, 0xFF, 0xFF, 0x09, 0x00, 0x00, 0x00, 0x00, 0x00,
    0x00, 0xB0, 0xFF, 0xFF, 0x1F, 0x00, 0x00, 0x00, 0x00, 0x00, 0x00, 0x40, 0xFF, 0xFF, 0x7F, 0x00,
    0x00, 0x00, 0x00, 0x00, 0x00, 0x00, 0xFD, 0xFF, 0xEF, 0x00, 0x00, 0x00, 0x00, 0x00, 0x00, 0x00,
    0xF6, 0xFF, 0xFF, 0x06, 0x00, 0x00, 0x00, 0x00, 0x00, 0x00, 0xE0, 0xFF, 0xFF, 0x0D, 0x00, 0x00,
    0x00, 0x00, 0x00, 0x00, 0x80, 0xFF, 0xFF, 0x5F, 0x00, 0x00, 0x00, 0x00, 0x00, 0x00, 0x10, 0xFF,
    0xFF, 0xCF, 0x00, 0x00, 0x00, 0x00, 0x00, 0x00, 0x00, 0xFA, 0xFF, 0xFF, 0x04, 0x00, 0x00, 0x00,
    0x00, 0x00, 0x00, 0xF3, 0xFF, 0xFF, 0x0B, 0x00, 0x00, 0x00, 0x00, 0x00, 0x00, 0xC0, 0xFF, 0xFF,
    0x2F, 0x00, 0x00, 0x00, 0x00, 0x00, 0x00, 0x50, 0xFF, 0xFF, 0xAF, 0x00, 0x00, 0x00, 0x00, 0x00,
    0x00, 0x00, 0xFD, 0xFF, 0xFF, 0x01, 0x00, 0x00, 0x00, 0x00, 0x00, 0x00, 0xF7, 0xFF, 0xFF, 0x08,
    0x00, 0x00, 0x00, 0x20, 0xB8, 0xFE, 0xEF, 0x8C, 0x03, 0x00, 0x00, 0x00, 0x10, 0xFA, 0xFF, 0xFF,
    0xFF, 0xFF, 0xCF, 0x03, 0x00, 0x00, 0xE2, 0xFF, 0xFF, 0xFF, 0xFF, 0xFF, 0xFF, 0x4F, 0x00, 0x00,
    0xFC, 0xFF, 0xFF, 0xFF, 0xFF, 0xFF, 0xFF, 0xFF, 0x02, 0x40, 0xFF, 0xFF, 0xFF, 0x48, 0x63, 0xFD,
    0xFF, 0xFF, 0x08, 0x70, 0xFF, 0xFF, 0x4F, 0x00, 0x00, 0xE1, 0xFF, 0xFF, 0x0C, 0x80, 0xFF, 0xFF,
    0x0E, 0x00, 0x00, 0x90, 0xFF, 0xFF, 0x0D, 0x60, 0xFF, 0xFF, 0x0F, 0x00, 0x00, 0xA0, 0xFF, 0xFF,
    0x0B, 0x20, 0xFF, 0xFF, 0x6F, 0x00, 0x00, 0xF2, 0xFF, 0xFF, 0x07, 0x00, 0xFA, 0xFF, 0xFF, 0x07,
    0x50, 0xFE, 0xFF, 0xEF, 0x01, 0x00, 0xD1, 0xFF, 0xFF, 0xDF, 0xFC, 0xFF, 0xFF, 0x5F, 0x00, 0x00,
    0x10, 0xFA, 0xFF, 0xFF, 0xFF, 0xFF, 0xFF, 0x05, 0x00, 0x00, 0x00, 0x50, 0xFF, 0xFF, 0xFF, 0xFF,
    0x3D, 0x00, 0x00, 0x00, 0x00, 0xC3, 0xFF, 0xFF, 0xFF, 0xFF, 0x8F, 0x00, 0x00, 0x00, 0x70, 0xFF,
    0xFF, 0xFF, 0xFF, 0xFF, 0xFF, 0x2D, 0x00, 0x00, 0xF8, 0xFF, 0xFF, 0xAF, 0xB5, 0xFF, 0xFF, 0xEF,
    0x02, 0x50, 0xFF, 0xFF, 0xEF, 0x04, 0x00, 0xF5, 0xFF, 0xFF, 0x0C, 0xE0, 0xFF, 0xFF, 0x1D, 0x00,
    0x00, 0x50, 0xFF, 0xFF, 0x3F, 0xF3, 0xFF, 0xFF, 0x03, 0x00, 0x00, 0x00, 0xFD, 0xFF, 0x8F, 0xF5,
    0xFF, 0xFF, 0x00, 0x00, 0x00, 0x00, 0xFA, 0xFF, 0xAF, 0xF5, 0xFF, 0xFF, 0x01, 0x00, 0x00, 0x00,
    0xFC, 0xFF, 0xAF, 0xF2, 0xFF, 0xFF, 0x0A, 0x00, 0x00, 0x50, 0xFF, 0xFF, 0x7F, 0xD0, 0xFF, 0xFF,
    0xCF, 0x46, 0x53, 0xFA, 0xFF, 0xFF, 0x3F, 0x40, 0xFF, 0xFF, 0xFF, 0xFF, 0xFF, 0xFF, 0xFF, 0xFF,
    0x0B, 0x00, 0xF5, 0xFF, 0xFF, 0xFF, 0xFF, 0xFF, 0xFF, 0xDF, 0x01, 0x00, 0x30, 0xFC, 0xFF, 0xFF,
    0xFF, 0xFF, 0xFF, 0x09, 0x00, 0x00, 0x00, 0x30, 0xC8, 0xFE, 0xFF, 0xAD, 0x16, 0x00, 0x00, 0x00,
    0x00, 0x00, 0x93, 0xFC, 0xFF, 0xAD, 0x05, 0x00, 0x00, 0x00, 0x00, 0xB2, 0xFF, 0xFF, 0xFF, 0xFF,
    0xDF, 0x04, 0x00, 0x00, 0x30, 0xFE, 0xFF, 0xFF, 0xFF, 0xFF, 0xFF, 0x6F, 0x00, 0x00, 0xE2, 0xFF,
    0xFF, 0xFF, 0xFF, 0xFF, 0xFF, 0xFF, 0x03, 0x00, 0xFB, 0xFF, 0xFF, 0xBF, 0xB9, 0xFF, 0xFF, 0xFF,
    0x0D, 0x30, 0xFF, 0xFF, 0xDF, 0x02, 0x00, 0xD2, 0xFF, 0xFF, 0x4F, 0xA0, 0xFF, 0xFF, 0x2F, 0x00,
    0x00, 0x30, 0xFF, 0xFF, 0x8F, 0xE0, 0xFF, 0xFF, 0x0A, 0x00, 0x00, 0x00, 0xFE, 0xFF, 0xBF, 0xF2,
    0xFF, 0xFF, 0x06, 0x00, 0x00, 0x00, 0xFC, 0xFF, 0xCF, 0xF4, 0xFF, 0xFF, 0x05, 0x00, 0x00, 0x00,
    0xFD, 0xFF, 0xCF, 0xF5, 0xFF, 0xFF, 0x0A, 0x00, 0x00, 0x10, 0xFF, 0xFF, 0xAF, 0xF5, 0xFF, 0xFF,
    0x7F, 0x00, 0x00, 0xA0, 0xFF, 0xFF, 0x7F, 0xF5, 0xFF, 0xFF, 0xFF, 0x8D, 0x86, 0xFD, 0xFF, 0xFF,
    0x2F, 0xF4, 0xFF, 0xFF, 0xFF, 0xFF, 0xFF, 0xFF, 0xFF, 0xFF, 0x0B, 0xF3, 0xFF, 0xFF, 0xF6, 0xFF,
    0xFF, 0xFF, 0xFF, 0xEF, 0x01, 0xF1, 0xFF, 0xFF, 0x81, 0xFF, 0xFF, 0xFF, 0xFF, 0x2D, 0x00, 0xF0,
    0xFF, 0xFF, 0x04, 0xA3, 0xFE, 0xEF, 0x5B, 0x00, 0x00, 0xB0, 0xFF, 0xFF, 0x08, 0x00, 0x00, 0x00,
    0x00, 0x00, 0x00, 0x70, 0xFF, 0xFF, 0x0D, 0x00, 0x00, 0x00, 0x00, 0x00, 0x00, 0x20, 0xFF, 0xFF,
    0x5F, 0x00, 0x00, 0x00, 0x00, 0x00, 0x00, 0x00, 0xFB, 0xFF, 0xFF, 0x03, 0x00, 0x00, 0x00, 0x00,
    0x00, 0x00, 0xF3, 0xFF, 0xFF, 0x8F, 0x01, 0x00, 0x00, 0x00, 0x00, 0x00, 0x80, 0xFF, 0xFF, 0xFF,
    0xCF, 0x89, 0x87, 0xA9, 0x00, 0x00, 0x00, 0xFA, 0xFF, 0xFF, 0xFF, 0xFF, 0xFF, 0xEF, 0x00, 0x00,
    0x00, 0x80, 0xFF, 0xFF, 0xFF, 0xFF, 0xFF, 0xEF, 0x00, 0x00, 0x00, 0x00, 0xB3, 0xFF, 0xFF, 0xFF,
    0xFF, 0xEF, 0x00, 0x00, 0x00, 0x00, 0x00, 0x72, 0xDA, 0xFE, 0xFF, 0xBE, 0x00, 0x60, 0xFD, 0x8E,
    0x00, 0xF5, 0xFF, 0xFF, 0x07, 0xF9, 0xFF, 0xFF, 0x0C, 0xFA, 0xFF, 0xFF, 0x0C, 0xF7, 0xFF, 0xFF,
    0x09, 0xB0, 0xFF, 0xCF, 0x01, 0x00, 0x42, 0x03, 0x00, 0x00, 0x00, 0x00, 0x00, 0x00, 0x00, 0x00,
    0x00, 0x00, 0x00, 0x00, 0x00, 0x00, 0x00, 0x00, 0x00, 0x00, 0x00, 0x00, 0x00, 0x00, 0x00, 0x00,
    0x00, 0x00, 0x00, 0x00, 0x00, 0x00, 0x42, 0x03, 0x00, 0xB0, 0xFF, 0xDF, 0x01, 0xF7, 0xFF, 0xFF,
    0x09, 0xFA, 0xFF, 0xFF, 0x0D, 0xF9, 0xFF, 0xFF, 0x0C, 0xF4, 0xFF, 0xFF, 0x07, 0x60, 0xFD, 0x7E,
    0x00, 0x60, 0xFD, 0x8E, 0x00, 0xF5, 0xFF, 0xFF, 0x07, 0xF9, 0xFF, 0xFF, 0x0C, 0xFA, 0xFF, 0xFF,
    0x0C, 0xF7, 0xFF, 0xFF, 0x09, 0xB0, 0xFF, 0xCF, 0x01, 0x00, 0x42, 0x03, 0x00, 0x00, 0x00, 0x00,
    0x00, 0x00, 0x00, 0x00, 0x00, 0x00, 0x00, 0x00, 0x00, 0x00, 0x00, 0x00, 0x00, 0x00, 0x00, 0x00,
    0x00, 0x00, 0x00, 0x00, 0x00, 0x00, 0x00, 0x00, 0x00, 0x00, 0x00, 0x00, 0x00, 0x00, 0x00, 0x00,
    0x00, 0x00, 0x00, 0x00, 0x00, 0xF6, 0xFF, 0xFF, 0x00, 0xF3, 0xFF, 0xFF, 0x03, 0xE0, 0xFF, 0xFF,
    0x06, 0x80, 0xFF, 0xFF, 0x09, 0x20, 0xFF, 0xFF, 0x0C, 0x00, 0xFC, 0xFF, 0x0F, 0x00, 0xF5, 0xFF,
    0x3F, 0x00, 0xE0, 0xFF, 0x7F, 0x00, 0x70, 0xFF, 0xBF, 0xB1, 0x03, 0x00, 0x00, 0x00, 0x00, 0x00,
    0x00, 0x00, 0x00, 0xF1, 0xBF, 0x03, 0x00, 0x00, 0x00, 0x00, 0x00, 0x00, 0x00, 0xF1, 0xFF, 0xBF,
    0x03, 0x00, 0x00, 0x00, 0x00, 0x00, 0x00, 0xF1, 0xFF, 0xFF, 0xBF, 0x03, 0x00, 0x00, 0x00, 0x00,
    0x00, 0xB0, 0xFF, 0xFF, 0xFF, 0xBF, 0x03, 0x00, 0x00, 0x00, 0x00, 0x00, 0xA3, 0xFF, 0xFF, 0xFF,
    0xBF, 0x03, 0x00, 0x00, 0x00, 0x00, 0x00, 0x91, 0xFF, 0xFF, 0xFF, 0xBF, 0x03, 0x00, 0x00, 0x00,
    0x00, 0x00, 0x71, 0xFE, 0xFF, 0xFF, 0xBF, 0x03, 0x00, 0x00, 0x00, 0x00, 0x00, 0x60, 0xFE, 0xFF,
    0xFF, 0xBF, 0x03, 0x00, 0x00, 0x00, 0x00, 0x00, 0x50, 0xFD, 0xFF, 0xFF, 0x5F, 0x00, 0x00, 0x00,
    0x00, 0x00, 0x00, 0xD3, 0xFF, 0xFF, 0x5F, 0x00, 0x00, 0x00, 0x00, 0x00, 0xC5, 0xFF, 0xFF, 0xFF,
    0x5F, 0x00, 0x00, 0x00, 0x20, 0xE8, 0xFF, 0xFF, 0xFF, 0xAF, 0x03, 0x00, 0x00, 0x40, 0xFB, 0xFF,
    0xFF, 0xFF, 0x9F, 0x02, 0x00, 0x00, 0x71, 0xFE, 0xFF, 0xFF, 0xFF, 0x7E, 0x00, 0x00, 0x00, 0xA0,
    0xFF, 0xFF, 0xFF, 0xFF, 0x5C, 0x00, 0x00, 0x00, 0x00, 0xF1, 0xFF, 0xFF, 0xFF, 0x3A, 0x00, 0x00,
    0x00, 0x00, 0x00, 0xF1, 0xFF, 0xEF, 0x18, 0x00, 0x00, 0x00, 0x00, 0x00, 0x00, 0xF1, 0xDF, 0x06,
    0x00, 0x00, 0x00, 0x00, 0x00, 0x00, 0x00, 0xC1, 0x04, 0x00, 0x00, 0x00, 0x00, 0x00, 0x00, 0x00,
    0x00, 0x00, 0x00, 0x00, 0x00, 0x00, 0x00, 0x00, 0x00, 0x00, 0x00, 0xF1, 0xFF, 0xFF, 0xFF, 0xFF,
    0xFF, 0xFF, 0xFF, 0xFF, 0x5F, 0xF1, 0xFF, 0xFF, 0xFF, 0xFF, 0xFF, 0xFF, 0xFF, 0xFF, 0x5F, 0xF1,
    0xFF, 0xFF, 0xFF, 0xFF, 0xFF, 0xFF, 0xFF, 0xFF, 0x5F, 0xF1, 0xFF, 0xFF, 0xFF, 0xFF, 0xFF, 0xFF,
    0xFF, 0xFF, 0x5F, 0x00, 0x00, 0x00, 0x00, 0x00, 0x00, 0x00, 0x00, 0x00, 0x00, 0x00, 0x00, 0x00,
    0x00, 0x00, 0x00, 0x00, 0x00, 0x00, 0x00, 0x00, 0x00, 0x00, 0x00, 0x00, 0x00, 0x00, 0x00, 0x00,
    0x00, 0xF1, 0xFF, 0xFF, 0xFF, 0xFF, 0xFF, 0xFF, 0xFF, 0xFF, 0x5F, 0xF1, 0xFF, 0xFF, 0xFF, 0xFF,
    0xFF, 0xFF, 0xFF, 0xFF, 0x5F, 0xF1, 0xFF, 0xFF, 0xFF, 0xFF, 0xFF, 0xFF, 0xFF, 0xFF, 0x5F, 0xF1,
    0xFF, 0xFF, 0xFF, 0xFF, 0xFF, 0xFF, 0xFF, 0xFF, 0x5F, 0x10, 0x11, 0x11, 0x11, 0x11, 0x11, 0x11,
    0x11, 0x11, 0x01, 0x00, 0x00, 0x00, 0x00, 0x00, 0x00, 0x00, 0x00, 0x10, 0x59, 0x00, 0x00, 0x00,
    0x00, 0x00, 0x00, 0x00, 0x10, 0xF9, 0x5F, 0x00, 0x00, 0x00, 0x00, 0x00, 0x00, 0x10, 0xF9, 0xFF,
    0x5F, 0x00, 0x00, 0x00, 0x00, 0x00, 0x10, 0xF9, 0xFF, 0xFF, 0x5F, 0x00, 0x00, 0x00, 0x00, 0x10,
    0xF9, 0xFF, 0xFF, 0xFF, 0x3D, 0x00, 0x00, 0x00, 0x10, 0xF9, 0xFF, 0xFF, 0xFF, 0x5C, 0x00, 0x00,
    0x00, 0x10, 0xF9, 0xFF, 0xFF, 0xFF, 0x3B, 0x00, 0x00, 0x00, 0x10, 0xF9, 0xFF, 0xFF, 0xFF, 0x2A,
    0x00, 0x00, 0x00, 0x10, 0xF9, 0xFF, 0xFF, 0xFF, 0x19, 0x00, 0x00, 0x00, 0x00, 0xF0, 0xFF, 0xFF,
    0xEF, 0x17, 0x00, 0x00, 0x00, 0x00, 0x00, 0xF1, 0xFF, 0xFF, 0x5F, 0x00, 0x00, 0x00, 0x00, 0x00,
    0x00, 0xF0, 0xFF, 0xFF, 0xFF, 0x7E, 0x01, 0x00, 0x00, 0x00, 0x00, 0x10, 0xF8, 0xFF, 0xFF, 0xFF,
    0xAF, 0x04, 0x00, 0x00, 0x00, 0x00, 0x00, 0xD7, 0xFF, 0xFF, 0xFF, 0xDF, 0x17, 0x00, 0x00, 0x00,
    0x00, 0x00, 0xC5, 0xFF, 0xFF, 0xFF, 0xFF, 0x39, 0x00, 0x00, 0x00, 0x00, 0x00, 0xA3, 0xFF, 0xFF,
    0xFF, 0xFF, 0x2C, 0x00, 0x00, 0x00, 0x00, 0x00, 0x81, 0xFE, 0xFF, 0xFF, 0x5F, 0x00, 0x00, 0x00,
    0x00, 0x00, 0x00, 0x60, 0xFD, 0xFF, 0x5F, 0x00, 0x00, 0x00, 0x00, 0x00, 0x00, 0x00, 0x40, 0xFB,
    0x5F, 0x00, 0x00, 0x00, 0x00, 0x00, 0x00, 0x00, 0x00, 0x20, 0x59, 0x00, 0x00, 0x82, 0xEC, 0xFF,
    0xDF, 0x7A, 0x02, 0x00, 0x00, 0xA0, 0xFF, 0xFF, 0xFF, 0xFF, 0xFF, 0xCF, 0x06, 0x00, 0xFC, 0xFF,
    0xFF, 0xFF, 0xFF, 0xFF, 0xFF, 0xAF, 0x80, 0xFF, 0xFF, 0xFF, 0xFF, 0xFF, 0xFF, 0xFF, 0x4F, 0xF0,
    0xFF, 0xFF, 0xEF, 0x9A, 0xC9, 0xFF, 0xFF, 0x0C, 0xF2, 0xFF, 0xFF, 0x0A, 0x00, 0x00, 0x50, 0xFB,
    0x04, 0xF3, 0xFF, 0xFF, 0x02, 0x00, 0x00, 0x00, 0x20, 0x00, 0xF1, 0xFF, 0xFF, 0x04, 0x00, 0x00,
    0x00, 0x00, 0x00, 0xC0, 0xFF, 0xFF, 0x0C, 0x00, 0x00, 0x00, 0x00, 0x00, 0x30, 0xFF, 0xFF, 0xCF,
    0x01, 0x00, 0x00, 0x00, 0x00, 0x00, 0xF5, 0xFF, 0xFF, 0x5F, 0x00, 0x00, 0x00, 0x00, 0x00, 0x30,
    0xFE, 0xFF, 0xFF, 0x0A, 0x00, 0x00, 0x00, 0x00, 0x00, 0xA1, 0xFF, 0xFF, 0xBF, 0x00, 0x00, 0x00,
    0x00, 0x00, 0x00, 0xF6, 0xFF, 0xFF, 0x06, 0x00, 0x00, 0x00, 0x00, 0x00, 0x60, 0xFF, 0xFF, 0x0B,
    0x00, 0x00, 0x00, 0x00, 0x00, 0x10, 0xFF, 0xFF, 0x0D, 0x00, 0x00, 0x00, 0x00, 0x00, 0x00, 0xFF,
    0xFF, 0x0E, 0x00, 0x00, 0x00, 0x00, 0x00, 0x00, 0x00, 0x00, 0x00, 0x00, 0x00, 0x00, 0x00, 0x00,
    0x00, 0x00, 0x00, 0x00, 0x00, 0x00, 0x00, 0x00, 0x00, 0x00, 0x00, 0x00, 0x00, 0x00, 0x00, 0x00,
    0x00, 0x00, 0x00, 0x30, 0x14, 0x00, 0x00, 0x00, 0x00, 0x00, 0x00, 0x30, 0xFE, 0xFF, 0x09, 0x00,
    0x00, 0x00, 0x00, 0x00, 0xC0, 0xFF, 0xFF, 0x4F, 0x00, 0x00, 0x00, 0x00, 0x00, 0xF0, 0xFF, 0xFF,
    0x7F, 0x00, 0x00, 0x00, 0x00, 0x00, 0xF0, 0xFF, 0xFF, 0x6F, 0x00, 0x00, 0x00, 0x00, 0x00, 0xA0,
    0xFF, 0xFF, 0x2F, 0x00, 0x00, 0x00, 0x00, 0x00, 0x00, 0xE9, 0xCF, 0x04, 0x00, 0x00, 0x00, 0x00,
    0x00, 0x00, 0x20, 0xB7, 0xFD, 0xFF, 0xDE, 0x7A, 0x02, 0x00, 0x00, 0x00, 0x00, 0x00, 0x00, 0x00,
    0x00, 0x50, 0xFC, 0xFF, 0xFF, 0xFF, 0xFF, 0xFF, 0xCF, 0x05, 0x00, 0x00, 0x00, 0x00, 0x00, 0x00,
    0x10, 0xFB, 0xFF, 0xFF, 0xFF, 0xFF, 0xFF, 0xFF, 0xFF, 0xCF, 0x03, 0x00, 0x00, 0x00, 0x00, 0x00,
    0xE3, 0xFF, 0xFF, 0xEF, 0x8B, 0x87, 0xB9, 0xFE, 0xFF, 0xFF, 0x6F, 0x00, 0x00, 0x00, 0x00, 0x20,
    0xFE, 0xFF, 0xCF, 0x04, 0x00, 0x00, 0x00, 0x30, 0xFA, 0xFF, 0xFF, 0x08, 0x00, 0x00, 0x00, 0xD0,
    0xFF, 0xFF, 0x06, 0x00, 0x00, 0x00, 0x00, 0x00, 0x20, 0xFC, 0xFF, 0x7F, 0x00, 0x00, 0x00, 0xF8,
    0xFF, 0x5F, 0x00, 0x00, 0x00, 0x00, 0x00, 0x00, 0x00, 0xA0, 0xFF, 0xFF, 0x03, 0x00, 0x10, 0xFF,
    0xFF, 0x08, 0x40, 0xA7, 0xED, 0xFF, 0xCE, 0x17, 0x00, 0x00, 0xFB, 0xFF, 0x0D, 0x00, 0x60, 0xFF,
    0xEF, 0x00, 0xF8, 0xFF, 0xFF, 0xFF, 0xFF, 0xFF, 0x08, 0x00, 0xE1, 0xFF, 0x6F, 0x00, 0xB0, 0xFF,
    0x8F, 0x00, 0xF7, 0xFF, 0xFF, 0xFF, 0xFF, 0xFF, 0xBF, 0x00, 0x70, 0xFF, 0xDF, 0x00, 0xE0, 0xFF,
    0x3F, 0x00, 0xF6, 0xFF, 0x7E, 0x66, 0xE9, 0xFF, 0xFF, 0x09, 0x00, 0xFF, 0xFF, 0x03, 0xF1, 0xFF,
    0x0F, 0x00, 0xF6, 0xFF, 0x0D, 0x00, 0x10, 0xFC, 0xFF, 0x3F, 0x00, 0xFA, 0xFF, 0x08, 0xF2, 0xFF,
    0x0E, 0x00, 0xF5, 0xFF, 0x0E, 0x00, 0x00, 0xE1, 0xFF, 0x9F, 0x00, 0xF6, 0xFF, 0x0C, 0xF2, 0xFF,
    0x0E, 0x00, 0xF4, 0xFF, 0x0F, 0x00, 0x00, 0x80, 0xFF, 0xEF, 0x00, 0xF3, 0xFF, 0x0E, 0xF2, 0xFF,
    0x0E, 0x00, 0xF3, 0xFF, 0x0F, 0x00, 0x00, 0x40, 0xFF, 0xFF, 0x00, 0xF1, 0xFF, 0x0F, 0xF0, 0xFF,
    0x0F, 0x00, 0xF2, 0xFF, 0x1F, 0x00, 0x00, 0x30, 0xFF, 0xFF, 0x01, 0xF0, 0xFF, 0x1F, 0xD0, 0xFF,
    0x2F, 0x00, 0xF2, 0xFF, 0x4F, 0x00, 0x00, 0x30, 0xFF, 0xFF, 0x01, 0xF0, 0xFF, 0x1F, 0x90, 0xFF,
    0x7F, 0x00, 0xF2, 0xFF, 0x9F, 0x00, 0x00, 0x60, 0xFF, 0xFF, 0x00, 0xF1, 0xFF, 0x0F, 0x40, 0xFF,
    0xDF, 0x00, 0xF4, 0xFF, 0xFF, 0x02, 0x00, 0xD1, 0xFF, 0xBF, 0x00, 0xF3, 0xFF, 0x0F, 0x00, 0xFC,
    0xFF, 0x6B, 0xFD, 0xFF, 0xFF, 0x8F, 0x76, 0xFE, 0xFF, 0x4F, 0x00, 0xF6, 0xFF, 0x0C, 0x00, 0xF2,
    0xFF, 0xFF, 0xFF, 0xDF, 0xFF, 0xFF, 0xFF, 0xFF, 0xFF, 0x0A, 0x00, 0xFB, 0xFF, 0x09, 0x00, 0x40,
    0xFF, 0xFF, 0xFF, 0x2E, 0xE3, 0xFF, 0xFF, 0xFF, 0xAF, 0x00, 0x20, 0xFF, 0xFF, 0x04, 0x00, 0x00,
    0x92, 0xFE, 0xAE, 0x02, 0x10, 0xD8, 0xFF, 0xAE, 0x04, 0x00, 0xB0, 0xFF, 0xDF, 0x00, 0x00, 0x00,
    0x00, 0x00, 0x00, 0x00, 0x00, 0x00, 0x00, 0x00, 0x00, 0x00, 0xF8, 0xFF, 0x5F, 0x00, 0x00, 0x00,
    0x00, 0x10, 0x00, 0x00, 0x00, 0x00, 0x00, 0x00, 0x00, 0x90, 0xFF, 0xFF, 0x0B, 0x00, 0x00, 0x00,
    0x00, 0xA0, 0x8D, 0x14, 0x00, 0x00, 0x00, 0x00, 0x61, 0xFE, 0xFF, 0xDF, 0x01, 0x00, 0x00, 0x00,
    0x00, 0xA0, 0xFF, 0xFF, 0xBD, 0x89, 0x88, 0xDA, 0xFF, 0xFF, 0xFF, 0x1D, 0x00, 0x00, 0x00, 0x00,
    0x00, 0xA0, 0xFF, 0xFF, 0xFF, 0xFF, 0xFF, 0xFF, 0xFF, 0xFF, 0x9F, 0x00, 0x00, 0x00, 0x00, 0x00,
    0x00, 0x40, 0xFC, 0xFF, 0xFF, 0xFF, 0xFF, 0xFF, 0xFF, 0xAF, 0x03, 0x00, 0x00, 0x00, 0x00, 0x00,
    0x00, 0x00, 0x10, 0x85, 0xDB, 0xFF, 0xFF, 0xCE, 0x59, 0x01, 0x00, 0x00, 0x00, 0x00, 0x00, 0x00,
    0x00, 0x00, 0x00, 0xFC, 0xFF, 0xFF, 0x9F, 0x00, 0x00, 0x00, 0x00, 0x00, 0x00, 0x00, 0x00, 0x00,
    0x20, 0xFF, 0xFF, 0xFF, 0xEF, 0x00, 0x00, 0x00, 0x00, 0x00, 0x00, 0x00, 0x00, 0x00, 0x70, 0xFF,
    0xFF, 0xFF, 0xFF, 0x04, 0x00, 0x00, 0x00, 0x00, 0x00, 0x00, 0x00, 0x00, 0xD0, 0xFF, 0xFF, 0xFF,
    0xFF, 0x0A, 0x00, 0x00, 0x00, 0x00, 0x00, 0x00, 0x00, 0x00, 0xF3, 0xFF, 0xDF, 0xFF, 0xFF, 0x0F,
    0x00, 0x00, 0x00, 0x00, 0x00, 0x00, 0x00, 0x00, 0xF9, 0xFF, 0x8F, 0xFC, 0xFF, 0x5F, 0x00, 0x00,
    0x00, 0x00, 0x00, 0x00, 0x00, 0x00, 0xFE, 0xFF, 0x3F, 0xF7, 0xFF, 0xBF, 0x00, 0x00, 0x00, 0x00,
    0x00, 0x00, 0x00, 0x40, 0xFF, 0xFF, 0x0E, 0xF3, 0xFF, 0xFF, 0x01, 0x00, 0x00, 0x00, 0x00, 0x00,
    0x00, 0xA0, 0xFF, 0xFF, 0x0A, 0xE0, 0xFF, 0xFF, 0x07, 0x00, 0x00, 0x00, 0x00, 0x00, 0x00, 0xF0,
    0xFF, 0xFF, 0x05, 0xA0, 0xFF, 0xFF, 0x0C, 0x00, 0x00, 0x00, 0x00, 0x00, 0x00, 0xF5, 0xFF, 0xFF,
    0x01, 0x50, 0xFF, 0xFF, 0x2F, 0x00, 0x00, 0x00, 0x00, 0x00, 0x00, 0xFB, 0xFF, 0xBF, 0x00, 0x00,
    0xFF, 0xFF, 0x8F, 0x00, 0x00, 0x00, 0x00, 0x00, 0x10, 0xFF, 0xFF, 0x6F, 0x00, 0x00, 0xFB, 0xFF,
    0xDF, 0x00, 0x00, 0x00, 0x00, 0x00, 0x60, 0xFF, 0xFF, 0x2F, 0x00, 0x00, 0xF6, 0xFF, 0xFF, 0x03,
    0x00, 0x00, 0x00, 0x00, 0xC0, 0xFF, 0xFF, 0x0D, 0x00, 0x00, 0xF1, 0xFF, 0xFF, 0x09, 0x00, 0x00,
    0x00, 0x00, 0xF2, 0xFF, 0xFF, 0x08, 0x00, 0x00, 0xD0, 0xFF, 0xFF, 0x0E, 0x00, 0x00, 0x00, 0x00,
    0xF7, 0xFF, 0xFF, 0xDE, 0xDD, 0xDD, 0xFD, 0xFF, 0xFF, 0x4F, 0x00, 0x00, 0x00, 0x00, 0xFD, 0xFF,
    0xFF, 0xFF, 0xFF, 0xFF, 0xFF, 0xFF, 0xFF, 0xAF, 0x00, 0x00, 0x00, 0x30, 0xFF, 0xFF, 0xFF, 0xFF,
    0xFF, 0xFF, 0xFF, 0xFF, 0xFF, 0xFF, 0x00, 0x00, 0x00, 0x80, 0xFF, 0xFF, 0xFF, 0xFF, 0xFF, 0xFF,
    0xFF, 0xFF, 0xFF, 0xFF, 0x05, 0x00, 0x00, 0xE0, 0xFF, 0xFF, 0xFF, 0xFF, 0xFF, 0xFF, 0xFF, 0xFF,
    0xFF, 0xFF, 0x0B, 0x00, 0x00, 0xF4, 0xFF, 0xFF, 0x0C, 0x00, 0x00, 0x00, 0x00, 0xF0, 0xFF, 0xFF,
    0x1F, 0x00, 0x00, 0xF9, 0xFF, 0xFF, 0x07, 0x00, 0x00, 0x00, 0x00, 0xA0, 0xFF, 0xFF, 0x6F, 0x00,
    0x00, 0xFF, 0xFF, 0xFF, 0x02, 0x00, 0x00, 0x00, 0x00, 0x50, 0xFF, 0xFF, 0xCF, 0x00, 0x50, 0xFF,
    0xFF, 0xCF, 0x00, 0x00, 0x00, 0x00, 0x00, 0x00, 0xFF, 0xFF, 0xFF, 0x01, 0xA0, 0xFF, 0xFF, 0x7F,
    0x00, 0x00, 0x00, 0x00, 0x00, 0x00, 0xFB, 0xFF, 0xFF, 0x07, 0xF1, 0xFF, 0xFF, 0x2F, 0x00, 0x00,
    0x00, 0x00, 0x00, 0x00, 0xF5, 0xFF, 0xFF, 0x0D, 0x00, 0x00, 0x20, 0xA6, 0xEC, 0xFF, 0xFF, 0xFF,
    0xFF, 0xFF, 0x09, 0x00, 0x30, 0xFC, 0xFF, 0xFF, 0xFF, 0xFF, 0xFF, 0xFF, 0xFF, 0x09, 0x00, 0xF6,
    0xFF, 0xFF, 0xFF, 0xFF, 0xFF, 0xFF, 0xFF, 0xFF, 0x09, 0x20, 0xFF, 0xFF, 0xFF, 0xFF, 0xFF, 0xFF,
    0xFF, 0xFF, 0xFF, 0x09, 0x80, 0xFF, 0xFF, 0xFF, 0xEF, 0xBC, 0xBB, 0xFC, 0xFF, 0xFF, 0x09, 0xB0,
    0xFF, 0xFF, 0xDF, 0x03, 0x00, 0x00, 0xF2, 0xFF, 0xFF, 0x09, 0xD0, 0xFF, 0xFF, 0x3F, 0x00, 0x00,
    0x00, 0xF2, 0xFF, 0xFF, 0x09, 0xC0, 0xFF, 0xFF, 0x1F, 0x00, 0x00, 0x00, 0xF2, 0xFF, 0xFF, 0x09,
    0xA0, 0xFF, 0xFF, 0x3F, 0x00, 0x00, 0x00, 0xF2, 0xFF, 0xFF, 0x09, 0x40, 0xFF, 0xFF, 0xCF, 0x01,
    0x00, 0x00, 0xF2, 0xFF, 0xFF, 0x09, 0x00, 0xFB, 0xFF, 0xFF, 0xBF, 0x99, 0x99, 0xFA, 0xFF, 0xFF,
    0x09, 0x00, 0xA0, 0xFF, 0xFF, 0xFF, 0xFF, 0xFF, 0xFF, 0xFF, 0xFF, 0x09, 0x00, 0x00, 0xE5, 0xFF,
    0xFF, 0xFF, 0xFF, 0xFF, 0xFF, 0xFF, 0x09, 0x00, 0xC2, 0xFF, 0xFF, 0xFF, 0xFF, 0xFF, 0xFF, 0xFF,
    0xFF, 0x09, 0x30, 0xFF, 0xFF, 0xFF, 0xFF, 0xFF, 0xFF, 0xFF, 0xFF, 0xFF, 0x09, 0xD0, 0xFF, 0xFF,
    0xEF, 0x26, 0x00, 0x00, 0xF2, 0xFF, 0xFF, 0x09, 0xF3, 0xFF, 0xFF, 0x1E, 0x00, 0x00, 0x00, 0xF2,
    0xFF, 0xFF, 0x09, 0xF6, 0xFF, 0xFF, 0x09, 0x00, 0x00, 0x00, 0xF2, 0xFF, 0xFF, 0x09, 0xF8, 0xFF,
    0xFF, 0x07, 0x00, 0x00, 0x00, 0xF2, 0xFF, 0xFF, 0x09, 0xF8, 0xFF, 0xFF, 0x09, 0x00, 0x00, 0x00,
    0xF2, 0xFF, 0xFF, 0x09, 0xF6, 0xFF, 0xFF, 0x0E, 0x00, 0x00, 0x00, 0xF2, 0xFF, 0xFF, 0x09, 0xF2,
    0xFF, 0xFF, 0xBF, 0x02, 0x00, 0x00, 0xF2, 0xFF, 0xFF, 0x09, 0xC0, 0xFF, 0xFF, 0xFF, 0xEF, 0xCC,
    0xCC, 0xFC, 0xFF, 0xFF, 0x09, 0x30, 0xFF, 0xFF, 0xFF, 0xFF, 0xFF, 0xFF, 0xFF, 0xFF, 0xFF, 0x09,
    0x00, 0xF5, 0xFF, 0xFF, 0xFF, 0xFF, 0xFF, 0xFF, 0xFF, 0xFF, 0x09, 0x00, 0x20, 0xFB, 0xFF, 0xFF,
    0xFF, 0xFF, 0xFF, 0xFF, 0xFF, 0x09, 0x00, 0x00, 0x20, 0xB8, 0xFE, 0xFF, 0xFF, 0xFF, 0xFF, 0xFF,
    0x09, 0x00, 0x51, 0xC9, 0xFE, 0xEF, 0xAD, 0x05, 0x00, 0x00, 0x00, 0x00, 0xA3, 0xFF, 0xFF, 0xFF,
    0xFF, 0xFF, 0xFF, 0x08, 0x00, 0x00, 0x00, 0xFA, 0xFF, 0xFF, 0xFF, 0xFF, 0xFF, 0xFF, 0xEF, 0x03,
    0x00, 0x00, 0xF3, 0xFF, 0xFF, 0xFF, 0xFF, 0xFF, 0xFF, 0xFF, 0x4F, 0x00, 0x00, 0xD0, 0xFF, 0xFF,
    0xDE, 0xEC, 0xFF, 0xFF, 0xFF, 0xFF, 0x02, 0x00, 0x70, 0xEF, 0x28, 0x00, 0x00, 0xB3, 0xFF, 0xFF,
    0xFF, 0x0B, 0x00, 0x10, 0x05, 0x00, 0x00, 0x00, 0x00, 0xF7, 0xFF, 0xFF, 0x4F, 0x00, 0x00, 0x00,
    0x00, 0x00, 0x00, 0x00, 0xA0, 0xFF, 0xFF, 0xBF, 0x00, 0x00, 0x00, 0x00, 0x00, 0x00, 0x00, 0x10,
    0xFF, 0xFF, 0xFF, 0x01, 0x00, 0x00, 0x00, 0x00, 0x00, 0x00, 0x00, 0xFB, 0xFF, 0xFF, 0x05, 0x00,
    0x00, 0x00, 0x00, 0x00, 0x00, 0x00, 0xF7, 0xFF, 0xFF, 0x08, 0x00, 0x00, 0x00, 0x00, 0x00, 0x00,
    0x00, 0xF4, 0xFF, 0xFF, 0x0A, 0x00, 0x00, 0x00, 0x00, 0x00, 0x00, 0x00, 0xF2, 0xFF, 0xFF, 0x0C,
    0x00, 0x00, 0x00, 0x00, 0x00, 0x00, 0x00, 0xF2, 0xFF, 0xFF, 0x0C, 0x00, 0x00, 0x00, 0x00, 0x00,
    0x00, 0x00, 0xF2, 0xFF, 0xFF, 0x0C, 0x00, 0x00, 0x00, 0x00, 0x00, 0x00, 0x00, 0xF3, 0xFF, 0xFF,
    0x0B, 0x00, 0x00, 0x00, 0x00, 0x00, 0x00, 0x00, 0xF6, 0xFF, 0xFF, 0x09, 0x00, 0x00, 0x00, 0x00,
    0x00, 0x00, 0x00, 0xF9, 0xFF, 0xFF, 0x07, 0x00, 0x00, 0x00, 0x00, 0x00, 0x00, 0x00, 0xFE, 0xFF,
    0xFF, 0x03, 0x00, 0x00, 0x00, 0x00, 0x00, 0x00, 0x70, 0xFF, 0xFF, 0xEF, 0x00, 0x10, 0x00, 0x00,
    0x00, 0x00, 0x00, 0xF4, 0xFF, 0xFF, 0x8F, 0x00, 0xD0, 0x7C, 0x03, 0x00, 0x00, 0x92, 0xFF, 0xFF,
    0xFF, 0x1F, 0x00, 0xD0, 0xFF, 0xFF, 0xDE, 0xED, 0xFF, 0xFF, 0xFF, 0xFF, 0x07, 0x00, 0xD0, 0xFF,
    0xFF, 0xFF, 0xFF, 0xFF, 0xFF, 0xFF, 0xAF, 0x00, 0x00, 0xD0, 0xFF, 0xFF, 0xFF, 0xFF, 0xFF, 0xFF,
    0xFF, 0x09, 0x00, 0x00, 0xA0, 0xFF, 0xFF, 0xFF, 0xFF, 0xFF, 0xFF, 0x4D, 0x00, 0x00, 0x00, 0x00,
    0x61, 0xCA, 0xFE, 0xFF, 0xCE, 0x48, 0x00, 0x00, 0x00, 0x00, 0x00, 0x00, 0x00, 0x00, 0x73, 0xDB,
    0xFF, 0xFF, 0xFF, 0xFF, 0xFF, 0x09, 0x00, 0x00, 0x00, 0xD6, 0xFF, 0xFF, 0xFF, 0xFF, 0xFF, 0xFF,
    0xFF, 0x09, 0x00, 0x00, 0xD2, 0xFF, 0xFF, 0xFF, 0xFF, 0xFF, 0xFF, 0xFF, 0xFF, 0x09, 0x00, 0x40,
    0xFF, 0xFF, 0xFF, 0xFF, 0xFF, 0xFF, 0xFF, 0xFF, 0xFF, 0x09, 0x00, 0xF3, 0xFF, 0xFF, 0xFF, 0xEF,
    0xBC, 0xBB, 0xFC, 0xFF, 0xFF, 0x09, 0x00, 0xFD, 0xFF, 0xFF, 0xAF, 0x03, 0x00, 0x00, 0xF2, 0xFF,
    0xFF, 0x09, 0x70, 0xFF, 0xFF, 0xFF, 0x05, 0x00, 0x00, 0x00, 0xF2, 0xFF, 0xFF, 0x09, 0xE0, 0xFF,
    0xFF, 0x8F, 0x00, 0x00, 0x00, 0x00, 0xF2, 0xFF, 0xFF, 0x09, 0xF4, 0xFF, 0xFF, 0x0E, 0x00, 0x00,
    0x00, 0x00, 0xF2, 0xFF, 0xFF, 0x09, 0xF8, 0xFF, 0xFF, 0x08, 0x00, 0x00, 0x00, 0x00, 0xF2, 0xFF,
    0xFF, 0x09, 0xFB, 0xFF, 0xFF, 0x04, 0x00, 0x00, 0x00, 0x00, 0xF2, 0xFF, 0xFF, 0x09, 0xFD, 0xFF,
    0xFF, 0x02, 0x00, 0x00, 0x00, 0x00, 0xF2, 0xFF, 0xFF, 0x09, 0xFE, 0xFF, 0xFF, 0x01, 0x00, 0x00,
    0x00, 0x00, 0xF2, 0xFF, 0xFF, 0x09, 0xFE, 0xFF, 0xFF, 0x00, 0x00, 0x00, 0x00, 0x00, 0xF2, 0xFF,
    0xFF, 0x09, 0xFE, 0xFF, 0xFF, 0x01, 0x00, 0x00, 0x00, 0x00, 0xF2, 0xFF, 0xFF, 0x09, 0xFC, 0xFF,
    0xFF, 0x03, 0x00, 0x00, 0x00, 0x00, 0xF2, 0xFF, 0xFF, 0x09, 0xFA, 0xFF, 0xFF, 0x05, 0x00, 0x00,
    0x00, 0x00, 0xF2, 0xFF, 0xFF, 0x09, 0xF7, 0xFF, 0xFF, 0x0A, 0x00, 0x00, 0x00, 0x00, 0xF2, 0xFF,
    0xFF, 0x09, 0xF2, 0xFF, 0xFF, 0x1F, 0x00, 0x00, 0x00, 0x00, 0xF2, 0xFF, 0xFF, 0x09, 0xD0, 0xFF,
    0xFF, 0xBF, 0x00, 0x00, 0x00, 0x00, 0xF2, 0xFF, 0xFF, 0x09, 0x50, 0xFF, 0xFF, 0xFF, 0x09, 0x00,
    0x00, 0x00, 0xF2, 0xFF, 0xFF, 0x09, 0x00, 0xFC, 0xFF, 0xFF, 0xDF, 0x16, 0x00, 0x00, 0xF2, 0xFF,
    0xFF, 0x09, 0x00, 0xE1, 0xFF, 0xFF, 0xFF, 0xFF, 0xCE, 0xCC, 0xFC, 0xFF, 0xFF, 0x09, 0x00, 0x20,
    0xFE, 0xFF, 0xFF, 0xFF, 0xFF, 0xFF, 0xFF, 0xFF, 0xFF, 0x09, 0x00, 0x00, 0xA1, 0xFF, 0xFF, 0xFF,
    0xFF, 0xFF, 0xFF, 0xFF, 0xFF, 0x09, 0x00, 0x00, 0x00, 0xB4, 0xFF, 0xFF, 0xFF, 0xFF, 0xFF, 0xFF,
    0xFF, 0x09, 0x00, 0x00, 0x00, 0x00, 0x51, 0xC9, 0xFE, 0xFF, 0xFF, 0xFF, 0xFF, 0x09, 0xF0, 0xFF,
    0xFF, 0xFF, 0xFF, 0xFF, 0xFF, 0xFF, 0x09, 0xF0, 0xFF, 0xFF, 0xFF, 0xFF, 0xFF, 0xFF, 0xFF, 0x09,
    0xF0, 0xFF, 0xFF, 0xFF, 0xFF, 0xFF, 0xFF, 0xFF, 0x09, 0xF0, 0xFF, 0xFF, 0xFF, 0xFF, 0xFF, 0xFF,
    0xFF, 0x09, 0xB0, 0xBB, 0xBB, 0xBB, 0xBB, 0xFC, 0xFF, 0xFF, 0x09, 0x00, 0x00, 0x00, 0x00, 0x00,
    0xF2, 0xFF, 0xFF, 0x09, 0x00, 0x00, 0x00, 0x00, 0x00, 0xF2, 0xFF, 0xFF, 0x09, 0x00, 0x00, 0x00,
    0x00, 0x00, 0xF2, 0xFF, 0xFF, 0x09, 0x00, 0x00, 0x00, 0x00, 0x00, 0xF2, 0xFF, 0xFF, 0x09, 0x00,
    0x00, 0x00, 0x00, 0x00, 0xF2, 0xFF, 0xFF, 0x09, 0x30, 0xBB, 0xBB, 0xBB, 0xBB, 0xFC, 0xFF, 0xFF,
    0x09, 0x50, 0xFF, 0xFF, 0xFF, 0xFF, 0xFF, 0xFF, 0xFF, 0x09, 0x50, 0xFF, 0xFF, 0xFF, 0xFF, 0xFF,
    0xFF, 0xFF, 0x09, 0x50, 0xFF, 0xFF, 0xFF, 0xFF, 0xFF, 0xFF, 0xFF, 0x09, 0x50, 0xFF, 0xFF, 0xFF,
    0xFF, 0xFF, 0xFF, 0xFF, 0x09, 0x00, 0x00, 0x00, 0x00, 0x00, 0xF2, 0xFF, 0xFF, 0x09, 0x00, 0x00,
    0x00, 0x00, 0x00, 0xF2, 0xFF, 0xFF, 0x09, 0x00, 0x00, 0x00, 0x00, 0x00, 0xF2, 0xFF, 0xFF, 0x09,
    0x00, 0x00, 0x00, 0x00, 0x00, 0xF2, 0xFF, 0xFF, 0x09, 0x00, 0x00, 0x00, 0x00, 0x00, 0xF2, 0xFF,
    0xFF, 0x09, 0x00, 0x00, 0x00, 0x00, 0x00, 0xF2, 0xFF, 0xFF, 0x09, 0x00, 0x00, 0x00, 0x00, 0x00,
    0xF2, 0xFF, 0xFF, 0x09, 0xC0, 0xCC, 0xCC, 0xCC, 0xCC, 0xFC, 0xFF, 0xFF, 0x09, 0xF0, 0xFF, 0xFF,
    0xFF, 0xFF, 0xFF, 0xFF, 0xFF, 0x09, 0xF0, 0xFF, 0xFF, 0xFF, 0xFF, 0xFF, 0xFF, 0xFF, 0x09, 0xF0,
    0xFF, 0xFF, 0xFF, 0xFF, 0xFF, 0xFF, 0xFF, 0x09, 0xF0, 0xFF, 0xFF, 0xFF, 0xFF, 0xFF, 0xFF, 0xFF,
    0x09, 0xFF, 0xFF, 0xFF, 0xFF, 0xFF, 0xFF, 0xFF, 0x9F, 0xFF, 0xFF, 0xFF, 0xFF, 0xFF, 0xFF, 0xFF,
    0x9F, 0xFF, 0xFF, 0xFF, 0xFF, 0xFF, 0xFF, 0xFF, 0x9F, 0xFF, 0xFF, 0xFF, 0xFF, 0xFF, 0xFF, 0xFF,
    0x9F, 0xBA, 0xBB, 0xBB, 0xBB, 0xBB, 0xFF, 0xFF, 0x9F, 0x00, 0x00, 0x00, 0x00, 0x10, 0xFF, 0xFF,
    0x9F, 0x00, 0x00, 0x00, 0x00, 0x10, 0xFF, 0xFF, 0x9F, 0x00, 0x00, 0x00, 0x00, 0x10, 0xFF, 0xFF,
    0x9F, 0x00, 0x00, 0x00, 0x00, 0x10, 0xFF, 0xFF, 0x9F, 0x00, 0x00, 0x00, 0x00, 0x10, 0xFF, 0xFF,
    0x9F, 0x00, 0x00, 0x00, 0x00, 0x10, 0xFF, 0xFF, 0x9F, 0xB3, 0xBB, 0xBB, 0xBB, 0xBB, 0xFF, 0xFF,
    0x9F, 0xF4, 0xFF, 0xFF, 0xFF, 0xFF, 0xFF, 0xFF, 0x9F, 0xF4, 0xFF, 0xFF, 0xFF, 0xFF, 0xFF, 0xFF,
    0x9F, 0xF4, 0xFF, 0xFF, 0xFF, 0xFF, 0xFF, 0xFF, 0x9F, 0xF4, 0xFF, 0xFF, 0xFF, 0xFF, 0xFF, 0xFF,
    0x9F, 0x00, 0x00, 0x00, 0x00, 0x10, 0xFF, 0xFF, 0x9F, 0x00, 0x00, 0x00, 0x00, 0x10, 0xFF, 0xFF,
    0x9F, 0x00, 0x00, 0x00, 0x00, 0x10, 0xFF, 0xFF, 0x9F, 0x00, 0x00, 0x00, 0x00, 0x10, 0xFF, 0xFF,
    0x9F, 0x00, 0x00, 0x00, 0x00, 0x10, 0xFF, 0xFF, 0x9F, 0x00, 0x00, 0x00, 0x00, 0x10, 0xFF, 0xFF,
    0x9F, 0x00, 0x00, 0x00, 0x00, 0x10, 0xFF, 0xFF, 0x9F, 0x00, 0x00, 0x00, 0x00, 0x10, 0xFF, 0xFF,
    0x9F, 0x00, 0x00, 0x00, 0x00, 0x10, 0xFF, 0xFF, 0x9F, 0x00, 0x00, 0x00, 0x00, 0x10, 0xFF, 0xFF,
    0x9F, 0x00, 0x00, 0x00, 0x00, 0x10, 0xFF, 0xFF, 0x9F, 0x00, 0x51, 0xB9, 0xFE, 0xFF, 0xDE, 0x6A,
    0x01, 0x00, 0x00, 0x00, 0x00, 0xB2, 0xFF, 0xFF, 0xFF, 0xFF, 0xFF, 0xFF, 0xBF, 0x04, 0x00, 0x00,
    0x00, 0xF1, 0xFF, 0xFF, 0xFF, 0xFF, 0xFF, 0xFF, 0xFF, 0xAF, 0x00, 0x00, 0x00, 0xA0, 0xFF, 0xFF,
    0xFF, 0xFF, 0xFF, 0xFF, 0xFF, 0xFF, 0x1D, 0x00, 0x00, 0x40, 0xFF, 0xFF, 0xDF, 0xDC, 0xFF, 0xFF,
    0xFF, 0xFF, 0xDF, 0x00, 0x00, 0x00, 0xDD, 0x27, 0x00, 0x00, 0x30, 0xF9, 0xFF, 0xFF, 0xFF, 0x0A,
    0x00, 0x00, 0x01, 0x00, 0x00, 0x00, 0x00, 0x30, 0xFE, 0xFF, 0xFF, 0x3F, 0x00, 0x00, 0x00, 0x00,
    0x00, 0x00, 0x00, 0x00, 0xF2, 0xFF, 0xFF, 0xBF, 0x00, 0x00, 0x00, 0x00, 0x00, 0x00, 0x00, 0x00,
    0x60, 0xFF, 0xFF, 0xFF, 0x01, 0x00, 0x00, 0x00, 0x00, 0x00, 0x00, 0x00, 0x00, 0xFE, 0xFF, 0xFF,
    0x05, 0x00, 0x00, 0x00, 0x00, 0x00, 0x00, 0x00, 0x00, 0xF8, 0xFF, 0xFF, 0x08, 0x00, 0x00, 0x00,
    0x00, 0x00, 0x00, 0x00, 0x00, 0xF4, 0xFF, 0xFF, 0x0B, 0xF7, 0xFF, 0xFF, 0xFF, 0xFF, 0x4F, 0x00,
    0x00, 0xF2, 0xFF, 0xFF, 0x0C, 0xF7, 0xFF, 0xFF, 0xFF, 0xFF, 0x4F, 0x00, 0x00, 0xF2, 0xFF, 0xFF,
    0x0C, 0xF7, 0xFF, 0xFF, 0xFF, 0xFF, 0x4F, 0x00, 0x00, 0xF2, 0xFF, 0xFF, 0x0C, 0xF7, 0xFF, 0xFF,
    0xFF, 0xFF, 0x4F, 0x00, 0x00, 0xF4, 0xFF, 0xFF, 0x0B, 0xF7, 0xFF, 0xFF, 0xCD, 0xCC, 0x3C, 0x00,
    0x00, 0xF6, 0xFF, 0xFF, 0x09, 0xF7, 0xFF, 0xFF, 0x02, 0x00, 0x00, 0x00, 0x00, 0xFA, 0xFF, 0xFF,
    0x06, 0xF7, 0xFF, 0xFF, 0x02, 0x00, 0x00, 0x00, 0x10, 0xFF, 0xFF, 0xFF, 0x03, 0xF7, 0xFF, 0xFF,
    0x02, 0x00, 0x00, 0x00, 0x90, 0xFF, 0xFF, 0xEF, 0x00, 0xF7, 0xFF, 0xFF, 0x02, 0x00, 0x00, 0x00,
    0xF7, 0xFF, 0xFF, 0x8F, 0x00, 0xF7, 0xFF, 0xFF, 0x03, 0x00, 0x00, 0xA3, 0xFF, 0xFF, 0xFF, 0x1E,
    0x00, 0xF7, 0xFF, 0xFF, 0xFF, 0xCD, 0xFD, 0xFF, 0xFF, 0xFF, 0xFF, 0x05, 0x00, 0xF7, 0xFF, 0xFF,
    0xFF, 0xFF, 0xFF, 0xFF, 0xFF, 0xFF, 0x8F, 0x00, 0x00, 0xF7, 0xFF, 0xFF, 0xFF, 0xFF, 0xFF, 0xFF,
    0xFF, 0xFF, 0x07, 0x00, 0x00, 0xC4, 0xFF, 0xFF, 0xFF, 0xFF, 0xFF, 0xFF, 0xFF, 0x3B, 0x00, 0x00,
    0x00, 0x00, 0x51, 0xA8, 0xEC, 0xFF, 0xFF, 0xBD, 0x27, 0x00, 0x00, 0x00, 0x00, 0xFA, 0xFF, 0xFF,
    0x01, 0x00, 0x00, 0x00, 0x00, 0xF2, 0xFF, 0xFF, 0x09, 0xFA, 0xFF, 0xFF, 0x01, 0x00, 0x00, 0x00,
    0x00, 0xF2, 0xFF, 0xFF, 0x09, 0xFA, 0xFF, 0xFF, 0x01, 0x00, 0x00, 0x00, 0x00, 0xF2, 0xFF, 0xFF,
    0x09, 0xFA, 0xFF, 0xFF, 0x01, 0x00, 0x00, 0x00, 0x00, 0xF2, 0xFF, 0xFF, 0x09, 0xFA, 0xFF, 0xFF,
    0x01, 0x00, 0x00, 0x00, 0x00, 0xF2, 0xFF, 0xFF, 0x09, 0xFA, 0xFF, 0xFF, 0x01, 0x00, 0x00, 0x00,
    0x00, 0xF2, 0xFF, 0xFF, 0x09, 0xFA, 0xFF, 0xFF, 0x01, 0x00, 0x00, 0x00, 0x00, 0xF2, 0xFF, 0xFF,
    0x09, 0xFA, 0xFF, 0xFF, 0x01, 0x00, 0x00, 0x00, 0x00, 0xF2, 0xFF, 0xFF, 0x09, 0xFA, 0xFF, 0xFF,
    0x01, 0x00, 0x00, 0x00, 0x00, 0xF2, 0xFF, 0xFF, 0x09, 0xFA, 0xFF, 0xFF, 0x01, 0x00, 0x00, 0x00,
    0x00, 0xF2, 0xFF, 0xFF, 0x09, 0xFA, 0xFF, 0xFF, 0xCD, 0xCC, 0xCC, 0xCC, 0xCC, 0xFD, 0xFF, 0xFF,
    0x09, 0xFA, 0xFF, 0xFF, 0xFF, 0xFF, 0xFF, 0xFF, 0xFF, 0xFF, 0xFF, 0xFF, 0x09, 0xFA, 0xFF, 0xFF,
    0xFF, 0xFF, 0xFF, 0xFF, 0xFF, 0xFF, 0xFF, 0xFF, 0x09, 0xFA, 0xFF, 0xFF, 0xFF, 0xFF, 0xFF, 0xFF,
    0xFF, 0xFF, 0xFF, 0xFF, 0x09, 0xFA, 0xFF, 0xFF, 0xFF, 0xFF, 0xFF, 0xFF, 0xFF, 0xFF, 0xFF, 0xFF,
    0x09, 0xFA, 0xFF, 0xFF, 0x01, 0x00, 0x00, 0x00, 0x00, 0xF2, 0xFF, 0xFF, 0x09, 0xFA, 0xFF, 0xFF,
    0x01, 0x00, 0x00, 0x00, 0x00, 0xF2, 0xFF, 0xFF, 0x09, 0xFA, 0xFF, 0xFF, 0x01, 0x00, 0x00, 0x00,
    0x00, 0xF2, 0xFF, 0xFF, 0x09, 0xFA, 0xFF, 0xFF, 0x01, 0x00, 0x00, 0x00, 0x00, 0xF2, 0xFF, 0xFF,
    0x09, 0xFA, 0xFF, 0xFF, 0x01, 0x00, 0x00, 0x00, 0x00, 0xF2, 0xFF, 0xFF, 0x09, 0xFA, 0xFF, 0xFF,
    0x01, 0x00, 0x00, 0x00, 0x00, 0xF2, 0xFF, 0xFF, 0x09, 0xFA, 0xFF, 0xFF, 0x01, 0x00, 0x00, 0x00,
    0x00, 0xF2, 0xFF, 0xFF, 0x09, 0xFA, 0xFF, 0xFF, 0x01, 0x00, 0x00, 0x00, 0x00, 0xF2, 0xFF, 0xFF,
    0x09, 0xFA, 0xFF, 0xFF, 0x01, 0x00, 0x00, 0x00, 0x00, 0xF2, 0xFF, 0xFF, 0x09, 0xFA, 0xFF, 0xFF,
    0x01, 0x00, 0x00, 0x00, 0x00, 0xF2, 0xFF, 0xFF, 0x09, 0xFA, 0xFF, 0xFF, 0x01, 0x00, 0x00, 0x00,
    0x00, 0xF2, 0xFF, 0xFF, 0x09, 0xFA, 0xFF, 0xFF, 0x01, 0x00, 0x00, 0x00, 0x00, 0xF2, 0xFF, 0xFF,
    0x09, 0xF2, 0xFF, 0xFF, 0x09, 0xF2, 0xFF, 0xFF, 0x09, 0xF2, 0xFF, 0xFF, 0x09, 0xF2, 0xFF, 0xFF,
    0x09, 0xF2, 0xFF, 0xFF, 0x09, 0xF2, 0xFF, 0xFF, 0x09, 0xF2, 0xFF, 0xFF, 0x09, 0xF2, 0xFF, 0xFF,
    0x09, 0xF2, 0xFF, 0xFF, 0x09, 0xF2, 0xFF, 0xFF, 0x09, 0xF2, 0xFF, 0xFF, 0x09, 0xF2, 0xFF, 0xFF,
    0x09, 0xF2, 0xFF, 0xFF, 0x09, 0xF2, 0xFF, 0xFF, 0x09, 0xF2, 0xFF, 0xFF, 0x09, 0xF2, 0xFF, 0xFF,
    0x09, 0xF2, 0xFF, 0xFF, 0x09, 0xF2, 0xFF, 0xFF, 0x09, 0xF2, 0xFF, 0xFF, 0x09, 0xF2, 0xFF, 0xFF,
    0x09, 0xF2, 0xFF, 0xFF, 0x09, 0xF2, 0xFF, 0xFF, 0x09, 0xF2, 0xFF, 0xFF, 0x09, 0xF2, 0xFF, 0xFF,
    0x09, 0xF2, 0xFF, 0xFF, 0x09, 0xF2, 0xFF, 0xFF, 0x09, 0xF2, 0xFF, 0xFF, 0x09, 0xF2, 0xFF, 0xFF,
    0x09, 0x00, 0x00, 0x00, 0xF2, 0xFF, 0xFF, 0x09, 0x00, 0x00, 0x00, 0xF2, 0xFF, 0xFF, 0x09, 0x00,
    0x00, 0x00, 0xF2, 0xFF, 0xFF, 0x09, 0x00, 0x00, 0x00, 0xF2, 0xFF, 0xFF, 0x09, 0x00, 0x00, 0x00,
    0xF2, 0xFF, 0xFF, 0x09, 0x00, 0x00, 0x00, 0xF2, 0xFF, 0xFF, 0x09, 0x00, 0x00, 0x00, 0xF2, 0xFF,
    0xFF, 0x09, 0x00, 0x00, 0x00, 0xF2, 0xFF, 0xFF, 0x09, 0x00, 0x00, 0x00, 0xF2, 0xFF, 0xFF, 0x09,
    0x00, 0x00, 0x00, 0xF2, 0xFF, 0xFF, 0x09, 0x00, 0x00, 0x00, 0xF2, 0xFF, 0xFF, 0x09, 0x00, 0x00,
    0x00, 0xF2, 0xFF, 0xFF, 0x09, 0x00, 0x00, 0x00, 0xF2, 0xFF, 0xFF, 0x09, 0x00, 0x00, 0x00, 0xF2,
    0xFF, 0xFF, 0x09, 0x00, 0x00, 0x00, 0xF2, 0xFF, 0xFF, 0x09, 0x00, 0x00, 0x00, 0xF2, 0xFF, 0xFF,
    0x09, 0x00, 0x00, 0x00, 0xF2, 0xFF, 0xFF, 0x09, 0x00, 0x00, 0x00, 0xF2, 0xFF, 0xFF, 0x09, 0x00,
    0x00, 0x00, 0xF2, 0xFF, 0xFF, 0x09, 0x00, 0x00, 0x00, 0xF2, 0xFF, 0xFF, 0x09, 0x00, 0x00, 0x00,
    0xF2, 0xFF, 0xFF, 0x09, 0x00, 0x00, 0x00, 0xF2, 0xFF, 0xFF, 0x09, 0x00, 0x00, 0x00, 0xF2, 0xFF,
    0xFF, 0x09, 0x00, 0x00, 0x00, 0xF2, 0xFF, 0xFF, 0x09, 0x00, 0x00, 0x00, 0xF2, 0xFF, 0xFF, 0x09,
    0x00, 0x00, 0x00, 0xF2, 0xFF, 0xFF, 0x0A, 0x00, 0x00, 0x00, 0xF0, 0xFF, 0xFF, 0x0C, 0x00, 0x00,
    0x00, 0xE0, 0xFF, 0xFF, 0x2F, 0x00, 0x00, 0x00, 0xA0, 0xFF, 0xFF, 0xCF, 0x02, 0x00, 0x01, 0x40,
    0xFF, 0xFF, 0xFF, 0xEF, 0xFD, 0x0D, 0x00, 0xFC, 0xFF, 0xFF, 0xFF, 0xFF, 0x0D, 0x00, 0xE1, 0xFF,
    0xFF, 0xFF, 0xFF, 0x0D, 0x00, 0x20, 0xFC, 0xFF, 0xFF, 0xFF, 0x0D, 0x00, 0x00, 0x40, 0xD9, 0xFF,
    0xDF, 0x09, 0xB0, 0xFF, 0xFF, 0x9F, 0x00, 0x00, 0x00, 0x00, 0xF2, 0xFF, 0xFF, 0x09, 0x10, 0xFE,
    0xFF, 0xFF, 0x06, 0x00, 0x00, 0x00, 0xF2, 0xFF, 0xFF, 0x09, 0x00, 0xF3, 0xFF, 0xFF, 0x3F, 0x00,
    0x00, 0x00, 0xF2, 0xFF, 0xFF, 0x09, 0x00, 0x60, 0xFF, 0xFF, 0xEF, 0x01, 0x00, 0x00, 0xF2, 0xFF,
    0xFF, 0x09, 0x00, 0x00, 0xF9, 0xFF, 0xFF, 0x0C, 0x00, 0x00, 0xF2, 0xFF, 0xFF, 0x09, 0x00, 0x00,
    0xC0, 0xFF, 0xFF, 0x9F, 0x00, 0x00, 0xF2, 0xFF, 0xFF, 0x09, 0x00, 0x00, 0x10, 0xFE, 0xFF, 0xFF,
    0x06, 0x00, 0xF2, 0xFF, 0xFF, 0x09, 0x00, 0x00, 0x00, 0xF3, 0xFF, 0xFF, 0x3F, 0x00, 0xF2, 0xFF,
    0xFF, 0x09, 0x00, 0x00, 0x00, 0x60, 0xFF, 0xFF, 0xEF, 0x01, 0xF2, 0xFF, 0xFF, 0x09, 0x00, 0x00,
    0x00, 0x00, 0xFA, 0xFF, 0xFF, 0x0C, 0xF2, 0xFF, 0xFF, 0x09, 0x00, 0x00, 0x00, 0x00, 0xD0, 0xFF,
    0xFF, 0x8F, 0xF2, 0xFF, 0xFF, 0x09, 0x00, 0x00, 0x00, 0x00, 0x20, 0xFE, 0xFF, 0xFF, 0xF6, 0xFF,
    0xFF, 0x09, 0x00, 0x00, 0x00, 0x00, 0x10, 0xFF, 0xFF, 0xFF, 0xFF, 0xFF, 0xFF, 0x09, 0x00, 0x00,
    0x00, 0x00, 0xA0, 0xFF, 0xFF, 0xFF, 0xFF, 0xFF, 0xFF, 0x09, 0x00, 0x00, 0x00, 0x00, 0xF5, 0xFF,
    0xFF, 0xFF, 0xFF, 0xFF, 0xFF, 0x09, 0x00, 0x00, 0x00, 0x00, 0xFE, 0xFF, 0xFF, 0xFD, 0xFF, 0xFF,
    0xFF, 0x09, 0x00, 0x00, 0x00, 0x90, 0xFF, 0xFF, 0xDF, 0x60, 0xFF, 0xFF, 0xFF, 0x09, 0x00, 0x00,
    0x00, 0xF3, 0xFF, 0xFF, 0x3F, 0x00, 0xF4, 0xFF, 0xFF, 0x09, 0x00, 0x00, 0x00, 0xFD, 0xFF, 0xFF,
    0x09, 0x00, 0xF2, 0xFF, 0xFF, 0x09, 0x00, 0x00, 0x70, 0xFF, 0xFF, 0xEF, 0x01, 0x00, 0xF2, 0xFF,
    0xFF, 0x09, 0x00, 0x00, 0xF2, 0xFF, 0xFF, 0x5F, 0x00, 0x00, 0xF2, 0xFF, 0xFF, 0x09, 0x00, 0x00,
    0xFB, 0xFF, 0xFF, 0x0B, 0x00, 0x00, 0xF2, 0xFF, 0xFF, 0x09, 0x00, 0x60, 0xFF, 0xFF, 0xFF, 0x02,
    0x00, 0x00, 0xF2, 0xFF, 0xFF, 0x09, 0x00, 0xE1, 0xFF, 0xFF, 0x7F, 0x00, 0x00, 0x00, 0xF2, 0xFF,
    0xFF, 0x09, 0x00, 0xFA, 0xFF, 0xFF, 0x0D, 0x00, 0x00, 0x00, 0xF2, 0xFF, 0xFF, 0x09, 0x40, 0xFF,
    0xFF, 0xFF, 0x03, 0x00, 0x00, 0x00, 0xF2, 0xFF, 0xFF, 0x09, 0xE0, 0xFF, 0xFF, 0x9F, 0x00, 0x00,
    0x00, 0x00, 0xF2, 0xFF, 0xFF, 0x09, 0x00, 0x00, 0x00, 0x00, 0x00, 0x20, 0xFF, 0xFF, 0x9F, 0x00,
    0x00, 0x00, 0x00, 0x00, 0x20, 0xFF, 0xFF, 0x9F, 0x00, 0x00, 0x00, 0x00, 0x00, 0x20, 0xFF, 0xFF,
    0x9F, 0x00, 0x00, 0x00, 0x00, 0x00, 0x20, 0xFF, 0xFF, 0x9F, 0x00, 0x00, 0x00, 0x00, 0x00, 0x20,
    0xFF, 0xFF, 0x9F, 0x00, 0x00, 0x00, 0x00, 0x00, 0x20, 0xFF, 0xFF, 0x9F, 0x00, 0x00, 0x00, 0x00,
    0x00, 0x20, 0xFF, 0xFF, 0x9F, 0x00, 0x00, 0x00, 0x00, 0x00, 0x20, 0xFF, 0xFF, 0x9F, 0x00, 0x00,
    0x00, 0x00, 0x00, 0x20, 0xFF, 0xFF, 0x9F, 0x00, 0x00, 0x00, 0x00, 0x00, 0x20, 0xFF, 0xFF, 0x9F,
    0x00, 0x00, 0x00, 0x00, 0x00, 0x20, 0xFF, 0xFF, 0x9F, 0x00, 0x00, 0x00, 0x00, 0x00, 0x20, 0xFF,
    0xFF, 0x9F, 0x00, 0x00, 0x00, 0x00, 0x00, 0x20, 0xFF, 0xFF, 0x9F, 0x00, 0x00, 0x00, 0x00, 0x00,
    0x20, 0xFF, 0xFF, 0x9F, 0x00, 0x00, 0x00, 0x00, 0x00, 0x20, 0xFF, 0xFF, 0x9F, 0x00, 0x00, 0x00,
    0x00, 0x00, 0x20, 0xFF, 0xFF, 0x9F, 0x00, 0x00, 0x00, 0x00, 0x00, 0x20, 0xFF, 0xFF, 0x9F, 0x00,
    0x00, 0x00, 0x00, 0x00, 0x20, 0xFF, 0xFF, 0x9F, 0x00, 0x00, 0x00, 0x00, 0x00, 0x20, 0xFF, 0xFF,
    0x9F, 0x00, 0x00, 0x00, 0x00, 0x00, 0x20, 0xFF, 0xFF, 0x9F, 0x00, 0x00, 0x00, 0x00, 0x00, 0x20,
    0xFF, 0xFF, 0x9F, 0x00, 0x00, 0x00, 0x00, 0x00, 0x20, 0xFF, 0xFF, 0x9F, 0xC2, 0xCC, 0xCC, 0xCC,
    0xCC, 0xCC, 0xFF, 0xFF, 0x9F, 0xF2, 0xFF, 0xFF, 0xFF, 0xFF, 0xFF, 0xFF, 0xFF, 0x9F, 0xF2, 0xFF,
    0xFF, 0xFF, 0xFF, 0xFF, 0xFF, 0xFF, 0x9F, 0xF2, 0xFF, 0xFF, 0xFF, 0xFF, 0xFF, 0xFF, 0xFF, 0x9F,
    0xF2, 0xFF, 0xFF, 0xFF, 0xFF, 0xFF, 0xFF, 0xFF, 0x9F, 0xF6, 0xFF, 0xFF, 0xFF, 0x09, 0x00, 0x00,
    0x00, 0x00, 0x00, 0x60, 0xFF, 0xFF, 0xFF, 0x9F, 0xF6, 0xFF, 0xFF, 0xFF, 0x0E, 0x00, 0x00, 0x00,
    0x00, 0x00, 0xB0, 0xFF, 0xFF, 0xFF, 0x9F, 0xF6, 0xFF, 0xFF, 0xFF, 0x3F, 0x00, 0x00, 0x00, 0x00,
    0x00, 0xF0, 0xFF, 0xFF, 0xFF, 0x9F, 0xF6, 0xFF, 0xFF, 0xFF, 0x9F, 0x00, 0x00, 0x00, 0x00, 0x00,
    0xF5, 0xFF, 0xFF, 0xFF, 0x9F, 0xF6, 0xFF, 0xFF, 0xFF, 0xEF, 0x00, 0x00, 0x00, 0x00, 0x00, 0xFA,
    0xFF, 0xFF, 0xFF, 0x9F, 0xF6, 0xFF, 0xFF, 0xFF, 0xFF, 0x03, 0x00, 0x00, 0x00, 0x00, 0xFF, 0xFF,
    0xFF, 0xFF, 0x9F, 0xF6, 0xFF, 0xBF, 0xFE, 0xFF, 0x09, 0x00, 0x00, 0x00, 0x40, 0xFF, 0xFF, 0xFA,
    0xFF, 0x9F, 0xF6, 0xFF, 0xCF, 0xFA, 0xFF, 0x0E, 0x00, 0x00, 0x00, 0x90, 0xFF, 0xFF, 0xF6, 0xFF,
    0x9F, 0xF6, 0xFF, 0xCF, 0xF4, 0xFF, 0x3F, 0x00, 0x00, 0x00, 0xE0, 0xFF, 0xCF, 0xF5, 0xFF, 0x9F,
    0xF6, 0xFF, 0xDF, 0xF0, 0xFF, 0x8F, 0x00, 0x00, 0x00, 0xF3, 0xFF, 0x7F, 0xF6, 0xFF, 0x9F, 0xF6,
    0xFF, 0xEF, 0xA0, 0xFF, 0xEF, 0x00, 0x00, 0x00, 0xF8, 0xFF, 0x2F, 0xF7, 0xFF, 0x9F, 0xF6, 0xFF,
    0xEF, 0x40, 0xFF, 0xFF, 0x03, 0x00, 0x00, 0xFD, 0xFF, 0x0D, 0xF7, 0xFF, 0x9F, 0xF6, 0xFF, 0xEF,
    0x00, 0xFF, 0xFF, 0x08, 0x00, 0x20, 0xFF, 0xFF, 0x09, 0xF8, 0xFF, 0x9F, 0xF6, 0xFF, 0xFF, 0x00,
    0xFA, 0xFF, 0x0D, 0x00, 0x70, 0xFF, 0xFF, 0x04, 0xF8, 0xFF, 0x9F, 0xF6, 0xFF, 0xFF, 0x00, 0xF5,
    0xFF, 0x3F, 0x00, 0xC0, 0xFF, 0xEF, 0x00, 0xF8, 0xFF, 0x9F, 0xF6, 0xFF, 0xFF, 0x00, 0xF0, 0xFF,
    0x8F, 0x00, 0xF1, 0xFF, 0xAF, 0x00, 0xF8, 0xFF, 0x9F, 0xF6, 0xFF, 0xFF, 0x00, 0xA0, 0xFF, 0xDF,
    0x00, 0xF6, 0xFF, 0x5F, 0x00, 0xF8, 0xFF, 0x9F, 0xF6, 0xFF, 0xFF, 0x00, 0x50, 0xFF, 0xFF, 0x02,
    0xFB, 0xFF, 0x0F, 0x00, 0xF8, 0xFF, 0x9F, 0xF6, 0xFF, 0xFF, 0x00, 0x00, 0xFF, 0xFF, 0x08, 0xFF,
    0xFF, 0x0B, 0x00, 0xF8, 0xFF, 0x9F, 0xF6, 0xFF, 0xFF, 0x00, 0x00, 0xFA, 0xFF, 0x5D, 0xFF, 0xFF,
    0x06, 0x00, 0xF8, 0xFF, 0x9F, 0xF6, 0xFF, 0xFF, 0x00, 0x00, 0xF5, 0xFF, 0xCF, 0xFF, 0xFF, 0x01,
    0x00, 0xF8, 0xFF, 0x9F, 0xF6, 0xFF, 0xFF, 0x00, 0x00, 0xF0, 0xFF, 0xFF, 0xFF, 0xCF, 0x00, 0x00,
    0xF8, 0xFF, 0x9F, 0xF6, 0xFF, 0xFF, 0x00, 0x00, 0xA0, 0xFF, 0xFF, 0xFF, 0x7F, 0x00, 0x00, 0xF8,
    0xFF, 0x9F, 0xF6, 0xFF, 0xFF, 0x00, 0x00, 0x50, 0xFF, 0xFF, 0xFF, 0x2F, 0x00, 0x00, 0xF8, 0xFF,
    0x9F, 0xF6, 0xFF, 0xFF, 0x00, 0x00, 0x00, 0xFF, 0xFF, 0xFF, 0x0D, 0x00, 0x00, 0xF8, 0xFF, 0x9F,
    0xF6, 0xFF, 0xFF, 0x00, 0x00, 0x00, 0xFA, 0xFF, 0xFF, 0x08, 0x00, 0x00, 0xF8, 0xFF, 0x9F, 0xF6,
    0xFF, 0xFF, 0x00, 0x00, 0x00, 0xF5, 0xFF, 0xFF, 0x03, 0x00, 0x00, 0xF8, 0xFF, 0x9F, 0xF7, 0xFF,
    0xBF, 0x00, 0x00, 0x00, 0x00, 0x00, 0xE0, 0xFF, 0xFF, 0xFF, 0x09, 0xF7, 0xFF, 0xBF, 0x00, 0x00,
    0x00, 0x00, 0x00, 0xF8, 0xFF, 0xFF, 0xFF, 0x09, 0xF7, 0xFF, 0xBF, 0x00, 0x00, 0x00, 0x00, 0x20,
    0xFF, 0xFF, 0xFF, 0xFF, 0x09, 0xF7, 0xFF, 0xBF, 0x00, 0x00, 0x00, 0x00, 0xB0, 0xFF, 0xFF, 0xFF,
    0xFF, 0x09, 0xF7, 0xFF, 0xBF, 0x00, 0x00, 0x00, 0x00, 0xF4, 0xFF, 0xFF, 0xFF, 0xFF, 0x09, 0xF7,
    0xFF, 0xBF, 0x00, 0x00, 0x00, 0x00, 0xFD, 0xFF, 0xFF, 0xFF, 0xFF, 0x09, 0xF7, 0xFF, 0xBF, 0x00,
    0x00, 0x00, 0x70, 0xFF, 0xFF, 0xEF, 0xFF, 0xFF, 0x09, 0xF7, 0xFF, 0xBF, 0x00, 0x00, 0x00, 0xF1,
    0xFF, 0xFF, 0x6F, 0xFF, 0xFF, 0x09, 0xF7, 0xFF, 0xBF, 0x00, 0x00, 0x00, 0xFA, 0xFF, 0xFF, 0x48,
    0xFF, 0xFF, 0x09, 0xF7, 0xFF, 0xBF, 0x00, 0x00, 0x30, 0xFF, 0xFF, 0xEF, 0x50, 0xFF, 0xFF, 0x09,
    0xF7, 0xFF, 0xBF, 0x00, 0x00, 0xC0, 0xFF, 0xFF, 0x5F, 0x60, 0xFF, 0xFF, 0x09, 0xF7, 0xFF, 0xBF,
    0x00, 0x00, 0xF5, 0xFF, 0xFF, 0x0C, 0x70, 0xFF, 0xFF, 0x09, 0xF7, 0xFF, 0xBF, 0x00, 0x00, 0xFE,
    0xFF, 0xFF, 0x03, 0x70, 0xFF, 0xFF, 0x09, 0xF7, 0xFF, 0xAF, 0x00, 0x80, 0xFF, 0xFF, 0xAF, 0x00,
    0x80, 0xFF, 0xFF, 0x09, 0xF7, 0xFF, 0xAF, 0x00, 0xF2, 0xFF, 0xFF, 0x1F, 0x00, 0x80, 0xFF, 0xFF,
    0x09, 0xF7, 0xFF, 0x9F, 0x00, 0xFB, 0xFF, 0xFF, 0x07, 0x00, 0x80, 0xFF, 0xFF, 0x09, 0xF7, 0xFF,
    0x8F, 0x40, 0xFF, 0xFF, 0xDF, 0x00, 0x00, 0x80, 0xFF, 0xFF, 0x09, 0xF7, 0xFF, 0x8F, 0xD0, 0xFF,
    0xFF, 0x5F, 0x00, 0x00, 0x80, 0xFF, 0xFF, 0x09, 0xF7, 0xFF, 0x7F, 0xF7, 0xFF, 0xFF, 0x0B, 0x00,
    0x00, 0x80, 0xFF, 0xFF, 0x09, 0xF7, 0xFF, 0x8F, 0xFF, 0xFF, 0xFF, 0x02, 0x00, 0x00, 0x80, 0xFF,
    0xFF, 0x09, 0xF7, 0xFF, 0xFF, 0xFF, 0xFF, 0x9F, 0x00, 0x00, 0x00, 0x80, 0xFF, 0xFF, 0x09, 0xF7,
    0xFF, 0xFF, 0xFF, 0xFF, 0x1E, 0x00, 0x00, 0x00, 0x80, 0xFF, 0xFF, 0x09, 0xF7, 0xFF, 0xFF, 0xFF,
    0xFF, 0x06, 0x00, 0x00, 0x00, 0x80, 0xFF, 0xFF, 0x09, 0xF7, 0xFF, 0xFF, 0xFF, 0xDF, 0x00, 0x00,
    0x00, 0x00, 0x80, 0xFF, 0xFF, 0x09, 0xF7, 0xFF, 0xFF, 0xFF, 0x4F, 0x00, 0x00, 0x00, 0x00, 0x80,
    0xFF, 0xFF, 0x09, 0xF7, 0xFF, 0xFF, 0xFF, 0x0B, 0x00, 0x00, 0x00, 0x00, 0x80, 0xFF, 0xFF, 0x09,
    0xF7, 0xFF, 0xFF, 0xFF, 0x02, 0x00, 0x00, 0x00, 0x00, 0x80, 0xFF, 0xFF, 0x09, 0x00, 0x00, 0x00,
    0x00, 0x73, 0xDB, 0xFF, 0xEF, 0xAD, 0x16, 0x00, 0x00, 0x00, 0x00, 0x00, 0x00, 0x00, 0xC4, 0xFF,
    0xFF, 0xFF, 0xFF, 0xFF, 0xFF, 0x2A, 0x00, 0x00, 0x00, 0x00, 0x00, 0x90, 0xFF, 0xFF, 0xFF, 0xFF,
    0xFF, 0xFF, 0xFF, 0xFF, 0x06, 0x00, 0x00, 0x00, 0x00, 0xFB, 0xFF, 0xFF, 0xFF, 0xFF, 0xFF, 0xFF,
    0xFF, 0xFF, 0x7F, 0x00, 0x00, 0x00, 0x80, 0xFF, 0xFF, 0xFF, 0xFF, 0xCE, 0xED, 0xFF, 0xFF, 0xFF,
    0xFF, 0x05, 0x00, 0x00, 0xF3, 0xFF, 0xFF, 0xFF, 0x17, 0x00, 0x00, 0xA3, 0xFF, 0xFF, 0xFF, 0x0E,
    0x00, 0x00, 0xFB, 0xFF, 0xFF, 0x2F, 0x00, 0x00, 0x00, 0x00, 0xF7, 0xFF, 0xFF, 0x7F, 0x00, 0x10,
    0xFF, 0xFF, 0xFF, 0x05, 0x00, 0x00, 0x00, 0x00, 0xA0, 0xFF, 0xFF, 0xDF, 0x00, 0x60, 0xFF, 0xFF,
    0xDF, 0x00, 0x00, 0x00, 0x00, 0x00, 0x10, 0xFF, 0xFF, 0xFF, 0x02, 0xA0, 0xFF, 0xFF, 0x8F, 0x00,
    0x00, 0x00, 0x00, 0x00, 0x00, 0xFB, 0xFF, 0xFF, 0x06, 0xD0, 0xFF, 0xFF, 0x4F, 0x00, 0x00, 0x00,
    0x00, 0x00, 0x00, 0xF8, 0xFF, 0xFF, 0x09, 0xF0, 0xFF, 0xFF, 0x1F, 0x00, 0x00, 0x00, 0x00, 0x00,
    0x00, 0xF5, 0xFF, 0xFF, 0x0B, 0xF0, 0xFF, 0xFF, 0x0F, 0x00, 0x00, 0x00, 0x00, 0x00, 0x00, 0xF4,
    0xFF, 0xFF, 0x0C, 0xF0, 0xFF, 0xFF, 0x0F, 0x00, 0x00, 0x00, 0x00, 0x00, 0x00, 0xF3, 0xFF, 0xFF,
    0x0C, 0xF0, 0xFF, 0xFF, 0x0F, 0x00, 0x00, 0x00, 0x00, 0x00, 0x00, 0xF4, 0xFF, 0xFF, 0x0C, 0xE0,
    0xFF, 0xFF, 0x1F, 0x00, 0x00, 0x00, 0x00, 0x00, 0x00, 0xF5, 0xFF, 0xFF, 0x0B, 0xD0, 0xFF, 0xFF,
    0x4F, 0x00, 0x00, 0x00, 0x00, 0x00, 0x00, 0xF8, 0xFF, 0xFF, 0x09, 0xA0, 0xFF, 0xFF, 0x8F, 0x00,
    0x00, 0x00, 0x00, 0x00, 0x00, 0xFC, 0xFF, 0xFF, 0x06, 0x60, 0xFF, 0xFF, 0xDF, 0x00, 0x00, 0x00,
    0x00, 0x00, 0x20, 0xFF, 0xFF, 0xFF, 0x02, 0x10, 0xFF, 0xFF, 0xFF, 0x06, 0x00, 0x00, 0x00, 0x00,
    0xA0, 0xFF, 0xFF, 0xDF, 0x00, 0x00, 0xFA, 0xFF, 0xFF, 0x3F, 0x00, 0x00, 0x00, 0x00, 0xF7, 0xFF,
    0xFF, 0x6F, 0x00, 0x00, 0xF2, 0xFF, 0xFF, 0xFF, 0x28, 0x00, 0x00, 0xB3, 0xFF, 0xFF, 0xFF, 0x0E,
    0x00, 0x00, 0x80, 0xFF, 0xFF, 0xFF, 0xFF, 0xDE, 0xFD, 0xFF, 0xFF, 0xFF, 0xFF, 0x04, 0x00, 0x00,
    0x00, 0xFA, 0xFF, 0xFF, 0xFF, 0xFF, 0xFF, 0xFF, 0xFF, 0xFF, 0x6F, 0x00, 0x00, 0x00, 0x00, 0x80,
    0xFF, 0xFF, 0xFF, 0xFF, 0xFF, 0xFF, 0xFF, 0xFF, 0x05, 0x00, 0x00, 0x00, 0x00, 0x00, 0xC3, 0xFF,
    0xFF, 0xFF, 0xFF, 0xFF, 0xFF, 0x1A, 0x00, 0x00, 0x00, 0x00, 0x00, 0x00, 0x00, 0x72, 0xDB, 0xFF,
    0xEF, 0xAD, 0x16, 0x00, 0x00, 0x00, 0x00, 0x00, 0x00, 0x20, 0xB7, 0xFD, 0xFF, 0xFF, 0xFF, 0xFF,
    0x9F, 0x00, 0x10, 0xFA, 0xFF, 0xFF, 0xFF, 0xFF, 0xFF, 0xFF, 0x9F, 0x00, 0xE2, 0xFF, 0xFF, 0xFF,
    0xFF, 0xFF, 0xFF, 0xFF, 0x9F, 0x00, 0xFD, 0xFF, 0xFF, 0xFF, 0xFF, 0xFF, 0xFF, 0xFF, 0x9F, 0x60,
    0xFF, 0xFF, 0xFF, 0xDF, 0xBB, 0xCB, 0xFF, 0xFF, 0x9F, 0xC0, 0xFF, 0xFF, 0xDF, 0x03, 0x00, 0x20,
    0xFF, 0xFF, 0x9F, 0xF0, 0xFF, 0xFF, 0x1F, 0x00, 0x00, 0x20, 0xFF, 0xFF, 0x9F, 0xF1, 0xFF, 0xFF,
    0x0C, 0x00, 0x00, 0x20, 0xFF, 0xFF, 0x9F, 0xF2, 0xFF, 0xFF, 0x0A, 0x00, 0x00, 0x20, 0xFF, 0xFF,
    0x9F, 0xF1, 0xFF, 0xFF, 0x0C, 0x00, 0x00, 0x20, 0xFF, 0xFF, 0x9F, 0xE0, 0xFF, 0xFF, 0x4F, 0x00,
    0x00, 0x20, 0xFF, 0xFF, 0x9F, 0x90, 0xFF, 0xFF, 0xFF, 0x06, 0x00, 0x20, 0xFF, 0xFF, 0x9F, 0x30,
    0xFF, 0xFF, 0xFF, 0xFF, 0xBC, 0xCB, 0xFF, 0xFF, 0x9F, 0x00, 0xF9, 0xFF, 0xFF, 0xFF, 0xFF, 0xFF,
    0xFF, 0xFF, 0x9F, 0x00, 0xA0, 0xFF, 0xFF, 0xFF, 0xFF, 0xFF, 0xFF, 0xFF, 0x9F, 0x00, 0x00, 0xE6,
    0xFF, 0xFF, 0xFF, 0xFF, 0xFF, 0xFF, 0x9F, 0x00, 0x00, 0x00, 0x95, 0xEC, 0xFF, 0xFF, 0xFF, 0xFF,
    0x9F, 0x00, 0x00, 0x00, 0x00, 0x00, 0x00, 0x20, 0xFF, 0xFF, 0x9F, 0x00, 0x00, 0x00, 0x00, 0x00,
    0x00, 0x20, 0xFF, 0xFF, 0x9F, 0x00, 0x00, 0x00, 0x00, 0x00, 0x00, 0x20, 0xFF, 0xFF, 0x9F, 0x00,
    0x00, 0x00, 0x00, 0x00, 0x00, 0x20, 0xFF, 0xFF, 0x9F, 0x00, 0x00, 0x00, 0x00, 0x00, 0x00, 0x20,
    0xFF, 0xFF, 0x9F, 0x00, 0x00, 0x00, 0x00, 0x00, 0x00, 0x20, 0xFF, 0xFF, 0x9F, 0x00, 0x00, 0x00,
    0x00, 0x00, 0x00, 0x20, 0xFF, 0xFF, 0x9F, 0x00, 0x00, 0x00, 0x00, 0x00, 0x00, 0x20, 0xFF, 0xFF,
    0x9F, 0x00, 0x00, 0x00, 0x00, 0x00, 0x00, 0x20, 0xFF, 0xFF, 0x9F, 0x00, 0x00, 0x00, 0x00, 0x00,
    0x00, 0x20, 0xFF, 0xFF, 0x9F, 0x00, 0x00, 0x00, 0x00, 0x83, 0xDB, 0xFF, 0xEF, 0xAD, 0x16, 0x00,
    0x00, 0x00, 0x00, 0x00, 0x00, 0x00, 0xC4, 0xFF, 0xFF, 0xFF, 0xFF, 0xFF, 0xFF, 0x2A, 0x00, 0x00,
    0x00, 0x00, 0x00, 0x90, 0xFF, 0xFF, 0xFF, 0xFF, 0xFF, 0xFF, 0xFF, 0xFF, 0x06, 0x00, 0x00, 0x00,
    0x00, 0xFB, 0xFF, 0xFF, 0xFF, 0xFF, 0xFF, 0xFF, 0xFF, 0xFF, 0x7F, 0x00, 0x00, 0x00, 0x90, 0xFF,
    0xFF, 0xFF, 0xFF, 0xCE, 0xED, 0xFF, 0xFF, 0xFF, 0xFF, 0x05, 0x00, 0x00, 0xF3, 0xFF, 0xFF, 0xFF,
    0x17, 0x00, 0x00, 0xA3, 0xFF, 0xFF, 0xFF, 0x0E, 0x00, 0x00, 0xFB, 0xFF, 0xFF, 0x2F, 0x00, 0x00,
    0x00, 0x00, 0xF7, 0xFF, 0xFF, 0x7F, 0x00, 0x10, 0xFF, 0xFF, 0xFF, 0x05, 0x00, 0x00, 0x00, 0x00,
    0xA0, 0xFF, 0xFF, 0xDF, 0x00, 0x60, 0xFF, 0xFF, 0xDF, 0x00, 0x00, 0x00, 0x00, 0x00, 0x10, 0xFF,
    0xFF, 0xFF, 0x02, 0xA0, 0xFF, 0xFF, 0x8F, 0x00, 0x00, 0x00, 0x00, 0x00, 0x00, 0xFB, 0xFF, 0xFF,
    0x06, 0xD0, 0xFF, 0xFF, 0x4F, 0x00, 0x00, 0x00, 0x00, 0x00, 0x00, 0xF8, 0xFF, 0xFF, 0x09, 0xF0,
    0xFF, 0xFF, 0x1F, 0x00, 0x00, 0x00, 0x00, 0x00, 0x00, 0xF5, 0xFF, 0xFF, 0x0B, 0xF0, 0xFF, 0xFF,
    0x0F, 0x00, 0x00, 0x00, 0x00, 0x00, 0x00, 0xF4, 0xFF, 0xFF, 0x0C, 0xF0, 0xFF, 0xFF, 0x0F, 0x00,
    0x00, 0x00, 0x00, 0x00, 0x00, 0xF3, 0xFF, 0xFF, 0x0C, 0xF0, 0xFF, 0xFF, 0x0F, 0x00, 0x00, 0x00,
    0x00, 0x00, 0x00, 0xF4, 0xFF, 0xFF, 0x0C, 0xE0, 0xFF, 0xFF, 0x1F, 0x00, 0x00, 0x00, 0x00, 0x00,
    0x00, 0xF5, 0xFF, 0xFF, 0x0B, 0xC0, 0xFF, 0xFF, 0x4F, 0x00, 0x00, 0x00, 0x00, 0x00, 0x00, 0xF8,
    0xFF, 0xFF, 0x09, 0xA0, 0xFF, 0xFF, 0x8F, 0x00, 0x00, 0x00, 0x00, 0x00, 0x00, 0xFC, 0xFF, 0xFF,
    0x06, 0x60, 0xFF, 0xFF, 0xDF, 0x00, 0x00, 0x00, 0x00, 0x00, 0x20, 0xFF, 0xFF, 0xFF, 0x02, 0x10,
    0xFF, 0xFF, 0xFF, 0x06, 0x00, 0x00, 0x00, 0x00, 0xA0, 0xFF, 0xFF, 0xDF, 0x00, 0x00, 0xFA, 0xFF,
    0xFF, 0x3F, 0x00, 0x00, 0x00, 0x00, 0xF7, 0xFF, 0xFF, 0x6F, 0x00, 0x00, 0xF2, 0xFF, 0xFF, 0xFF,
    0x28, 0x00, 0x00, 0xB3, 0xFF, 0xFF, 0xFF, 0x0E, 0x00, 0x00, 0x80, 0xFF, 0xFF, 0xFF, 0xFF, 0xDE,
    0xFD, 0xFF, 0xFF, 0xFF, 0xFF, 0x04, 0x00, 0x00, 0x00, 0xFA, 0xFF, 0xFF, 0xFF, 0xFF, 0xFF, 0xFF,
    0xFF, 0xFF, 0x6F, 0x00, 0x00, 0x00, 0x00, 0x80, 0xFF, 0xFF, 0xFF, 0xFF, 0xFF, 0xFF, 0xFF, 0xFF,
    0x05, 0x00, 0x00, 0x00, 0x00, 0x00, 0xC3, 0xFF, 0xFF, 0xFF, 0xFF, 0xFF, 0xFF, 0x1A, 0x00, 0x00,
    0x00, 0x00, 0x00, 0x00, 0xE1, 0xFF, 0xFF, 0xFF, 0xEF, 0xAD, 0x16, 0x00, 0x00, 0x00, 0x00, 0x00,
    0x00, 0x10, 0xFD, 0xFF, 0xFF, 0x1E, 0x00, 0x00, 0x00, 0x00, 0x00, 0x00, 0x00, 0x00, 0x00, 0xC0,
    0xFF, 0xFF, 0xFF, 0x03, 0x00, 0x00, 0x00, 0x00, 0x00, 0x00, 0x00, 0x00, 0x00, 0xFB, 0xFF, 0xFF,
    0x6F, 0x00, 0x00, 0x00, 0x00, 0x00, 0x00, 0x00, 0x00, 0x00, 0x90, 0xFF, 0xFF, 0xFF, 0x08, 0x00,
    0x00, 0x00, 0x00, 0x00, 0x00, 0x00, 0x00, 0x00, 0xF8, 0xFF, 0xFF, 0xBF, 0x00, 0x00, 0x00, 0x00,
    0x00, 0x00, 0x00, 0x00, 0x00, 0x70, 0xFF, 0xFF, 0xFF, 0x1D, 0x00, 0x00, 0x00, 0x00, 0x00, 0x00,
    0x00, 0x00, 0x00, 0x00, 0x00, 0x00, 0x00, 0x61, 0xCA, 0xFE, 0xFF, 0xFF, 0xFF, 0xFF, 0x09, 0x00,
    0x00, 0x00, 0x91, 0xFF, 0xFF, 0xFF, 0xFF, 0xFF, 0xFF, 0xFF, 0x09, 0x00, 0x00, 0x20, 0xFE, 0xFF,
    0xFF, 0xFF, 0xFF, 0xFF, 0xFF, 0xFF, 0x09, 0x00, 0x00, 0xD0, 0xFF, 0xFF, 0xFF, 0xFF, 0xFF, 0xFF,
    0xFF, 0xFF, 0x09, 0x00, 0x00, 0xF6, 0xFF, 0xFF, 0xFF, 0xCF, 0xBB, 0xFC, 0xFF, 0xFF, 0x09, 0x00,
    0x00, 0xFC, 0xFF, 0xFF, 0x4D, 0x00, 0x00, 0xF2, 0xFF, 0xFF, 0x09, 0x00, 0x00, 0xFF, 0xFF, 0xFF,
    0x02, 0x00, 0x00, 0xF2, 0xFF, 0xFF, 0x09, 0x00, 0x20, 0xFF, 0xFF, 0xCF, 0x00, 0x00, 0x00, 0xF2,
    0xFF, 0xFF, 0x09, 0x00, 0x20, 0xFF, 0xFF, 0xAF, 0x00, 0x00, 0x00, 0xF2, 0xFF, 0xFF, 0x09, 0x00,
    0x10, 0xFF, 0xFF, 0xCF, 0x00, 0x00, 0x00, 0xF2, 0xFF, 0xFF, 0x09, 0x00, 0x00, 0xFD, 0xFF, 0xFF,
    0x03, 0x00, 0x00, 0xF2, 0xFF, 0xFF, 0x09, 0x00, 0x00, 0xF7, 0xFF, 0xFF, 0x4E, 0x00, 0x00, 0xF2,
    0xFF, 0xFF, 0x09, 0x00, 0x00, 0xD0, 0xFF, 0xFF, 0xFF, 0xCE, 0xAA, 0xFB, 0xFF, 0xFF, 0x09, 0x00,
    0x00, 0x20, 0xFE, 0xFF, 0xFF, 0xFF, 0xFF, 0xFF, 0xFF, 0xFF, 0x09, 0x00, 0x00, 0x00, 0xC2, 0xFF,
    0xFF, 0xFF, 0xFF, 0xFF, 0xFF, 0xFF, 0x09, 0x00, 0x00, 0x00, 0x00, 0xF7, 0xFF, 0xFF, 0xFF, 0xFF,
    0xFF, 0xFF, 0x09, 0x00, 0x00, 0x00, 0x00, 0xFB, 0xFF, 0xFF, 0xFF, 0xFF, 0xFF, 0xFF, 0x09, 0x00,
    0x00, 0x00, 0x70, 0xFF, 0xFF, 0x7F, 0x00, 0xF2, 0xFF, 0xFF, 0x09, 0x00, 0x00, 0x00, 0xF2, 0xFF,
    0xFF, 0x0C, 0x00, 0xF2, 0xFF, 0xFF, 0x09, 0x00, 0x00, 0x00, 0xFD, 0xFF, 0xFF, 0x02, 0x00, 0xF2,
    0xFF, 0xFF, 0x09, 0x00, 0x00, 0x80, 0xFF, 0xFF, 0x8F, 0x00, 0x00, 0xF2, 0xFF, 0xFF, 0x09, 0x00,
    0x00, 0xF4, 0xFF, 0xFF, 0x0D, 0x00, 0x00, 0xF2, 0xFF, 0xFF, 0x09, 0x00, 0x10, 0xFE, 0xFF, 0xFF,
    0x03, 0x00, 0x00, 0xF2, 0xFF, 0xFF, 0x09, 0x00, 0xA0, 0xFF, 0xFF, 0x9F, 0x00, 0x00, 0x00, 0xF2,
    0xFF, 0xFF, 0x09, 0x00, 0xF5, 0xFF, 0xFF, 0x0D, 0x00, 0x00, 0x00, 0xF2, 0xFF, 0xFF, 0x09, 0x10,
    0xFE, 0xFF, 0xFF, 0x04, 0x00, 0x00, 0x00, 0xF2, 0xFF, 0xFF, 0x09, 0xB0, 0xFF, 0xFF, 0x9F, 0x00,
    0x00, 0x00, 0x00, 0xF2, 0xFF, 0xFF, 0x09, 0x00, 0x20, 0xA7, 0xFD, 0xFF, 0xBE, 0x28, 0x00, 0x00,
    0x00, 0x60, 0xFD, 0xFF, 0xFF, 0xFF, 0xFF, 0xFF, 0x1A, 0x00, 0x00, 0xF1, 0xFF, 0xFF, 0xFF, 0xFF,
    0xFF, 0xFF, 0xEF, 0x02, 0x00, 0xA0, 0xFF, 0xFF, 0xFF, 0xFF, 0xFF, 0xFF, 0xFF, 0x0D, 0x00, 0x30,
    0xFF, 0xFF, 0xEF, 0xDC, 0xFF, 0xFF, 0xFF, 0x6F, 0x00, 0x00, 0xFC, 0x5A, 0x01, 0x00, 0x80, 0xFF,
    0xFF, 0xBF, 0x00, 0x00, 0x02, 0x00, 0x00, 0x00, 0x00, 0xFD, 0xFF, 0xEF, 0x00, 0x00, 0x00, 0x00,
    0x00, 0x00, 0x00, 0xFB, 0xFF, 0xEF, 0x00, 0x00, 0x00, 0x00, 0x00, 0x00, 0x10, 0xFF, 0xFF, 0xDF,
    0x00, 0x00, 0x00, 0x00, 0x00, 0x00, 0xD2, 0xFF, 0xFF, 0xAF, 0x00, 0x00, 0x00, 0x00, 0x00, 0xA2,
    0xFF, 0xFF, 0xFF, 0x4F, 0x00, 0x00, 0x00, 0x00, 0xA2, 0xFF, 0xFF, 0xFF, 0xFF, 0x0B, 0x00, 0x00,
    0x00, 0xA2, 0xFF, 0xFF, 0xFF, 0xFF, 0xDF, 0x01, 0x00, 0x00, 0x60, 0xFF, 0xFF, 0xFF, 0xFF, 0xFF,
    0x0A, 0x00, 0x00, 0x00, 0xF8, 0xFF, 0xFF, 0xFF, 0xFF, 0x4C, 0x00, 0x00, 0x00, 0x50, 0xFF, 0xFF,
    0xFF, 0xFF, 0x4C, 0x00, 0x00, 0x00, 0x00, 0xE0, 0xFF, 0xFF, 0xFF, 0x4C, 0x00, 0x00, 0x00, 0x00,
    0x00, 0xF3, 0xFF, 0xFF, 0x6F, 0x00, 0x00, 0x00, 0x00, 0x00, 0x00, 0xF5, 0xFF, 0xFF, 0x08, 0x00,
    0x00, 0x00, 0x00, 0x00, 0x00, 0xF6, 0xFF, 0xFF, 0x03, 0x00, 0x00, 0x00, 0x00, 0x00, 0x00, 0xF5,
    0xFF, 0xFF, 0x06, 0x00, 0x00, 0x00, 0x00, 0xA4, 0x03, 0xF2, 0xFF, 0xFF, 0x4E, 0x00, 0x00, 0x30,
    0xE8, 0xFF, 0x04, 0xC0, 0xFF, 0xFF, 0xFF, 0xCE, 0xDC, 0xFF, 0xFF, 0xFF, 0x04, 0x30, 0xFF, 0xFF,
    0xFF, 0xFF, 0xFF, 0xFF, 0xFF, 0xFF, 0x04, 0x00, 0xF5, 0xFF, 0xFF, 0xFF, 0xFF, 0xFF, 0xFF, 0xFF,
    0x04, 0x00, 0x20, 0xFC, 0xFF, 0xFF, 0xFF, 0xFF, 0xFF, 0xBF, 0x01, 0x00, 0x00, 0x20, 0xB8, 0xFE,
    0xFF, 0xCE, 0x69, 0x01, 0x00, 0xF4, 0xFF, 0xFF, 0xFF, 0xFF, 0xFF, 0xFF, 0xFF, 0xFF, 0xFF, 0x3F,
    0xF4, 0xFF, 0xFF, 0xFF, 0xFF, 0xFF, 0xFF, 0xFF, 0xFF, 0xFF, 0x3F, 0xF4, 0xFF, 0xFF, 0xFF, 0xFF,
    0xFF, 0xFF, 0xFF, 0xFF, 0xFF, 0x3F, 0xF4, 0xFF, 0xFF, 0xFF, 0xFF, 0xFF, 0xFF, 0xFF, 0xFF, 0xFF,
    0x3F, 0xC3, 0xCC, 0xCC, 0xCC, 0xFF, 0xFF, 0xFF, 0xCC, 0xCC, 0xCC, 0x2C, 0x00, 0x00, 0x00, 0x00,
    0xFE, 0xFF, 0xEF, 0x00, 0x00, 0x00, 0x00, 0x00, 0x00, 0x00, 0x00, 0xFE, 0xFF, 0xEF, 0x00, 0x00,
    0x00, 0x00, 0x00, 0x00, 0x00, 0x00, 0xFE, 0xFF, 0xEF, 0x00, 0x00, 0x00, 0x00, 0x00, 0x00, 0x00,
    0x00, 0xFE, 0xFF, 0xEF, 0x00, 0x00, 0x00, 0x00, 0x00, 0x00, 0x00, 0x00, 0xFE, 0xFF, 0xEF, 0x00,
    0x00, 0x00, 0x00, 0x00, 0x00, 0x00, 0x00, 0xFE, 0xFF, 0xEF, 0x00, 0x00, 0x00, 0x00, 0x00, 0x00,
    0x00, 0x00, 0xFE, 0xFF, 0xEF, 0x00, 0x00, 0x00, 0x00, 0x00, 0x00, 0x00, 0x00, 0xFE, 0xFF, 0xEF,
    0x00, 0x00, 0x00, 0x00, 0x00, 0x00, 0x00, 0x00, 0xFE, 0xFF, 0xEF, 0x00, 0x00, 0x00, 0x00, 0x00,
    0x00, 0x00, 0x00, 0xFE, 0xFF, 0xEF, 0x00, 0x00, 0x00, 0x00, 0x00, 0x00, 0x00, 0x00, 0xFE, 0xFF,
    0xEF, 0x00, 0x00, 0x00, 0x00, 0x00, 0x00, 0x00, 0x00, 0xFE, 0xFF, 0xEF, 0x00, 0x00, 0x00, 0x00,
    0x00, 0x00, 0x00, 0x00, 0xFE, 0xFF, 0xEF, 0x00, 0x00, 0x00, 0x00, 0x00, 0x00, 0x00, 0x00, 0xFE,
    0xFF, 0xEF, 0x00, 0x00, 0x00, 0x00, 0x00, 0x00, 0x00, 0x00, 0xFE, 0xFF, 0xEF, 0x00, 0x00, 0x00,
    0x00, 0x00, 0x00, 0x00, 0x00, 0xFE, 0xFF, 0xEF, 0x00, 0x00, 0x00, 0x00, 0x00, 0x00, 0x00, 0x00,
    0xFE, 0xFF, 0xEF, 0x00, 0x00, 0x00, 0x00, 0x00, 0x00, 0x00, 0x00, 0xFE, 0xFF, 0xEF, 0x00, 0x00,
    0x00, 0x00, 0x00, 0x00, 0x00, 0x00, 0xFE, 0xFF, 0xEF, 0x00, 0x00, 0x00, 0x00, 0x00, 0x00, 0x00,
    0x00, 0xFE, 0xFF, 0xEF, 0x00, 0x00, 0x00, 0x00, 0x00, 0x00, 0x00, 0x00, 0xFE, 0xFF, 0xEF, 0x00,
    0x00, 0x00, 0x00, 0x00, 0x00, 0x00, 0x00, 0xFE, 0xFF, 0xEF, 0x00, 0x00, 0x00, 0x00, 0xF8, 0xFF,
    0xFF, 0x03, 0x00, 0x00, 0x00, 0x00, 0xF0, 0xFF, 0xFF, 0x0C, 0xF8, 0xFF, 0xFF, 0x03, 0x00, 0x00,
    0x00, 0x00, 0xF0, 0xFF, 0xFF, 0x0C, 0xF8, 0xFF, 0xFF, 0x03, 0x00, 0x00, 0x00, 0x00, 0xF0, 0xFF,
    0xFF, 0x0C, 0xF8, 0xFF, 0xFF, 0x03, 0x00, 0x00, 0x00, 0x00, 0xF0, 0xFF, 0xFF, 0x0C, 0xF8, 0xFF,
    0xFF, 0x03, 0x00, 0x00, 0x00, 0x00, 0xF0, 0xFF, 0xFF, 0x0C, 0xF8, 0xFF, 0xFF, 0x03, 0x00, 0x00,
    0x00, 0x00, 0xF0, 0xFF, 0xFF, 0x0C, 0xF8, 0xFF, 0xFF, 0x03, 0x00, 0x00, 0x00, 0x00, 0xF0, 0xFF,
    0xFF, 0x0C, 0xF8, 0xFF, 0xFF, 0x03, 0x00, 0x00, 0x00, 0x00, 0xF0, 0xFF, 0xFF, 0x0C, 0xF8, 0xFF,
    0xFF, 0x03, 0x00, 0x00, 0x00, 0x00, 0xF0, 0xFF, 0xFF, 0x0C, 0xF8, 0xFF, 0xFF, 0x03, 0x00, 0x00,
    0x00, 0x00, 0xF0, 0xFF, 0xFF, 0x0C, 0xF8, 0xFF, 0xFF, 0x03, 0x00, 0x00, 0x00, 0x00, 0xF0, 0xFF,
    0xFF, 0x0C, 0xF8, 0xFF, 0xFF, 0x03, 0x00, 0x00, 0x00, 0x00, 0xF0, 0xFF, 0xFF, 0x0C, 0xF8, 0xFF,
    0xFF, 0x03, 0x00, 0x00, 0x00, 0x00, 0xF0, 0xFF, 0xFF, 0x0C, 0xF8, 0xFF, 0xFF, 0x03, 0x00, 0x00,
    0x00, 0x00, 0xF0, 0xFF, 0xFF, 0x0C, 0xF8, 0xFF, 0xFF, 0x03, 0x00, 0x00, 0x00, 0x00, 0xF0, 0xFF,
    0xFF, 0x0C, 0xF8, 0xFF, 0xFF, 0x03, 0x00, 0x00, 0x00, 0x00, 0xF0, 0xFF, 0xFF, 0x0C, 0xF8, 0xFF,
    0xFF, 0x03, 0x00, 0x00, 0x00, 0x00, 0xF0, 0xFF, 0xFF, 0x0C, 0xF7, 0xFF, 0xFF, 0x05, 0x00, 0x00,
    0x00, 0x00, 0xF0, 0xFF, 0xFF, 0x0C, 0xF6, 0xFF, 0xFF, 0x07, 0x00, 0x00, 0x00, 0x00, 0xF2, 0xFF,
    0xFF, 0x0B, 0xF4, 0xFF, 0xFF, 0x0C, 0x00, 0x00, 0x00, 0x00, 0xF7, 0xFF, 0xFF, 0x08, 0xF0, 0xFF,
    0xFF, 0x5F, 0x00, 0x00, 0x00, 0x20, 0xFE, 0xFF, 0xFF, 0x04, 0x90, 0xFF, 0xFF, 0xFF, 0x18, 0x00,
    0x00, 0xE6, 0xFF, 0xFF, 0xEF, 0x00, 0x10, 0xFF, 0xFF, 0xFF, 0xFF, 0xDE, 0xFE, 0xFF, 0xFF, 0xFF,
    0x6F, 0x00, 0x00, 0xF5, 0xFF, 0xFF, 0xFF, 0xFF, 0xFF, 0xFF, 0xFF, 0xFF, 0x0A, 0x00, 0x00, 0x50,
    0xFF, 0xFF, 0xFF, 0xFF, 0xFF, 0xFF, 0xFF, 0xAF, 0x00, 0x00, 0x00, 0x00, 0xB2, 0xFF, 0xFF, 0xFF,
    0xFF, 0xFF, 0xEF, 0x06, 0x00, 0x00, 0x00, 0x00, 0x00, 0x72, 0xDB, 0xFF, 0xEF, 0x9C, 0x04, 0x00,
    0x00, 0x00, 0xF8, 0xFF, 0xFF, 0x04, 0x00, 0x00, 0x00, 0x00, 0x00, 0xF0, 0xFF, 0xFF, 0x0D, 0xF3,
    0xFF, 0xFF, 0x09, 0x00, 0x00, 0x00, 0x00, 0x00, 0xF4, 0xFF, 0xFF, 0x07, 0xD0, 0xFF, 0xFF, 0x0E,
    0x00, 0x00, 0x00, 0x00, 0x00, 0xF9, 0xFF, 0xFF, 0x02, 0x80, 0xFF, 0xFF, 0x3F, 0x00, 0x00, 0x00,
    0x00, 0x00, 0xFE, 0xFF, 0xCF, 0x00, 0x20, 0xFF, 0xFF, 0x8F, 0x00, 0x00, 0x00, 0x00, 0x30, 0xFF,
    0xFF, 0x7F, 0x00, 0x00, 0xFD, 0xFF, 0xDF, 0x00, 0x00, 0x00, 0x00, 0x80, 0xFF, 0xFF, 0x2F, 0x00,
    0x00, 0xF7, 0xFF, 0xFF, 0x03, 0x00, 0x00, 0x00, 0xD0, 0xFF, 0xFF, 0x0C, 0x00, 0x00, 0xF2, 0xFF,
    0xFF, 0x08, 0x00, 0x00, 0x00, 0xF3, 0xFF, 0xFF, 0x07, 0x00, 0x00, 0xC0, 0xFF, 0xFF, 0x0D, 0x00,
    0x00, 0x00, 0xF8, 0xFF, 0xFF, 0x01, 0x00, 0x00, 0x70, 0xFF, 0xFF, 0x2F, 0x00, 0x00, 0x00, 0xFD,
    0xFF, 0xCF, 0x00, 0x00, 0x00, 0x10, 0xFF, 0xFF, 0x7F, 0x00, 0x00, 0x20, 0xFF, 0xFF, 0x6F, 0x00,
    0x00, 0x00, 0x00, 0xFC, 0xFF, 0xCF, 0x00, 0x00, 0x70, 0xFF, 0xFF, 0x1F, 0x00, 0x00, 0x00, 0x00,
    0xF6, 0xFF, 0xFF, 0x01, 0x00, 0xC0, 0xFF, 0xFF, 0x0B, 0x00, 0x00, 0x00, 0x00, 0xF1, 0xFF, 0xFF,
    0x06, 0x00, 0xF1, 0xFF, 0xFF, 0x06, 0x00, 0x00, 0x00, 0x00, 0xB0, 0xFF, 0xFF, 0x0C, 0x00, 0xF6,
    0xFF, 0xFF, 0x01, 0x00, 0x00, 0x00, 0x00, 0x60, 0xFF, 0xFF, 0x1F, 0x00, 0xFB, 0xFF, 0xBF, 0x00,
    0x00, 0x00, 0x00, 0x00, 0x10, 0xFF, 0xFF, 0x5F, 0x10, 0xFF, 0xFF, 0x6F, 0x00, 0x00, 0x00, 0x00,
    0x00, 0x00, 0xFB, 0xFF, 0xAF, 0x50, 0xFF, 0xFF, 0x0F, 0x00, 0x00, 0x00, 0x00, 0x00, 0x00, 0xF6,
    0xFF, 0xEF, 0x90, 0xFF, 0xFF, 0x0B, 0x00, 0x00, 0x00, 0x00, 0x00, 0x00, 0xF0, 0xFF, 0xFF, 0xD2,
    0xFF, 0xFF, 0x05, 0x00, 0x00, 0x00, 0x00, 0x00, 0x00, 0xB0, 0xFF, 0xFF, 0xF6, 0xFF, 0xFF, 0x00,
    0x00, 0x00, 0x00, 0x00, 0x00, 0x00, 0x50, 0xFF, 0xFF, 0xFD, 0xFF, 0xAF, 0x00, 0x00, 0x00, 0x00,
    0x00, 0x00, 0x00, 0x00, 0xFF, 0xFF, 0xFF, 0xFF, 0x5F, 0x00, 0x00, 0x00, 0x00, 0x00, 0x00, 0x00,
    0x00, 0xFA, 0xFF, 0xFF, 0xFF, 0x0F, 0x00, 0x00, 0x00, 0x00, 0x00, 0x00, 0x00, 0x00, 0xF5, 0xFF,
    0xFF, 0xFF, 0x0A, 0x00, 0x00, 0x00, 0x00, 0x00, 0x00, 0x00, 0x00, 0xF0, 0xFF, 0xFF, 0xFF, 0x04,
    0x00, 0x00, 0x00, 0x00, 0x00, 0x00, 0x00, 0x00, 0xA0, 0xFF, 0xFF, 0xFF, 0x00, 0x00, 0x00, 0x00,
    0x00, 0xF9, 0xFF, 0xFF, 0x00, 0x00, 0x00, 0x00, 0x30, 0xFF, 0xFF, 0x7F, 0x00, 0x00, 0x00, 0x00,
    0xC0, 0xFF, 0xFF, 0x0E, 0xF5, 0xFF, 0xFF, 0x04, 0x00, 0x00, 0x00, 0x70, 0xFF, 0xFF, 0xBF, 0x00,
    0x00, 0x00, 0x00, 0xF0, 0xFF, 0xFF, 0x09, 0xF1, 0xFF, 0xFF, 0x08, 0x00, 0x00, 0x00, 0xC0, 0xFF,
    0xFF, 0xFF, 0x00, 0x00, 0x00, 0x00, 0xF3, 0xFF, 0xFF, 0x05, 0xD0, 0xFF, 0xFF, 0x0B, 0x00, 0x00,
    0x00, 0xF0, 0xFF, 0xFF, 0xFF, 0x04, 0x00, 0x00, 0x00, 0xF7, 0xFF, 0xFF, 0x01, 0x90, 0xFF, 0xFF,
    0x0F, 0x00, 0x00, 0x00, 0xF4, 0xFF, 0xFF, 0xFF, 0x08, 0x00, 0x00, 0x00, 0xFB, 0xFF, 0xDF, 0x00,
    0x50, 0xFF, 0xFF, 0x3F, 0x00, 0x00, 0x00, 0xF8, 0xFF, 0xFF, 0xFF, 0x0C, 0x00, 0x00, 0x00, 0xFF,
    0xFF, 0x9F, 0x00, 0x10, 0xFF, 0xFF, 0x7F, 0x00, 0x00, 0x00, 0xFC, 0xFF, 0xFF, 0xFF, 0x0F, 0x00,
    0x00, 0x30, 0xFF, 0xFF, 0x5F, 0x00, 0x00, 0xFD, 0xFF, 0xAF, 0x00, 0x00, 0x10, 0xFF, 0xFF, 0xFB,
    0xFF, 0x4F, 0x00, 0x00, 0x60, 0xFF, 0xFF, 0x1F, 0x00, 0x00, 0xF9, 0xFF, 0xEF, 0x00, 0x00, 0x50,
    0xFF, 0xFF, 0xF5, 0xFF, 0x9F, 0x00, 0x00, 0xA0, 0xFF, 0xFF, 0x0D, 0x00, 0x00, 0xF5, 0xFF, 0xFF,
    0x02, 0x00, 0x90, 0xFF, 0xFF, 0xD2, 0xFF, 0xDF, 0x00, 0x00, 0xE0, 0xFF, 0xFF, 0x09, 0x00, 0x00,
    0xF1, 0xFF, 0xFF, 0x06, 0x00, 0xD0, 0xFF, 0xEF, 0xA0, 0xFF, 0xFF, 0x01, 0x00, 0xF2, 0xFF, 0xFF,
    0x05, 0x00, 0x00, 0xC0, 0xFF, 0xFF, 0x09, 0x00, 0xF1, 0xFF, 0xBF, 0x60, 0xFF, 0xFF, 0x05, 0x00,
    0xF5, 0xFF, 0xFF, 0x01, 0x00, 0x00, 0x80, 0xFF, 0xFF, 0x0D, 0x00, 0xF5, 0xFF, 0x7F, 0x30, 0xFF,
    0xFF, 0x09, 0x00, 0xF9, 0xFF, 0xCF, 0x00, 0x00, 0x00, 0x40, 0xFF, 0xFF, 0x1F, 0x00, 0xFA, 0xFF,
    0x3F, 0x00, 0xFE, 0xFF, 0x0E, 0x00, 0xFD, 0xFF, 0x8F, 0x00, 0x00, 0x00, 0x00, 0xFF, 0xFF, 0x5F,
    0x00, 0xFE, 0xFF, 0x0F, 0x00, 0xFB, 0xFF, 0x2F, 0x10, 0xFF, 0xFF, 0x4F, 0x00, 0x00, 0x00, 0x00,
    0xFC, 0xFF, 0x8F, 0x20, 0xFF, 0xFF, 0x0B, 0x00, 0xF6, 0xFF, 0x6F, 0x40, 0xFF, 0xFF, 0x0F, 0x00,
    0x00, 0x00, 0x00, 0xF8, 0xFF, 0xCF, 0x50, 0xFF, 0xFF, 0x07, 0x00, 0xF2, 0xFF, 0xAF, 0x80, 0xFF,
    0xFF, 0x0C, 0x00, 0x00, 0x00, 0x00, 0xF4, 0xFF, 0xFF, 0x90, 0xFF, 0xFF, 0x02, 0x00, 0xE0, 0xFF,
    0xDF, 0xB0, 0xFF, 0xFF, 0x08, 0x00, 0x00, 0x00, 0x00, 0xF0, 0xFF, 0xFF, 0xC2, 0xFF, 0xEF, 0x00,
    0x00, 0xA0, 0xFF, 0xFF, 0xE0, 0xFF, 0xFF, 0x04, 0x00, 0x00, 0x00, 0x00, 0xC0, 0xFF, 0xFF, 0xF5,
    0xFF, 0xAF, 0x00, 0x00, 0x60, 0xFF, 0xFF, 0xF4, 0xFF, 0xFF, 0x00, 0x00, 0x00, 0x00, 0x00, 0x80,
    0xFF, 0xFF, 0xF9, 0xFF, 0x6F, 0x00, 0x00, 0x20, 0xFF, 0xFF, 0xF9, 0xFF, 0xCF, 0x00, 0x00, 0x00,
    0x00, 0x00, 0x40, 0xFF, 0xFF, 0xFE, 0xFF, 0x2F, 0x00, 0x00, 0x00, 0xFE, 0xFF, 0xFE, 0xFF, 0x7F,
    0x00, 0x00, 0x00, 0x00, 0x00, 0x00, 0xFF, 0xFF, 0xFF, 0xFF, 0x0E, 0x00, 0x00, 0x00, 0xF9, 0xFF,
    0xFF, 0xFF, 0x3F, 0x00, 0x00, 0x00, 0x00, 0x00, 0x00, 0xFB, 0xFF, 0xFF, 0xFF, 0x0A, 0x00, 0x00,
    0x00, 0xF5, 0xFF, 0xFF, 0xFF, 0x0F, 0x00, 0x00, 0x00, 0x00, 0x00, 0x00, 0xF7, 0xFF, 0xFF, 0xFF,
    0x05, 0x00, 0x00, 0x00, 0xF1, 0xFF, 0xFF, 0xFF, 0x0B, 0x00, 0x00, 0x00, 0x00, 0x00, 0x00, 0xF3,
    0xFF, 0xFF, 0xFF, 0x01, 0x00, 0x00, 0x00, 0xD0, 0xFF, 0xFF, 0xFF, 0x07, 0x00, 0x00, 0x00, 0x00,
    0x00, 0x00, 0xF0, 0xFF, 0xFF, 0xDF, 0x00, 0x00, 0x00, 0x00, 0x90, 0xFF, 0xFF, 0xFF, 0x03, 0x00,
    0x00, 0x00, 0x60, 0xFF, 0xFF, 0xCF, 0x00, 0x00, 0x00, 0x00, 0x00, 0xF3, 0xFF, 0xFF, 0x2F, 0x00,
    0xFB, 0xFF, 0xFF, 0x06, 0x00, 0x00, 0x00, 0x00, 0xFD, 0xFF, 0xFF, 0x07, 0x00, 0xF2, 0xFF, 0xFF,
    0x0E, 0x00, 0x00, 0x00, 0x60, 0xFF, 0xFF, 0xCF, 0x00, 0x00, 0x70, 0xFF, 0xFF, 0x9F, 0x00, 0x00,
    0x00, 0xF1, 0xFF, 0xFF, 0x3F, 0x00, 0x00, 0x00, 0xFD, 0xFF, 0xFF, 0x02, 0x00, 0x00, 0xFA, 0xFF,
    0xFF, 0x08, 0x00, 0x00, 0x00, 0xF3, 0xFF, 0xFF, 0x0B, 0x00, 0x30, 0xFF, 0xFF, 0xDF, 0x00, 0x00,
    0x00, 0x00, 0x90, 0xFF, 0xFF, 0x5F, 0x00, 0xD0, 0xFF, 0xFF, 0x3F, 0x00, 0x00, 0x00, 0x00, 0x00,
    0xFE, 0xFF, 0xEF, 0x00, 0xF6, 0xFF, 0xFF, 0x09, 0x00, 0x00, 0x00, 0x00, 0x00, 0xF4, 0xFF, 0xFF,
    0x18, 0xFF, 0xFF, 0xEF, 0x00, 0x00, 0x00, 0x00, 0x00, 0x00, 0xA0, 0xFF, 0xFF, 0xBF, 0xFF, 0xFF,
    0x4F, 0x00, 0x00, 0x00, 0x00, 0x00, 0x00, 0x10, 0xFE, 0xFF, 0xFF, 0xFF, 0xFF, 0x0A, 0x00, 0x00,
    0x00, 0x00, 0x00, 0x00, 0x00, 0xF6, 0xFF, 0xFF, 0xFF, 0xEF, 0x01, 0x00, 0x00, 0x00, 0x00, 0x00,
    0x00, 0x00, 0xB0, 0xFF, 0xFF, 0xFF, 0x5F, 0x00, 0x00, 0x00, 0x00, 0x00, 0x00, 0x00, 0x00, 0x50,
    0xFF, 0xFF, 0xFF, 0x4F, 0x00, 0x00, 0x00, 0x00, 0x00, 0x00, 0x00, 0x00, 0xE0, 0xFF, 0xFF, 0xFF,
    0xEF, 0x00, 0x00, 0x00, 0x00, 0x00, 0x00, 0x00, 0x00, 0xF9, 0xFF, 0xFF, 0xFF, 0xFF, 0x09, 0x00,
    0x00, 0x00, 0x00, 0x00, 0x00, 0x40, 0xFF, 0xFF, 0xFF, 0xFF, 0xFF, 0x3F, 0x00, 0x00, 0x00, 0x00,
    0x00, 0x00, 0xE1, 0xFF, 0xFF, 0x3F, 0xFF, 0xFF, 0xDF, 0x00, 0x00, 0x00, 0x00, 0x00, 0x00, 0xFA,
    0xFF, 0xFF, 0x07, 0xF6, 0xFF, 0xFF, 0x08, 0x00, 0x00, 0x00, 0x00, 0x40, 0xFF, 0xFF, 0xDF, 0x00,
    0xC0, 0xFF, 0xFF, 0x2F, 0x00, 0x00, 0x00, 0x00, 0xE1, 0xFF, 0xFF, 0x3F, 0x00, 0x30, 0xFF, 0xFF,
    0xCF, 0x00, 0x00, 0x00, 0x00, 0xFA, 0xFF, 0xFF, 0x09, 0x00, 0x00, 0xF8, 0xFF, 0xFF, 0x07, 0x00,
    0x00, 0x50, 0xFF, 0xFF, 0xEF, 0x01, 0x00, 0x00, 0xE0, 0xFF, 0xFF, 0x2F, 0x00, 0x00, 0xE1, 0xFF,
    0xFF, 0x6F, 0x00, 0x00, 0x00, 0x50, 0xFF, 0xFF, 0xBF, 0x00, 0x00, 0xFA, 0xFF, 0xFF, 0x0C, 0x00,
    0x00, 0x00, 0x00, 0xFB, 0xFF, 0xFF, 0x06, 0x50, 0xFF, 0xFF, 0xFF, 0x02, 0x00, 0x00, 0x00, 0x00,
    0xF1, 0xFF, 0xFF, 0x1F, 0xE1, 0xFF, 0xFF, 0x8F, 0x00, 0x00, 0x00, 0x00, 0x00, 0x70, 0xFF, 0xFF,
    0xAF, 0xF7, 0xFF, 0xFF, 0x0B, 0x00, 0x00, 0x00, 0x00, 0x70, 0xFF, 0xFF, 0xBF, 0xD0, 0xFF, 0xFF,
    0x4F, 0x00, 0x00, 0x00, 0x00, 0xE1, 0xFF, 0xFF, 0x3F, 0x50, 0xFF, 0xFF, 0xCF, 0x00, 0x00, 0x00,
    0x00, 0xF8, 0xFF, 0xFF, 0x0A, 0x00, 0xFC, 0xFF, 0xFF, 0x04, 0x00, 0x00, 0x10, 0xFF, 0xFF, 0xFF,
    0x02, 0x00, 0xF4, 0xFF, 0xFF, 0x0C, 0x00, 0x00, 0x80, 0xFF, 0xFF, 0x9F, 0x00, 0x00, 0xB0, 0xFF,
    0xFF, 0x4F, 0x00, 0x00, 0xF1, 0xFF, 0xFF, 0x1F, 0x00, 0x00, 0x20, 0xFF, 0xFF, 0xCF, 0x00, 0x00,
    0xF8, 0xFF, 0xFF, 0x07, 0x00, 0x00, 0x00, 0xFA, 0xFF, 0xFF, 0x04, 0x10, 0xFF, 0xFF, 0xEF, 0x00,
    0x00, 0x00, 0x00, 0xF1, 0xFF, 0xFF, 0x0C, 0x80, 0xFF, 0xFF, 0x6F, 0x00, 0x00, 0x00, 0x00, 0x80,
    0xFF, 0xFF, 0x5F, 0xF1, 0xFF, 0xFF, 0x0D, 0x00, 0x00, 0x00, 0x00, 0x10, 0xFE, 0xFF, 0xDF, 0xF8,
    0xFF, 0xFF, 0x05, 0x00, 0x00, 0x00, 0x00, 0x00, 0xF7, 0xFF, 0xFF, 0xFF, 0xFF, 0xCF, 0x00, 0x00,
    0x00, 0x00, 0x00, 0x00, 0xD0, 0xFF, 0xFF, 0xFF, 0xFF, 0x4F, 0x00, 0x00, 0x00, 0x00, 0x00, 0x00,
    0x50, 0xFF, 0xFF, 0xFF, 0xFF, 0x0B, 0x00, 0x00, 0x00, 0x00, 0x00, 0x00, 0x00, 0xFC, 0xFF, 0xFF,
    0xFF, 0x02, 0x00, 0x00, 0x00, 0x00, 0x00, 0x00, 0x00, 0xF4, 0xFF, 0xFF, 0xAF, 0x00, 0x00, 0x00,
    0x00, 0x00, 0x00, 0x00, 0x00, 0xC0, 0xFF, 0xFF, 0x1F, 0x00, 0x00, 0x00, 0x00, 0x00, 0x00, 0x00,
    0x00, 0xB0, 0xFF, 0xFF, 0x0F, 0x00, 0x00, 0x00, 0x00, 0x00, 0x00, 0x00, 0x00, 0xB0, 0xFF, 0xFF,
    0x0F, 0x00, 0x00, 0x00, 0x00, 0x00, 0x00, 0x00, 0x00, 0xB0, 0xFF, 0xFF, 0x0F, 0x00, 0x00, 0x00,
    0x00, 0x00, 0x00, 0x00, 0x00, 0xB0, 0xFF, 0xFF, 0x0F, 0x00, 0x00, 0x00, 0x00, 0x00, 0x00, 0x00,
    0x00, 0xB0, 0xFF, 0xFF, 0x0F, 0x00, 0x00, 0x00, 0x00, 0x00, 0x00, 0x00, 0x00, 0xB0, 0xFF, 0xFF,
    0x0F, 0x00, 0x00, 0x00, 0x00, 0x00, 0x00, 0x00, 0x00, 0xB0, 0xFF, 0xFF, 0x0F, 0x00, 0x00, 0x00,
    0x00, 0x00, 0x00, 0x00, 0x00, 0xB0, 0xFF, 0xFF, 0x0F, 0x00, 0x00, 0x00, 0x00, 0x00, 0x00, 0x00,
    0x00, 0xB0, 0xFF, 0xFF, 0x0F, 0x00, 0x00, 0x00, 0x00, 0x00, 0x00, 0x00, 0x00, 0xB0, 0xFF, 0xFF,
    0x0F, 0x00, 0x00, 0x00, 0x00, 0xC0, 0xFF, 0xFF, 0xFF, 0xFF, 0xFF, 0xFF, 0xFF, 0xFF, 0xFF, 0x0B,
    0xC0, 0xFF, 0xFF, 0xFF, 0xFF, 0xFF, 0xFF, 0xFF, 0xFF, 0xFF, 0x0B, 0xC0, 0xFF, 0xFF, 0xFF, 0xFF,
    0xFF, 0xFF, 0xFF, 0xFF, 0xFF, 0x0B, 0xB0, 0xFF, 0xFF, 0xFF, 0xFF, 0xFF, 0xFF, 0xFF, 0xFF, 0xFF,
    0x0B, 0x30, 0xFF, 0xFF, 0xFF, 0xCC, 0xCC, 0xCC, 0xCC, 0xCC, 0xCC, 0x08, 0x00, 0xF7, 0xFF, 0xFF,
    0x09, 0x00, 0x00, 0x00, 0x00, 0x00, 0x00, 0x00, 0xC0, 0xFF, 0xFF, 0x4F, 0x00, 0x00, 0x00, 0x00,
    0x00, 0x00, 0x00, 0x20, 0xFF, 0xFF, 0xEF, 0x01, 0x00, 0x00, 0x00, 0x00, 0x00, 0x00, 0x00, 0xF6,
    0xFF, 0xFF, 0x0B, 0x00, 0x00, 0x00, 0x00, 0x00, 0x00, 0x00, 0xA0, 0xFF, 0xFF, 0x6F, 0x00, 0x00,
    0x00, 0x00, 0x00, 0x00, 0x00, 0x10, 0xFE, 0xFF, 0xFF, 0x02, 0x00, 0x00, 0x00, 0x00, 0x00, 0x00,
    0x00, 0xF4, 0xFF, 0xFF, 0x0C, 0x00, 0x00, 0x00, 0x00, 0x00, 0x00, 0x00, 0x90, 0xFF, 0xFF, 0x8F,
    0x00, 0x00, 0x00, 0x00, 0x00, 0x00, 0x00, 0x00, 0xFD, 0xFF, 0xFF, 0x03, 0x00, 0x00, 0x00, 0x00,
    0x00, 0x00, 0x00, 0xF3, 0xFF, 0xFF, 0x0E, 0x00, 0x00, 0x00, 0x00, 0x00, 0x00, 0x00, 0x70, 0xFF,
    0xFF, 0xAF, 0x00, 0x00, 0x00, 0x00, 0x00, 0x00, 0x00, 0x00, 0xFC, 0xFF, 0xFF, 0x05, 0x00, 0x00,
    0x00, 0x00, 0x00, 0x00, 0x00, 0xF2, 0xFF, 0xFF, 0x1E, 0x00, 0x00, 0x00, 0x00, 0x00, 0x00, 0x00,
    0x60, 0xFF, 0xFF, 0xBF, 0x00, 0x00, 0x00, 0x00, 0x00, 0x00, 0x00, 0x00, 0xFA, 0xFF, 0xFF, 0x07,
    0x00, 0x00, 0x00, 0x00, 0x00, 0x00, 0x00, 0xE1, 0xFF, 0xFF, 0x2F, 0x00, 0x00, 0x00, 0x00, 0x00,
    0x00, 0x00, 0x40, 0xFF, 0xFF, 0xDF, 0x00, 0xC1, 0xCC, 0xCC, 0xCC, 0xCC, 0xCC, 0xCC, 0xFF, 0xFF,
    0xFF, 0x08, 0xF1, 0xFF, 0xFF, 0xFF, 0xFF, 0xFF, 0xFF, 0xFF, 0xFF, 0xFF, 0x1F, 0xF1, 0xFF, 0xFF,
    0xFF, 0xFF, 0xFF, 0xFF, 0xFF, 0xFF, 0xFF, 0x1F, 0xF1, 0xFF, 0xFF, 0xFF, 0xFF, 0xFF, 0xFF, 0xFF,
    0xFF, 0xFF, 0x1F, 0xF1, 0xFF, 0xFF, 0xFF, 0xFF, 0xFF, 0xFF, 0xFF, 0xFF, 0xFF, 0x1F, 0xFA, 0xFF,
    0xFF, 0xFF, 0x5F, 0xFA, 0xFF, 0xFF, 0xFF, 0x5F, 0xFA, 0xFF, 0xFF, 0xFF, 0x5F, 0xE9, 0xEE, 0xFF,
    0xFF, 0x5F, 0x00, 0x00, 0xF7, 0xFF, 0x5F, 0x00, 0x00, 0xF7, 0xFF, 0x5F, 0x00, 0x00, 0xF7, 0xFF,
    0x5F, 0x00, 0x00, 0xF7, 0xFF, 0x5F, 0x00, 0x00, 0xF7, 0xFF, 0x5F, 0x00, 0x00, 0xF7, 0xFF, 0x5F,
    0x00, 0x00, 0xF7, 0xFF, 0x5F, 0x00, 0x00, 0xF7, 0xFF, 0x5F, 0x00, 0x00, 0xF7, 0xFF, 0x5F, 0x00,
    0x00, 0xF7, 0xFF, 0x5F, 0x00, 0x00, 0xF7, 0xFF, 0x5F, 0x00, 0x00, 0xF7, 0xFF, 0x5F, 0x00, 0x00,
    0xF7, 0xFF, 0x5F, 0x00, 0x00, 0xF7, 0xFF, 0x5F, 0x00, 0x00, 0xF7, 0xFF, 0x5F, 0x00, 0x00, 0xF7,
    0xFF, 0x5F, 0x00, 0x00, 0xF7, 0xFF, 0x5F, 0x00, 0x00, 0xF7, 0xFF, 0x5F, 0x00, 0x00, 0xF7, 0xFF,
    0x5F, 0x00, 0x00, 0xF7, 0xFF, 0x5F, 0x00, 0x00, 0xF7, 0xFF, 0x5F, 0x00, 0x00, 0xF7, 0xFF, 0x5F,
    0x00, 0x00, 0xF7, 0xFF, 0x5F, 0x00, 0x00, 0xF7, 0xFF, 0x5F, 0x00, 0x00, 0xF7, 0xFF, 0x5F, 0xE9,
    0xEE, 0xFF, 0xFF, 0x5F, 0xFA, 0xFF, 0xFF, 0xFF, 0x5F, 0xFA, 0xFF, 0xFF, 0xFF, 0x5F, 0xFA, 0xFF,
    0xFF, 0xFF, 0x5F, 0x00, 0x00, 0x00, 0x00, 0x00, 0xF8, 0xFF, 0x9F, 0x00, 0x00, 0x00, 0x00, 0x00,
    0xFE, 0xFF, 0x3F, 0x00, 0x00, 0x00, 0x00, 0x40, 0xFF, 0xFF, 0x0D, 0x00, 0x00, 0x00, 0x00, 0xA0,
    0xFF, 0xFF, 0x07, 0x00, 0x00, 0x00, 0x00, 0xF1, 0xFF, 0xFF, 0x01, 0x00, 0x00, 0x00, 0x00, 0xF6,
    0xFF, 0xBF, 0x00, 0x00, 0x00, 0x00, 0x00, 0xFC, 0xFF, 0x5F, 0x00, 0x00, 0x00, 0x00, 0x20, 0xFF,
    0xFF, 0x0F, 0x00, 0x00, 0x00, 0x00, 0x80, 0xFF, 0xFF, 0x09, 0x00, 0x00, 0x00, 0x00, 0xE0, 0xFF,
    0xFF, 0x03, 0x00, 0x00, 0x00, 0x00, 0xF4, 0xFF, 0xDF, 0x00, 0x00, 0x00, 0x00, 0x00, 0xFA, 0xFF,
    0x7F, 0x00, 0x00, 0x00, 0x00, 0x10, 0xFF, 0xFF, 0x1F, 0x00, 0x00, 0x00, 0x00, 0x60, 0xFF, 0xFF,
    0x0B, 0x00, 0x00, 0x00, 0x00, 0xC0, 0xFF, 0xFF, 0x05, 0x00, 0x00, 0x00, 0x00, 0xF2, 0xFF, 0xFF,
    0x00, 0x00, 0x00, 0x00, 0x00, 0xF8, 0xFF, 0x9F, 0x00, 0x00, 0x00, 0x00, 0x00, 0xFE, 0xFF, 0x3F,
    0x00, 0x00, 0x00, 0x00, 0x40, 0xFF, 0xFF, 0x0D, 0x00, 0x00, 0x00, 0x00, 0xA0, 0xFF, 0xFF, 0x07,
    0x00, 0x00, 0x00, 0x00, 0xF1, 0xFF, 0xFF, 0x01, 0x00, 0x00, 0x00, 0x00, 0xF6, 0xFF, 0xBF, 0x00,
    0x00, 0x00, 0x00, 0x00, 0xFC, 0xFF, 0x5F, 0x00, 0x00, 0x00, 0x00, 0x20, 0xFF, 0xFF, 0x0F, 0x00,
    0x00, 0x00, 0x00, 0x80, 0xFF, 0xFF, 0x09, 0x00, 0x00, 0x00, 0x00, 0xE0, 0xFF, 0xFF, 0x03, 0x00,
    0x00, 0x00, 0x00, 0xF4, 0xFF, 0xDF, 0x00, 0x00, 0x00, 0x00, 0x00, 0xFE, 0xFF, 0xFF, 0xFF, 0x0F,
    0xFE, 0xFF, 0xFF, 0xFF, 0x0F, 0xFE, 0xFF, 0xFF, 0xFF, 0x0F, 0xFE, 0xFF, 0xEF, 0xEE, 0x0E, 0xFE,
    0xFF, 0x0E, 0x00, 0x00, 0xFE, 0xFF, 0x0E, 0x00, 0x00, 0xFE, 0xFF, 0x0E, 0x00, 0x00, 0xFE, 0xFF,
    0x0E, 0x00, 0x00, 0xFE, 0xFF, 0x0E, 0x00, 0x00, 0xFE, 0xFF, 0x0E, 0x00, 0x00, 0xFE, 0xFF, 0x0E,
    0x00, 0x00, 0xFE, 0xFF, 0x0E, 0x00, 0x00, 0xFE, 0xFF, 0x0E, 0x00, 0x00, 0xFE, 0xFF, 0x0E, 0x00,
    0x00, 0xFE, 0xFF, 0x0E, 0x00, 0x00, 0xFE, 0xFF, 0x0E, 0x00, 0x00, 0xFE, 0xFF, 0x0E, 0x00, 0x00,
    0xFE, 0xFF, 0x0E, 0x00, 0x00, 0xFE, 0xFF, 0x0E, 0x00, 0x00, 0xFE, 0xFF, 0x0E, 0x00, 0x00, 0xFE,
    0xFF, 0x0E, 0x00, 0x00, 0xFE, 0xFF, 0x0E, 0x00, 0x00, 0xFE, 0xFF, 0x0E, 0x00, 0x00, 0xFE, 0xFF,
    0x0E, 0x00, 0x00, 0xFE, 0xFF, 0x0E, 0x00, 0x00, 0xFE, 0xFF, 0x0E, 0x00, 0x00, 0xFE, 0xFF, 0x0E,
    0x00, 0x00, 0xFE, 0xFF, 0x0E, 0x00, 0x00, 0xFE, 0xFF, 0x0E, 0x00, 0x00, 0xFE, 0xFF, 0xEF, 0xEE,
    0x0E, 0xFE, 0xFF, 0xFF, 0xFF, 0x0F, 0xFE, 0xFF, 0xFF, 0xFF, 0x0F, 0xFE, 0xFF, 0xFF, 0xFF, 0x0F,
    0x00, 0x00, 0x00, 0x00, 0xE0, 0xFF, 0x03, 0x00, 0x00, 0x00, 0x00, 0x00, 0x00, 0x00, 0x00, 0xF7,
    0xFF, 0x0A, 0x00, 0x00, 0x00, 0x00, 0x00, 0x00, 0x00, 0x00, 0xFE, 0xFF, 0x2F, 0x00, 0x00, 0x00,
    0x00, 0x00, 0x00, 0x00, 0x70, 0xFF, 0xFF, 0x9F, 0x00, 0x00, 0x00, 0x00, 0x00, 0x00, 0x00, 0xE0,
    0xFF, 0xFF, 0xFF, 0x01, 0x00, 0x00, 0x00, 0x00, 0x00, 0x00, 0xF7, 0xFF, 0xFF, 0xFF, 0x07, 0x00,
    0x00, 0x00, 0x00, 0x00, 0x00, 0xFE, 0xFF, 0xF6, 0xFF, 0x0E, 0x00, 0x00, 0x00, 0x00, 0x00, 0x80,
    0xFF, 0xBF, 0xB0, 0xFF, 0x6F, 0x00, 0x00, 0x00, 0x00, 0x00, 0xF1, 0xFF, 0x3F, 0x40, 0xFF, 0xDF,
    0x00, 0x00, 0x00, 0x00, 0x00, 0xF8, 0xFF, 0x0B, 0x00, 0xFD, 0xFF, 0x04, 0x00, 0x00, 0x00, 0x10,
    0xFF, 0xFF, 0x04, 0x00, 0xF7, 0xFF, 0x0B, 0x00, 0x00, 0x00, 0x80, 0xFF, 0xCF, 0x00, 0x00, 0xF1,
    0xFF, 0x3F, 0x00, 0x00, 0x00, 0xF1, 0xFF, 0x4F, 0x00, 0x00, 0x90, 0xFF, 0xAF, 0x00, 0x00, 0x00,
    0xF9, 0xFF, 0x0C, 0x00, 0x00, 0x20, 0xFF, 0xFF, 0x01, 0x00, 0x10, 0xFF, 0xFF, 0x04, 0x00, 0x00,
    0x00, 0xFB, 0xFF, 0x08, 0x00, 0x90, 0xFF, 0xCF, 0x00, 0x00, 0x00, 0x00, 0xF5, 0xFF, 0x0F, 0x00,
    0xF1, 0xFF, 0x5F, 0x00, 0x00, 0x00, 0x00, 0xE0, 0xFF, 0x7F, 0x00, 0xF9, 0xFF, 0x0D, 0x00, 0x00,
    0x00, 0x00, 0x70, 0xFF, 0xEF, 0x00, 0xFB, 0xFF, 0xFF, 0xFF, 0xFF, 0xFF, 0xFF, 0xFF, 0x01, 0xFB,
    0xFF, 0xFF, 0xFF, 0xFF, 0xFF, 0xFF, 0xFF, 0x01, 0x96, 0x99, 0x99, 0x99, 0x99, 0x99, 0x99, 0x99,
    0x00, 0x00, 0x00, 0xF3, 0xFF, 0xFF, 0x4F, 0x00, 0x10, 0xFD, 0xFF, 0xFF, 0x04, 0x00, 0xB0, 0xFF,
    0xFF, 0x3E, 0x00, 0x00, 0xF8, 0xFF, 0xBF, 0x01, 0x00, 0x60, 0xFF, 0xFF, 0x08, 0x00, 0x00, 0xF2,
    0xFF, 0x4E, 0x00, 0x00, 0x00, 0x00, 0x00, 0x61, 0xDB, 0xFF, 0xEF, 0x8C, 0x04, 0x00, 0x00, 0x00,
    0x70, 0xFF, 0xFF, 0xFF, 0xFF, 0xFF, 0xFF, 0x19, 0x00, 0x00, 0xF8, 0xFF, 0xFF, 0xFF, 0xFF, 0xFF,
    0xFF, 0x2F, 0x00, 0x40, 0xFF, 0xFF, 0xFF, 0xFF, 0xFF, 0xFF, 0xFF, 0x0A, 0x00, 0xA0, 0xFF, 0xFF,
    0xCF, 0x35, 0x53, 0xE9, 0xFF, 0x03, 0x00, 0xE0, 0xFF, 0xFF, 0x0E, 0x00, 0x00, 0x00, 0x74, 0x00,
    0x00, 0xF0, 0xFF, 0xFF, 0x09, 0x00, 0x00, 0x00, 0x00, 0x00, 0x00, 0xF1, 0xFF, 0xFF, 0x08, 0x00,
    0x00, 0x00, 0x00, 0x00, 0x00, 0xF1, 0xFF, 0xFF, 0xFF, 0xEF, 0xCD, 0x8B, 0x04, 0x00, 0x00, 0xF1,
    0xFF, 0xFF, 0xFF, 0xFF, 0xFF, 0xFF, 0xFF, 0x08, 0x00, 0xF1, 0xFF, 0xFF, 0xFF, 0xFF, 0xFF, 0xFF,
    0xFF, 0xDF, 0x01, 0xF1, 0xFF, 0xFF, 0x5A, 0x66, 0xC8, 0xFF, 0xFF, 0xFF, 0x0A, 0xF1, 0xFF, 0xFF,
    0x08, 0x00, 0x00, 0xF5, 0xFF, 0xFF, 0x1F, 0xF1, 0xFF, 0xFF, 0x09, 0x00, 0x00, 0x90, 0xFF, 0xFF,
    0x5F, 0xF1, 0xFF, 0xFF, 0x0D, 0x00, 0x00, 0x60, 0xFF, 0xFF, 0x6F, 0xF1, 0xFF, 0xFF, 0x7F, 0x00,
    0x00, 0x90, 0xFF, 0xFF, 0x5F, 0xF1, 0xFF, 0xFF, 0xFF, 0x5B, 0x32, 0xF7, 0xFF, 0xFF, 0x3F, 0xF1,
    0xFF, 0xFF, 0xFF, 0xFF, 0xFF, 0xFF, 0xFF, 0xFF, 0x0E, 0xF1, 0xFF, 0xBF, 0xF4, 0xFF, 0xFF, 0xFF,
    0xFF, 0xFF, 0x05, 0xF1, 0xFF, 0x6F, 0x40, 0xFE, 0xFF, 0xFF, 0xFF, 0x7F, 0x00, 0xF1, 0xFF, 0x0F,
    0x00, 0x71, 0xEC, 0xFF, 0x9D, 0x03, 0x00, 0x00, 0x00, 0x00, 0x00, 0x00, 0x00, 0x00, 0xFA, 0xFF,
    0xFF, 0x00, 0x00, 0x00, 0x00, 0x00, 0x00, 0x00, 0x00, 0xFA, 0xFF, 0xFF, 0x00, 0x00, 0x00, 0x00,
    0x00, 0x00, 0x00, 0x00, 0xFA, 0xFF, 0xFF, 0x00, 0x00, 0x00, 0x00, 0x00, 0x00, 0x00, 0x00, 0xFA,
    0xFF, 0xFF, 0x00, 0x00, 0x00, 0x00, 0x00, 0x00, 0x00, 0x00, 0xFA, 0xFF, 0xFF, 0x00, 0x00, 0x00,
    0x00, 0x00, 0x00, 0x00, 0x00, 0xFA, 0xFF, 0xFF, 0x00, 0x00, 0x00, 0x00, 0x00, 0x00, 0x00, 0x00,
    0xFA, 0xFF, 0xFF, 0x00, 0x00, 0x00, 0x00, 0x00, 0x00, 0x00, 0x00, 0xF9, 0xFF, 0xFF, 0x00, 0x00,
    0x00, 0x60, 0xEB, 0xFF, 0x6C, 0x00, 0xF9, 0xFF, 0xFF, 0x00, 0x00, 0x20, 0xFD, 0xFF, 0xFF, 0xFF,
    0x1D, 0xF8, 0xFF, 0xFF, 0x00, 0x00, 0xE1, 0xFF, 0xFF, 0xFF, 0xFF, 0xDF, 0xF8, 0xFF, 0xFF, 0x00,
    0x00, 0xFB, 0xFF, 0xFF, 0xFF, 0xFF, 0xFF, 0xFF, 0xFF, 0xFF, 0x00, 0x40, 0xFF, 0xFF, 0xFF, 0xAF,
    0xA8, 0xFF, 0xFF, 0xFF, 0xFF, 0x00, 0xA0, 0xFF, 0xFF, 0xDF, 0x01, 0x00, 0xD1, 0xFF, 0xFF, 0xFF,
    0x00, 0xE0, 0xFF, 0xFF, 0x3F, 0x00, 0x00, 0x30, 0xFF, 0xFF, 0xFF, 0x00, 0xF2, 0xFF, 0xFF, 0x0C,
    0x00, 0x00, 0x00, 0xFE, 0xFF, 0xFF, 0x00, 0xF3, 0xFF, 0xFF, 0x09, 0x00, 0x00, 0x00, 0xFB, 0xFF,
    0xFF, 0x00, 0xF5, 0xFF, 0xFF, 0x07, 0x00, 0x00, 0x00, 0xFA, 0xFF, 0xFF, 0x00, 0xF5, 0xFF, 0xFF,
    0x07, 0x00, 0x00, 0x00, 0xFA, 0xFF, 0xFF, 0x00, 0xF5, 0xFF, 0xFF, 0x07, 0x00, 0x00, 0x00, 0xFA,
    0xFF, 0xFF, 0x00, 0xF3, 0xFF, 0xFF, 0x09, 0x00, 0x00, 0x00, 0xFC, 0xFF, 0xFF, 0x00, 0xF1, 0xFF,
    0xFF, 0x0D, 0x00, 0x00, 0x00, 0xFF, 0xFF, 0xFF, 0x00, 0xE0, 0xFF, 0xFF, 0x4F, 0x00, 0x00, 0x50,
    0xFF, 0xFF, 0xFF, 0x00, 0xA0, 0xFF, 0xFF, 0xEF, 0x02, 0x00, 0xE2, 0xFF, 0xFF, 0xFF, 0x00, 0x30,
    0xFF, 0xFF, 0xFF, 0xBF, 0xB9, 0xFF, 0xFF, 0xFF, 0xFF, 0x00, 0x00, 0xFB, 0xFF, 0xFF, 0xFF, 0xFF,
    0xFF, 0xFF, 0xFF, 0xFF, 0x00, 0x00, 0xE1, 0xFF, 0xFF, 0xFF, 0xFF, 0xFF, 0xF8, 0xFF, 0xFF, 0x00,
    0x00, 0x20, 0xFC, 0xFF, 0xFF, 0xFF, 0x4E, 0xD0, 0xFF, 0xFF, 0x00, 0x00, 0x00, 0x50, 0xEB, 0xFF,
    0x8D, 0x01, 0x70, 0xFF, 0xFF, 0x00, 0x00, 0x95, 0xEC, 0xFF, 0xCE, 0x49, 0x00, 0x00, 0x00, 0xE2,
    0xFF, 0xFF, 0xFF, 0xFF, 0xFF, 0x4D, 0x00, 0x00, 0xE0, 0xFF, 0xFF, 0xFF, 0xFF, 0xFF, 0xFF, 0x07,
    0x00, 0x90, 0xFF, 0xFF, 0xFF, 0xFF, 0xFF, 0xFF, 0x5F, 0x00, 0x20, 0xFF, 0xBF, 0x99, 0xFC, 0xFF,
    0xFF, 0xEF, 0x00, 0x00, 0x59, 0x00, 0x00, 0x30, 0xFE, 0xFF, 0xFF, 0x07, 0x00, 0x00, 0x00, 0x00,
    0x00, 0xF5, 0xFF, 0xFF, 0x0C, 0x00, 0x00, 0x00, 0x00, 0x00, 0xE0, 0xFF, 0xFF, 0x0F, 0x00, 0x00,
    0x00, 0x00, 0x00, 0xA0, 0xFF, 0xFF, 0x2F, 0x00, 0x00, 0x00, 0x00, 0x00, 0x80, 0xFF, 0xFF, 0x4F,
    0x00, 0x00, 0x00, 0x00, 0x00, 0x70, 0xFF, 0xFF, 0x4F, 0x00, 0x00, 0x00, 0x00, 0x00, 0x80, 0xFF,
    0xFF, 0x4F, 0x00, 0x00, 0x00, 0x00, 0x00, 0xA0, 0xFF, 0xFF, 0x3F, 0x00, 0x00, 0x00, 0x00, 0x00,
    0xE0, 0xFF, 0xFF, 0x1F, 0x10, 0x00, 0x00, 0x00, 0x00, 0xF5, 0xFF, 0xFF, 0x0D, 0xB0, 0x3B, 0x00,
    0x00, 0x40, 0xFF, 0xFF, 0xFF, 0x09, 0xB0, 0xFF, 0xBE, 0x99, 0xFC, 0xFF, 0xFF, 0xFF, 0x02, 0xB0,
    0xFF, 0xFF, 0xFF, 0xFF, 0xFF, 0xFF, 0x9F, 0x00, 0xB0, 0xFF, 0xFF, 0xFF, 0xFF, 0xFF, 0xFF, 0x0B,
    0x00, 0x70, 0xFF, 0xFF, 0xFF, 0xFF, 0xFF, 0x8F, 0x00, 0x00, 0x00, 0x71, 0xEB, 0xFF, 0xEF, 0x7B,
    0x01, 0x00, 0x00, 0xF1, 0xFF, 0xFF, 0x09, 0x00, 0x00, 0x00, 0x00, 0x00, 0x00, 0x00, 0xF1, 0xFF,
    0xFF, 0x09, 0x00, 0x00, 0x00, 0x00, 0x00, 0x00, 0x00, 0xF1, 0xFF, 0xFF, 0x09, 0x00, 0x00, 0x00,
    0x00, 0x00, 0x00, 0x00, 0xF1, 0xFF, 0xFF, 0x09, 0x00, 0x00, 0x00, 0x00, 0x00, 0x00, 0x00, 0xF1,
    0xFF, 0xFF, 0x09, 0x00, 0x00, 0x00, 0x00, 0x00, 0x00, 0x00, 0xF1, 0xFF, 0xFF, 0x09, 0x00, 0x00,
    0x00, 0x00, 0x00, 0x00, 0x00, 0xF1, 0xFF, 0xFF, 0x09, 0x00, 0x00, 0x00, 0x00, 0x00, 0x00, 0x00,
    0xF1, 0xFF, 0xFF, 0x08, 0x00, 0x00, 0x00, 0x00, 0x00, 0x00, 0x00, 0xF1, 0xFF, 0xFF, 0x07, 0x81,
    0xFD, 0xEF, 0x5B, 0x00, 0x00, 0x00, 0xF1, 0xFF, 0xFF, 0x46, 0xFE, 0xFF, 0xFF, 0xFF, 0x1C, 0x00,
    0x00, 0xF1, 0xFF, 0xFF, 0xF7, 0xFF, 0xFF, 0xFF, 0xFF, 0xDF, 0x01, 0x00, 0xF1, 0xFF, 0xFF, 0xFF,
    0xFF, 0xFF, 0xFF, 0xFF, 0xFF, 0x0A, 0x00, 0xF1, 0xFF, 0xFF, 0xFF, 0xBF, 0xB9, 0xFF, 0xFF, 0xFF,
    0x3F, 0x00, 0xF1, 0xFF, 0xFF, 0xAF, 0x00, 0x00, 0xE3, 0xFF, 0xFF, 0x9F, 0x00, 0xF1, 0xFF, 0xFF,
    0x0E, 0x00, 0x00, 0x40, 0xFF, 0xFF, 0xDF, 0x00, 0xF1, 0xFF, 0xFF, 0x08, 0x00, 0x00, 0x00, 0xFD,
    0xFF, 0xFF, 0x01, 0xF1, 0xFF, 0xFF, 0x05, 0x00, 0x00, 0x00, 0xF9, 0xFF, 0xFF, 0x03, 0xF1, 0xFF,
    0xFF, 0x03, 0x00, 0x00, 0x00, 0xF7, 0xFF, 0xFF, 0x04, 0xF1, 0xFF, 0xFF, 0x03, 0x00, 0x00, 0x00,
    0xF7, 0xFF, 0xFF, 0x04, 0xF1, 0xFF, 0xFF, 0x03, 0x00, 0x00, 0x00, 0xF7, 0xFF, 0xFF, 0x04, 0xF1,
    0xFF, 0xFF, 0x04, 0x00, 0x00, 0x00, 0xF9, 0xFF, 0xFF, 0x03, 0xF1, 0xFF, 0xFF, 0x07, 0x00, 0x00,
    0x00, 0xFC, 0xFF, 0xFF, 0x01, 0xF1, 0xFF, 0xFF, 0x0D, 0x00, 0x00, 0x30, 0xFF, 0xFF, 0xEF, 0x00,
    0xF1, 0xFF, 0xFF, 0x8F, 0x00, 0x00, 0xD1, 0xFF, 0xFF, 0x9F, 0x00, 0xF1, 0xFF, 0xFF, 0xFF, 0x9D,
    0xA8, 0xFF, 0xFF, 0xFF, 0x3F, 0x00, 0xF1, 0xFF, 0xFF, 0xFF, 0xFF, 0xFF, 0xFF, 0xFF, 0xFF, 0x0B,
    0x00, 0xF1, 0xFF, 0xFF, 0xE3, 0xFF, 0xFF, 0xFF, 0xFF, 0xEF, 0x01, 0x00, 0xF1, 0xFF, 0xCF, 0x20,
    0xFD, 0xFF, 0xFF, 0xFF, 0x1C, 0x00, 0x00, 0xF1, 0xFF, 0x6F, 0x00, 0x70, 0xFC, 0xEF, 0x5B, 0x00,
    0x00, 0x00, 0x00, 0x00, 0x50, 0xDA, 0xFF, 0xDF, 0x5A, 0x00, 0x00, 0x00, 0x00, 0x40, 0xFD, 0xFF,
    0xFF, 0xFF, 0xFF, 0x4D, 0x00, 0x00, 0x00, 0xF6, 0xFF, 0xFF, 0xFF, 0xFF, 0xFF, 0xFF, 0x06, 0x00,
    0x30, 0xFF, 0xFF, 0xFF, 0xFF, 0xFF, 0xFF, 0xFF, 0x4F, 0x00, 0xC0, 0xFF, 0xFF, 0x7F, 0x02, 0x92,
    0xFF, 0xFF, 0xEF, 0x00, 0xF3, 0xFF, 0xFF, 0x04, 0x00, 0x00, 0xF7, 0xFF, 0xFF, 0x06, 0xF8, 0xFF,
    0xCF, 0x00, 0x00, 0x00, 0xE0, 0xFF, 0xFF, 0x0C, 0xFB, 0xFF, 0x8F, 0x00, 0x00, 0x00, 0xA0, 0xFF,
    0xFF, 0x0F, 0xFC, 0xFF, 0xEF, 0xCC, 0xCC, 0xCC, 0xEC, 0xFF, 0xFF, 0x2F, 0xFD, 0xFF, 0xFF, 0xFF,
    0xFF, 0xFF, 0xFF, 0xFF, 0xFF, 0x4F, 0xFD, 0xFF, 0xFF, 0xFF, 0xFF, 0xFF, 0xFF, 0xFF, 0xFF, 0x4F,
    0xFD, 0xFF, 0xFF, 0xFF, 0xFF, 0xFF, 0xFF, 0xFF, 0xFF, 0x4F, 0x00, 0x00, 0x00, 0x00, 0x00, 0x00,
    0x70, 0xFF, 0xFF, 0x3F, 0x00, 0x00, 0x00, 0x00, 0x00, 0x00, 0xA0, 0xFF, 0xFF, 0x0F, 0x00, 0x00,
    0x00, 0x00, 0x00, 0x00, 0xF2, 0xFF, 0xFF, 0x0C, 0x70, 0x05, 0x00, 0x00, 0x00, 0x10, 0xFC, 0xFF,
    0xFF, 0x06, 0xA0, 0xFF, 0x7B, 0x35, 0x43, 0xE8, 0xFF, 0xFF, 0xDF, 0x00, 0xA0, 0xFF, 0xFF, 0xFF,
    0xFF, 0xFF, 0xFF, 0xFF, 0x3F, 0x00, 0xA0, 0xFF, 0xFF, 0xFF, 0xFF, 0xFF, 0xFF, 0xFF, 0x04, 0x00,
    0x70, 0xFF, 0xFF, 0xFF, 0xFF, 0xFF, 0xFF, 0x2B, 0x00, 0x00, 0x00, 0x51, 0xCA, 0xFE, 0xFF, 0xBE,
    0x27, 0x00, 0x00, 0x00, 0x61, 0xDA, 0xFF, 0xEF, 0x7B, 0x01, 0x00, 0x00, 0x00, 0xF3, 0xFF, 0xFF,
    0xFF, 0xFF, 0x4F, 0x00, 0x00, 0x00, 0xD0, 0xFF, 0xFF, 0xFF, 0xFF, 0xFF, 0x02, 0x00, 0x00, 0x80,
    0xFF, 0xFF, 0xFF, 0xFF, 0xFF, 0x0A, 0x00, 0x00, 0x20, 0xAE, 0x88, 0xFD, 0xFF, 0xFF, 0x0F, 0x00,
    0x00, 0x00, 0x00, 0x00, 0xD0, 0xFF, 0xFF, 0x1F, 0x00, 0x00, 0x00, 0x00, 0x00, 0x90, 0xFF, 0xFF,
    0x1F, 0x00, 0x00, 0x00, 0x00, 0x00, 0x80, 0xFF, 0xFF, 0x2F, 0x00, 0x00, 0x00, 0xF7, 0xFF, 0xFF,
    0xFF, 0xFF, 0xCF, 0x04, 0x00, 0x00, 0xF7, 0xFF, 0xFF, 0xFF, 0xFF, 0xFF, 0xDF, 0x02, 0x00, 0xF7,
    0xFF, 0xFF, 0xFF, 0xFF, 0xFF, 0xFF, 0x03, 0x00, 0xF7, 0xFF, 0xFF, 0xFF, 0xFF, 0xFF, 0xFF, 0x03,
    0x00, 0x41, 0x44, 0xA4, 0xFF, 0xFF, 0x5F, 0x44, 0x00, 0x00, 0x00, 0x00, 0x80, 0xFF, 0xFF, 0x2F,
    0x00, 0x00, 0x00, 0x00, 0x00, 0x80, 0xFF, 0xFF, 0x2F, 0x00, 0x00, 0x00, 0x00, 0x00, 0x80, 0xFF,
    0xFF, 0x2F, 0x00, 0x00, 0x00, 0x00, 0x00, 0x80, 0xFF, 0xFF, 0x2F, 0x00, 0x00, 0x00, 0x00, 0x00,
    0x80, 0xFF, 0xFF, 0x2F, 0x00, 0x00, 0x00, 0x00, 0x00, 0x80, 0xFF, 0xFF, 0x2F, 0x00, 0x00, 0x00,
    0x00, 0x00, 0x80, 0xFF, 0xFF, 0x2F, 0x00, 0x00, 0x00, 0x00, 0x00, 0x80, 0xFF, 0xFF, 0x2F, 0x00,
    0x00, 0x00, 0x00, 0x00, 0x80, 0xFF, 0xFF, 0x2F, 0x00, 0x00, 0x00, 0x00, 0x00, 0x80, 0xFF, 0xFF,
    0x2F, 0x00, 0x00, 0x00, 0x00, 0x00, 0x80, 0xFF, 0xFF, 0x2F, 0x00, 0x00, 0x00, 0x00, 0x00, 0x80,
    0xFF, 0xFF, 0x2F, 0x00, 0x00, 0x00, 0x00, 0x00, 0x80, 0xFF, 0xFF, 0x2F, 0x00, 0x00, 0x00, 0x00,
    0x00, 0x80, 0xFF, 0xFF, 0x2F, 0x00, 0x00, 0x00, 0x00, 0x00, 0x80, 0xFF, 0xFF, 0x2F, 0x00, 0x00,
    0x00, 0x00, 0x00, 0x80, 0xFF, 0xFF, 0x2F, 0x00, 0x00, 0x90, 0x99, 0x99, 0x99, 0xDA, 0xFE, 0xEF,
    0x8C, 0x02, 0x00, 0x00, 0xF0, 0xFF, 0xFF, 0xFF, 0xFF, 0xFF, 0xFF, 0xFF, 0x9F, 0x00, 0x00, 0xF0,
    0xFF, 0xFF, 0xFF, 0xFF, 0xFF, 0xFF, 0xFF, 0xFF, 0x0C, 0x00, 0x60, 0xEA, 0xFF, 0xFF, 0xFF, 0x7A,
    0xD8, 0xFF, 0xFF, 0x8F, 0x00, 0x00, 0x10, 0xFF, 0xFF, 0x6F, 0x00, 0x00, 0xFB, 0xFF, 0xEF, 0x00,
    0x00, 0x60, 0xFF, 0xFF, 0x0E, 0x00, 0x00, 0xF4, 0xFF, 0xFF, 0x03, 0x00, 0xA0, 0xFF, 0xFF, 0x0C,
    0x00, 0x00, 0xF1, 0xFF, 0xFF, 0x04, 0x00, 0xA0, 0xFF, 0xFF, 0x0C, 0x00, 0x00, 0xF1, 0xFF, 0xFF,
    0x04, 0x00, 0x80, 0xFF, 0xFF, 0x0E, 0x00, 0x00, 0xF4, 0xFF, 0xFF, 0x02, 0x00, 0x40, 0xFF, 0xFF,
    0x7F, 0x00, 0x00, 0xFC, 0xFF, 0xDF, 0x00, 0x00, 0x00, 0xFD, 0xFF, 0xFF, 0x7B, 0xD8, 0xFF, 0xFF,
    0x5F, 0x00, 0x00, 0x00, 0xE2, 0xFF, 0xFF, 0xFF, 0xFF, 0xFF, 0xFF, 0x09, 0x00, 0x00, 0x00, 0x20,
    0xFB, 0xFF, 0xFF, 0xFF, 0xFF, 0x6F, 0x00, 0x00, 0x00, 0x00, 0x00, 0x30, 0xC8, 0xFE, 0xEF, 0xFF,
    0xBF, 0x01, 0x00, 0x00, 0x00, 0x00, 0x00, 0x00, 0x00, 0x00, 0xF7, 0xFF, 0x0C, 0x00, 0x00, 0x00,
    0x00, 0x00, 0x00, 0x00, 0x00, 0xF2, 0xFF, 0x4F, 0x00, 0x00, 0x00, 0x00, 0x00, 0x00, 0x00, 0x20,
    0xFA, 0xFF, 0x6F, 0x00, 0x00, 0x00, 0xB6, 0xFE, 0xFF, 0xFF, 0xFF, 0xFF, 0xFF, 0x4F, 0x00, 0x00,
    0xD2, 0xFF, 0xFF, 0xFF, 0xFF, 0xFF, 0xFF, 0xFF, 0x0B, 0x00, 0x00, 0xFE, 0xFF, 0xFF, 0xFF, 0xFF,
    0xFF, 0xFF, 0xCF, 0x00, 0x00, 0x70, 0xFF, 0xFF, 0xFF, 0xFF, 0xFF, 0xFF, 0xFF, 0xFF, 0x7E, 0x00,
    0xB0, 0xFF, 0xFF, 0xDF, 0x9A, 0x88, 0x88, 0xFA, 0xFF, 0xFF, 0x0B, 0xC0, 0xFF, 0xFF, 0x09, 0x00,
    0x00, 0x00, 0x00, 0xFB, 0xFF, 0x6F, 0xB0, 0xFF, 0xFF, 0x04, 0x00, 0x00, 0x00, 0x00, 0xF1, 0xFF,
    0xCF, 0x80, 0xFF, 0xFF, 0x09, 0x00, 0x00, 0x00, 0x00, 0xF1, 0xFF, 0xEF, 0x20, 0xFF, 0xFF, 0xBF,
    0x04, 0x00, 0x00, 0x20, 0xFC, 0xFF, 0xCF, 0x00, 0xF7, 0xFF, 0xFF, 0xFF, 0xBD, 0xBB, 0xFD, 0xFF,
    0xFF, 0x7F, 0x00, 0x70, 0xFF, 0xFF, 0xFF, 0xFF, 0xFF, 0xFF, 0xFF, 0xFF, 0x0C, 0x00, 0x00, 0xB3,
    0xFF, 0xFF, 0xFF, 0xFF, 0xFF, 0xFF, 0x9F, 0x00, 0x00, 0x00, 0x00, 0x61, 0xC9, 0xFE, 0xFF, 0xDF,
    0x7B, 0x01, 0x00, 0x00, 0x00, 0x00, 0x00, 0x00, 0x00, 0x00, 0xFA, 0xFF, 0xFF, 0x00, 0x00, 0x00,
    0x00, 0x00, 0x00, 0x00, 0x00, 0xFA, 0xFF, 0xFF, 0x00, 0x00, 0x00, 0x00, 0x00, 0x00, 0x00, 0x00,
    0xFA, 0xFF, 0xFF, 0x00, 0x00, 0x00, 0x00, 0x00, 0x00, 0x00, 0x00, 0xFA, 0xFF, 0xFF, 0x00, 0x00,
    0x00, 0x00, 0x00, 0x00, 0x00, 0x00, 0xFA, 0xFF, 0xFF, 0x00, 0x00, 0x00, 0x00, 0x00, 0x00, 0x00,
    0x00, 0xFA, 0xFF, 0xFF, 0x00, 0x00, 0x00, 0x00, 0x00, 0x00, 0x00, 0x00, 0xF9, 0xFF, 0xFF, 0x00,
    0x00, 0x00, 0x00, 0x00, 0x00, 0x00, 0x00, 0xF9, 0xFF, 0xFF, 0x00, 0x00, 0x00, 0x93, 0xFD, 0xEF,
    0x6B, 0x00, 0xF8, 0xFF, 0xFF, 0x00, 0x00, 0xA0, 0xFF, 0xFF, 0xFF, 0xFF, 0x2D, 0xF7, 0xFF, 0xFF,
    0x00, 0x00, 0xFB, 0xFF, 0xFF, 0xFF, 0xFF, 0xEF, 0xF7, 0xFF, 0xFF, 0x00, 0x40, 0xFF, 0xFF, 0xFF,
    0xFF, 0xFF, 0xFF, 0xFF, 0xFF, 0xFF, 0x00, 0xB0, 0xFF, 0xFF, 0xFF, 0x8C, 0xC9, 0xFF, 0xFF, 0xFF,
    0xFF, 0x00, 0xF0, 0xFF, 0xFF, 0x8F, 0x00, 0x00, 0xF4, 0xFF, 0xFF, 0xFF, 0x00, 0xF1, 0xFF, 0xFF,
    0x0E, 0x00, 0x00, 0x70, 0xFF, 0xFF, 0xFF, 0x00, 0xF1, 0xFF, 0xFF, 0x0A, 0x00, 0x00, 0x10, 0xFF,
    0xFF, 0xFF, 0x00, 0xF2, 0xFF, 0xFF, 0x09, 0x00, 0x00, 0x00, 0xFD, 0xFF, 0xFF, 0x00, 0xF2, 0xFF,
    0xFF, 0x08, 0x00, 0x00, 0x00, 0xFB, 0xFF, 0xFF, 0x00, 0xF2, 0xFF, 0xFF, 0x08, 0x00, 0x00, 0x00,
    0xFA, 0xFF, 0xFF, 0x00, 0xF2, 0xFF, 0xFF, 0x08, 0x00, 0x00, 0x00, 0xFA, 0xFF, 0xFF, 0x00, 0xF2,
    0xFF, 0xFF, 0x08, 0x00, 0x00, 0x00, 0xFA, 0xFF, 0xFF, 0x00, 0xF2, 0xFF, 0xFF, 0x08, 0x00, 0x00,
    0x00, 0xFA, 0xFF, 0xFF, 0x00, 0xF2, 0xFF, 0xFF, 0x08, 0x00, 0x00, 0x00, 0xFA, 0xFF, 0xFF, 0x00,
    0xF2, 0xFF, 0xFF, 0x08, 0x00, 0x00, 0x00, 0xFA, 0xFF, 0xFF, 0x00, 0xF2, 0xFF, 0xFF, 0x08, 0x00,
    0x00, 0x00, 0xFA, 0xFF, 0xFF, 0x00, 0xF2, 0xFF, 0xFF, 0x08, 0x00, 0x00, 0x00, 0xFA, 0xFF, 0xFF,
    0x00, 0xF2, 0xFF, 0xFF, 0x08, 0x00, 0x00, 0x00, 0xFA, 0xFF, 0xFF, 0x00, 0xF2, 0xFF, 0xFF, 0x08,
    0x00, 0x00, 0x00, 0xFA, 0xFF, 0xFF, 0x00, 0xF2, 0xFF, 0xFF, 0x08, 0x00, 0x00, 0x00, 0xFA, 0xFF,
    0xFF, 0x00, 0x30, 0x87, 0x05, 0x00, 0xF6, 0xFF, 0xCF, 0x00, 0xFC, 0xFF, 0xFF, 0x02, 0xFD, 0xFF,
    0xFF, 0x03, 0xFA, 0xFF, 0xFF, 0x01, 0xA1, 0xFF, 0x4C, 0x00, 0x00, 0x00, 0x00, 0x00, 0x00, 0x00,
    0x00, 0x00, 0x00, 0x00, 0x00, 0x00, 0xFA, 0xFF, 0xFF, 0x00, 0xFA, 0xFF, 0xFF, 0x00, 0xFA, 0xFF,
    0xFF, 0x00, 0xFA, 0xFF, 0xFF, 0x00, 0xFA, 0xFF, 0xFF, 0x00, 0xFA, 0xFF, 0xFF, 0x00, 0xFA, 0xFF,
    0xFF, 0x00, 0xFA, 0xFF, 0xFF, 0x00, 0xFA, 0xFF, 0xFF, 0x00, 0xFA, 0xFF, 0xFF, 0x00, 0xFA, 0xFF,
    0xFF, 0x00, 0xFA, 0xFF, 0xFF, 0x00, 0xFA, 0xFF, 0xFF, 0x00, 0xFA, 0xFF, 0xFF, 0x00, 0xFA, 0xFF,
    0xFF, 0x00, 0xFA, 0xFF, 0xFF, 0x00, 0xFA, 0xFF, 0xFF, 0x00, 0xFA, 0xFF, 0xFF, 0x00, 0xFA, 0xFF,
    0xFF, 0x00, 0xFA, 0xFF, 0xFF, 0x00, 0xFA, 0xFF, 0xFF, 0x00, 0x30, 0x87, 0x05, 0x00, 0x00, 0x00,
    0xF6, 0xFF, 0xCF, 0x00, 0x00, 0x00, 0xFC, 0xFF, 0xFF, 0x02, 0x00, 0x00, 0xFD, 0xFF, 0xFF, 0x03,
    0x00, 0x00, 0xFA, 0xFF, 0xFF, 0x01, 0x00, 0x00, 0xA1, 0xFF, 0x4C, 0x00, 0x00, 0x00, 0x00, 0x00,
    0x00, 0x00, 0x00, 0x00, 0x00, 0x00, 0x00, 0x00, 0x00, 0x00, 0x00, 0x00, 0x00, 0x00, 0x00, 0x00,
    0xFA, 0xFF, 0xFF, 0x00, 0x00, 0x00, 0xFA, 0xFF, 0xFF, 0x00, 0x00, 0x00, 0xFA, 0xFF, 0xFF, 0x00,
    0x00, 0x00, 0xFA, 0xFF, 0xFF, 0x00, 0x00, 0x00, 0xFA, 0xFF, 0xFF, 0x00, 0x00, 0x00, 0xFA, 0xFF,
    0xFF, 0x00, 0x00, 0x00, 0xFA, 0xFF, 0xFF, 0x00, 0x00, 0x00, 0xFA, 0xFF, 0xFF, 0x00, 0x00, 0x00,
    0xFA, 0xFF, 0xFF, 0x00, 0x00, 0x00, 0xFA, 0xFF, 0xFF, 0x00, 0x00, 0x00, 0xFA, 0xFF, 0xFF, 0x00,
    0x00, 0x00, 0xFA, 0xFF, 0xFF, 0x00, 0x00, 0x00, 0xFA, 0xFF, 0xFF, 0x00, 0x00, 0x00, 0xFA, 0xFF,
    0xFF, 0x00, 0x00, 0x00, 0xFA, 0xFF, 0xFF, 0x00, 0x00, 0x00, 0xFA, 0xFF, 0xFF, 0x00, 0x00, 0x00,
    0xFA, 0xFF, 0xFF, 0x00, 0x00, 0x00, 0xFA, 0xFF, 0xFF, 0x00, 0x00, 0x00, 0xFA, 0xFF, 0xFF, 0x00,
    0x00, 0x00, 0xFA, 0xFF, 0xFF, 0x00, 0x00, 0x00, 0xFA, 0xFF, 0xFF, 0x00, 0x00, 0x00, 0xFA, 0xFF,
    0xFF, 0x00, 0x00, 0x00, 0xFA, 0xFF, 0xFF, 0x00, 0x00, 0x00, 0xF9, 0xFF, 0xFF, 0x02, 0x00, 0x00,
    0xF8, 0xFF, 0xFF, 0x09, 0x00, 0x00, 0xF4, 0xFF, 0xFF, 0xDF, 0x99, 0x5B, 0xE0, 0xFF, 0xFF, 0xFF,
    0xFF, 0x7F, 0x50, 0xFF, 0xFF, 0xFF, 0xFF, 0x7F, 0x00, 0xF6, 0xFF, 0xFF, 0xFF, 0x7F, 0x00, 0x20,
    0xC8, 0xFF, 0xEF, 0x4B, 0x00, 0x00, 0x00, 0x00, 0x00, 0x00, 0x00, 0xA0, 0xFF, 0xFF, 0x0F, 0x00,
    0x00, 0x00, 0x00, 0x00, 0x00, 0x00, 0xA0, 0xFF, 0xFF, 0x0F, 0x00, 0x00, 0x00, 0x00, 0x00, 0x00,
    0x00, 0xA0, 0xFF, 0xFF, 0x0F, 0x00, 0x00, 0x00, 0x00, 0x00, 0x00, 0x00, 0xA0, 0xFF, 0xFF, 0x0F,
    0x00, 0x00, 0x00, 0x00, 0x00, 0x00, 0x00, 0xA0, 0xFF, 0xFF, 0x0F, 0x00, 0x00, 0x00, 0x00, 0x00,
    0x00, 0x00, 0xA0, 0xFF, 0xFF, 0x0F, 0x00, 0x00, 0x00, 0x00, 0x00, 0x00, 0x00, 0xA0, 0xFF, 0xFF,
    0x0F, 0x00, 0x00, 0x00, 0x00, 0x00, 0x00, 0x00, 0xA0, 0xFF, 0xFF, 0x0F, 0x90, 0xFF, 0xFF, 0xBF,
    0x00, 0x00, 0x00, 0xA0, 0xFF, 0xFF, 0x0F, 0x00, 0xFB, 0xFF, 0xFF, 0x0A, 0x00, 0x00, 0xA0, 0xFF,
    0xFF, 0x0F, 0x00, 0xC0, 0xFF, 0xFF, 0x9F, 0x00, 0x00, 0xA0, 0xFF, 0xFF, 0x0F, 0x00, 0x10, 0xFD,
    0xFF, 0xFF, 0x07, 0x00, 0xA0, 0xFF, 0xFF, 0x0F, 0x00, 0x00, 0xE1, 0xFF, 0xFF, 0x6F, 0x00, 0xA0,
    0xFF, 0xFF, 0x0F, 0x00, 0x00, 0x20, 0xFE, 0xFF, 0xFF, 0x05, 0x90, 0xFF, 0xFF, 0x0F, 0x00, 0x00,
    0x00, 0xF3, 0xFF, 0xFF, 0x3F, 0x90, 0xFF, 0xFF, 0x0F, 0x00, 0x00, 0x00, 0x40, 0xFF, 0xFF, 0xEF,
    0x82, 0xFF, 0xFF, 0x0F, 0x00, 0x00, 0x00, 0x00, 0xF6, 0xFF, 0xFF, 0x7C, 0xFF, 0xFF, 0x0F, 0x00,
    0x00, 0x00, 0x00, 0xF2, 0xFF, 0xFF, 0xDF, 0xFF, 0xFF, 0x0F, 0x00, 0x00, 0x00, 0x00, 0xFD, 0xFF,
    0xFF, 0xFF, 0xFF, 0xFF, 0x0F, 0x00, 0x00, 0x00, 0x90, 0xFF, 0xFF, 0xFF, 0xFF, 0xFF, 0xFF, 0x0F,
    0x00, 0x00, 0x00, 0xF5, 0xFF, 0xFF, 0xDE, 0xFF, 0xFF, 0xFF, 0x0F, 0x00, 0x00, 0x10, 0xFE, 0xFF,
    0xFF, 0x13, 0xFB, 0xFF, 0xFF, 0x0F, 0x00, 0x00, 0xC0, 0xFF, 0xFF, 0x8F, 0x00, 0xB0, 0xFF, 0xFF,
    0x0F, 0x00, 0x00, 0xF8, 0xFF, 0xFF, 0x0C, 0x00, 0xA0, 0xFF, 0xFF, 0x0F, 0x00, 0x40, 0xFF, 0xFF,
    0xFF, 0x02, 0x00, 0xA0, 0xFF, 0xFF, 0x0F, 0x00, 0xE1, 0xFF, 0xFF, 0x6F, 0x00, 0x00, 0xA0, 0xFF,
    0xFF, 0x0F, 0x00, 0xFB, 0xFF, 0xFF, 0x0B, 0x00, 0x00, 0xA0, 0xFF, 0xFF, 0x0F, 0x70, 0xFF, 0xFF,
    0xEF, 0x01, 0x00, 0x00, 0xA0, 0xFF, 0xFF, 0x0F, 0xF3, 0xFF, 0xFF, 0x5F, 0x00, 0x00, 0x00, 0xA0,
    0xFF, 0xFF, 0x0F, 0xFA, 0xFF, 0xFF, 0x00, 0xFA, 0xFF, 0xFF, 0x00, 0xFA, 0xFF, 0xFF, 0x00, 0xFA,
    0xFF, 0xFF, 0x00, 0xFA, 0xFF, 0xFF, 0x00, 0xFA, 0xFF, 0xFF, 0x00, 0xFA, 0xFF, 0xFF, 0x00, 0xFA,
    0xFF, 0xFF, 0x00, 0xFA, 0xFF, 0xFF, 0x00, 0xFA, 0xFF, 0xFF, 0x00, 0xFA, 0xFF, 0xFF, 0x00, 0xFA,
    0xFF, 0xFF, 0x00, 0xFA, 0xFF, 0xFF, 0x00, 0xFA, 0xFF, 0xFF, 0x00, 0xFA, 0xFF, 0xFF, 0x00, 0xFA,
    0xFF, 0xFF, 0x00, 0xFA, 0xFF, 0xFF, 0x00, 0xFA, 0xFF, 0xFF, 0x00, 0xFA, 0xFF, 0xFF, 0x00, 0xFA,
    0xFF, 0xFF, 0x00, 0xFA, 0xFF, 0xFF, 0x00, 0xFA, 0xFF, 0xFF, 0x00, 0xFA, 0xFF, 0xFF, 0x00, 0xFA,
    0xFF, 0xFF, 0x00, 0xFA, 0xFF, 0xFF, 0x00, 0xFA, 0xFF, 0xFF, 0x00, 0xFA, 0xFF, 0xFF, 0x00, 0xFA,
    0xFF, 0xFF, 0x00, 0xFA, 0xFF, 0xFF, 0x00, 0x00, 0x10, 0xC8, 0xFF, 0xCF, 0x18, 0x00, 0x00, 0x82,
    0xFC, 0xFF, 0x7C, 0x01, 0x60, 0xFF, 0xFF, 0x00, 0x00, 0xF5, 0xFF, 0xFF, 0xFF, 0xFF, 0x07, 0x70,
    0xFF, 0xFF, 0xFF, 0xFF, 0x5F, 0xA0, 0xFF, 0xFF, 0x00, 0x30, 0xFF, 0xFF, 0xFF, 0xFF, 0xFF, 0x6F,
    0xF5, 0xFF, 0xFF, 0xFF, 0xFF, 0xFF, 0xE4, 0xFF, 0xFF, 0x00, 0xC0, 0xFF, 0xFF, 0xFF, 0xFF, 0xFF,
    0xFF, 0xFF, 0xFF, 0xFF, 0xFF, 0xFF, 0xFF, 0xFF, 0xFF, 0xFF, 0x00, 0xF1, 0xFF, 0xFF, 0xFF, 0x8A,
    0xFA, 0xFF, 0xFF, 0xFF, 0xFF, 0x9E, 0xB8, 0xFF, 0xFF, 0xFF, 0xFF, 0x00, 0xF5, 0xFF, 0xFF, 0x2F,
    0x00, 0x20, 0xFE, 0xFF, 0xFF, 0xEF, 0x01, 0x00, 0xF3, 0xFF, 0xFF, 0xFF, 0x00, 0xF6, 0xFF, 0xFF,
    0x09, 0x00, 0x00, 0xF4, 0xFF, 0xFF, 0x7F, 0x00, 0x00, 0x60, 0xFF, 0xFF, 0xFF, 0x00, 0xF7, 0xFF,
    0xFF, 0x05, 0x00, 0x00, 0xE0, 0xFF, 0xFF, 0x3F, 0x00, 0x00, 0x10, 0xFF, 0xFF, 0xFF, 0x00, 0xF7,
    0xFF, 0xFF, 0x03, 0x00, 0x00, 0xB0, 0xFF, 0xFF, 0x2F, 0x00, 0x00, 0x00, 0xFD, 0xFF, 0xFF, 0x00,
    0xF7, 0xFF, 0xFF, 0x03, 0x00, 0x00, 0x90, 0xFF, 0xFF, 0x1F, 0x00, 0x00, 0x00, 0xFB, 0xFF, 0xFF,
    0x00, 0xF7, 0xFF, 0xFF, 0x03, 0x00, 0x00, 0x80, 0xFF, 0xFF, 0x1F, 0x00, 0x00, 0x00, 0xFA, 0xFF,
    0xFF, 0x00, 0xF7, 0xFF, 0xFF, 0x03, 0x00, 0x00, 0x80, 0xFF, 0xFF, 0x1F, 0x00, 0x00, 0x00, 0xFA,
    0xFF, 0xFF, 0x00, 0xF7, 0xFF, 0xFF, 0x03, 0x00, 0x00, 0x80, 0xFF, 0xFF, 0x1F, 0x00, 0x00, 0x00,
    0xFA, 0xFF, 0xFF, 0x00, 0xF7, 0xFF, 0xFF, 0x03, 0x00, 0x00, 0x80, 0xFF, 0xFF, 0x1F, 0x00, 0x00,
    0x00, 0xFA, 0xFF, 0xFF, 0x00, 0xF7, 0xFF, 0xFF, 0x03, 0x00, 0x00, 0x80, 0xFF, 0xFF, 0x1F, 0x00,
    0x00, 0x00, 0xFA, 0xFF, 0xFF, 0x00, 0xF7, 0xFF, 0xFF, 0x03, 0x00, 0x00, 0x80, 0xFF, 0xFF, 0x1F,
    0x00, 0x00, 0x00, 0xFA, 0xFF, 0xFF, 0x00, 0xF7, 0xFF, 0xFF, 0x03, 0x00, 0x00, 0x80, 0xFF, 0xFF,
    0x1F, 0x00, 0x00, 0x00, 0xFA, 0xFF, 0xFF, 0x00, 0xF7, 0xFF, 0xFF, 0x03, 0x00, 0x00, 0x80, 0xFF,
    0xFF, 0x1F, 0x00, 0x00, 0x00, 0xFA, 0xFF, 0xFF, 0x00, 0xF7, 0xFF, 0xFF, 0x03, 0x00, 0x00, 0x80,
    0xFF, 0xFF, 0x1F, 0x00, 0x00, 0x00, 0xFA, 0xFF, 0xFF, 0x00, 0xF7, 0xFF, 0xFF, 0x03, 0x00, 0x00,
    0x80, 0xFF, 0xFF, 0x1F, 0x00, 0x00, 0x00, 0xFA, 0xFF, 0xFF, 0x00, 0xF7, 0xFF, 0xFF, 0x03, 0x00,
    0x00, 0x80, 0xFF, 0xFF, 0x1F, 0x00, 0x00, 0x00, 0xFA, 0xFF, 0xFF, 0x00, 0x00, 0x00, 0x93, 0xFD,
    0xEF, 0x7B, 0x01, 0x60, 0xFF, 0xFF, 0x00, 0x00, 0xA0, 0xFF, 0xFF, 0xFF, 0xFF, 0x4E, 0xA0, 0xFF,
    0xFF, 0x00, 0x00, 0xFB, 0xFF, 0xFF, 0xFF, 0xFF, 0xFF, 0xE4, 0xFF, 0xFF, 0x00, 0x50, 0xFF, 0xFF,
    0xFF, 0xFF, 0xFF, 0xFF, 0xFF, 0xFF, 0xFF, 0x00, 0xB0, 0xFF, 0xFF, 0xFF, 0x8C, 0xC9, 0xFF, 0xFF,
    0xFF, 0xFF, 0x00, 0xF0, 0xFF, 0xFF, 0x8F, 0x00, 0x00, 0xF4, 0xFF, 0xFF, 0xFF, 0x00, 0xF1, 0xFF,
    0xFF, 0x0E, 0x00, 0x00, 0x70, 0xFF, 0xFF, 0xFF, 0x00, 0xF1, 0xFF, 0xFF, 0x0A, 0x00, 0x00, 0x10,
    0xFF, 0xFF, 0xFF, 0x00, 0xF2, 0xFF, 0xFF, 0x09, 0x00, 0x00, 0x00, 0xFD, 0xFF, 0xFF, 0x00, 0xF2,
    0xFF, 0xFF, 0x08, 0x00, 0x00, 0x00, 0xFB, 0xFF, 0xFF, 0x00, 0xF2, 0xFF, 0xFF, 0x08, 0x00, 0x00,
    0x00, 0xFA, 0xFF, 0xFF, 0x00, 0xF2, 0xFF, 0xFF, 0x08, 0x00, 0x00, 0x00, 0xFA, 0xFF, 0xFF, 0x00,
    0xF2, 0xFF, 0xFF, 0x08, 0x00, 0x00, 0x00, 0xFA, 0xFF, 0xFF, 0x00, 0xF2, 0xFF, 0xFF, 0x08, 0x00,
    0x00, 0x00, 0xFA, 0xFF, 0xFF, 0x00, 0xF2, 0xFF, 0xFF, 0x08, 0x00, 0x00, 0x00, 0xFA, 0xFF, 0xFF,
    0x00, 0xF2, 0xFF, 0xFF, 0x08, 0x00, 0x00, 0x00, 0xFA, 0xFF, 0xFF, 0x00, 0xF2, 0xFF, 0xFF, 0x08,
    0x00, 0x00, 0x00, 0xFA, 0xFF, 0xFF, 0x00, 0xF2, 0xFF, 0xFF, 0x08, 0x00, 0x00, 0x00, 0xFA, 0xFF,
    0xFF, 0x00, 0xF2, 0xFF, 0xFF, 0x08, 0x00, 0x00, 0x00, 0xFA, 0xFF, 0xFF, 0x00, 0xF2, 0xFF, 0xFF,
    0x08, 0x00, 0x00, 0x00, 0xFA, 0xFF, 0xFF, 0x00, 0xF2, 0xFF, 0xFF, 0x08, 0x00, 0x00, 0x00, 0xFA,
    0xFF, 0xFF, 0x00, 0x00, 0x00, 0x10, 0xB6, 0xFE, 0xFF, 0x9C, 0x04, 0x00, 0x00, 0x00, 0x00, 0x00,
    0xF7, 0xFF, 0xFF, 0xFF, 0xFF, 0xCF, 0x03, 0x00, 0x00, 0x00, 0xB0, 0xFF, 0xFF, 0xFF, 0xFF, 0xFF,
    0xFF, 0x5F, 0x00, 0x00, 0x00, 0xFA, 0xFF, 0xFF, 0xFF, 0xFF, 0xFF, 0xFF, 0xFF, 0x04, 0x00, 0x50,
    0xFF, 0xFF, 0xFF, 0xAE, 0xB9, 0xFF, 0xFF, 0xFF, 0x0E, 0x00, 0xD0, 0xFF, 0xFF, 0x8F, 0x00, 0x00,
    0xD2, 0xFF, 0xFF, 0x6F, 0x00, 0xF4, 0xFF, 0xFF, 0x0B, 0x00, 0x00, 0x30, 0xFF, 0xFF, 0xCF, 0x00,
    0xF8, 0xFF, 0xFF, 0x05, 0x00, 0x00, 0x00, 0xFD, 0xFF, 0xFF, 0x00, 0xFB, 0xFF, 0xFF, 0x01, 0x00,
    0x00, 0x00, 0xFA, 0xFF, 0xFF, 0x02, 0xFC, 0xFF, 0xFF, 0x00, 0x00, 0x00, 0x00, 0xF8, 0xFF, 0xFF,
    0x04, 0xFD, 0xFF, 0xFF, 0x00, 0x00, 0x00, 0x00, 0xF7, 0xFF, 0xFF, 0x04, 0xFC, 0xFF, 0xFF, 0x00,
    0x00, 0x00, 0x00, 0xF8, 0xFF, 0xFF, 0x04, 0xFB, 0xFF, 0xFF, 0x01, 0x00, 0x00, 0x00, 0xFA, 0xFF,
    0xFF, 0x02, 0xF8, 0xFF, 0xFF, 0x05, 0x00, 0x00, 0x00, 0xFD, 0xFF, 0xFF, 0x00, 0xF4, 0xFF, 0xFF,
    0x0B, 0x00, 0x00, 0x40, 0xFF, 0xFF, 0xBF, 0x00, 0xE0, 0xFF, 0xFF, 0x7F, 0x00, 0x00, 0xE2, 0xFF,
    0xFF, 0x5F, 0x00, 0x60, 0xFF, 0xFF, 0xFF, 0x9D, 0xB9, 0xFF, 0xFF, 0xFF, 0x0D, 0x00, 0x00, 0xFB,
    0xFF, 0xFF, 0xFF, 0xFF, 0xFF, 0xFF, 0xFF, 0x02, 0x00, 0x00, 0xC1, 0xFF, 0xFF, 0xFF, 0xFF, 0xFF,
    0xFF, 0x4F, 0x00, 0x00, 0x00, 0x00, 0xF8, 0xFF, 0xFF, 0xFF, 0xFF, 0xCF, 0x02, 0x00, 0x00, 0x00,
    0x00, 0x10, 0xB7, 0xFE, 0xEF, 0x9C, 0x03, 0x00, 0x00, 0x00, 0x00, 0x00, 0x60, 0xEB, 0xEF, 0x6C,
    0x00, 0xB0, 0xFF, 0xFF, 0x00, 0x00, 0x20, 0xFD, 0xFF, 0xFF, 0xFF, 0x1D, 0xF0, 0xFF, 0xFF, 0x00,
    0x00, 0xE1, 0xFF, 0xFF, 0xFF, 0xFF, 0xDF, 0xF4, 0xFF, 0xFF, 0x00, 0x00, 0xFC, 0xFF, 0xFF, 0xFF,
    0xFF, 0xFF, 0xFF, 0xFF, 0xFF, 0x00, 0x40, 0xFF, 0xFF, 0xFF, 0x9E, 0xA8, 0xFF, 0xFF, 0xFF, 0xFF,
    0x00, 0xA0, 0xFF, 0xFF, 0xCF, 0x00, 0x00, 0xD1, 0xFF, 0xFF, 0xFF, 0x00, 0xE0, 0xFF, 0xFF, 0x2F,
    0x00, 0x00, 0x30, 0xFF, 0xFF, 0xFF, 0x00, 0xF2, 0xFF, 0xFF, 0x0C, 0x00, 0x00, 0x00, 0xFE, 0xFF,
    0xFF, 0x00, 0xF3, 0xFF, 0xFF, 0x09, 0x00, 0x00, 0x00, 0xFB, 0xFF, 0xFF, 0x00, 0xF5, 0xFF, 0xFF,
    0x07, 0x00, 0x00, 0x00, 0xFA, 0xFF, 0xFF, 0x00, 0xF5, 0xFF, 0xFF, 0x07, 0x00, 0x00, 0x00, 0xFA,
    0xFF, 0xFF, 0x00, 0xF5, 0xFF, 0xFF, 0x07, 0x00, 0x00, 0x00, 0xFA, 0xFF, 0xFF, 0x00, 0xF3, 0xFF,
    0xFF, 0x09, 0x00, 0x00, 0x00, 0xFC, 0xFF, 0xFF, 0x00, 0xF1, 0xFF, 0xFF, 0x0D, 0x00, 0x00, 0x00,
    0xFF, 0xFF, 0xFF, 0x00, 0xE0, 0xFF, 0xFF, 0x3F, 0x00, 0x00, 0x50, 0xFF, 0xFF, 0xFF, 0x00, 0x90,
    0xFF, 0xFF, 0xDF, 0x01, 0x00, 0xE3, 0xFF, 0xFF, 0xFF, 0x00, 0x30, 0xFF, 0xFF, 0xFF, 0xAF, 0xC9,
    0xFF, 0xFF, 0xFF, 0xFF, 0x00, 0x00, 0xFA, 0xFF, 0xFF, 0xFF, 0xFF, 0xFF, 0xFF, 0xFF, 0xFF, 0x00,
    0x00, 0xD1, 0xFF, 0xFF, 0xFF, 0xFF, 0xFF, 0xFA, 0xFF, 0xFF, 0x00, 0x00, 0x10, 0xFC, 0xFF, 0xFF,
    0xFF, 0x4E, 0xF8, 0xFF, 0xFF, 0x00, 0x00, 0x00, 0x50, 0xEB, 0xFF, 0x8C, 0x01, 0xF9, 0xFF, 0xFF,
    0x00, 0x00, 0x00, 0x00, 0x00, 0x00, 0x00, 0x00, 0xFA, 0xFF, 0xFF, 0x00, 0x00, 0x00, 0x00, 0x00,
    0x00, 0x00, 0x00, 0xFA, 0xFF, 0xFF, 0x00, 0x00, 0x00, 0x00, 0x00, 0x00, 0x00, 0x00, 0xFA, 0xFF,
    0xFF, 0x00, 0x00, 0x00, 0x00, 0x00, 0x00, 0x00, 0x00, 0xFA, 0xFF, 0xFF, 0x00, 0x00, 0x00, 0x00,
    0x00, 0x00, 0x00, 0x00, 0xFA, 0xFF, 0xFF, 0x00, 0x00, 0x00, 0x00, 0x00, 0x00, 0x00, 0x00, 0xFA,
    0xFF, 0xFF, 0x00, 0x00, 0x00, 0x00, 0x00, 0x00, 0x00, 0x00, 0xFA, 0xFF, 0xFF, 0x00, 0x00, 0x00,
    0x00, 0x00, 0x00, 0x00, 0x00, 0xFA, 0xFF, 0xFF, 0x00, 0x00, 0x00, 0x00, 0x00, 0x00, 0x00, 0x00,
    0xFA, 0xFF, 0xFF, 0x00, 0xF1, 0xFF, 0xCF, 0x00, 0x81, 0xFD, 0xEF, 0x5B, 0x00, 0x00, 0x00, 0xF1,
    0xFF, 0xFF, 0x40, 0xFE, 0xFF, 0xFF, 0xFF, 0x1C, 0x00, 0x00, 0xF1, 0xFF, 0xFF, 0xF5, 0xFF, 0xFF,
    0xFF, 0xFF, 0xDF, 0x01, 0x00, 0xF1, 0xFF, 0xFF, 0xFF, 0xFF, 0xFF, 0xFF, 0xFF, 0xFF, 0x0A, 0x00,
    0xF1, 0xFF, 0xFF, 0xFF, 0xBF, 0xB9, 0xFF, 0xFF, 0xFF, 0x2F, 0x00, 0xF1, 0xFF, 0xFF, 0xAF, 0x00,
    0x00, 0xE2, 0xFF, 0xFF, 0x9F, 0x00, 0xF1, 0xFF, 0xFF, 0x0E, 0x00, 0x00, 0x40, 0xFF, 0xFF, 0xDF,
    0x00, 0xF1, 0xFF, 0xFF, 0x08, 0x00, 0x00, 0x00, 0xFD, 0xFF, 0xFF, 0x01, 0xF1, 0xFF, 0xFF, 0x05,
    0x00, 0x00, 0x00, 0xFA, 0xFF, 0xFF, 0x03, 0xF1, 0xFF, 0xFF, 0x03, 0x00, 0x00, 0x00, 0xF8, 0xFF,
    0xFF, 0x04, 0xF1, 0xFF, 0xFF, 0x03, 0x00, 0x00, 0x00, 0xF7, 0xFF, 0xFF, 0x04, 0xF1, 0xFF, 0xFF,
    0x03, 0x00, 0x00, 0x00, 0xF8, 0xFF, 0xFF, 0x04, 0xF1, 0xFF, 0xFF, 0x04, 0x00, 0x00, 0x00, 0xF9,
    0xFF, 0xFF, 0x03, 0xF1, 0xFF, 0xFF, 0x07, 0x00, 0x00, 0x00, 0xFD, 0xFF, 0xFF, 0x01, 0xF1, 0xFF,
    0xFF, 0x0C, 0x00, 0x00, 0x20, 0xFF, 0xFF, 0xEF, 0x00, 0xF1, 0xFF, 0xFF, 0x7F, 0x00, 0x00, 0xC1,
    0xFF, 0xFF, 0x9F, 0x00, 0xF1, 0xFF, 0xFF, 0xFF, 0x8C, 0x97, 0xFE, 0xFF, 0xFF, 0x3F, 0x00, 0xF1,
    0xFF, 0xFF, 0xFF, 0xFF, 0xFF, 0xFF, 0xFF, 0xFF, 0x0B, 0x00, 0xF1, 0xFF, 0xFF, 0xE8, 0xFF, 0xFF,
    0xFF, 0xFF, 0xEF, 0x01, 0x00, 0xF1, 0xFF, 0xFF, 0x28, 0xFD, 0xFF, 0xFF, 0xFF, 0x2D, 0x00, 0x00,
    0xF1, 0xFF, 0xFF, 0x08, 0x70, 0xFC, 0xEF, 0x6B, 0x00, 0x00, 0x00, 0xF1, 0xFF, 0xFF, 0x09, 0x00,
    0x00, 0x00, 0x00, 0x00, 0x00, 0x00, 0xF1, 0xFF, 0xFF, 0x09, 0x00, 0x00, 0x00, 0x00, 0x00, 0x00,
    0x00, 0xF1, 0xFF, 0xFF, 0x09, 0x00, 0x00, 0x00, 0x00, 0x00, 0x00, 0x00, 0xF1, 0xFF, 0xFF, 0x09,
    0x00, 0x00, 0x00, 0x00, 0x00, 0x00, 0x00, 0xF1, 0xFF, 0xFF, 0x09, 0x00, 0x00, 0x00, 0x00, 0x00,
    0x00, 0x00, 0xF1, 0xFF, 0xFF, 0x09, 0x00, 0x00, 0x00, 0x00, 0x00, 0x00, 0x00, 0xF1, 0xFF, 0xFF,
    0x09, 0x00, 0x00, 0x00, 0x00, 0x00, 0x00, 0x00, 0xF1, 0xFF, 0xFF, 0x09, 0x00, 0x00, 0x00, 0x00,
    0x00, 0x00, 0x00, 0xF1, 0xFF, 0xFF, 0x09, 0x00, 0x00, 0x00, 0x00, 0x00, 0x00, 0x00, 0xF5, 0xEF,
    0x3A, 0x00, 0x50, 0xFF, 0xFF, 0x00, 0xF5, 0xFF, 0xFF, 0x08, 0x90, 0xFF, 0xFF, 0x00, 0xF4, 0xFF,
    0xFF, 0x9F, 0xC0, 0xFF, 0xFF, 0x00, 0xF3, 0xFF, 0xFF, 0xFF, 0xF6, 0xFF, 0xFF, 0x00, 0xF1, 0xFF,
    0xFF, 0xFF, 0xFF, 0xFF, 0xFF, 0x00, 0x60, 0x54, 0xD8, 0xFF, 0xFF, 0xFF, 0xFF, 0x00, 0x00, 0x00,
    0x00, 0xF6, 0xFF, 0xFF, 0xFF, 0x00, 0x00, 0x00, 0x00, 0x70, 0xFF, 0xFF, 0xFF, 0x00, 0x00, 0x00,
    0x00, 0x00, 0xFE, 0xFF, 0xFF, 0x00, 0x00, 0x00, 0x00, 0x00, 0xFB, 0xFF, 0xFF, 0x00, 0x00, 0x00,
    0x00, 0x00, 0xFA, 0xFF, 0xFF, 0x00, 0x00, 0x00, 0x00, 0x00, 0xFA, 0xFF, 0xFF, 0x00, 0x00, 0x00,
    0x00, 0x00, 0xFA, 0xFF, 0xFF, 0x00, 0x00, 0x00, 0x00, 0x00, 0xFA, 0xFF, 0xFF, 0x00, 0x00, 0x00,
    0x00, 0x00, 0xFA, 0xFF, 0xFF, 0x00, 0x00, 0x00, 0x00, 0x00, 0xFA, 0xFF, 0xFF, 0x00, 0x00, 0x00,
    0x00, 0x00, 0xFA, 0xFF, 0xFF, 0x00, 0x00, 0x00, 0x00, 0x00, 0xFA, 0xFF, 0xFF, 0x00, 0x00, 0x00,
    0x00, 0x00, 0xFA, 0xFF, 0xFF, 0x00, 0x00, 0x00, 0x00, 0x00, 0xFA, 0xFF, 0xFF, 0x00, 0x00, 0x00,
    0x00, 0x00, 0xFA, 0xFF, 0xFF, 0x00, 0x00, 0x61, 0xCA, 0xFE, 0xFF, 0x9D, 0x05, 0x00, 0x00, 0xA1,
    0xFF, 0xFF, 0xFF, 0xFF, 0xFF, 0xDF, 0x04, 0x00, 0xD0, 0xFF, 0xFF, 0xFF, 0xFF, 0xFF, 0xFF, 0x4F,
    0x00, 0x70, 0xFF, 0xFF, 0xFF, 0xFF, 0xFF, 0xFF, 0xDF, 0x00, 0x10, 0xFF, 0x9E, 0x35, 0x53, 0xFD,
    0xFF, 0xFF, 0x02, 0x00, 0x46, 0x00, 0x00, 0x00, 0xF5, 0xFF, 0xFF, 0x04, 0x00, 0x00, 0x00, 0x00,
    0x10, 0xFC, 0xFF, 0xFF, 0x03, 0x00, 0x00, 0x00, 0x20, 0xF9, 0xFF, 0xFF, 0xFF, 0x01, 0x00, 0x00,
    0x50, 0xFC, 0xFF, 0xFF, 0xFF, 0xAF, 0x00, 0x00, 0x50, 0xFD, 0xFF, 0xFF, 0xFF, 0xFF, 0x1D, 0x00,
    0x00, 0xFA, 0xFF, 0xFF, 0xFF, 0xFF, 0x9F, 0x01, 0x00, 0x90, 0xFF, 0xFF, 0xFF, 0xFF, 0xAF, 0x02,
    0x00, 0x00, 0xF1, 0xFF, 0xFF, 0xFF, 0x8E, 0x01, 0x00, 0x00, 0x00, 0xF5, 0xFF, 0xFF, 0x7F, 0x00,
    0x00, 0x00, 0x00, 0x00, 0xF6, 0xFF, 0xFF, 0x05, 0x00, 0x00, 0x00, 0x00, 0x00, 0xF6, 0xFF, 0xFF,
    0x03, 0x00, 0x00, 0x00, 0x93, 0x03, 0xF2, 0xFF, 0xFF, 0x5D, 0x22, 0x63, 0xE9, 0xFF, 0x04, 0xC0,
    0xFF, 0xFF, 0xFF, 0xFF, 0xFF, 0xFF, 0xFF, 0x04, 0x20, 0xFF, 0xFF, 0xFF, 0xFF, 0xFF, 0xFF, 0xFF,
    0x04, 0x00, 0xC2, 0xFF, 0xFF, 0xFF, 0xFF, 0xFF, 0xFF, 0x03, 0x00, 0x00, 0x83, 0xEC, 0xFF, 0xEF,
    0xAD, 0x16, 0x00, 0x00, 0x00, 0x00, 0xF3, 0xFF, 0x09, 0x00, 0x00, 0x00, 0x00, 0x00, 0xF3, 0xFF,
    0x0F, 0x00, 0x00, 0x00, 0x00, 0x00, 0xF3, 0xFF, 0x6F, 0x00, 0x00, 0x00, 0x00, 0x00, 0xF3, 0xFF,
    0xDF, 0x00, 0x00, 0xF0, 0xFF, 0xFF, 0xFF, 0xFF, 0xFF, 0x2B, 0x00, 0xF0, 0xFF, 0xFF, 0xFF, 0xFF,
    0xFF, 0xFF, 0x08, 0xF0, 0xFF, 0xFF, 0xFF, 0xFF, 0xFF, 0xFF, 0x2F, 0xF0, 0xFF, 0xFF, 0xFF, 0xFF,
    0xFF, 0xFF, 0x2F, 0x40, 0x44, 0x44, 0xF6, 0xFF, 0xFF, 0x49, 0x04, 0x00, 0x00, 0x00, 0xF3, 0xFF,
    0xFF, 0x06, 0x00, 0x00, 0x00, 0x00, 0xF3, 0xFF, 0xFF, 0x06, 0x00, 0x00, 0x00, 0x00, 0xF3, 0xFF,
    0xFF, 0x06, 0x00, 0x00, 0x00, 0x00, 0xF3, 0xFF, 0xFF, 0x06, 0x00, 0x00, 0x00, 0x00, 0xF3, 0xFF,
    0xFF, 0x06, 0x00, 0x00, 0x00, 0x00, 0xF3, 0xFF, 0xFF, 0x06, 0x00, 0x00, 0x00, 0x00, 0xF3, 0xFF,
    0xFF, 0x06, 0x00, 0x00, 0x00, 0x00, 0xF3, 0xFF, 0xFF, 0x06, 0x00, 0x00, 0x00, 0x00, 0xF3, 0xFF,
    0xFF, 0x06, 0x00, 0x00, 0x00, 0x00, 0xF4, 0xFF, 0xFF, 0x06, 0x00, 0x00, 0x00, 0x00, 0xF9, 0xFF,
    0xFF, 0x05, 0x00, 0xE4, 0x8B, 0xC8, 0xFF, 0xFF, 0xFF, 0x03, 0x00, 0xF4, 0xFF, 0xFF, 0xFF, 0xFF,
    0xEF, 0x00, 0x00, 0xF4, 0xFF, 0xFF, 0xFF, 0xFF, 0x7F, 0x00, 0x00, 0xF4, 0xFF, 0xFF, 0xFF, 0xFF,
    0x09, 0x00, 0x00, 0x50, 0xD9, 0xFF, 0xDF, 0x4A, 0x00, 0x00, 0x00, 0xFF, 0xFF, 0xAF, 0x00, 0x00,
    0x00, 0x80, 0xFF, 0xFF, 0x2F, 0xFF, 0xFF, 0xAF, 0x00, 0x00, 0x00, 0x80, 0xFF, 0xFF, 0x2F, 0xFF,
    0xFF, 0xAF, 0x00, 0x00, 0x00, 0x80, 0xFF, 0xFF, 0x2F, 0xFF, 0xFF, 0xAF, 0x00, 0x00, 0x00, 0x80,
    0xFF, 0xFF, 0x2F, 0xFF, 0xFF, 0xAF, 0x00, 0x00, 0x00, 0x80, 0xFF, 0xFF, 0x2F, 0xFF, 0xFF, 0xAF,
    0x00, 0x00, 0x00, 0x80, 0xFF, 0xFF, 0x2F, 0xFF, 0xFF, 0xAF, 0x00, 0x00, 0x00, 0x80, 0xFF, 0xFF,
    0x2F, 0xFF, 0xFF, 0xAF, 0x00, 0x00, 0x00, 0x80, 0xFF, 0xFF, 0x2F, 0xFF, 0xFF, 0xAF, 0x00, 0x00,
    0x00, 0x80, 0xFF, 0xFF, 0x2F, 0xFF, 0xFF, 0xAF, 0x00, 0x00, 0x00, 0x80, 0xFF, 0xFF, 0x2F, 0xFF,
    0xFF, 0xAF, 0x00, 0x00, 0x00, 0x80, 0xFF, 0xFF, 0x2F, 0xFF, 0xFF, 0xBF, 0x00, 0x00, 0x00, 0x80,
    0xFF, 0xFF, 0x2F, 0xFF, 0xFF, 0xDF, 0x00, 0x00, 0x00, 0x80, 0xFF, 0xFF, 0x2F, 0xFF, 0xFF, 0xFF,
    0x01, 0x00, 0x00, 0xA0, 0xFF, 0xFF, 0x2F, 0xFF, 0xFF, 0xFF, 0x07, 0x00, 0x00, 0xE0, 0xFF, 0xFF,
    0x1F, 0xFF, 0xFF, 0xFF, 0x4F, 0x00, 0x00, 0xF7, 0xFF, 0xFF, 0x0F, 0xFF, 0xFF, 0xFF, 0xFF, 0x9C,
    0xC8, 0xFF, 0xFF, 0xFF, 0x0B, 0xFF, 0xFF, 0xFF, 0xFF, 0xFF, 0xFF, 0xFF, 0xFF, 0xFF, 0x05, 0xFF,
    0xFF, 0x4F, 0xFF, 0xFF, 0xFF, 0xFF, 0xFF, 0xBF, 0x00, 0xFF, 0xFF, 0x0B, 0xE4, 0xFF, 0xFF, 0xFF,
    0xFF, 0x0B, 0x00, 0xFF, 0xFF, 0x07, 0x00, 0xB6, 0xFE, 0xDF, 0x4A, 0x00, 0x00, 0xF6, 0xFF, 0xFF,
    0x07, 0x00, 0x00, 0x00, 0x10, 0xFF, 0xFF, 0xDF, 0xF1, 0xFF, 0xFF, 0x0C, 0x00, 0x00, 0x00, 0x60,
    0xFF, 0xFF, 0x7F, 0xA0, 0xFF, 0xFF, 0x2F, 0x00, 0x00, 0x00, 0xC0, 0xFF, 0xFF, 0x1F, 0x40, 0xFF,
    0xFF, 0x7F, 0x00, 0x00, 0x00, 0xF1, 0xFF, 0xFF, 0x0A, 0x00, 0xFE, 0xFF, 0xCF, 0x00, 0x00, 0x00,
    0xF6, 0xFF, 0xFF, 0x05, 0x00, 0xF8, 0xFF, 0xFF, 0x02, 0x00, 0x00, 0xFC, 0xFF, 0xEF, 0x00, 0x00,
    0xF2, 0xFF, 0xFF, 0x07, 0x00, 0x10, 0xFF, 0xFF, 0x8F, 0x00, 0x00, 0xC0, 0xFF, 0xFF, 0x0C, 0x00,
    0x60, 0xFF, 0xFF, 0x2F, 0x00, 0x00, 0x60, 0xFF, 0xFF, 0x2F, 0x00, 0xC0, 0xFF, 0xFF, 0x0C, 0x00,
    0x00, 0x10, 0xFF, 0xFF, 0x7F, 0x00, 0xF1, 0xFF, 0xFF, 0x06, 0x00, 0x00, 0x00, 0xFA, 0xFF, 0xCF,
    0x00, 0xF6, 0xFF, 0xFF, 0x01, 0x00, 0x00, 0x00, 0xF4, 0xFF, 0xFF, 0x02, 0xFC, 0xFF, 0xAF, 0x00,
    0x00, 0x00, 0x00, 0xE0, 0xFF, 0xFF, 0x17, 0xFF, 0xFF, 0x4F, 0x00, 0x00, 0x00, 0x00, 0x80, 0xFF,
    0xFF, 0x5B, 0xFF, 0xFF, 0x0E, 0x00, 0x00, 0x00, 0x00, 0x20, 0xFF, 0xFF, 0x8E, 0xFF, 0xFF, 0x08,
    0x00, 0x00, 0x00, 0x00, 0x00, 0xFC, 0xFF, 0xBF, 0xFF, 0xFF, 0x02, 0x00, 0x00, 0x00, 0x00, 0x00,
    0xF6, 0xFF, 0xFF, 0xFF, 0xCF, 0x00, 0x00, 0x00, 0x00, 0x00, 0x00, 0xF1, 0xFF, 0xFF, 0xFF, 0x6F,
    0x00, 0x00, 0x00, 0x00, 0x00, 0x00, 0xA0, 0xFF, 0xFF, 0xFF, 0x1F, 0x00, 0x00, 0x00, 0x00, 0x00,
    0x00, 0x40, 0xFF, 0xFF, 0xFF, 0x0A, 0x00, 0x00, 0x00, 0x00, 0x00, 0x00, 0x00, 0xFE, 0xFF, 0xFF,
    0x04, 0x00, 0x00, 0x00, 0xF0, 0xFF, 0xFF, 0x08, 0x00, 0x00, 0x80, 0xFF, 0xFF, 0xEF, 0x00, 0x00,
    0x00, 0xF2, 0xFF, 0xFF, 0x07, 0xB0, 0xFF, 0xFF, 0x0C, 0x00, 0x00, 0xC0, 0xFF, 0xFF, 0xFF, 0x03,
    0x00, 0x00, 0xF6, 0xFF, 0xFF, 0x03, 0x70, 0xFF, 0xFF, 0x1F, 0x00, 0x00, 0xF0, 0xFF, 0xFF, 0xFF,
    0x07, 0x00, 0x00, 0xFA, 0xFF, 0xEF, 0x00, 0x20, 0xFF, 0xFF, 0x5F, 0x00, 0x00, 0xF4, 0xFF, 0xFF,
    0xFF, 0x0B, 0x00, 0x00, 0xFE, 0xFF, 0xAF, 0x00, 0x00, 0xFE, 0xFF, 0x9F, 0x00, 0x00, 0xF8, 0xFF,
    0xFD, 0xFF, 0x0F, 0x00, 0x20, 0xFF, 0xFF, 0x5F, 0x00, 0x00, 0xF9, 0xFF, 0xDF, 0x00, 0x00, 0xFC,
    0xFF, 0xE6, 0xFF, 0x3F, 0x00, 0x60, 0xFF, 0xFF, 0x1F, 0x00, 0x00, 0xF5, 0xFF, 0xFF, 0x02, 0x00,
    0xFF, 0xFF, 0xA3, 0xFF, 0x7F, 0x00, 0xB0, 0xFF, 0xFF, 0x0C, 0x00, 0x00, 0xF0, 0xFF, 0xFF, 0x06,
    0x30, 0xFF, 0xFF, 0x70, 0xFF, 0xBF, 0x00, 0xE0, 0xFF, 0xFF, 0x08, 0x00, 0x00, 0xB0, 0xFF, 0xFF,
    0x0A, 0x70, 0xFF, 0xBF, 0x30, 0xFF, 0xFF, 0x00, 0xF3, 0xFF, 0xFF, 0x03, 0x00, 0x00, 0x70, 0xFF,
    0xFF, 0x0E, 0xB0, 0xFF, 0x8F, 0x00, 0xFF, 0xFF, 0x03, 0xF7, 0xFF, 0xFF, 0x00, 0x00, 0x00, 0x20,
    0xFF, 0xFF, 0x2F, 0xF0, 0xFF, 0x4F, 0x00, 0xFC, 0xFF, 0x07, 0xFA, 0xFF, 0xAF, 0x00, 0x00, 0x00,
    0x00, 0xFE, 0xFF, 0x5F, 0xF2, 0xFF, 0x0F, 0x00, 0xF8, 0xFF, 0x0A, 0xFD, 0xFF, 0x6F, 0x00, 0x00,
    0x00, 0x00, 0xF9, 0xFF, 0x8F, 0xF5, 0xFF, 0x0D, 0x00, 0xF4, 0xFF, 0x0D, 0xFF, 0xFF, 0x1F, 0x00,
    0x00, 0x00, 0x00, 0xF5, 0xFF, 0xBF, 0xF7, 0xFF, 0x09, 0x00, 0xF1, 0xFF, 0x2F, 0xFF, 0xFF, 0x0D,
    0x00, 0x00, 0x00, 0x00, 0xF0, 0xFF, 0xDF, 0xFA, 0xFF, 0x06, 0x00, 0xD0, 0xFF, 0x6F, 0xFF, 0xFF,
    0x08, 0x00, 0x00, 0x00, 0x00, 0xC0, 0xFF, 0xFF, 0xFB, 0xFF, 0x02, 0x00, 0x90, 0xFF, 0xBF, 0xFF,
    0xFF, 0x04, 0x00, 0x00, 0x00, 0x00, 0x70, 0xFF, 0xFF, 0xFF, 0xFF, 0x00, 0x00, 0x60, 0xFF, 0xFF,
    0xFF, 0xFF, 0x00, 0x00, 0x00, 0x00, 0x00, 0x20, 0xFF, 0xFF, 0xFF, 0xBF, 0x00, 0x00, 0x20, 0xFF,
    0xFF, 0xFF, 0xBF, 0x00, 0x00, 0x00, 0x00, 0x00, 0x00, 0xFE, 0xFF, 0xFF, 0x8F, 0x00, 0x00, 0x00,
    0xFE, 0xFF, 0xFF, 0x7F, 0x00, 0x00, 0x00, 0x00, 0x00, 0x00, 0xF9, 0xFF, 0xFF, 0x5F, 0x00, 0x00,
    0x00, 0xFB, 0xFF, 0xFF, 0x2F, 0x00, 0x00, 0x00, 0x00, 0x00, 0x00, 0xF5, 0xFF, 0xFF, 0x1F, 0x00,
    0x00, 0x00, 0xF7, 0xFF, 0xFF, 0x0E, 0x00, 0x00, 0x00, 0xF2, 0xFF, 0xFF, 0x4F, 0x00, 0x00, 0x00,
    0xF4, 0xFF, 0xFF, 0x2F, 0x70, 0xFF, 0xFF, 0xDF, 0x00, 0x00, 0x00, 0xFD, 0xFF, 0xFF, 0x07, 0x00,
    0xFC, 0xFF, 0xFF, 0x07, 0x00, 0x70, 0xFF, 0xFF, 0xDF, 0x00, 0x00, 0xF3, 0xFF, 0xFF, 0x1F, 0x00,
    0xF1, 0xFF, 0xFF, 0x3F, 0x00, 0x00, 0x80, 0xFF, 0xFF, 0xBF, 0x00, 0xFA, 0xFF, 0xFF, 0x08, 0x00,
    0x00, 0x00, 0xFD, 0xFF, 0xFF, 0x44, 0xFF, 0xFF, 0xDF, 0x00, 0x00, 0x00, 0x00, 0xF3, 0xFF, 0xFF,
    0xDD, 0xFF, 0xFF, 0x3F, 0x00, 0x00, 0x00, 0x00, 0x80, 0xFF, 0xFF, 0xFF, 0xFF, 0xFF, 0x09, 0x00,
    0x00, 0x00, 0x00, 0x00, 0xFD, 0xFF, 0xFF, 0xFF, 0xEF, 0x00, 0x00, 0x00, 0x00, 0x00, 0x00, 0xF3,
    0xFF, 0xFF, 0xFF, 0x4F, 0x00, 0x00, 0x00, 0x00, 0x00, 0x00, 0xE0, 0xFF, 0xFF, 0xFF, 0x0E, 0x00,
    0x00, 0x00, 0x00, 0x00, 0x00, 0xF8, 0xFF, 0xFF, 0xFF, 0x9F, 0x00, 0x00, 0x00, 0x00, 0x00, 0x30,
    0xFF, 0xFF, 0xFF, 0xFF, 0xFF, 0x03, 0x00, 0x00, 0x00, 0x00, 0xD0, 0xFF, 0xFF, 0xFF, 0xFF, 0xFF,
    0x0D, 0x00, 0x00, 0x00, 0x00, 0xF8, 0xFF, 0xFF, 0x99, 0xFF, 0xFF, 0x8F, 0x00, 0x00, 0x00, 0x20,
    0xFF, 0xFF, 0xEF, 0x01, 0xFE, 0xFF, 0xFF, 0x03, 0x00, 0x00, 0xC0, 0xFF, 0xFF, 0x6F, 0x00, 0xF5,
    0xFF, 0xFF, 0x0D, 0x00, 0x00, 0xF7, 0xFF, 0xFF, 0x0C, 0x00, 0xB0, 0xFF, 0xFF, 0x8F, 0x00, 0x20,
    0xFF, 0xFF, 0xFF, 0x03, 0x00, 0x20, 0xFF, 0xFF, 0xFF, 0x03, 0xC0, 0xFF, 0xFF, 0x9F, 0x00, 0x00,
    0x00, 0xF8, 0xFF, 0xFF, 0x0C, 0xF7, 0xFF, 0xFF, 0x0E, 0x00, 0x00, 0x00, 0xE0, 0xFF, 0xFF, 0x7F,
    0xF6, 0xFF, 0xFF, 0x09, 0x00, 0x00, 0x00, 0x50, 0xFF, 0xFF, 0xCF, 0xF1, 0xFF, 0xFF, 0x0E, 0x00,
    0x00, 0x00, 0xB0, 0xFF, 0xFF, 0x6F, 0xA0, 0xFF, 0xFF, 0x4F, 0x00, 0x00, 0x00, 0xF1, 0xFF, 0xFF,
    0x0F, 0x40, 0xFF, 0xFF, 0x9F, 0x00, 0x00, 0x00, 0xF5, 0xFF, 0xFF, 0x09, 0x00, 0xFE, 0xFF, 0xEF,
    0x00, 0x00, 0x00, 0xFB, 0xFF, 0xFF, 0x03, 0x00, 0xF9, 0xFF, 0xFF, 0x04, 0x00, 0x10, 0xFF, 0xFF,
    0xCF, 0x00, 0x00, 0xF3, 0xFF, 0xFF, 0x09, 0x00, 0x50, 0xFF, 0xFF, 0x6F, 0x00, 0x00, 0xD0, 0xFF,
    0xFF, 0x0E, 0x00, 0xB0, 0xFF, 0xFF, 0x0F, 0x00, 0x00, 0x70, 0xFF, 0xFF, 0x3F, 0x00, 0xF1, 0xFF,
    0xFF, 0x09, 0x00, 0x00, 0x10, 0xFF, 0xFF, 0x9F, 0x00, 0xF5, 0xFF, 0xFF, 0x03, 0x00, 0x00, 0x00,
    0xFB, 0xFF, 0xEF, 0x00, 0xFB, 0xFF, 0xDF, 0x00, 0x00, 0x00, 0x00, 0xF5, 0xFF, 0xFF, 0x13, 0xFF,
    0xFF, 0x6F, 0x00, 0x00, 0x00, 0x00, 0xE0, 0xFF, 0xFF, 0x58, 0xFF, 0xFF, 0x1F, 0x00, 0x00, 0x00,
    0x00, 0x90, 0xFF, 0xFF, 0x8C, 0xFF, 0xFF, 0x0A, 0x00, 0x00, 0x00, 0x00, 0x30, 0xFF, 0xFF, 0xBF,
    0xFF, 0xFF, 0x03, 0x00, 0x00, 0x00, 0x00, 0x00, 0xFD, 0xFF, 0xFF, 0xFF, 0xDF, 0x00, 0x00, 0x00,
    0x00, 0x00, 0x00, 0xF7, 0xFF, 0xFF, 0xFF, 0x6F, 0x00, 0x00, 0x00, 0x00, 0x00, 0x00, 0xF1, 0xFF,
    0xFF, 0xFF, 0x1F, 0x00, 0x00, 0x00, 0x00, 0x00, 0x00, 0xB0, 0xFF, 0xFF, 0xFF, 0x0A, 0x00, 0x00,
    0x00, 0x00, 0x00, 0x00, 0x50, 0xFF, 0xFF, 0xFF, 0x03, 0x00, 0x00, 0x00, 0x00, 0x00, 0x00, 0x00,
    0xFF, 0xFF, 0xEF, 0x00, 0x00, 0x00, 0x00, 0x00, 0x00, 0x00, 0x00, 0xF9, 0xFF, 0xFF, 0x00, 0x00,
    0x00, 0x00, 0x00, 0x00, 0x00, 0x00, 0xF3, 0xFF, 0xFF, 0x06, 0x00, 0x00, 0x00, 0x00, 0x00, 0x00,
    0x00, 0xD0, 0xFF, 0xFF, 0x1E, 0x00, 0x00, 0x00, 0x00, 0x00, 0x00, 0x00, 0x60, 0xFF, 0xFF, 0xCF,
    0x01, 0x00, 0x00, 0x00, 0x00, 0x00, 0x00, 0x00, 0xFD, 0xFF, 0xFF, 0xAF, 0x99, 0x08, 0x00, 0x00,
    0x00, 0x00, 0x00, 0xF4, 0xFF, 0xFF, 0xFF, 0xFF, 0x0B, 0x00, 0x00, 0x00, 0x00, 0x00, 0x60, 0xFF,
    0xFF, 0xFF, 0xFF, 0x0B, 0x00, 0x00, 0x00, 0x00, 0x00, 0x00, 0xE4, 0xFF, 0xFF, 0xFF, 0x0B, 0x00,
    0x00, 0x00, 0x00, 0x00, 0x00, 0x00, 0xB6, 0xFE, 0xEF, 0x08, 0xF1, 0xFF, 0xFF, 0xFF, 0xFF, 0xFF,
    0xFF, 0xFF, 0x06, 0xF1, 0xFF, 0xFF, 0xFF, 0xFF, 0xFF, 0xFF, 0xFF, 0x06, 0xF1, 0xFF, 0xFF, 0xFF,
    0xFF, 0xFF, 0xFF, 0xFF, 0x06, 0xF0, 0xFF, 0xFF, 0xFF, 0xFF, 0xFF, 0xFF, 0xFF, 0x06, 0x70, 0xFF,
    0xFF, 0xBF, 0x55, 0x55, 0x55, 0x55, 0x02, 0x00, 0xFC, 0xFF, 0xFF, 0x03, 0x00, 0x00, 0x00, 0x00,
    0x00, 0xE1, 0xFF, 0xFF, 0x1E, 0x00, 0x00, 0x00, 0x00, 0x00, 0x50, 0xFF, 0xFF, 0xAF, 0x00, 0x00,
    0x00, 0x00, 0x00, 0x00, 0xF9, 0xFF, 0xFF, 0x06, 0x00, 0x00, 0x00, 0x00, 0x00, 0xD0, 0xFF, 0xFF,
    0x2F, 0x00, 0x00, 0x00, 0x00, 0x00, 0x30, 0xFF, 0xFF, 0xCF, 0x00, 0x00, 0x00, 0x00, 0x00, 0x00,
    0xF7, 0xFF, 0xFF, 0x08, 0x00, 0x00, 0x00, 0x00, 0x00, 0xB0, 0xFF, 0xFF, 0x4F, 0x00, 0x00, 0x00,
    0x00, 0x00, 0x10, 0xFE, 0xFF, 0xEF, 0x01, 0x00, 0x00, 0x00, 0x00, 0x00, 0xF4, 0xFF, 0xFF, 0x0B,
    0x00, 0x00, 0x00, 0x00, 0x00, 0x90, 0xFF, 0xFF, 0x6F, 0x00, 0x52, 0x55, 0x55, 0x55, 0x55, 0xFF,
    0xFF, 0xFF, 0x02, 0xF6, 0xFF, 0xFF, 0xFF, 0xFF, 0xFF, 0xFF, 0xFF, 0x0D, 0xF6, 0xFF, 0xFF, 0xFF,
    0xFF, 0xFF, 0xFF, 0xFF, 0x0F, 0xF6, 0xFF, 0xFF, 0xFF, 0xFF, 0xFF, 0xFF, 0xFF, 0x0F, 0xF6, 0xFF,
    0xFF, 0xFF, 0xFF, 0xFF, 0xFF, 0xFF, 0x0F, 0xF7, 0xDF, 0x7B, 0x01, 0x00, 0x00, 0x00, 0xF7, 0xFF,
    0xFF, 0x5F, 0x00, 0x00, 0x00, 0xF7, 0xFF, 0xFF, 0xFF, 0x02, 0x00, 0x00, 0xF7, 0xFF, 0xFF, 0xFF,
    0x07, 0x00, 0x00, 0x41, 0xF8, 0xFF, 0xFF, 0x0A, 0x00, 0x00, 0x00, 0x70, 0xFF, 0xFF, 0x0A, 0x00,
    0x00, 0x00, 0x30, 0xFF, 0xFF, 0x0A, 0x00, 0x00, 0x00, 0x30, 0xFF, 0xFF, 0x0A, 0x00, 0x00, 0x00,
    0x30, 0xFF, 0xFF, 0x0A, 0x00, 0x00, 0x00, 0x30, 0xFF, 0xFF, 0x0A, 0x00, 0x00, 0x00, 0x30, 0xFF,
    0xFF, 0x0A, 0x00, 0x00, 0x00, 0x30, 0xFF, 0xFF, 0x0B, 0x00, 0x00, 0x00, 0x30, 0xFF, 0xFF, 0x0E,
    0x00, 0x00, 0x00, 0x10, 0xFF, 0xFF, 0x8F, 0x00, 0x00, 0x00, 0x00, 0xFB, 0xFF, 0xFF, 0x9E, 0x37,
    0x00, 0x00, 0xB1, 0xFF, 0xFF, 0xFF, 0x6F, 0x00, 0x00, 0x00, 0x83, 0xFF, 0xFF, 0x6F, 0x00, 0x00,
    0x40, 0xFB, 0xFF, 0xFF, 0x6F, 0x00, 0x00, 0xF6, 0xFF, 0xFF, 0xFF, 0x6F, 0x00, 0x00, 0xFF, 0xFF,
    0xEF, 0x27, 0x00, 0x00, 0x30, 0xFF, 0xFF, 0x2F, 0x00, 0x00, 0x00, 0x30, 0xFF, 0xFF, 0x0C, 0x00,
    0x00, 0x00, 0x30, 0xFF, 0xFF, 0x0A, 0x00, 0x00, 0x00, 0x30, 0xFF, 0xFF, 0x0A, 0x00, 0x00, 0x00,
    0x30, 0xFF, 0xFF, 0x0A, 0x00, 0x00, 0x00, 0x30, 0xFF, 0xFF, 0x0A, 0x00, 0x00, 0x00, 0x30, 0xFF,
    0xFF, 0x0A, 0x00, 0x00, 0x00, 0x70, 0xFF, 0xFF, 0x0A, 0x00, 0x00, 0x41, 0xF8, 0xFF, 0xFF, 0x0A,
    0x00, 0x00, 0xF7, 0xFF, 0xFF, 0xFF, 0x08, 0x00, 0x00, 0xF7, 0xFF, 0xFF, 0xFF, 0x02, 0x00, 0x00,
    0xF7, 0xFF, 0xFF, 0x6F, 0x00, 0x00, 0x00, 0xF7, 0xDF, 0x7B, 0x02, 0x00, 0x00, 0x00, 0xF8, 0xFF,
    0x09, 0xF8, 0xFF, 0x09, 0xF8, 0xFF, 0x09, 0xF8, 0xFF, 0x09, 0xF8, 0xFF, 0x09, 0xF8, 0xFF, 0x09,
    0xF8, 0xFF, 0x09, 0xF8, 0xFF, 0x09, 0xF8, 0xFF, 0x09, 0xF8, 0xFF, 0x09, 0xF8, 0xFF, 0x09, 0xF8,
    0xFF, 0x09, 0xF8, 0xFF, 0x09, 0xF8, 0xFF, 0x09, 0xF8, 0xFF, 0x09, 0xF8, 0xFF, 0x09, 0xF8, 0xFF,
    0x09, 0xF8, 0xFF, 0x09, 0xF8, 0xFF, 0x09, 0xF8, 0xFF, 0x09, 0xF8, 0xFF, 0x09, 0xF8, 0xFF, 0x09,
    0xF8, 0xFF, 0x09, 0xF8, 0xFF, 0x09, 0xF8, 0xFF, 0x09, 0xF8, 0xFF, 0x09, 0xF8, 0xFF, 0x09, 0xF8,
    0xFF, 0x09, 0xF8, 0xFF, 0x09, 0xF8, 0xFF, 0x09, 0xF8, 0xFF, 0x09, 0xF8, 0xFF, 0x09, 0xF8, 0xFF,
    0x09, 0xF8, 0xFF, 0x09, 0xF8, 0xFF, 0x09, 0xF8, 0xFF, 0x09, 0xF8, 0xFF, 0x09, 0xF8, 0xFF, 0x09,
    0x00, 0x00, 0x00, 0x10, 0xB7, 0xFD, 0x7F, 0x00, 0x00, 0x00, 0xF5, 0xFF, 0xFF, 0x7F, 0x00, 0x00,
    0x10, 0xFF, 0xFF, 0xFF, 0x7F, 0x00, 0x00, 0x70, 0xFF, 0xFF, 0xFF, 0x7F, 0x00, 0x00, 0x90, 0xFF,
    0xFF, 0x8F, 0x14, 0x00, 0x00, 0xA0, 0xFF, 0xFF, 0x08, 0x00, 0x00, 0x00, 0xA0, 0xFF, 0xFF, 0x04,
    0x00, 0x00, 0x00, 0xA0, 0xFF, 0xFF, 0x04, 0x00, 0x00, 0x00, 0xA0, 0xFF, 0xFF, 0x04, 0x00, 0x00,
    0x00, 0xA0, 0xFF, 0xFF, 0x04, 0x00, 0x00, 0x00, 0xA0, 0xFF, 0xFF, 0x04, 0x00, 0x00, 0x00, 0xA0,
    0xFF, 0xFF, 0x04, 0x00, 0x00, 0x00, 0xD0, 0xFF, 0xFF, 0x03, 0x00, 0x00, 0x00, 0xF8, 0xFF, 0xFF,
    0x02, 0x00, 0x72, 0xE9, 0xFF, 0xFF, 0xBF, 0x00, 0x00, 0xF6, 0xFF, 0xFF, 0xFF, 0x1B, 0x00, 0x00,
    0xF6, 0xFF, 0xFF, 0x39, 0x00, 0x00, 0x00, 0xF6, 0xFF, 0xFF, 0xBF, 0x04, 0x00, 0x00, 0xF6, 0xFF,
    0xFF, 0xFF, 0x6F, 0x00, 0x00, 0x00, 0x72, 0xFE, 0xFF, 0xFF, 0x00, 0x00, 0x00, 0x00, 0xF2, 0xFF,
    0xFF, 0x03, 0x00, 0x00, 0x00, 0xB0, 0xFF, 0xFF, 0x04, 0x00, 0x00, 0x00, 0xA0, 0xFF, 0xFF, 0x04,
    0x00, 0x00, 0x00, 0xA0, 0xFF, 0xFF, 0x04, 0x00, 0x00, 0x00, 0xA0, 0xFF, 0xFF, 0x04, 0x00, 0x00,
    0x00, 0xA0, 0xFF, 0xFF, 0x04, 0x00, 0x00, 0x00, 0xA0, 0xFF, 0xFF, 0x04, 0x00, 0x00, 0x00, 0xA0,
    0xFF, 0xFF, 0x07, 0x00, 0x00, 0x00, 0xA0, 0xFF, 0xFF, 0x8F, 0x14, 0x00, 0x00, 0x70, 0xFF, 0xFF,
    0xFF, 0x7F, 0x00, 0x00, 0x20, 0xFF, 0xFF, 0xFF, 0x7F, 0x00, 0x00, 0x00, 0xF6, 0xFF, 0xFF, 0x7F,
    0x00, 0x00, 0x00, 0x20, 0xB7, 0xFD, 0x7F, 0x91, 0x00, 0x00, 0x00, 0x00, 0x94, 0xFD, 0xFF, 0x7C,
    0x00, 0xF1, 0x6E, 0x12, 0x52, 0xE9, 0xFF, 0xFF, 0xFF, 0xFF, 0x2E, 0xF1, 0xFF, 0xFF, 0xFF, 0xFF,
    0xFF, 0xFF, 0xFF, 0xFF, 0x5F, 0xF1, 0xFF, 0xFF, 0xFF, 0xFF, 0xFF, 0xFF, 0xFF, 0xFF, 0x5F, 0xB0,
    0xFF, 0xFF, 0xFF, 0xFF, 0xBF, 0x36, 0x11, 0xC5, 0x5F, 0x00, 0xB5, 0xFE, 0xDF, 0x6A, 0x01, 0x00,
    0x00, 0x00, 0x55,
};
const GFXglyph OpenSansB18Glyphs[] = {
    { 0, 0, 10, 10, 0, 0, 0}, //  
    { 7, 27, 11, 2, 27, 108, 0}, // !
    { 14, 10, 18, 2, 27, 70, 108}, // "
    { 24, 27, 25, 1, 27, 324, 178}, // #
    { 20, 31, 22, 1, 29, 310, 502}, // $
    { 33, 27, 34, 0, 27, 459, 812}, // %
    { 28, 27, 29, 0, 27, 378, 1271}, // &
    { 6, 10, 10, 2, 27, 30, 1649}, // '
    { 11, 33, 13, 1, 27, 198, 1679}, // (
    { 11, 33, 13, 1, 27, 198, 1877}, // )
    { 19, 19, 21, 1, 29, 190, 2075}, // *
    { 20, 20, 22, 1, 23, 200, 2265}, // +
    { 8, 9, 11, 2, 4, 36, 2465}, // ,
    { 11, 5, 12, 0, 13, 30, 2501}, // -
    { 7, 7, 11, 2, 7, 28, 2531}, // .
    { 16, 27, 16, 0, 27, 216, 2559}, // /
    { 20, 27, 22, 1, 27, 270, 2775}, // 0
    { 14, 27, 22, 6, 27, 189, 3045}, // 1
    { 20, 27, 22, 1, 27, 270, 3234}, // 2
    { 20, 27, 22, 1, 27, 270, 3504}, // 3
    { 22, 27, 22, 0, 27, 297, 3774}, // 4
    { 19, 27, 22, 2, 27, 270, 4071}, // 5
    { 20, 27, 22, 1, 27, 270, 4341}, // 6
    { 20, 27, 22, 1, 27, 270, 4611}, // 7
    { 20, 27, 22, 1, 27, 270, 4881}, // 8
    { 20, 27, 22, 1, 27, 270, 5151}, // 9
    { 7, 21, 11, 2, 21, 84, 5421}, // :
    { 8, 26, 11, 2, 21, 104, 5505}, // ;
    { 20, 20, 22, 1, 24, 200, 5609}, // <
    { 20, 13, 22, 1, 20, 130, 5809}, // =
    { 20, 20, 22, 1, 24, 200, 5939}, // >
    { 18, 27, 18, 0, 27, 243, 6139}, // ?
    { 32, 30, 34, 1, 27, 480, 6382}, // @
    { 27, 27, 26, -1, 27, 378, 6862}, // A
    { 21, 27, 26, 2, 27, 297, 7240}, // B
    { 21, 27, 24, 1, 27, 297, 7537}, // C
    { 23, 27, 28, 2, 27, 324, 7834}, // D
    { 17, 27, 21, 1, 27, 243, 8158}, // E
    { 16, 27, 21, 2, 27, 216, 8401}, // F
    { 23, 27, 28, 3, 27, 324, 8617}, // G
    { 23, 27, 29, 3, 27, 324, 8941}, // H
    { 7, 27, 13, 3, 27, 108, 9265}, // I
    { 13, 35, 13, 3, 27, 245, 9373}, // J
    { 23, 27, 25, -1, 27, 324, 9618}, // K
    { 18, 27, 21, 0, 27, 243, 9942}, // L
    { 30, 27, 36, 3, 27, 405, 10185}, // M
    { 25, 27, 31, 3, 27, 351, 10590}, // N
    { 27, 27, 30, 1, 27, 378, 10941}, // O
    { 20, 27, 24, 1, 27, 270, 11319}, // P
    { 27, 33, 30, 1, 27, 462, 11589}, // Q
    { 23, 27, 25, -1, 27, 324, 12051}, // R
    { 19, 27, 21, 1, 27, 270, 12375}, // S
    { 22, 27, 22, 0, 27, 297, 12645}, // T
    { 23, 27, 29, 3, 27, 324, 12942}, // U
    { 25, 27, 25, 0, 27, 351, 13266}, // V
    { 37, 27, 37, 0, 27, 513, 13617}, // W
    { 26, 27, 25, -1, 27, 351, 14130}, // X
    { 24, 27, 24, 0, 27, 324, 14481}, // Y
    { 22, 27, 22, 0, 27, 297, 14805}, // Z
    { 10, 33, 13, 1, 27, 165, 15102}, // [
    { 16, 27, 16, 0, 27, 216, 15267}, // <backslash>
    { 10, 33, 13, 3, 27, 165, 15483}, // ]
    { 21, 18, 22, 1, 27, 198, 15648}, // ^
    { 17, 3, 16, 0, -3, 27, 15846}, // _
    { 12, 6, 14, 1, 29, 36, 15873}, // `
    { 20, 21, 23, 2, 21, 210, 15909}, // a
    { 21, 29, 24, 1, 29, 319, 16119}, // b
    { 18, 21, 20, 1, 21, 189, 16438}, // c
    { 21, 29, 24, 2, 29, 319, 16627}, // d
    { 20, 21, 22, 1, 21, 210, 16946}, // e
    { 17, 29, 15, -2, 29, 261, 17156}, // f
    { 22, 30, 21, -1, 21, 330, 17417}, // g
    { 21, 29, 25, 2, 29, 319, 17747}, // h
    { 7, 30, 12, 3, 30, 120, 18066}, // i
    { 12, 39, 12, 3, 30, 234, 18186}, // j
    { 22, 29, 24, 0, 29, 319, 18420}, // k
    { 7, 29, 12, 3, 29, 116, 18739}, // l
    { 33, 21, 37, 2, 21, 357, 18855}, // m
    { 21, 21, 25, 2, 21, 231, 19212}, // n
    { 21, 21, 24, 2, 21, 231, 19443}, // o
    { 21, 30, 24, 1, 21, 330, 19674}, // p
    { 21, 30, 24, 2, 21, 330, 20004}, // q
    { 15, 21, 17, 0, 21, 168, 20334}, // r
    { 17, 21, 19, 1, 21, 189, 20502}, // s
    { 16, 25, 17, 1, 25, 200, 20691}, // t
    { 20, 21, 25, 3, 21, 210, 20891}, // u
    { 22, 21, 22, 0, 21, 231, 21101}, // v
    { 33, 21, 33, 0, 21, 357, 21332}, // w
    { 22, 21, 22, 0, 21, 231, 21689}, // x
    { 22, 30, 22, 0, 21, 330, 21920}, // y
    { 17, 21, 19, 1, 21, 189, 22250}, // z
    { 14, 33, 15, 1, 27, 231, 22439}, // {
    { 5, 38, 21, 8, 29, 114, 22670}, // |
    { 14, 33, 15, 0, 27, 231, 22784}, // }
    { 20, 6, 22, 1, 16, 60, 23015}, // ~
};
const UnicodeInterval OpenSansB18Intervals[] = {
    { 0x20, 0x7E, 0x0 },
};
const GFXfont OpenSansB18 = {
    (uint8_t*)OpenSansB18Bitmaps,
    (GFXglyph*)OpenSansB18Glyphs,
    (UnicodeInterval*)OpenSansB18Intervals,
    1,
    0,
    51,
    41,
    -11,
};
